sequence,scheduledTimeSec,readStartTimeSec,sampleTimeSec,readDurationSec,startLatenessSec,deadlineMiss,Fx_N,Fy_N,Fz_N,Tx_Nm,Ty_Nm,Tz_Nm
1,0,0.000152,0.114902,0.016233,0.000152,1,-0.5,-10.6,-2.6,1.03,0.16,-0.05
2,0.005,0.027412,0.140392,0.014514,0.022412,1,-0.1,-10.6,-2.1,1.03,0.17,-0.03
3,0.01,0.042173,0.147898,0.007314,0.032173,1,-0.4,-10.7,-2.3,1.04,0.18,-0.04
4,0.015,0.049636,0.164193,0.016153,0.034636,1,-0.2,-10.6,-1.7,1.03,0.17,-0.03
5,0.02,0.066285,0.173166,0.008282,0.046285,1,-0.3,-10.8,-2.8,1.04,0.2,-0.02
6,0.025,0.076908,0.180493,0.005224,0.051908,1,-0.5,-10.7,-2.3,1.04,0.18,-0.03
7,0.03,0.082176,0.185318,0.004782,0.052176,1,-0.5,-10.6,-2.4,1.04,0.17,-0.04
8,0.035,0.087009,0.188751,0.003382,0.052009,1,-0.5,-10.7,-2.8,1.03,0.16,-0.05
9,0.04,0.090433,0.192717,0.003923,0.050433,1,-0.5,-10.7,-2.6,1.04,0.16,-0.05
10,0.045,0.0944,0.195857,0.003096,0.0494,1,-0.6,-10.8,-2.6,1.04,0.17,-0.05
11,0.05,0.09753,0.199046,0.003156,0.04753,1,-0.6,-10.8,-2.5,1.04,0.17,-0.05
12,0.055,0.100724,0.201002,0.001917,0.045724,1,-0.7,-10.8,-2.7,1.04,0.18,-0.05
13,0.06,0.10267,0.202912,0.001881,0.04267,1,-0.6,-10.9,-2.5,1.05,0.18,-0.05
14,0.065,0.104578,0.204977,0.002037,0.039578,1,-0.5,-10.8,-2.3,1.05,0.16,-0.04
15,0.07,0.10663,0.207464,0.002472,0.03663,1,-0.4,-10.9,-2.2,1.04,0.16,-0.04
16,0.075,0.109115,0.208875,0.001398,0.034115,1,-0.5,-10.8,-2.2,1.04,0.17,-0.04
17,0.08,0.110526,0.210276,0.001388,0.030526,1,-0.4,-10.8,-1.9,1.04,0.17,-0.04
18,0.085,0.111926,0.212731,0.002444,0.026926,1,-0.5,-10.8,-1.5,1.04,0.16,-0.04
19,0.09,0.114382,0.215191,0.002448,0.024382,1,-0.5,-10.9,-1.7,1.04,0.16,-0.03
20,0.095,0.116844,0.216708,0.001502,0.021844,1,-0.4,-10.9,-2,1.03,0.17,-0.04
21,0.1,0.118363,0.219314,0.00259,0.018363,1,-0.4,-10.8,-1.8,1.03,0.16,-0.04
22,0.105,0.12098,0.220973,0.001631,0.01598,1,-0.4,-10.8,-1.9,1.03,0.16,-0.04
23,0.11,0.12263,0.223629,0.002638,0.01263,1,-0.4,-10.7,-2.1,1.02,0.16,-0.04
24,0.115,0.12529,0.225309,0.001657,0.01029,1,-0.5,-10.8,-2.7,1.02,0.17,-0.05
25,0.12,0.126966,0.226778,0.00145,0.006966,1,-0.6,-10.8,-2.2,1.03,0.16,-0.05
26,0.125,0.128432,0.229174,0.00238,0.00343199999999999,1,-0.6,-10.8,-2.6,1.03,0.18,-0.05
27,0.13,0.130826,0.230591,0.001403,0.000825999999999993,0,-0.5,-10.8,-2.4,1.03,0.17,-0.05
28,0.135,0.135016,0.234882,0.001503,1.59999999999882e-05,0,-0.4,-10.9,-2.6,1.03,0.18,-0.05
29,0.14,0.14,0.240835,0.002473,0,0,-0.3,-10.9,-3.3,1.03,0.2,-0.05
30,0.145,0.145,0.244815,0.001454,0,0,-0.5,-10.9,-3.5,1.02,0.22,-0.04
31,0.15,0.15,0.249915,0.001553,0,0,-0.5,-10.8,-2.9,1.04,0.2,-0.04
32,0.155,0.155,0.255838,0.002477,0,0,-0.5,-10.8,-3.2,1.03,0.21,-0.04
33,0.16,0.16,0.260758,0.002396,0,0,-0.5,-10.7,-2.9,1.04,0.2,-0.04
34,0.165,0.165,0.264894,0.001532,0,0,-0.3,-10.7,-2.5,1.04,0.18,-0.04
35,0.17,0.17,0.270822,0.00246,0,0,-0.5,-10.6,-2.7,1.03,0.19,-0.04
36,0.175,0.175001,0.275763,0.0024,9.99999999973245e-07,0,-0.5,-10.7,-2.6,1.03,0.19,-0.04
37,0.18,0.18,0.279807,0.001445,0,0,-0.4,-10.8,-2.7,1.03,0.19,-0.04
38,0.185,0.185,0.284984,0.001622,0,0,-0.3,-10.8,-2.3,1.04,0.19,-0.03
39,0.19,0.19,0.290861,0.002499,0,0,-0.3,-10.8,-2.4,1.04,0.19,-0.03
40,0.195,0.195,0.294738,0.001376,0,0,-0.1,-10.7,-1.8,1.05,0.17,-0.02
41,0.2,0.2,0.299823,0.001461,0,0,-0.2,-10.6,-2.2,1.04,0.18,-0.03
42,0.205,0.205002,0.305956,0.002594,1.99999999997424e-06,0,-0.2,-10.6,-1.9,1.03,0.17,-0.03
43,0.21,0.21,0.309767,0.001405,0,0,-0.2,-10.6,-1.8,1.04,0.16,-0.04
44,0.215,0.215,0.314767,0.001405,0,0,-0.2,-10.5,-2.1,1.04,0.15,-0.04
45,0.22,0.22,0.320763,0.002402,0,0,-0.3,-10.5,-1.8,1.04,0.15,-0.04
46,0.225,0.225,0.325784,0.002422,0,0,-0.3,-10.6,-2.3,1.04,0.16,-0.04
47,0.23,0.23,0.32983,0.001468,0,0,-0.3,-10.6,-2.2,1.04,0.17,-0.04
48,0.235,0.235001,0.334867,0.001504,9.99999999973245e-07,0,-0.3,-10.6,-1.5,1.04,0.15,-0.04
49,0.24,0.24,0.340794,0.002432,0,0,-0.2,-10.6,-1.5,1.04,0.15,-0.04
50,0.245,0.245,0.344801,0.001439,0,0,-0.3,-10.6,-1.6,1.04,0.16,-0.04
51,0.25,0.25,0.349871,0.001509,0,0,-0.5,-10.8,-1.9,1.04,0.18,-0.04
52,0.255,0.255,0.355773,0.002411,0,0,-0.5,-10.8,-2.1,1.04,0.18,-0.04
53,0.26,0.26,0.360878,0.002516,0,0,-0.5,-10.8,-1.5,1.04,0.16,-0.04
54,0.265,0.265,0.364916,0.001554,0,0,-0.6,-10.8,-1.8,1.03,0.18,-0.04
55,0.27,0.27,0.369971,0.001609,0,0,-0.5,-10.7,-1.4,1.04,0.17,-0.04
56,0.275,0.275,0.375773,0.002411,0,0,-0.4,-10.7,-1.9,1.04,0.17,-0.04
57,0.28,0.28,0.380128,0.001768,0,0,-0.2,-10.8,-2.3,1.04,0.19,-0.04
58,0.285,0.285002,0.384981,0.001617,1.99999999994649e-06,0,-0.3,-10.8,-2.4,1.04,0.19,-0.04
59,0.29,0.29,0.390834,0.002472,0,0,-0.3,-10.8,-3.1,1.04,0.2,-0.04
60,0.295,0.295,0.394845,0.001483,0,0,-0.4,-10.7,-2.6,1.04,0.2,-0.04
61,0.3,0.300045,0.400171,0.001764,4.50000000000172e-05,0,-0.3,-10.6,-1.5,1.04,0.17,-0.03
62,0.305,0.305,0.406117,0.002755,0,0,-0.3,-10.6,-1.8,1.04,0.17,-0.03
63,0.31,0.31,0.409921,0.001558,0,0,-0.3,-10.7,-2.2,1.04,0.17,-0.04
64,0.315,0.315,0.414925,0.001563,0,0,-0.3,-10.7,-1.6,1.04,0.16,-0.03
65,0.32,0.32,0.420815,0.002453,0,0,-0.4,-10.7,-1.8,1.04,0.17,-0.03
66,0.325,0.325,0.424788,0.001426,0,0,-0.4,-10.7,-2.1,1.04,0.18,-0.03
67,0.33,0.33,0.429775,0.001413,0,0,-0.3,-10.6,-1.3,1.04,0.16,-0.02
68,0.335,0.335002,0.435763,0.0024,2.000000000002e-06,0,-0.5,-10.7,-1.9,1.04,0.18,-0.03
69,0.34,0.34,0.440793,0.002431,0,0,-0.4,-10.6,-1.8,1.04,0.17,-0.04
70,0.345,0.345001,0.444752,0.001389,9.99999999973245e-07,0,-0.5,-10.6,-1.5,1.04,0.17,-0.04
71,0.35,0.350001,0.450779,0.002415,9.99999999973245e-07,0,-0.5,-10.7,-1.5,1.04,0.16,-0.04
72,0.355,0.355,0.455792,0.00243,0,0,-0.6,-10.7,-2.2,1.03,0.17,-0.04
73,0.36,0.36,0.459739,0.001377,0,0,-0.5,-10.8,-1.6,1.04,0.17,-0.04
74,0.365,0.365,0.464786,0.001424,0,0,-0.3,-10.7,-1.6,1.04,0.16,-0.04
75,0.37,0.37,0.470783,0.002421,0,0,-0.5,-10.7,-1.7,1.04,0.16,-0.04
76,0.375,0.375,0.474724,0.001362,0,0,-0.5,-10.7,-2.7,1.03,0.19,-0.05
77,0.38,0.38,0.479769,0.001406,0,0,-0.6,-10.7,-2.8,1.03,0.19,-0.04
78,0.385,0.385,0.485775,0.002413,0,0,-0.5,-10.8,-2.6,1.03,0.18,-0.04
79,0.39,0.39,0.490826,0.002464,0,0,-0.4,-10.7,-2.6,1.03,0.18,-0.04
80,0.395,0.395,0.494754,0.001392,0,0,-0.4,-10.7,-2.7,1.03,0.18,-0.04
81,0.4,0.4,0.4998,0.001438,0,0,-0.4,-10.7,-2.3,1.04,0.18,-0.04
82,0.405,0.405,0.505763,0.002401,0,0,-0.3,-10.7,-1.1,1.04,0.16,-0.03
83,0.41,0.410002,0.510813,0.002449,1.99999999994649e-06,0,-0.4,-10.8,-1.4,1.05,0.17,-0.03
84,0.415,0.415001,0.514864,0.001501,9.99999999973245e-07,0,-0.2,-10.7,-2.2,1.04,0.18,-0.04
85,0.42,0.42,0.519938,0.001576,0,0,-0.3,-10.7,-2.8,1.03,0.18,-0.04
86,0.425,0.425,0.525798,0.002436,0,0,-0.2,-10.6,-3,1.03,0.18,-0.04
87,0.43,0.43,0.529759,0.001397,0,0,-0.3,-10.8,-2.7,1.03,0.19,-0.04
88,0.435,0.435,0.534754,0.001392,0,0,-0.1,-10.6,-2.7,1.03,0.18,-0.03
89,0.44,0.44,0.540798,0.002436,0,0,-0.1,-10.6,-2.2,1.04,0.17,-0.04
90,0.445,0.445,0.545766,0.002404,0,0,-0.4,-10.7,-2.8,1.03,0.19,-0.04
91,0.45,0.45,0.549727,0.001365,0,0,-0.3,-10.7,-2.5,1.03,0.17,-0.04
92,0.455,0.455,0.555764,0.002402,0,0,-0.3,-10.7,-2.4,1.03,0.17,-0.04
93,0.46,0.46,0.560768,0.002406,0,0,-0.4,-10.7,-2.3,1.03,0.18,-0.04
94,0.465,0.465,0.56472,0.001358,0,0,-0.3,-10.7,-2.5,1.03,0.17,-0.04
95,0.47,0.470001,0.569792,0.001429,9.99999999973245e-07,0,-0.4,-10.7,-2.5,1.03,0.18,-0.04
96,0.475,0.475001,0.575803,0.00244,9.99999999973245e-07,0,-0.5,-10.7,-2.2,1.04,0.17,-0.04
97,0.48,0.48,0.58074,0.002378,0,0,-0.4,-10.7,-2.1,1.04,0.18,-0.04
98,0.485,0.485,0.584734,0.001372,0,0,-0.5,-10.7,-1.9,1.04,0.17,-0.04
99,0.49,0.49,0.589908,0.001546,0,0,-0.5,-10.7,-1.5,1.05,0.17,-0.04
100,0.495,0.495,0.595767,0.002405,0,0,-0.6,-10.7,-1.8,1.04,0.18,-0.04
101,0.5,0.5,0.60073,0.002369,0,0,-0.5,-10.7,-1.6,1.04,0.17,-0.04
102,0.505,0.505,0.604767,0.001405,0,0,-0.5,-10.7,-2.2,1.04,0.18,-0.04
103,0.51,0.51,0.610753,0.002391,0,0,-0.4,-10.6,-2.4,1.03,0.17,-0.04
104,0.515,0.515,0.615759,0.002397,0,0,-0.5,-10.7,-3.1,1.03,0.19,-0.04
105,0.52,0.52,0.619728,0.001366,0,0,-0.5,-10.7,-2.7,1.03,0.19,-0.04
106,0.525,0.525,0.624757,0.001396,0,0,-0.6,-10.7,-2.2,1.03,0.19,-0.04
107,0.53,0.53,0.630807,0.002445,0,0,-0.4,-10.7,-2,1.03,0.17,-0.04
108,0.535,0.535,0.635747,0.002386,0,0,-0.5,-10.7,-2.1,1.03,0.17,-0.04
109,0.54,0.54,0.639753,0.001391,0,0,-0.5,-10.8,-2.1,1.04,0.18,-0.04
110,0.545,0.545,0.644829,0.001467,0,0,-0.4,-10.7,-2,1.04,0.18,-0.03
111,0.55,0.55,0.650754,0.002392,0,0,-0.4,-10.7,-2.4,1.04,0.19,-0.03
112,0.555,0.555,0.654732,0.00137,0,0,-0.3,-10.7,-2.2,1.04,0.17,-0.03
113,0.56,0.56,0.659745,0.001383,0,0,-0.3,-10.7,-2.8,1.03,0.18,-0.03
114,0.565,0.565001,0.664804,0.001442,9.99999999917733e-07,0,-0.5,-10.8,-3.5,1.03,0.19,-0.04
115,0.57,0.570001,0.670762,0.002399,9.99999999917733e-07,0,-0.6,-10.7,-3.7,1.03,0.2,-0.04
116,0.575,0.575001,0.675746,0.002384,9.99999999917733e-07,0,-0.4,-10.7,-3.2,1.03,0.19,-0.04
117,0.58,0.58,0.679729,0.001367,0,0,-0.3,-10.7,-3.1,1.03,0.18,-0.04
118,0.585,0.585,0.684897,0.001534,0,0,-0.4,-10.7,-2.9,1.03,0.18,-0.04
119,0.59,0.59,0.690837,0.002475,0,0,-0.3,-10.7,-2.9,1.03,0.19,-0.04
120,0.595,0.595,0.694781,0.001419,0,0,-0.4,-10.7,-2.1,1.04,0.18,-0.03
121,0.6,0.6,0.699798,0.001436,0,0,-0.4,-10.7,-2.4,1.04,0.18,-0.04
122,0.605,0.605,0.705806,0.002444,0,0,-0.4,-10.8,-2,1.04,0.17,-0.04
123,0.61,0.61,0.709781,0.001419,0,0,-0.4,-10.7,-1.9,1.04,0.17,-0.04
124,0.615,0.615,0.714855,0.001493,0,0,-0.4,-10.7,-2.5,1.04,0.18,-0.04
125,0.62,0.62,0.720792,0.00243,0,0,-0.4,-10.6,-1.8,1.04,0.17,-0.04
126,0.625,0.625,0.725784,0.002421,0,0,-0.4,-10.7,-2.4,1.04,0.18,-0.04
127,0.63,0.63,0.729753,0.001391,0,0,-0.4,-10.7,-2.5,1.04,0.18,-0.04
128,0.635,0.635,0.734829,0.001467,0,0,-0.3,-10.7,-2.8,1.03,0.18,-0.05
129,0.64,0.64,0.740775,0.002413,0,0,-0.2,-10.7,-2.2,1.03,0.17,-0.04
130,0.645,0.645,0.744737,0.001375,0,0,0,-10.6,-2,1.03,0.16,-0.04
131,0.65,0.65,0.750787,0.002425,0,0,-0.1,-10.7,-2.1,1.03,0.17,-0.03
132,0.655,0.655,0.755765,0.002403,0,0,-0.2,-10.8,-2.1,1.04,0.18,-0.03
133,0.66,0.66,0.759756,0.001394,0,0,-0.2,-10.7,-2.2,1.04,0.18,-0.03
134,0.665,0.665,0.764931,0.001569,0,0,-0.3,-10.7,-1.7,1.04,0.17,-0.03
135,0.67,0.67,0.770981,0.002621,0,0,-0.4,-10.8,-2.5,1.03,0.19,-0.03
136,0.675,0.675,0.775853,0.002491,0,0,-0.4,-10.8,-2.3,1.03,0.18,-0.03
137,0.68,0.68,0.779762,0.0014,0,0,-0.4,-10.9,-2.4,1.04,0.18,-0.04
138,0.685,0.685,0.785785,0.002423,0,0,-0.3,-10.8,-2.5,1.04,0.19,-0.04
139,0.69,0.690001,0.790761,0.002398,9.99999999917733e-07,0,-0.1,-10.8,-2.6,1.03,0.18,-0.04
140,0.695,0.695001,0.795003,0.00164,9.99999999917733e-07,0,-0.5,-10.7,-2.7,1.03,0.19,-0.04
141,0.7,0.700001,0.800828,0.002465,9.99999999917733e-07,0,-0.6,-10.7,-2.7,1.04,0.19,-0.04
142,0.705,0.705,0.805766,0.002404,0,0,-0.5,-10.7,-2.3,1.03,0.18,-0.04
143,0.71,0.71,0.809754,0.001392,0,0,-0.5,-10.7,-2.3,1.04,0.18,-0.04
144,0.715,0.715,0.814871,0.001509,0,0,-0.5,-10.6,-2.7,1.03,0.18,-0.04
145,0.72,0.72,0.820808,0.002446,0,0,-0.5,-10.7,-2.7,1.03,0.18,-0.04
146,0.725,0.725,0.824761,0.001399,0,0,-0.5,-10.7,-2.6,1.03,0.18,-0.04
147,0.73,0.73,0.829886,0.001524,0,0,-0.4,-10.7,-2.8,1.03,0.18,-0.04
148,0.735,0.735,0.8358,0.002438,0,0,-0.3,-10.7,-1.9,1.04,0.16,-0.03
149,0.74,0.74,0.839752,0.00139,0,0,-0.4,-10.7,-1.7,1.04,0.17,-0.04
150,0.745,0.745,0.844746,0.001384,0,0,-0.4,-10.8,-2.8,1.03,0.18,-0.04
151,0.75,0.75,0.850767,0.002405,0,0,-0.5,-10.7,-2.7,1.03,0.18,-0.04
152,0.755,0.755,0.855754,0.002391,0,0,-0.4,-10.7,-2.8,1.03,0.17,-0.04
153,0.76,0.76,0.859726,0.001364,0,0,-0.4,-10.8,-2.5,1.03,0.17,-0.04
154,0.765,0.765,0.865755,0.002393,0,0,-0.5,-10.7,-2.3,1.04,0.17,-0.04
155,0.77,0.77,0.87072,0.002358,0,0,-0.6,-10.8,-2.6,1.03,0.18,-0.04
156,0.775,0.775,0.874725,0.001363,0,0,-0.5,-10.8,-3.3,1.03,0.19,-0.04
157,0.78,0.78,0.880732,0.00237,0,0,-0.3,-10.7,-3.3,1.03,0.19,-0.04
158,0.785,0.785,0.885888,0.002526,0,0,-0.4,-10.8,-2.7,1.03,0.18,-0.04
159,0.79,0.79,0.889737,0.001375,0,0,-0.3,-10.7,-2.3,1.04,0.17,-0.04
160,0.795,0.795,0.89484,0.001478,0,0,-0.3,-10.7,-2.4,1.04,0.17,-0.04
161,0.8,0.8,0.900873,0.002511,0,0,-0.2,-10.6,-2.3,1.04,0.16,-0.04
162,0.805,0.805,0.905759,0.002397,0,0,-0.2,-10.7,-1.8,1.04,0.16,-0.03
163,0.81,0.81,0.909758,0.001396,0,0,-0.2,-10.6,-1.8,1.04,0.16,-0.03
164,0.815,0.815001,0.915755,0.002392,9.99999999917733e-07,0,-0.5,-10.8,-2.1,1.04,0.18,-0.03
165,0.82,0.820001,0.920887,0.002524,9.99999999917733e-07,0,-0.4,-10.8,-2.1,1.04,0.18,-0.04
166,0.825,0.825001,0.924766,0.001403,9.99999999917733e-07,0,-0.5,-10.8,-2.3,1.04,0.18,-0.04
167,0.83,0.830001,0.929846,0.001483,9.99999999917733e-07,0,-0.5,-10.8,-1.9,1.04,0.18,-0.04
168,0.835,0.835,0.9358,0.002438,0,0,-0.6,-10.8,-2.6,1.03,0.19,-0.04
169,0.84,0.84,0.939929,0.001567,0,0,-0.7,-10.8,-2.5,1.03,0.2,-0.04
170,0.845,0.845,0.944743,0.001381,0,0,-0.7,-10.8,-1.7,1.05,0.18,-0.04
171,0.85,0.85,0.950951,0.002589,0,0,-0.6,-10.9,-2.2,1.04,0.18,-0.04
172,0.855,0.855,0.95475,0.001388,0,0,-0.5,-10.8,-2.2,1.04,0.18,-0.04
173,0.86,0.86,0.959742,0.001381,0,0,-0.5,-10.8,-1.9,1.04,0.18,-0.04
174,0.865,0.865,0.965757,0.002395,0,0,-0.4,-10.8,-2.6,1.03,0.18,-0.04
175,0.87,0.87,0.97074,0.002378,0,0,-0.5,-10.8,-2.8,1.03,0.19,-0.04
176,0.875,0.875,0.974742,0.00138,0,0,-0.3,-10.8,-2.3,1.03,0.18,-0.03
177,0.88,0.88,0.979889,0.001527,0,0,-0.4,-10.7,-2.4,1.04,0.18,-0.04
178,0.885,0.885,0.985809,0.002447,0,0,-0.5,-10.7,-2.5,1.04,0.19,-0.04
179,0.89,0.89,0.989786,0.001424,0,0,-0.5,-10.6,-2.3,1.04,0.18,-0.03
180,0.895,0.895,0.995765,0.002403,0,0,-0.5,-10.6,-2.6,1.03,0.18,-0.04
181,0.9,0.9,0.999734,0.001373,0,0,-0.4,-10.6,-2.1,1.04,0.18,-0.03
182,0.905,0.905,1.004834,0.001472,0,0,-0.4,-10.7,-2.1,1.04,0.17,-0.03
183,0.91,0.91,1.010752,0.00239,0,0,-0.3,-10.8,-1.8,1.04,0.17,-0.03
184,0.915,0.915,1.014772,0.00141,0,0,-0.5,-10.8,-2.2,1.04,0.18,-0.03
185,0.92,0.92,1.019744,0.001382,0,0,-0.4,-10.7,-2.4,1.03,0.18,-0.03
186,0.925,0.925,1.02582,0.002458,0,0,-0.5,-10.8,-3,1.03,0.2,-0.04
187,0.93,0.93,1.030804,0.002442,0,0,-0.4,-10.8,-2.4,1.04,0.19,-0.04
188,0.935,0.935,1.034815,0.001453,0,0,-0.2,-10.8,-2.2,1.04,0.18,-0.03
189,0.94,0.940001,1.039782,0.001419,9.99999999917733e-07,0,-0.2,-10.8,-2.6,1.03,0.18,-0.04
190,0.945,0.945001,1.045838,0.002475,9.99999999917733e-07,0,-0.3,-10.7,-2.5,1.04,0.19,-0.04
191,0.95,0.950001,1.049709,0.001346,9.99999999917733e-07,0,-0.4,-10.7,-2.3,1.04,0.18,-0.04
192,0.955,0.955001,1.055006,0.001643,9.99999999917733e-07,0,-0.5,-10.6,-1.9,1.04,0.18,-0.04
193,0.96,0.96,1.060765,0.002403,0,0,-0.5,-10.7,-2.1,1.05,0.18,-0.04
194,0.965,0.965,1.064891,0.001529,0,0,-0.4,-10.7,-2.1,1.05,0.17,-0.04
195,0.97,0.97,1.069793,0.001431,0,0,-0.5,-10.7,-2.3,1.04,0.18,-0.04
196,0.975,0.975,1.075842,0.00248,0,0,-0.5,-10.6,-2,1.04,0.18,-0.04
197,0.98,0.98,1.080801,0.002439,0,0,-0.5,-10.7,-2.3,1.04,0.18,-0.04
198,0.985,0.985,1.084899,0.001537,0,0,-0.4,-10.8,-2.3,1.04,0.18,-0.04
199,0.99,0.99,1.090795,0.002433,0,0,-0.4,-10.8,-2,1.04,0.18,-0.04
200,0.995,0.995,1.095988,0.002626,0,0,-0.6,-10.8,-2.3,1.04,0.19,-0.04
201,1,1,1.099794,0.001433,0,0,-0.6,-10.9,-2.8,1.04,0.19,-0.04
202,1.005,1.005001,1.104859,0.001496,9.99999999917733e-07,0,-0.5,-10.8,-2.7,1.04,0.19,-0.04
203,1.01,1.01,1.110804,0.002443,0,0,-0.4,-10.7,-2.6,1.04,0.18,-0.04
204,1.015,1.015001,1.114756,0.001394,9.99999999917733e-07,0,-0.4,-10.7,-2.8,1.03,0.19,-0.04
205,1.02,1.02,1.119739,0.001377,0,0,-0.4,-10.8,-2.2,1.04,0.18,-0.04
206,1.025,1.025,1.125796,0.002434,0,0,-0.6,-10.7,-2.5,1.04,0.19,-0.04
207,1.03,1.03,1.130784,0.002422,0,0,-0.5,-10.8,-2.4,1.04,0.19,-0.04
208,1.035,1.035,1.13476,0.001398,0,0,-0.5,-10.7,-2.3,1.04,0.19,-0.04
209,1.04,1.04,1.140093,0.001731,0,0,-0.5,-10.8,-1.8,1.05,0.18,-0.04
210,1.045,1.045,1.1458,0.002438,0,0,-0.5,-10.8,-1.9,1.04,0.18,-0.04
211,1.05,1.050001,1.14991,0.001547,9.99999999917733e-07,0,-0.4,-10.8,-1.9,1.04,0.17,-0.03
212,1.055,1.055,1.154865,0.001502,0,0,-0.5,-10.8,-2.2,1.04,0.18,-0.03
213,1.06,1.06,1.160896,0.002534,0,0,-0.3,-10.8,-2.5,1.03,0.18,-0.03
214,1.065,1.065,1.164807,0.001445,0,0,-0.2,-10.7,-2.3,1.04,0.17,-0.03
215,1.07,1.07,1.169842,0.00148,0,0,-0.3,-10.8,-2.1,1.04,0.17,-0.03
216,1.075,1.075,1.175852,0.00249,0,0,-0.3,-10.7,-1.9,1.04,0.17,-0.03
217,1.08,1.08,1.179761,0.001399,0,0,-0.5,-10.8,-2.1,1.04,0.18,-0.03
218,1.085,1.085,1.185785,0.002423,0,0,-0.5,-10.7,-2.1,1.04,0.18,-0.04
219,1.09,1.09,1.189742,0.00138,0,0,-0.5,-10.8,-2.7,1.04,0.18,-0.04
220,1.095,1.095,1.194779,0.001418,0,0,-0.3,-10.7,-2.5,1.03,0.18,-0.04
221,1.1,1.1,1.200748,0.002386,0,0,-0.4,-10.7,-3,1.03,0.19,-0.05
222,1.105,1.105,1.204823,0.001461,0,0,-0.5,-10.7,-3.5,1.03,0.2,-0.05
223,1.11,1.11,1.209793,0.001431,0,0,-0.4,-10.6,-3.4,1.03,0.18,-0.05
224,1.115,1.115,1.215801,0.00244,0,0,-0.4,-10.7,-3.4,1.03,0.19,-0.05
225,1.12,1.12,1.219755,0.001393,0,0,-0.5,-10.7,-3.2,1.03,0.19,-0.04
226,1.125,1.125,1.224904,0.001542,0,0,-0.4,-10.6,-2.8,1.04,0.18,-0.04
227,1.13,1.130001,1.230787,0.002425,9.99999999917733e-07,0,-0.5,-10.7,-2.7,1.04,0.19,-0.04
228,1.135,1.135,1.235741,0.002379,0,0,-0.5,-10.7,-2.7,1.04,0.19,-0.04
229,1.14,1.140001,1.23987,0.001507,9.99999999917733e-07,0,-0.3,-10.6,-3.1,1.04,0.19,-0.04
230,1.145,1.145,1.245792,0.00243,0,0,-0.4,-10.8,-2.5,1.04,0.18,-0.04
231,1.15,1.150001,1.250892,0.002529,9.99999999917733e-07,0,-0.3,-10.8,-2.8,1.03,0.18,-0.04
232,1.155,1.155,1.255027,0.001665,0,0,-0.2,-10.7,-2.3,1.03,0.17,-0.03
233,1.16,1.16,1.26086,0.002498,0,0,-0.3,-10.8,-2.7,1.03,0.18,-0.04
234,1.165,1.165,1.264752,0.00139,0,0,-0.4,-10.7,-2.6,1.04,0.18,-0.04
235,1.17,1.17,1.269887,0.001525,0,0,-0.4,-10.7,-2.6,1.03,0.18,-0.04
236,1.175,1.175,1.275769,0.002407,0,0,-0.4,-10.7,-2.1,1.03,0.18,-0.03
237,1.18,1.18,1.2809,0.002538,0,0,-0.3,-10.7,-2.3,1.04,0.18,-0.03
238,1.185,1.185,1.284766,0.001404,0,0,-0.1,-10.7,-2.3,1.03,0.17,-0.03
239,1.19,1.19,1.290809,0.002447,0,0,-0.2,-10.7,-1.8,1.04,0.16,-0.03
240,1.195,1.195,1.294731,0.001369,0,0,-0.4,-10.8,-2.3,1.04,0.19,-0.03
241,1.2,1.2,1.30081,0.002448,0,0,-0.6,-10.8,-3.1,1.03,0.2,-0.04
242,1.205,1.205,1.305826,0.002464,0,0,-0.6,-10.7,-2.8,1.03,0.2,-0.04
243,1.21,1.21,1.309775,0.001413,0,0,-0.6,-10.8,-2.8,1.04,0.19,-0.04
244,1.215,1.215,1.315797,0.002435,0,0,-0.4,-10.7,-2.5,1.04,0.18,-0.04
245,1.22,1.22,1.320758,0.002396,0,0,-0.4,-10.7,-2.4,1.04,0.18,-0.04
246,1.225,1.225,1.32471,0.001348,0,0,-0.3,-10.7,-1.8,1.04,0.16,-0.03
247,1.23,1.23,1.329898,0.001536,0,0,-0.4,-10.7,-2.4,1.03,0.17,-0.04
248,1.235,1.235,1.335795,0.002433,0,0,-0.5,-10.7,-2.6,1.04,0.18,-0.04
249,1.24,1.24,1.339787,0.001424,0,0,-0.5,-10.7,-3.3,1.03,0.19,-0.04
250,1.245,1.245,1.34486,0.001498,0,0,-0.4,-10.6,-3.6,1.03,0.19,-0.04
251,1.25,1.25,1.35083,0.002468,0,0,-0.4,-10.7,-3.7,1.03,0.19,-0.04
252,1.255,1.255001,1.35477,0.001407,9.99999999917733e-07,0,-0.4,-10.7,-2.8,1.03,0.18,-0.03
253,1.26,1.26,1.359943,0.001581,0,0,-0.4,-10.6,-2.6,1.04,0.18,-0.04
254,1.265,1.265001,1.365833,0.00247,9.99999999917733e-07,0,-0.4,-10.6,-2.9,1.03,0.18,-0.04
255,1.27,1.27,1.369731,0.001369,0,0,-0.5,-10.7,-3.2,1.03,0.19,-0.04
256,1.275,1.275001,1.374808,0.001445,9.99999999917733e-07,0,-0.4,-10.8,-2.4,1.04,0.18,-0.04
257,1.28,1.28,1.38079,0.002427,0,0,-0.4,-10.8,-2.7,1.04,0.18,-0.04
258,1.285,1.285,1.384737,0.001375,0,0,-0.4,-10.8,-2.3,1.04,0.18,-0.04
259,1.29,1.29,1.389915,0.001553,0,0,-0.4,-10.9,-2.5,1.04,0.18,-0.04
260,1.295,1.295,1.395794,0.002432,0,0,-0.5,-10.8,-2.4,1.04,0.19,-0.03
261,1.3,1.3,1.400785,0.002423,0,0,-0.6,-10.8,-1.8,1.04,0.19,-0.03
262,1.305,1.305,1.404825,0.001467,0,0,-0.3,-10.8,-1.5,1.04,0.18,-0.03
263,1.31,1.31,1.40984,0.001478,0,0,-0.3,-10.8,-1.9,1.04,0.18,-0.03
264,1.315,1.315,1.415767,0.002405,0,0,-0.3,-10.7,-2,1.04,0.18,-0.03
265,1.32,1.32,1.420834,0.002472,0,0,-0.3,-10.7,-1.6,1.04,0.17,-0.03
266,1.325,1.325,1.424787,0.001425,0,0,-0.3,-10.7,-1.5,1.04,0.17,-0.04
267,1.33,1.33,1.430809,0.002447,0,0,-0.5,-10.8,-2,1.04,0.18,-0.04
268,1.335,1.335,1.435752,0.00239,0,0,-0.4,-10.7,-2.4,1.03,0.18,-0.04
269,1.34,1.34,1.439927,0.001566,0,0,-0.4,-10.8,-1.9,1.04,0.17,-0.04
270,1.345,1.345,1.444812,0.00145,0,0,-0.3,-10.8,-2.5,1.04,0.18,-0.04
271,1.35,1.35,1.450731,0.002368,0,0,-0.4,-10.8,-2.4,1.04,0.18,-0.04
272,1.355,1.355,1.45485,0.001489,0,0,-0.4,-10.7,-2.3,1.03,0.17,-0.04
273,1.36,1.36,1.459786,0.001425,0,0,-0.3,-10.8,-2.2,1.03,0.17,-0.03
274,1.365,1.365,1.465757,0.002395,0,0,-0.5,-10.9,-2.7,1.03,0.19,-0.04
275,1.37,1.37,1.469726,0.001364,0,0,-0.3,-10.8,-2.8,1.03,0.19,-0.04
276,1.375,1.375,1.474777,0.001416,0,0,-0.4,-10.8,-3.1,1.02,0.19,-0.04
277,1.38,1.380001,1.480748,0.002385,9.99999999917733e-07,0,-0.5,-10.8,-2.8,1.03,0.19,-0.04
278,1.385,1.385,1.485734,0.002373,0,0,-0.6,-10.7,-2.8,1.03,0.19,-0.04
279,1.39,1.390001,1.490067,0.001705,9.99999999917733e-07,0,-0.7,-10.8,-3,1.02,0.19,-0.05
280,1.395,1.395,1.494761,0.001399,0,0,-0.6,-10.7,-2.1,1.04,0.18,-0.04
281,1.4,1.400001,1.500725,0.002362,9.99999999917733e-07,0,-0.4,-10.7,-1.4,1.04,0.17,-0.04
282,1.405,1.405,1.505807,0.002446,0,0,-0.4,-10.7,-1.4,1.03,0.17,-0.03
283,1.41,1.41,1.509764,0.001402,0,0,-0.6,-10.8,-2.2,1.03,0.19,-0.04
284,1.415,1.415,1.515772,0.00241,0,0,-0.5,-10.7,-1.6,1.03,0.18,-0.04
285,1.42,1.42,1.520723,0.002361,0,0,-0.4,-10.8,-2.1,1.03,0.19,-0.04
286,1.425,1.425,1.524775,0.001413,0,0,-0.5,-10.8,-2.3,1.03,0.19,-0.04
287,1.43,1.43,1.529843,0.001481,0,0,-0.5,-10.8,-2.6,1.03,0.19,-0.04
288,1.435,1.435,1.535888,0.002526,0,0,-0.5,-10.8,-2.4,1.03,0.2,-0.04
289,1.44,1.44,1.541011,0.002649,0,0,-0.5,-10.8,-2.3,1.03,0.19,-0.04
290,1.445,1.445,1.544715,0.001353,0,0,-0.6,-10.8,-3,1.03,0.19,-0.04
291,1.45,1.45,1.549951,0.001588,0,0,-0.5,-10.8,-3,1.03,0.19,-0.04
292,1.455,1.455,1.555837,0.002475,0,0,-0.6,-10.9,-2.9,1.03,0.19,-0.04
293,1.46,1.46,1.559737,0.001375,0,0,-0.5,-10.8,-2.9,1.04,0.19,-0.04
294,1.465,1.465,1.564806,0.001444,0,0,-0.4,-10.8,-3,1.03,0.19,-0.04
295,1.47,1.47,1.570854,0.002492,0,0,-0.3,-10.8,-2.4,1.04,0.17,-0.04
296,1.475,1.475,1.574843,0.00148,0,0,-0.3,-10.6,-2,1.04,0.16,-0.03
297,1.48,1.48,1.579802,0.00144,0,0,-0.3,-10.6,-2.1,1.04,0.17,-0.04
298,1.485,1.485,1.585787,0.002425,0,0,-0.3,-10.6,-1.9,1.04,0.17,-0.03
299,1.49,1.49,1.590782,0.00242,0,0,-0.2,-10.7,-2,1.04,0.17,-0.03
300,1.495,1.495,1.594698,0.001336,0,0,-0.4,-10.8,-2.9,1.03,0.19,-0.03
301,1.5,1.5,1.59986,0.001498,0,0,-0.4,-10.8,-2.7,1.03,0.19,-0.03
302,1.505,1.505001,1.605794,0.002431,9.99999999917733e-07,0,-0.5,-10.8,-3.2,1.03,0.2,-0.04
303,1.51,1.51,1.609708,0.001346,0,0,-0.5,-10.8,-2.9,1.03,0.19,-0.04
304,1.515,1.515001,1.614785,0.001422,9.99999999917733e-07,0,-0.5,-10.8,-2.8,1.03,0.19,-0.04
305,1.52,1.52,1.620774,0.002412,0,0,-0.5,-10.8,-2.6,1.04,0.19,-0.04
306,1.525,1.525001,1.625726,0.002362,9.99999999917733e-07,0,-0.4,-10.6,-2.6,1.04,0.18,-0.03
307,1.53,1.53,1.629849,0.001488,0,0,-0.5,-10.6,-2.5,1.04,0.18,-0.03
308,1.535,1.535001,1.634901,0.001538,9.99999999917733e-07,0,-0.4,-10.7,-2.4,1.04,0.18,-0.04
309,1.54,1.54,1.640772,0.00241,0,0,-0.4,-10.7,-2,1.04,0.17,-0.04
310,1.545,1.545,1.6447,0.001338,0,0,-0.4,-10.7,-2.6,1.04,0.18,-0.05
311,1.55,1.55,1.649758,0.001396,0,0,-0.4,-10.7,-2.6,1.04,0.18,-0.05
312,1.555,1.555,1.65578,0.002418,0,0,-0.4,-10.7,-2.7,1.04,0.18,-0.04
313,1.56,1.56,1.660735,0.002373,0,0,-0.4,-10.6,-2.7,1.03,0.18,-0.04
314,1.565,1.565,1.664716,0.001354,0,0,-0.5,-10.7,-3.1,1.03,0.19,-0.04
315,1.57,1.57,1.669812,0.00145,0,0,-0.6,-10.8,-3.1,1.03,0.2,-0.04
316,1.575,1.575,1.675779,0.002417,0,0,-0.5,-10.9,-2.1,1.04,0.18,-0.04
317,1.58,1.58,1.679723,0.001361,0,0,-0.5,-10.8,-2.9,1.04,0.19,-0.04
318,1.585,1.585,1.684778,0.001416,0,0,-0.4,-10.7,-2.8,1.03,0.18,-0.04
319,1.59,1.59,1.690807,0.002445,0,0,-0.2,-10.6,-2.2,1.03,0.16,-0.03
320,1.595,1.595,1.695713,0.002351,0,0,-0.3,-10.6,-2.2,1.04,0.17,-0.04
321,1.6,1.6,1.699744,0.001382,0,0,-0.2,-10.6,-1.9,1.04,0.16,-0.04
322,1.605,1.605,1.704881,0.001519,0,0,-0.3,-10.7,-1.9,1.04,0.16,-0.03
323,1.61,1.61,1.710796,0.002434,0,0,-0.2,-10.7,-2.4,1.03,0.17,-0.03
324,1.615,1.615,1.714914,0.001552,0,0,-0.4,-10.7,-2.6,1.03,0.18,-0.04
325,1.62,1.62,1.71982,0.001458,0,0,-0.4,-10.7,-3.2,1.03,0.18,-0.04
326,1.625,1.625,1.72582,0.002458,0,0,-0.2,-10.7,-2.7,1.04,0.18,-0.04
327,1.63,1.630001,1.729809,0.001446,9.99999999917733e-07,0,-0.3,-10.7,-3.1,1.03,0.18,-0.04
328,1.635,1.635,1.734859,0.001496,0,0,-0.3,-10.7,-2.5,1.03,0.18,-0.03
329,1.64,1.640001,1.740771,0.002408,9.99999999917733e-07,0,-0.4,-10.8,-3.1,1.03,0.19,-0.04
330,1.645,1.645,1.745722,0.002361,0,0,-0.5,-10.7,-3.3,1.03,0.2,-0.04
331,1.65,1.650001,1.749735,0.001371,9.99999999917733e-07,0,-0.6,-10.8,-3.7,1.03,0.21,-0.04
332,1.655,1.655,1.754997,0.001635,0,0,-0.6,-10.9,-3.8,1.03,0.21,-0.04
333,1.66,1.660001,1.760844,0.002481,9.99999999917733e-07,0,-0.4,-10.8,-3,1.03,0.19,-0.04
334,1.665,1.665,1.764774,0.001412,0,0,-0.4,-10.7,-3,1.03,0.18,-0.04
335,1.67,1.67,1.769802,0.001441,0,0,-0.4,-10.7,-2.6,1.03,0.18,-0.04
336,1.675,1.675,1.775817,0.002455,0,0,-0.3,-10.7,-3,1.02,0.19,-0.04
337,1.68,1.68,1.779746,0.001384,0,0,-0.4,-10.7,-2.8,1.03,0.19,-0.04
338,1.685,1.685,1.78483,0.001468,0,0,-0.5,-10.8,-2.5,1.03,0.19,-0.04
339,1.69,1.69,1.790798,0.002436,0,0,-0.4,-10.8,-2.6,1.03,0.18,-0.04
340,1.695,1.695,1.79476,0.001398,0,0,-0.4,-10.9,-3.2,1.03,0.2,-0.05
341,1.7,1.7,1.799736,0.001374,0,0,-0.3,-10.8,-3.5,1.03,0.2,-0.05
342,1.705,1.705,1.805723,0.002361,0,0,-0.4,-10.8,-3.7,1.03,0.2,-0.05
343,1.71,1.71,1.810738,0.002376,0,0,-0.6,-10.9,-3.3,1.03,0.21,-0.05
344,1.715,1.715,1.814716,0.001354,0,0,-0.4,-10.9,-3,1.03,0.2,-0.05
345,1.72,1.72,1.820802,0.00244,0,0,-0.6,-10.8,-2.9,1.03,0.2,-0.04
346,1.725,1.725,1.82576,0.002398,0,0,-0.5,-10.8,-2.9,1.03,0.2,-0.04
347,1.73,1.73,1.829727,0.001365,0,0,-0.3,-10.7,-2.5,1.04,0.18,-0.03
348,1.735,1.735,1.834878,0.001517,0,0,-0.1,-10.7,-2.3,1.04,0.17,-0.04
349,1.74,1.74,1.840804,0.002442,0,0,0,-10.7,-2.6,1.03,0.17,-0.04
350,1.745,1.745,1.844699,0.001337,0,0,-0.2,-10.7,-2.7,1.03,0.17,-0.03
351,1.75,1.75,1.84985,0.001488,0,0,-0.3,-10.7,-2.9,1.03,0.18,-0.04
352,1.755,1.755002,1.855855,0.002492,1.99999999983547e-06,0,-0.2,-10.8,-2.6,1.04,0.17,-0.04
353,1.76,1.76,1.860751,0.002389,0,0,-0.2,-10.8,-2.5,1.03,0.18,-0.04
354,1.765,1.765001,1.864925,0.001563,9.99999999917733e-07,0,-0.4,-10.8,-2.7,1.03,0.18,-0.04
355,1.77,1.77,1.869886,0.001524,0,0,-0.4,-10.9,-3.1,1.03,0.19,-0.04
356,1.775,1.775001,1.875783,0.00242,9.99999999917733e-07,0,-0.4,-10.9,-3.3,1.03,0.19,-0.04
357,1.78,1.78,1.879714,0.001351,0,0,-0.3,-10.7,-1.9,1.04,0.18,-0.03
358,1.785,1.785001,1.884753,0.001391,9.99999999917733e-07,0,-0.3,-10.7,-2.1,1.04,0.18,-0.03
359,1.79,1.79,1.890988,0.002625,0,0,-0.4,-10.7,-2.2,1.04,0.17,-0.04
360,1.795,1.795,1.895764,0.002402,0,0,-0.5,-10.6,-2.4,1.04,0.18,-0.04
361,1.8,1.8,1.899708,0.001346,0,0,-0.5,-10.6,-2,1.04,0.18,-0.04
362,1.805,1.805,1.904872,0.00151,0,0,-0.4,-10.6,-2.2,1.04,0.18,-0.04
363,1.81,1.81,1.910803,0.002441,0,0,-0.5,-10.7,-2.8,1.03,0.19,-0.04
364,1.815,1.815,1.914712,0.00135,0,0,-0.6,-10.7,-2.9,1.03,0.19,-0.04
365,1.82,1.82,1.919829,0.001467,0,0,-0.5,-10.7,-3.1,1.03,0.2,-0.04
366,1.825,1.825,1.925797,0.002434,0,0,-0.6,-10.8,-2.3,1.04,0.19,-0.04
367,1.83,1.83,1.929775,0.001413,0,0,-0.5,-10.7,-2.5,1.04,0.18,-0.04
368,1.835,1.835001,1.934941,0.001578,1.00000000013978e-06,0,-0.4,-10.7,-2.2,1.04,0.18,-0.04
369,1.84,1.84,1.939919,0.001558,0,0,-0.4,-10.7,-2.4,1.04,0.19,-0.04
370,1.845,1.845,1.94574,0.002378,0,0,-0.4,-10.6,-2.4,1.04,0.18,-0.04
371,1.85,1.85,1.949777,0.001415,0,0,-0.5,-10.8,-2.4,1.04,0.18,-0.04
372,1.855,1.855,1.954788,0.001427,0,0,-0.4,-10.7,-2.7,1.03,0.18,-0.04
373,1.86,1.86,1.960715,0.002353,0,0,-0.4,-10.8,-3.1,1.03,0.19,-0.04
374,1.865,1.865,1.964898,0.001536,0,0,-0.5,-10.8,-2.8,1.04,0.19,-0.04
375,1.87,1.87,1.969716,0.001354,0,0,-0.4,-10.8,-2.9,1.04,0.19,-0.04
376,1.875,1.875,1.975722,0.00236,0,0,-0.5,-10.8,-3.3,1.03,0.2,-0.05
377,1.88,1.880001,1.980788,0.002426,9.99999999917733e-07,0,-0.6,-10.8,-2.9,1.03,0.2,-0.04
378,1.885,1.885,1.984759,0.001397,0,0,-0.6,-10.8,-3.2,1.03,0.21,-0.05
379,1.89,1.890001,1.989843,0.00148,9.99999999917733e-07,0,-0.5,-10.8,-3.1,1.03,0.2,-0.04
380,1.895,1.895,1.995813,0.002451,0,0,-0.4,-10.8,-3,1.03,0.19,-0.04
381,1.9,1.900001,1.999722,0.001359,9.99999999917733e-07,0,-0.4,-10.7,-3.1,1.03,0.2,-0.04
382,1.905,1.905,2.004763,0.001401,0,0,-0.3,-10.6,-2.9,1.03,0.19,-0.04
383,1.91,1.910001,2.010735,0.002372,9.99999999917733e-07,0,-0.3,-10.7,-3.3,1.02,0.18,-0.04
384,1.915,1.915,2.015917,0.002555,0,0,-0.3,-10.6,-2.7,1.03,0.18,-0.03
385,1.92,1.92,2.019742,0.00138,0,0,-0.2,-10.7,-1.9,1.03,0.17,-0.03
386,1.925,1.925,2.025757,0.002396,0,0,-0.2,-10.7,-2.3,1.03,0.16,-0.03
387,1.93,1.93,2.030881,0.00252,0,0,-0.3,-10.8,-2.2,1.03,0.17,-0.03
388,1.935,1.935,2.034823,0.001462,0,0,-0.4,-10.7,-1.7,1.04,0.17,-0.03
389,1.94,1.94,2.040225,0.001864,0,0,-0.5,-10.7,-2.7,1.03,0.19,-0.03
390,1.945,1.945002,2.04626,0.002898,1.99999999983547e-06,0,-0.5,-10.7,-2.7,1.03,0.19,-0.03
391,1.95,1.950001,2.050191,0.00183,1.00000000013978e-06,0,-0.4,-10.6,-2.4,1.03,0.18,-0.03
392,1.955,1.955001,2.054873,0.00151,9.99999999917733e-07,0,-0.5,-10.6,-2.3,1.03,0.19,-0.03
393,1.96,1.960001,2.059959,0.001596,1.00000000013978e-06,0,-0.3,-10.7,-2.1,1.04,0.18,-0.04
394,1.965,1.965,2.066222,0.00286,0,0,-0.3,-10.6,-2.3,1.04,0.18,-0.03
395,1.97,1.970001,2.069925,0.001563,9.99999999917733e-07,0,-0.4,-10.7,-2.5,1.04,0.18,-0.03
396,1.975,1.975,2.07507,0.001707,0,0,-0.3,-10.7,-2.6,1.04,0.18,-0.04
397,1.98,1.98,2.080773,0.002411,0,0,-0.2,-10.7,-2.1,1.05,0.17,-0.03
398,1.985,1.985,2.084728,0.001365,0,0,-0.4,-10.7,-2.1,1.04,0.18,-0.03
399,1.99,1.99,2.089822,0.00146,0,0,-0.4,-10.7,-2.6,1.04,0.19,-0.03
400,1.995,1.995,2.095732,0.00237,0,0,-0.5,-10.8,-2.4,1.04,0.19,-0.03
401,2,2,2.099719,0.001357,0,0,-0.5,-10.9,-2.7,1.03,0.2,-0.04
402,2.005,2.005,2.104721,0.00136,0,0,-0.5,-11,-2.6,1.04,0.19,-0.04
403,2.01,2.010001,2.110758,0.002395,9.99999999695689e-07,0,-0.4,-11,-3,1.04,0.21,-0.04
404,2.015,2.015,2.114691,0.001329,0,0,-0.4,-10.8,-2.5,1.04,0.18,-0.04
405,2.02,2.02,2.119699,0.001337,0,0,-0.3,-10.7,-2.3,1.04,0.17,-0.04
406,2.025,2.025,2.125749,0.002387,0,0,-0.4,-10.7,-2.6,1.04,0.18,-0.04
407,2.03,2.030001,2.130766,0.002403,9.99999999695689e-07,0,-0.3,-10.7,-2.8,1.03,0.19,-0.04
408,2.035,2.035,2.134693,0.001331,0,0,-0.5,-10.7,-3.1,1.03,0.2,-0.04
409,2.04,2.04,2.140724,0.002362,0,0,-0.5,-10.8,-2.7,1.03,0.2,-0.04
410,2.045,2.045,2.145707,0.002345,0,0,-0.5,-10.8,-2.5,1.04,0.2,-0.04
411,2.05,2.05,2.149707,0.001346,0,0,-0.4,-10.7,-2.8,1.03,0.19,-0.04
412,2.055,2.055,2.154779,0.001417,0,0,-0.4,-10.8,-3.1,1.03,0.2,-0.04
413,2.06,2.06,2.160786,0.002424,0,0,-0.4,-10.7,-3.3,1.04,0.2,-0.04
414,2.065,2.065,2.165755,0.002393,0,0,-0.4,-10.7,-2.8,1.04,0.19,-0.04
415,2.07,2.07,2.169696,0.001334,0,0,-0.4,-10.6,-2.8,1.04,0.19,-0.04
416,2.075,2.075,2.174835,0.001474,0,0,-0.5,-10.7,-2.7,1.04,0.19,-0.04
417,2.08,2.08,2.180806,0.002444,0,0,-0.5,-10.7,-3.1,1.04,0.2,-0.04
418,2.085,2.085,2.184716,0.001354,0,0,-0.5,-10.7,-2.5,1.04,0.19,-0.03
419,2.09,2.090001,2.189836,0.001473,1.00000000013978e-06,0,-0.5,-10.7,-2.8,1.04,0.2,-0.04
420,2.095,2.095,2.195784,0.002423,0,0,-0.5,-10.7,-3,1.03,0.2,-0.04
421,2.1,2.1,2.20075,0.002388,0,0,-0.5,-10.7,-2.7,1.03,0.19,-0.03
422,2.105,2.105,2.204729,0.001366,0,0,-0.5,-10.7,-2.4,1.03,0.19,-0.03
423,2.11,2.110002,2.209883,0.001519,2.00000000027956e-06,0,-0.3,-10.7,-2.9,1.03,0.19,-0.04
424,2.115,2.115,2.215784,0.002422,0,0,-0.4,-10.8,-2.5,1.04,0.19,-0.04
425,2.12,2.12,2.219746,0.001384,0,0,-0.3,-10.7,-1.9,1.04,0.17,-0.04
426,2.125,2.125,2.224736,0.001374,0,0,-0.3,-10.7,-2,1.04,0.17,-0.04
427,2.13,2.13,2.230715,0.002354,0,0,-0.3,-10.6,-2.6,1.04,0.18,-0.05
428,2.135,2.135001,2.234684,0.001322,9.99999999695689e-07,0,-0.5,-10.6,-2.5,1.04,0.18,-0.04
429,2.14,2.14,2.239725,0.001362,0,0,-0.4,-10.6,-2.4,1.03,0.18,-0.03
430,2.145,2.145,2.244765,0.001403,0,0,-0.4,-10.7,-2.2,1.04,0.18,-0.04
431,2.15,2.15,2.25073,0.002368,0,0,-0.6,-10.7,-3,1.03,0.2,-0.04
432,2.155,2.155001,2.254796,0.001434,9.99999999695689e-07,0,-0.5,-10.7,-2,1.04,0.19,-0.03
433,2.16,2.16,2.259707,0.001345,0,0,-0.3,-10.6,-1.5,1.04,0.17,-0.03
434,2.165,2.165,2.265696,0.002334,0,0,-0.3,-10.7,-1.3,1.04,0.17,-0.04
435,2.17,2.17,2.270718,0.002356,0,0,-0.3,-10.7,-1.4,1.04,0.17,-0.04
436,2.175,2.175001,2.274704,0.001341,9.99999999695689e-07,0,-0.3,-10.8,-1.8,1.04,0.17,-0.04
437,2.18,2.18,2.27992,0.001559,0,0,-0.2,-10.8,-1.4,1.05,0.17,-0.04
438,2.185,2.185,2.285768,0.002406,0,0,-0.4,-10.8,-1.8,1.05,0.18,-0.04
439,2.19,2.19,2.289781,0.001419,0,0,-0.5,-10.7,-1.6,1.05,0.17,-0.04
440,2.195,2.195,2.294706,0.001344,0,0,-0.6,-10.8,-1.9,1.04,0.18,-0.04
441,2.2,2.2,2.300731,0.002368,0,0,-0.5,-10.6,-2.7,1.04,0.19,-0.04
442,2.205,2.205,2.305721,0.002359,0,0,-0.6,-10.7,-2.3,1.04,0.18,-0.04
443,2.21,2.21,2.30969,0.001328,0,0,-0.6,-10.7,-2.8,1.04,0.19,-0.05
444,2.215,2.215,2.314821,0.00146,0,0,-0.5,-10.7,-2.3,1.04,0.18,-0.04
445,2.22,2.22,2.320769,0.002407,0,0,-0.5,-10.8,-1.8,1.04,0.18,-0.04
446,2.225,2.225,2.32573,0.002368,0,0,-0.4,-10.7,-1.9,1.04,0.18,-0.04
447,2.23,2.23,2.329774,0.001414,0,0,-0.5,-10.7,-2,1.03,0.18,-0.03
448,2.235,2.235,2.335775,0.002413,0,0,-0.5,-10.8,-2.3,1.04,0.18,-0.04
449,2.24,2.24,2.340779,0.002416,0,0,-0.6,-10.8,-1.4,1.04,0.18,-0.03
450,2.245,2.245,2.344689,0.001328,0,0,-0.4,-10.7,-1.2,1.04,0.17,-0.03
451,2.25,2.25,2.349769,0.001407,0,0,-0.5,-10.7,-2.2,1.04,0.18,-0.04
452,2.255,2.255,2.355735,0.002374,0,0,-0.5,-10.7,-2.8,1.03,0.2,-0.04
453,2.26,2.260001,2.360725,0.002362,9.99999999695689e-07,0,-0.5,-10.7,-2.3,1.03,0.19,-0.04
454,2.265,2.265001,2.364728,0.001365,9.99999999695689e-07,0,-0.5,-10.7,-2.6,1.03,0.19,-0.04
455,2.27,2.27,2.369796,0.001434,0,0,-0.5,-10.8,-2.3,1.04,0.19,-0.04
456,2.275,2.275,2.375823,0.002461,0,0,-0.4,-10.8,-2.2,1.04,0.18,-0.04
457,2.28,2.280001,2.380829,0.002467,9.99999999695689e-07,0,-0.5,-10.8,-2.9,1.03,0.2,-0.04
458,2.285,2.285,2.384735,0.001373,0,0,-0.4,-10.7,-2.2,1.04,0.19,-0.03
459,2.29,2.29,2.389877,0.001515,0,0,-0.5,-10.7,-2.8,1.04,0.2,-0.04
460,2.295,2.295,2.39574,0.002377,0,0,-0.6,-10.7,-2.9,1.04,0.19,-0.04
461,2.3,2.300001,2.399706,0.001343,9.99999999695689e-07,0,-0.5,-10.7,-2,1.04,0.17,-0.04
462,2.305,2.305,2.404776,0.001414,0,0,-0.5,-10.8,-2.2,1.03,0.18,-0.04
463,2.31,2.31,2.410769,0.002407,0,0,-0.5,-10.7,-2.5,1.04,0.19,-0.04
464,2.315,2.315,2.414878,0.001516,0,0,-0.4,-10.7,-2.4,1.03,0.19,-0.04
465,2.32,2.32,2.41973,0.001368,0,0,-0.4,-10.7,-2.1,1.04,0.19,-0.04
466,2.325,2.325,2.424999,0.001637,0,0,-0.3,-10.7,-1.9,1.04,0.18,-0.03
467,2.33,2.33,2.430772,0.00241,0,0,-0.3,-10.8,-2,1.04,0.18,-0.04
468,2.335,2.335,2.434836,0.001474,0,0,-0.4,-10.7,-3.2,1.03,0.2,-0.04
469,2.34,2.34,2.439852,0.001489,0,0,-0.3,-10.6,-3,1.03,0.19,-0.04
470,2.345,2.345,2.445702,0.002341,0,0,-0.3,-10.6,-2.5,1.03,0.18,-0.04
471,2.35,2.35,2.449695,0.001333,0,0,-0.3,-10.7,-2.1,1.03,0.18,-0.03
472,2.355,2.355,2.454834,0.001474,0,0,-0.3,-10.7,-2,1.04,0.18,-0.03
473,2.36,2.36,2.460823,0.002461,0,0,-0.3,-10.7,-2.3,1.04,0.19,-0.03
474,2.365,2.365,2.464744,0.001382,0,0,-0.4,-10.6,-2,1.04,0.18,-0.04
475,2.37,2.37,2.469862,0.001501,0,0,-0.5,-10.6,-2.3,1.03,0.18,-0.04
476,2.375,2.375,2.475748,0.002387,0,0,-0.5,-10.6,-2.3,1.04,0.18,-0.04
477,2.38,2.38,2.479831,0.001469,0,0,-0.5,-10.7,-2.3,1.04,0.18,-0.04
478,2.385,2.385001,2.484746,0.001383,9.99999999695689e-07,0,-0.5,-10.6,-1.5,1.05,0.17,-0.03
479,2.39,2.39,2.49077,0.002409,0,0,-0.4,-10.7,-2.3,1.04,0.18,-0.04
480,2.395,2.395,2.495718,0.002356,0,0,-0.3,-10.7,-2.3,1.04,0.18,-0.03
481,2.4,2.4,2.499686,0.001324,0,0,-0.3,-10.7,-2.3,1.03,0.18,-0.04
482,2.405,2.405001,2.505721,0.002358,9.99999999695689e-07,0,-0.3,-10.7,-2.6,1.03,0.18,-0.04
483,2.41,2.41,2.510724,0.002362,0,0,-0.4,-10.8,-2.6,1.03,0.19,-0.04
484,2.415,2.415,2.514719,0.001358,0,0,-0.3,-10.7,-2.3,1.04,0.18,-0.04
485,2.42,2.42,2.520773,0.002411,0,0,-0.3,-10.8,-2.6,1.04,0.19,-0.04
486,2.425,2.425001,2.524712,0.00135,9.99999999695689e-07,0,-0.6,-10.8,-2.2,1.04,0.18,-0.04
487,2.43,2.43,2.529824,0.001462,0,0,-0.5,-10.7,-2,1.05,0.18,-0.04
488,2.435,2.435,2.535835,0.002473,0,0,-0.4,-10.7,-2.7,1.04,0.18,-0.04
489,2.44,2.44,2.539829,0.001468,0,0,-0.5,-10.7,-2.7,1.04,0.19,-0.04
490,2.445,2.445,2.544831,0.001468,0,0,-0.6,-10.7,-2.3,1.04,0.2,-0.04
491,2.45,2.45,2.550766,0.002404,0,0,-0.5,-10.7,-2.2,1.04,0.19,-0.04
492,2.455,2.455,2.554802,0.00144,0,0,-0.5,-10.7,-2.2,1.04,0.19,-0.03
493,2.46,2.46,2.559933,0.001571,0,0,-0.4,-10.7,-1.8,1.04,0.19,-0.03
494,2.465,2.465,2.565723,0.002361,0,0,-0.3,-10.7,-2.2,1.03,0.19,-0.03
495,2.47,2.47,2.569702,0.00134,0,0,-0.4,-10.7,-2.4,1.03,0.2,-0.03
496,2.475,2.475,2.57485,0.001488,0,0,-0.3,-10.7,-2.5,1.02,0.21,-0.03
497,2.48,2.48,2.580732,0.00237,0,0,0,-10.6,-1.6,1.03,0.19,-0.03
498,2.485,2.485,2.584702,0.001339,0,0,-0.1,-10.5,-1.8,1.03,0.19,-0.03
499,2.49,2.49,2.589742,0.00138,0,0,-0.2,-10.6,-2.2,1.03,0.2,-0.03
500,2.495,2.495,2.595731,0.002369,0,0,-0.2,-10.6,-2.4,1.03,0.21,-0.03
501,2.5,2.5,2.59993,0.001568,0,0,-0.4,-10.7,-1.9,1.03,0.21,-0.03
502,2.505,2.505,2.604749,0.001384,0,0,-0.3,-10.7,-2,1.03,0.21,-0.02
503,2.51,2.510001,2.610792,0.002429,9.99999999695689e-07,0,-0.3,-10.8,-2.7,1.02,0.22,-0.03
504,2.515,2.515,2.615765,0.002403,0,0,-0.2,-10.8,-2.5,1.03,0.22,-0.02
505,2.52,2.520001,2.619704,0.001341,1.00000000013978e-06,0,-0.1,-10.7,-2.7,1.02,0.22,-0.02
506,2.525,2.525,2.625823,0.002461,0,0,-0.2,-10.7,-2.8,1.02,0.23,-0.02
507,2.53,2.530001,2.629758,0.001395,9.99999999695689e-07,0,-0.1,-10.6,-2.7,1.02,0.22,-0.02
508,2.535,2.535,2.634772,0.001411,0,0,-0.1,-10.6,-3,1.02,0.23,-0.02
509,2.54,2.54,2.639723,0.00136,0,0,-0.1,-10.5,-2.5,1.02,0.23,-0.02
510,2.545,2.545,2.645418,0.002058,0,0,-0.1,-10.6,-2.3,1.02,0.23,-0.02
511,2.55,2.550002,2.65127,0.002907,1.99999999983547e-06,0,-0.1,-10.7,-2,1.03,0.22,-0.01
512,2.555,2.555002,2.655316,0.001954,1.99999999983547e-06,0,-0.1,-10.7,-2.1,1.02,0.23,-0.01
513,2.56,2.560002,2.65998,0.001616,1.99999999983547e-06,0,0,-10.6,-2.7,1.01,0.23,-0.01
514,2.565,2.565,2.665747,0.002385,0,0,0,-10.6,-2.3,1.02,0.22,-0.01
515,2.57,2.57,2.669757,0.001395,0,0,0,-10.7,-2.5,1.02,0.22,-0.02
516,2.575,2.575,2.674962,0.001599,0,0,-0.1,-10.7,-2.3,1.03,0.23,-0.02
517,2.58,2.58,2.680802,0.00244,0,0,0,-10.8,-1.9,1.03,0.22,-0.02
518,2.585,2.585,2.68475,0.001388,0,0,-0.2,-10.8,-2.2,1.03,0.22,-0.02
519,2.59,2.59,2.689834,0.001472,0,0,-0.2,-10.7,-3,1.03,0.23,-0.02
520,2.595,2.595,2.695752,0.00239,0,0,-0.3,-10.7,-3.7,1.02,0.24,-0.03
521,2.6,2.6,2.700719,0.002357,0,0,-0.2,-10.7,-3,1.03,0.24,-0.02
522,2.605,2.605,2.70487,0.001508,0,0,-0.2,-10.7,-3.3,1.03,0.24,-0.02
523,2.61,2.610001,2.709905,0.001542,1.00000000013978e-06,0,-0.2,-10.8,-3,1.04,0.23,-0.02
524,2.615,2.615,2.715758,0.002396,0,0,-0.3,-10.7,-3.2,1.03,0.24,-0.02
525,2.62,2.62,2.719702,0.001341,0,0,-0.2,-10.8,-2.7,1.04,0.23,-0.02
526,2.625,2.625,2.724941,0.001579,0,0,-0.2,-10.8,-2.3,1.04,0.23,-0.02
527,2.63,2.63,2.730774,0.002412,0,0,-0.2,-10.7,-2.9,1.04,0.24,-0.02
528,2.635,2.635001,2.734718,0.001355,9.99999999695689e-07,0,-0.2,-10.7,-2.9,1.04,0.24,-0.02
529,2.64,2.64,2.73986,0.001498,0,0,-0.2,-10.7,-3.2,1.04,0.25,-0.02
530,2.645,2.645,2.745746,0.002384,0,0,0,-10.8,-3,1.04,0.24,-0.02
531,2.65,2.65,2.749738,0.001376,0,0,-0.1,-10.7,-2.4,1.05,0.24,-0.02
532,2.655,2.655001,2.754844,0.001482,9.99999999695689e-07,0,-0.1,-10.7,-2.4,1.05,0.24,-0.02
533,2.66,2.66,2.760836,0.002474,0,0,0,-10.7,-2.4,1.04,0.24,-0.01
534,2.665,2.665,2.764715,0.001353,0,0,0,-10.7,-2.8,1.04,0.25,-0.02
535,2.67,2.670072,2.76996,0.001519,7.199999999985e-05,0,0,-10.7,-2.9,1.04,0.24,-0.01
536,2.675,2.675001,2.775874,0.002511,9.99999999695689e-07,0,-0.1,-10.7,-2.9,1.04,0.24,-0.01
537,2.68,2.68,2.780788,0.002426,0,0,-0.1,-10.7,-2.9,1.04,0.26,-0.01
538,2.685,2.685,2.784776,0.001414,0,0,-0.1,-10.7,-2.7,1.05,0.27,-0.01
539,2.69,2.69,2.790891,0.00253,0,0,-0.1,-10.7,-2,1.06,0.26,0
540,2.695,2.695,2.795801,0.002439,0,0,-0.1,-10.8,-2.2,1.06,0.26,-0.01
541,2.7,2.7,2.799761,0.001399,0,0,-0.1,-10.7,-2.5,1.05,0.27,-0.01
542,2.705,2.705,2.80584,0.002478,0,0,-0.1,-10.8,-2.8,1.05,0.27,-0.01
543,2.71,2.71,2.810776,0.002414,0,0,-0.1,-10.7,-2.2,1.05,0.26,-0.01
544,2.715,2.715,2.814786,0.001425,0,0,0,-10.7,-2.2,1.06,0.25,0
545,2.72,2.72,2.820903,0.002542,0,0,0,-10.8,-2.7,1.05,0.25,-0.01
546,2.725,2.725,2.825888,0.002526,0,0,-0.1,-10.9,-3.2,1.05,0.26,-0.01
547,2.73,2.73,2.82975,0.001388,0,0,0,-10.8,-3.2,1.04,0.26,-0.01
548,2.735,2.735,2.834826,0.001464,0,0,0,-10.8,-3.3,1.04,0.26,-0.01
549,2.74,2.74,2.840823,0.002461,0,0,0,-10.7,-2.7,1.04,0.26,0
550,2.745,2.745,2.844732,0.001372,0,0,0,-10.7,-3,1.04,0.27,-0.01
551,2.75,2.75,2.849876,0.001514,0,0,0,-10.8,-3,1.04,0.27,-0.01
552,2.755,2.755001,2.855855,0.002493,1.00000000013978e-06,0,0,-10.7,-2.4,1.04,0.26,-0.01
553,2.76,2.760001,2.859755,0.001393,9.99999999695689e-07,0,-0.1,-10.7,-3.2,1.03,0.27,-0.01
554,2.765,2.765,2.864815,0.001453,0,0,0,-10.7,-3.3,1.03,0.26,-0.01
555,2.77,2.77,2.870739,0.002377,0,0,0,-10.7,-3.1,1.03,0.27,0
556,2.775,2.775,2.874706,0.001345,0,0,0,-10.7,-2.8,1.03,0.26,0
557,2.78,2.780001,2.879774,0.001411,9.99999999695689e-07,0,0,-10.8,-2.3,1.03,0.25,0
558,2.785,2.785,2.885724,0.002363,0,0,0.1,-10.8,-2.6,1.03,0.26,0
559,2.79,2.79,2.889742,0.00138,0,0,0.2,-10.7,-2.8,1.02,0.26,0
560,2.795,2.795,2.89473,0.001369,0,0,0.1,-10.6,-3,1.01,0.26,0
561,2.8,2.800001,2.900747,0.002384,9.99999999695689e-07,0,0.2,-10.5,-2.6,1.01,0.24,0
562,2.805,2.805,2.90583,0.00247,0,0,0.2,-10.6,-2.5,1.01,0.25,0
563,2.81,2.810001,2.909778,0.001417,1.00000000013978e-06,0,0.2,-10.7,-2.2,1.01,0.27,0.01
564,2.815,2.815,2.915793,0.002431,0,0,0.1,-10.7,-2.5,1.01,0.28,0.01
565,2.82,2.82,2.920762,0.0024,0,0,0.1,-10.6,-2.6,1,0.29,0.01
566,2.825,2.825,2.924763,0.001401,0,0,0.3,-10.6,-2.5,1,0.28,0.01
567,2.83,2.83,2.930738,0.002375,0,0,0.2,-10.6,-2.8,1,0.29,0.01
568,2.835,2.835,2.935727,0.002366,0,0,0.2,-10.6,-3.1,1,0.29,0.01
569,2.84,2.84,2.939737,0.001376,0,0,0.1,-10.5,-3,0.99,0.3,0.01
570,2.845,2.845,2.945783,0.002421,0,0,0.3,-10.5,-3.6,0.99,0.3,0.01
571,2.85,2.85,2.950744,0.002383,0,0,0.5,-10.5,-2.8,1.01,0.28,0.01
572,2.855,2.855,2.954748,0.001387,0,0,0.4,-10.5,-2.5,1,0.28,0.02
573,2.86,2.86,2.959843,0.001481,0,0,0.5,-10.6,-3,1,0.29,0.02
574,2.865,2.865,2.965735,0.002374,0,0,0.4,-10.5,-2.7,1,0.29,0.02
575,2.87,2.87,2.970807,0.002447,0,0,0.4,-10.5,-3.1,0.99,0.3,0.02
576,2.875,2.875,2.974733,0.001372,0,0,0.3,-10.5,-2.8,1,0.3,0.01
577,2.88,2.88,2.980778,0.002416,0,0,0.3,-10.6,-3.1,1,0.31,0.01
578,2.885,2.885001,2.985773,0.00241,9.99999999695689e-07,0,0.4,-10.5,-2.6,1,0.29,0.02
579,2.89,2.89,2.989783,0.001421,0,0,0.3,-10.6,-3.3,0.99,0.32,0.02
580,2.895,2.895,2.994855,0.001493,0,0,0.3,-10.6,-2.9,1,0.31,0.02
581,2.9,2.9,3.000776,0.002415,0,0,0.3,-10.6,-2.5,1,0.3,0.02
582,2.905,2.905001,3.004793,0.00143,9.99999999695689e-07,0,0.2,-10.6,-2.8,1.01,0.3,0.01
583,2.91,2.91,3.009748,0.001386,0,0,0.2,-10.7,-3.1,1.01,0.3,0.01
584,2.915,2.915,3.015816,0.002454,0,0,0.2,-10.6,-2.7,1.01,0.29,0.01
585,2.92,2.92,3.020817,0.002457,0,0,0.2,-10.5,-2.2,1.02,0.29,0.01
586,2.925,2.925001,3.024875,0.001512,9.99999999695689e-07,0,0.2,-10.6,-2.3,1.01,0.29,0.02
587,2.93,2.93,3.030789,0.002427,0,0,0.2,-10.6,-2.1,1.01,0.29,0.01
588,2.935,2.935,3.035743,0.002381,0,0,0.1,-10.6,-2.2,1.01,0.3,0.01
589,2.94,2.94,3.039828,0.001466,0,0,0.1,-10.7,-2.5,1.01,0.31,0.01
590,2.945,2.945,3.044851,0.001489,0,0,0.2,-10.7,-2.9,1.01,0.31,0.01
591,2.95,2.95,3.050768,0.002406,0,0,0.2,-10.7,-3.1,1,0.31,0.01
592,2.955,2.955,3.054729,0.001367,0,0,0.2,-10.7,-3.5,1,0.32,0.02
593,2.96,2.96,3.05976,0.001398,0,0,0.3,-10.7,-3.2,1,0.31,0.02
594,2.965,2.965,3.065734,0.002372,0,0,0.2,-10.7,-2.8,1,0.32,0.02
595,2.97,2.97,3.069801,0.00144,0,0,0.3,-10.6,-2.5,1,0.31,0.02
596,2.975,2.975,3.074847,0.001485,0,0,0.4,-10.5,-2.6,1,0.3,0.02
597,2.98,2.98,3.080885,0.002523,0,0,0.3,-10.6,-2.9,1.01,0.3,0.01
598,2.985,2.985,3.084766,0.001404,0,0,0.3,-10.6,-2.5,1.01,0.3,0.02
599,2.99,2.99,3.089751,0.001389,0,0,0.3,-10.6,-2.4,1.02,0.3,0.02
600,2.995,2.995,3.095762,0.0024,0,0,0.2,-10.7,-2.3,1.01,0.31,0.02
601,3,3,3.100763,0.002402,0,0,0.3,-10.8,-2,1.01,0.3,0.02
602,3.005,3.005,3.104832,0.001471,0,0,0.2,-10.8,-2,1.02,0.31,0.02
603,3.01,3.010001,3.110744,0.002383,9.99999999695689e-07,0,0.3,-10.6,-2.1,1.02,0.3,0.02
604,3.015,3.015,3.115708,0.002346,0,0,0.3,-10.7,-2,1.03,0.3,0.02
605,3.02,3.02,3.119804,0.001443,0,0,0.4,-10.8,-2.4,1.02,0.29,0.01
606,3.025,3.025,3.124898,0.001536,0,0,0.4,-10.7,-2.6,1.03,0.29,0.01
607,3.03,3.030001,3.130837,0.002476,9.99999999695689e-07,0,0.3,-10.7,-2.4,1.03,0.29,0.01
608,3.035,3.035,3.134797,0.001435,0,0,0.1,-10.6,-2.3,1.03,0.28,0.01
609,3.04,3.04,3.139783,0.001421,0,0,0.2,-10.8,-2.2,1.04,0.28,0.01
610,3.045,3.045,3.14574,0.002378,0,0,0.1,-10.7,-2.6,1.04,0.29,0.01
611,3.05,3.050001,3.150815,0.002452,9.99999999695689e-07,0,0.2,-10.7,-2.4,1.04,0.28,0.01
612,3.055,3.055,3.154715,0.001353,0,0,0.1,-10.7,-3.1,1.04,0.29,0
613,3.06,3.06,3.16004,0.001679,0,0,0.2,-10.7,-3,1.03,0.29,0.01
614,3.065,3.065,3.165832,0.00247,0,0,0.1,-10.7,-2.6,1.04,0.29,0.01
615,3.07,3.070001,3.169778,0.001417,9.99999999695689e-07,0,0.1,-10.7,-2.8,1.04,0.3,0.01
616,3.075,3.075,3.174911,0.001549,0,0,0.1,-10.7,-2.8,1.05,0.3,0.01
617,3.08,3.08,3.180759,0.002398,0,0,0.1,-10.8,-2.7,1.05,0.3,0.01
618,3.085,3.085,3.18492,0.001559,0,0,0.2,-10.8,-2.7,1.05,0.31,0.02
619,3.09,3.09,3.189818,0.001456,0,0,0.1,-10.8,-3.2,1.05,0.32,0.01
620,3.095,3.095,3.195762,0.002401,0,0,0.3,-10.7,-2.2,1.05,0.3,0.02
621,3.1,3.1,3.200758,0.002397,0,0,0.4,-10.7,-2.9,1.04,0.31,0.02
622,3.105,3.105,3.204825,0.001464,0,0,0.6,-10.7,-1.8,1.04,0.3,0.03
623,3.11,3.11,3.209914,0.001552,0,0,0.6,-10.7,-1.5,1.05,0.29,0.03
624,3.115,3.115,3.215746,0.002385,0,0,0.3,-10.7,-1.7,1.05,0.31,0.03
625,3.12,3.12,3.219841,0.001479,0,0,0.3,-10.8,-1.7,1.04,0.32,0.03
626,3.125,3.125,3.224824,0.001462,0,0,0.3,-10.7,-1.6,1.05,0.32,0.03
627,3.13,3.13,3.230778,0.002416,0,0,0.3,-10.7,-2.3,1.04,0.33,0.03
628,3.135,3.135001,3.235757,0.002395,9.99999999695689e-07,0,0.3,-10.7,-2.6,1.04,0.33,0.02
629,3.14,3.14,3.239883,0.001522,0,0,0.1,-10.8,-3.1,1.04,0.35,0.02
630,3.145,3.145,3.245769,0.002408,0,0,0.2,-10.9,-2.9,1.05,0.34,0.02
631,3.15,3.150001,3.250746,0.002384,1.00000000013978e-06,0,0.2,-10.9,-2.9,1.05,0.34,0.02
632,3.155,3.155002,3.254961,0.001598,1.99999999983547e-06,0,0.3,-10.8,-2.9,1.04,0.35,0.03
633,3.16,3.16,3.259839,0.001477,0,0,0.3,-10.7,-1.8,1.06,0.33,0.03
634,3.165,3.165,3.265736,0.002374,0,0,0.2,-10.8,-1.2,1.06,0.33,0.03
635,3.17,3.17,3.269699,0.001338,0,0,0.2,-10.7,-1.2,1.06,0.34,0.03
636,3.175,3.175001,3.274756,0.001393,9.99999999695689e-07,0,0.5,-10.7,-1.6,1.06,0.33,0.04
637,3.18,3.18,3.28083,0.00247,0,0,0.5,-10.7,-2.3,1.05,0.34,0.03
638,3.185,3.185,3.285821,0.002459,0,0,0.4,-10.7,-2.2,1.05,0.35,0.04
639,3.19,3.19,3.289753,0.001391,0,0,0.3,-10.8,-2.3,1.05,0.36,0.04
640,3.195,3.195001,3.294757,0.001395,9.99999999695689e-07,0,0.4,-10.8,-2.6,1.05,0.36,0.03
641,3.2,3.2,3.300725,0.002363,0,0,0.3,-10.8,-2.6,1.05,0.36,0.03
642,3.205,3.205001,3.305008,0.001647,1.00000000013978e-06,0,0.3,-10.8,-3,1.04,0.37,0.03
643,3.21,3.21,3.309779,0.001418,0,0,0.3,-10.8,-2.8,1.05,0.37,0.03
644,3.215,3.215,3.315768,0.002406,0,0,0.4,-10.9,-2,1.05,0.35,0.04
645,3.22,3.22,3.320786,0.002425,0,0,0.5,-10.8,-1.9,1.05,0.35,0.04
646,3.225,3.225,3.324832,0.00147,0,0,0.6,-10.7,-1.6,1.06,0.34,0.05
647,3.23,3.23,3.330778,0.002417,0,0,0.6,-10.7,-2.6,1.05,0.36,0.04
648,3.235,3.235001,3.335782,0.002421,1.00000000013978e-06,0,0.5,-10.8,-2.6,1.05,0.37,0.04
649,3.24,3.24,3.339739,0.001377,0,0,0.3,-10.8,-2.9,1.05,0.39,0.04
650,3.245,3.245,3.345052,0.00169,0,0,0.5,-10.7,-2.5,1.05,0.38,0.05
651,3.25,3.25,3.350865,0.002504,0,0,0.5,-10.8,-2.2,1.05,0.37,0.05
652,3.255,3.255,3.355747,0.002385,0,0,0.5,-10.7,-2.3,1.05,0.36,0.04
653,3.26,3.260001,3.359786,0.001424,9.99999999695689e-07,0,0.5,-10.7,-2.1,1.05,0.36,0.04
654,3.265,3.265,3.36578,0.002418,0,0,0.5,-10.7,-2.5,1.05,0.37,0.04
655,3.27,3.27,3.370748,0.002387,0,0,0.4,-10.8,-2.6,1.05,0.38,0.04
656,3.275,3.275,3.37473,0.001368,0,0,0.4,-10.7,-2.3,1.04,0.38,0.04
657,3.28,3.280001,3.380064,0.001702,9.99999999695689e-07,0,0.5,-10.7,-2.2,1.04,0.36,0.04
658,3.285,3.285,3.38578,0.002418,0,0,0.6,-10.6,-2.7,1.04,0.37,0.04
659,3.29,3.29,3.389757,0.001396,0,0,0.5,-10.7,-2.7,1.03,0.37,0.05
660,3.295,3.295,3.394812,0.00145,0,0,0.3,-10.8,-2.6,1.04,0.38,0.05
661,3.3,3.300001,3.400721,0.002358,9.99999999695689e-07,0,0.3,-10.8,-2.3,1.04,0.38,0.05
662,3.305,3.305,3.405812,0.002451,0,0,0.5,-10.8,-1.9,1.04,0.37,0.05
663,3.31,3.31,3.409755,0.001395,0,0,0.5,-10.8,-2.3,1.04,0.37,0.05
664,3.315,3.315,3.415797,0.002436,0,0,0.5,-10.7,-2.8,1.03,0.38,0.04
665,3.32,3.320001,3.419756,0.001394,9.99999999695689e-07,0,0.3,-10.8,-2.7,1.03,0.38,0.04
666,3.325,3.325001,3.425044,0.001681,9.99999999695689e-07,0,0.3,-10.8,-3.2,1.03,0.4,0.04
667,3.33,3.33,3.43087,0.002508,0,0,0.3,-10.8,-3.5,1.03,0.4,0.04
668,3.335,3.335,3.434795,0.001434,0,0,0.3,-10.8,-2.9,1.03,0.4,0.04
669,3.34,3.34,3.439913,0.001552,0,0,0.5,-10.7,-2.9,1.02,0.4,0.05
670,3.345,3.345,3.445781,0.00242,0,0,0.5,-10.8,-3.1,1.02,0.4,0.04
671,3.35,3.35,3.45075,0.002388,0,0,0.5,-10.7,-2.9,1.02,0.41,0.05
672,3.355,3.355,3.454733,0.001371,0,0,0.5,-10.7,-2.8,1.02,0.41,0.05
673,3.36,3.36,3.460831,0.002469,0,0,0.5,-10.7,-2.7,1.02,0.41,0.05
674,3.365,3.365,3.465766,0.002404,0,0,0.6,-10.7,-2.6,1.02,0.41,0.06
675,3.37,3.37,3.469722,0.00136,0,0,0.6,-10.6,-2.9,1.01,0.41,0.06
676,3.375,3.375,3.475794,0.002432,0,0,0.6,-10.6,-2.2,1.02,0.41,0.06
677,3.38,3.38,3.48074,0.002378,0,0,0.7,-10.5,-2,1.02,0.4,0.06
678,3.385,3.385001,3.484707,0.001344,9.99999999695689e-07,0,0.6,-10.6,-2.2,1.02,0.42,0.06
679,3.39,3.39,3.490764,0.002402,0,0,0.5,-10.7,-2.2,1.02,0.42,0.06
680,3.395,3.395,3.49572,0.002358,0,0,0.5,-10.7,-2.3,1.01,0.43,0.07
681,3.4,3.4,3.499717,0.001355,0,0,0.5,-10.6,-2.5,1.01,0.43,0.06
682,3.405,3.405001,3.50491,0.001547,9.99999999695689e-07,0,0.6,-10.5,-2.2,1.01,0.43,0.06
683,3.41,3.41,3.510875,0.002513,0,0,0.6,-10.5,-3.1,1.01,0.44,0.06
684,3.415,3.415,3.514756,0.001395,0,0,0.6,-10.5,-2.1,1.02,0.43,0.07
685,3.42,3.42,3.519869,0.001508,0,0,0.6,-10.6,-2,1.02,0.44,0.07
686,3.425,3.425002,3.525939,0.002576,1.99999999983547e-06,0,0.8,-10.6,-2,1.02,0.44,0.07
687,3.43,3.43,3.529766,0.001404,0,0,0.8,-10.5,-2.2,1.02,0.44,0.07
688,3.435,3.435,3.534887,0.001526,0,0,0.7,-10.6,-2.3,1.02,0.45,0.07
689,3.44,3.44,3.540875,0.002514,0,0,0.7,-10.7,-2.1,1.03,0.45,0.07
690,3.445,3.445001,3.544766,0.001403,9.99999999695689e-07,0,0.7,-10.7,-2.2,1.03,0.45,0.07
691,3.45,3.45,3.549913,0.001552,0,0,0.8,-10.6,-2.4,1.03,0.44,0.07
692,3.455,3.455,3.555851,0.002489,0,0,0.7,-10.6,-2.4,1.04,0.45,0.07
693,3.46,3.46,3.559773,0.001411,0,0,0.8,-10.7,-2.6,1.04,0.45,0.07
694,3.465,3.465,3.564901,0.001539,0,0,0.7,-10.7,-2,1.04,0.45,0.07
695,3.47,3.47,3.570855,0.002493,0,0,0.8,-10.7,-2,1.04,0.44,0.07
696,3.475,3.475,3.575168,0.001808,0,0,0.8,-10.7,-1.9,1.04,0.44,0.08
697,3.48,3.480001,3.580904,0.002542,1.00000000013978e-06,0,0.8,-10.7,-2.2,1.04,0.44,0.07
698,3.485,3.485,3.584778,0.001417,0,0,0.8,-10.7,-2.1,1.04,0.44,0.07
699,3.49,3.490001,3.589955,0.001593,9.99999999695689e-07,0,0.8,-10.7,-2.4,1.04,0.44,0.07
700,3.495,3.495,3.595835,0.002473,0,0,0.7,-10.7,-2.8,1.03,0.46,0.07
701,3.5,3.5,3.599766,0.001404,0,0,0.7,-10.7,-2.5,1.03,0.46,0.07
702,3.505,3.505,3.604847,0.001485,0,0,0.6,-10.6,-3,1.02,0.46,0.07
703,3.51,3.510001,3.610874,0.002512,9.99999999695689e-07,0,0.6,-10.6,-2.9,1.02,0.46,0.07
704,3.515,3.515,3.614791,0.001429,0,0,0.6,-10.7,-2.6,1.03,0.47,0.08
705,3.52,3.52,3.61985,0.001488,0,0,0.7,-10.8,-2.3,1.04,0.46,0.08
706,3.525,3.525,3.625898,0.002537,0,0,0.6,-10.8,-2.8,1.03,0.47,0.07
707,3.53,3.530001,3.629798,0.001435,9.99999999695689e-07,0,0.7,-10.8,-3.1,1.03,0.47,0.07
708,3.535,3.535,3.634803,0.001442,0,0,0.6,-10.7,-2.9,1.04,0.46,0.07
709,3.54,3.54,3.640785,0.002424,0,0,0.6,-10.7,-2.9,1.03,0.47,0.07
710,3.545,3.545,3.644729,0.001367,0,0,0.7,-10.6,-2.8,1.04,0.46,0.07
711,3.55,3.550001,3.649746,0.001385,9.99999999695689e-07,0,0.8,-10.6,-2.5,1.04,0.45,0.07
712,3.555,3.555,3.655814,0.002452,0,0,0.7,-10.7,-2.6,1.05,0.46,0.07
713,3.56,3.56,3.660767,0.002405,0,0,0.7,-10.7,-3.2,1.04,0.47,0.07
714,3.565,3.565,3.664771,0.00141,0,0,0.6,-10.7,-3.3,1.03,0.47,0.07
715,3.57,3.570001,3.670782,0.002419,9.99999999695689e-07,0,0.7,-10.7,-2.5,1.04,0.46,0.07
716,3.575,3.575,3.675762,0.0024,0,0,0.7,-10.7,-2.1,1.04,0.46,0.08
717,3.58,3.58,3.679779,0.001417,0,0,0.6,-10.6,-2.1,1.04,0.46,0.08
718,3.585,3.585,3.684866,0.001504,0,0,0.6,-10.6,-2.4,1.03,0.46,0.07
719,3.59,3.590001,3.690953,0.002591,1.00000000013978e-06,0,0.5,-10.7,-1.5,1.05,0.46,0.08
720,3.595,3.595,3.694762,0.0014,0,0,0.5,-10.6,-2.2,1.03,0.47,0.07
721,3.6,3.6,3.699846,0.001484,0,0,0.6,-10.6,-1.9,1.03,0.47,0.08
722,3.605,3.605,3.705858,0.002496,0,0,0.6,-10.6,-1.8,1.04,0.47,0.08
723,3.61,3.61,3.710812,0.00245,0,0,0.7,-10.6,-1.2,1.04,0.46,0.09
724,3.615,3.615,3.714818,0.001456,0,0,0.8,-10.7,-1.7,1.04,0.47,0.09
725,3.62,3.62,3.719839,0.001477,0,0,0.9,-10.7,-1.7,1.03,0.46,0.08
726,3.625,3.625001,3.725843,0.002482,1.00000000013978e-06,0,0.7,-10.6,-2.3,1.02,0.47,0.08
727,3.63,3.63,3.729794,0.001432,0,0,0.7,-10.7,-2.3,1.02,0.48,0.08
728,3.635,3.635001,3.734756,0.001393,9.99999999695689e-07,0,0.6,-10.7,-2.2,1.02,0.48,0.08
729,3.64,3.64,3.739968,0.001606,0,0,0.7,-10.7,-1.9,1.03,0.48,0.09
730,3.645,3.645,3.745782,0.00242,0,0,0.8,-10.7,-1.7,1.03,0.47,0.09
731,3.65,3.65,3.749774,0.001414,0,0,0.9,-10.6,-1.4,1.03,0.46,0.09
732,3.655,3.655001,3.754749,0.001387,9.99999999695689e-07,0,0.7,-10.7,-1.6,1.02,0.48,0.09
733,3.66,3.66,3.760775,0.002414,0,0,0.9,-10.7,-1,1.03,0.47,0.09
734,3.665,3.665,3.765733,0.002372,0,0,0.9,-10.7,-1.4,1.02,0.48,0.09
735,3.67,3.67,3.769753,0.001391,0,0,1,-10.7,-1.4,1.02,0.48,0.1
736,3.675,3.675001,3.775817,0.002454,9.99999999695689e-07,0,1.1,-10.7,-1.6,1.02,0.48,0.1
737,3.68,3.68,3.780764,0.002403,0,0,1,-10.7,-1.8,1.03,0.49,0.1
738,3.685,3.685,3.784738,0.001377,0,0,1,-10.6,-1.5,1.03,0.49,0.1
739,3.69,3.69,3.789953,0.001591,0,0,0.8,-10.6,-1.6,1.03,0.49,0.1
740,3.695,3.695001,3.795836,0.002473,9.99999999695689e-07,0,0.8,-10.6,-2.8,1.03,0.51,0.09
741,3.7,3.7,3.800741,0.00238,0,0,0.9,-10.7,-2.4,1.03,0.5,0.09
742,3.705,3.705,3.804711,0.001349,0,0,0.8,-10.7,-2.4,1.03,0.51,0.09
743,3.71,3.71,3.809853,0.001491,0,0,0.9,-10.7,-2.3,1.02,0.51,0.09
744,3.715,3.715,3.815794,0.002432,0,0,1,-10.7,-2,1.03,0.5,0.1
745,3.72,3.72,3.819712,0.001351,0,0,1,-10.7,-1.7,1.03,0.5,0.1
746,3.725,3.725001,3.824862,0.0015,9.99999999695689e-07,0,1,-10.6,-2.3,1.02,0.5,0.09
747,3.73,3.73,3.830807,0.002446,0,0,1.1,-10.7,-2.1,1.03,0.5,0.1
748,3.735,3.735,3.835736,0.002375,0,0,1,-10.8,-2.4,1.03,0.52,0.1
749,3.74,3.74,3.839744,0.001382,0,0,1.1,-10.6,-2.3,1.03,0.52,0.1
750,3.745,3.745,3.845797,0.002435,0,0,0.9,-10.7,-2.1,1.02,0.53,0.1
751,3.75,3.75,3.850735,0.002373,0,0,0.9,-10.7,-2.3,1.02,0.53,0.1
752,3.755,3.755,3.854719,0.001358,0,0,1,-10.7,-2.3,1.02,0.52,0.1
753,3.76,3.760001,3.86079,0.002427,9.99999999695689e-07,0,1.1,-10.6,-2.1,1.02,0.51,0.11
754,3.765,3.765,3.86572,0.002359,0,0,1,-10.7,-2.1,1.02,0.52,0.11
755,3.77,3.77,3.869863,0.001502,0,0,1.1,-10.7,-1.8,1.02,0.52,0.11
756,3.775,3.775001,3.875203,0.001841,1.00000000013978e-06,0,0.9,-10.6,-2.2,1.01,0.53,0.11
757,3.78,3.780001,3.880838,0.002475,9.99999999695689e-07,0,0.8,-10.7,-2.3,1.02,0.54,0.1
758,3.785,3.785,3.884771,0.00141,0,0,0.9,-10.7,-2.5,1.02,0.54,0.1
759,3.79,3.79,3.890101,0.00174,0,0,1.1,-10.5,-2.8,1.01,0.53,0.1
760,3.795,3.795,3.895816,0.002454,0,0,1.2,-10.5,-2.2,1.02,0.52,0.1
761,3.8,3.800001,3.899725,0.001363,9.99999999695689e-07,0,1.1,-10.5,-2.9,1.02,0.53,0.1
762,3.805,3.805,3.905356,0.001996,0,0,1,-10.6,-3.1,1.01,0.54,0.1
763,3.81,3.810001,3.911221,0.00286,1.00000000013978e-06,0,1,-10.6,-3.1,1.01,0.54,0.1
764,3.815,3.815001,3.916253,0.002891,1.00000000013978e-06,0,1,-10.6,-2.8,1.02,0.54,0.1
765,3.82,3.820003,3.920163,0.001799,2.99999999953116e-06,0,1.1,-10.7,-2.3,1.02,0.54,0.11
766,3.825,3.825001,3.925605,0.002243,9.99999999695689e-07,0,1.1,-10.7,-2.2,1.02,0.53,0.1
767,3.83,3.83,3.9309,0.002538,0,0,1,-10.7,-1.9,1.02,0.54,0.11
768,3.835,3.835001,3.934805,0.001443,1.00000000013978e-06,0,1.3,-10.7,-2.5,1.02,0.53,0.11
769,3.84,3.84,3.939997,0.001636,0,0,1.3,-10.7,-2.4,1.01,0.53,0.11
770,3.845,3.845,3.945763,0.002401,0,0,1.2,-10.6,-2.6,1.02,0.54,0.11
771,3.85,3.85,3.949763,0.001401,0,0,1.3,-10.7,-2.6,1.02,0.54,0.11
772,3.855,3.855,3.954819,0.001458,0,0,1.2,-10.7,-2.4,1.02,0.54,0.11
773,3.86,3.86,3.960758,0.002396,0,0,1.3,-10.7,-2.9,1.02,0.55,0.1
774,3.865,3.865,3.964727,0.001366,0,0,1.3,-10.7,-3,1.02,0.54,0.1
775,3.87,3.87,3.96972,0.001358,0,0,1.3,-10.8,-2.6,1.02,0.54,0.11
776,3.875,3.875,3.975002,0.00164,0,0,1.3,-10.8,-2.1,1.03,0.54,0.11
777,3.88,3.88,3.980757,0.002395,0,0,1.2,-10.7,-2.2,1.03,0.54,0.11
778,3.885,3.885001,3.984712,0.001349,9.99999999695689e-07,0,1.1,-10.8,-2.4,1.03,0.54,0.11
779,3.89,3.89,3.989884,0.001523,0,0,1.1,-10.7,-2.5,1.02,0.55,0.11
780,3.895,3.895,3.995757,0.002395,0,0,1,-10.8,-2.5,1.02,0.55,0.1
781,3.9,3.9,3.999721,0.001359,0,0,0.9,-10.7,-2.3,1.01,0.55,0.11
782,3.905,3.905001,4.004745,0.001383,9.99999999695689e-07,0,1.1,-10.7,-2.7,1.02,0.54,0.11
783,3.91,3.91,4.01076,0.002398,0,0,1.1,-10.7,-3,1.01,0.54,0.11
784,3.915,3.915,4.01575,0.002388,0,0,1.1,-10.7,-3,1.01,0.55,0.11
785,3.92,3.92,4.020039,0.001679,0,0,1,-10.7,-2.8,1.01,0.55,0.11
786,3.925,3.925004,4.025494,0.002128,3.99999999967093e-06,0,1.1,-10.7,-3.3,1.01,0.55,0.1
787,3.93,3.93,4.030818,0.002457,0,0,1.1,-10.7,-3.4,1.01,0.55,0.11
788,3.935,3.935,4.034728,0.001367,0,0,1.2,-10.7,-2.7,1.02,0.54,0.11
789,3.94,3.94,4.039819,0.001457,0,0,1.3,-10.6,-2.7,1.01,0.53,0.11
790,3.945,3.945001,4.04576,0.002397,9.99999999695689e-07,0,1.4,-10.7,-1.7,1.03,0.53,0.12
791,3.95,3.95,4.050743,0.002381,0,0,1.5,-10.6,-1.2,1.03,0.51,0.12
792,3.955,3.955,4.054722,0.001361,0,0,1.4,-10.7,-1.3,1.03,0.52,0.12
793,3.96,3.96,4.059906,0.001545,0,0,1.4,-10.6,-1.8,1.02,0.52,0.11
794,3.965,3.965001,4.065845,0.002482,9.99999999695689e-07,0,1.3,-10.5,-2.4,1.02,0.54,0.11
795,3.97,3.97,4.069748,0.001386,0,0,1.2,-10.6,-2.2,1.02,0.54,0.11
796,3.975,3.975,4.074742,0.001381,0,0,1.3,-10.7,-2.1,1.02,0.53,0.11
797,3.98,3.98,4.080836,0.002474,0,0,1.3,-10.6,-2.2,1.01,0.53,0.11
798,3.985,3.985,4.085768,0.002408,0,0,1.4,-10.7,-2.5,1.01,0.54,0.11
799,3.99,3.99,4.089739,0.001377,0,0,1.3,-10.7,-2.5,1.01,0.55,0.11
800,3.995,3.995,4.094757,0.001395,0,0,1.1,-10.7,-2.6,1.01,0.56,0.11
801,4,4,4.100849,0.002488,0,0,1.1,-10.6,-2.9,1,0.56,0.12
802,4.005,4.005,4.104736,0.001374,0,0,1.2,-10.6,-3,1,0.57,0.12
803,4.01,4.01,4.110123,0.001762,0,0,1.3,-10.6,-3.2,1,0.56,0.12
804,4.015,4.015001,4.115363,0.002002,1.00000000013978e-06,0,1.2,-10.6,-2.1,1.01,0.55,0.12
805,4.02,4.020002,4.121029,0.002665,1.99999999939138e-06,0,1.2,-10.6,-2.1,1.01,0.55,0.12
806,4.025,4.025,4.124768,0.001406,0,0,1.1,-10.6,-2.2,1,0.56,0.12
807,4.03,4.03,4.12985,0.001489,0,0,1,-10.6,-2.7,1,0.57,0.12
808,4.035,4.035,4.135881,0.002519,0,0,1.2,-10.7,-2.3,1,0.55,0.12
809,4.04,4.04,4.13978,0.001419,0,0,1.1,-10.6,-3,1,0.56,0.11
810,4.045,4.045,4.144773,0.001412,0,0,1.1,-10.5,-2.5,1,0.56,0.11
811,4.05,4.050002,4.150544,0.002181,2.00000000027956e-06,0,1,-10.6,-2.3,1,0.57,0.11
812,4.055,4.055002,4.156283,0.002922,2.00000000027956e-06,0,1,-10.6,-2.3,0.99,0.57,0.12
813,4.06,4.060002,4.16023,0.001869,1.99999999939138e-06,0,1.1,-10.6,-2.4,0.99,0.57,0.12
814,4.065,4.065002,4.165393,0.002031,1.99999999939138e-06,0,1.1,-10.5,-2.8,0.99,0.58,0.12
815,4.07,4.070002,4.171227,0.002865,1.99999999939138e-06,0,1.2,-10.5,-2.8,0.99,0.57,0.11
816,4.075,4.075001,4.175196,0.001836,1.00000000013978e-06,0,1.1,-10.6,-2.7,0.99,0.58,0.12
817,4.08,4.080002,4.180373,0.002011,2.00000000027956e-06,0,1.1,-10.7,-2.3,0.99,0.57,0.12
818,4.085,4.085,4.186212,0.002851,0,0,1.1,-10.7,-2.6,1,0.58,0.12
819,4.09,4.090002,4.191303,0.002941,2.00000000027956e-06,0,1.1,-10.7,-2.6,1,0.58,0.12
820,4.095,4.095002,4.195012,0.00165,2.00000000027956e-06,0,1.2,-10.6,-3,1,0.58,0.11
821,4.1,4.1,4.200813,0.002451,0,0,1.2,-10.6,-3,1,0.58,0.11
822,4.105,4.105,4.204738,0.001376,0,0,1.2,-10.7,-2.7,1,0.57,0.12
823,4.11,4.11,4.209739,0.001377,0,0,1.1,-10.7,-2.9,1,0.57,0.11
824,4.115,4.115,4.215762,0.0024,0,0,1.1,-10.7,-3.1,1,0.58,0.11
825,4.12,4.12,4.220732,0.002371,0,0,1.2,-10.7,-3.2,1,0.58,0.11
826,4.125,4.125,4.224777,0.001416,0,0,1.1,-10.7,-3.3,1,0.59,0.11
827,4.13,4.13,4.229745,0.001384,0,0,1.1,-10.7,-2.9,1,0.58,0.12
828,4.135,4.135,4.235733,0.002371,0,0,1.2,-10.6,-2.6,1.01,0.58,0.12
829,4.14,4.14,4.240752,0.00239,0,0,1.2,-10.7,-3.4,1,0.6,0.12
830,4.145,4.145001,4.244711,0.001349,9.999999992516e-07,0,1.3,-10.6,-3.2,1,0.59,0.12
831,4.15,4.15,4.249763,0.001401,0,0,1.3,-10.6,-2.5,1.01,0.57,0.12
832,4.155,4.155,4.25574,0.002379,0,0,1.2,-10.6,-2.4,1.01,0.57,0.12
833,4.16,4.16,4.260722,0.00236,0,0,1.1,-10.5,-2.8,1.01,0.58,0.12
834,4.165,4.165,4.264718,0.001356,0,0,1.1,-10.6,-2.4,1.01,0.58,0.12
835,4.17,4.17,4.269784,0.001422,0,0,1.1,-10.7,-3.3,1,0.6,0.12
836,4.175,4.175,4.275766,0.002404,0,0,1.2,-10.7,-3,1.01,0.59,0.12
837,4.18,4.18,4.279711,0.001349,0,0,1.3,-10.6,-2.5,1,0.58,0.13
838,4.185,4.185001,4.284718,0.001355,9.999999992516e-07,0,1.3,-10.6,-2.1,1,0.58,0.13
839,4.19,4.19,4.290757,0.002395,0,0,1.4,-10.6,-1.5,1.01,0.57,0.13
840,4.195,4.195,4.295722,0.00236,0,0,1.4,-10.6,-2.1,1.01,0.58,0.13
841,4.2,4.2,4.299702,0.00134,0,0,1.3,-10.6,-2.3,1.01,0.58,0.13
842,4.205,4.205,4.304795,0.001433,0,0,1.2,-10.6,-2.6,1,0.59,0.13
843,4.21,4.21,4.310828,0.002466,0,0,1.2,-10.6,-2.4,1,0.58,0.13
844,4.215,4.215,4.31579,0.002429,0,0,1.1,-10.7,-2.5,1,0.59,0.13
845,4.22,4.22,4.319772,0.001412,0,0,0.9,-10.7,-2.5,1,0.6,0.12
846,4.225,4.225,4.325898,0.002536,0,0,0.9,-10.8,-3.1,1,0.61,0.12
847,4.23,4.230001,4.330802,0.00244,9.999999992516e-07,0,1.2,-10.7,-2.3,1.01,0.58,0.12
848,4.235,4.235,4.334743,0.001382,0,0,1.2,-10.7,-2.4,1.01,0.58,0.13
849,4.24,4.24,4.340697,0.002337,0,0,1.1,-10.7,-2.8,1.01,0.59,0.12
850,4.245,4.245001,4.345434,0.002073,1.00000000013978e-06,0,1.3,-10.7,-2.5,1.01,0.58,0.12
851,4.25,4.250001,4.351305,0.002944,1.00000000013978e-06,0,1.5,-10.5,-2.1,1.01,0.57,0.12
852,4.255,4.255,4.354847,0.001485,0,0,1.5,-10.4,-2.2,1.01,0.57,0.13
853,4.26,4.26,4.359709,0.001347,0,0,1.3,-10.4,-2.1,1.01,0.58,0.13
854,4.265,4.265001,4.365346,0.001983,1.00000000013978e-06,0,1.3,-10.4,-2.1,1.01,0.58,0.13
855,4.27,4.270003,4.371672,0.003309,2.99999999953116e-06,0,1.3,-10.5,-1.6,1.01,0.58,0.13
856,4.275,4.275002,4.375446,0.002083,1.99999999939138e-06,0,1.3,-10.5,-1.7,1.01,0.58,0.13
857,4.28,4.280001,4.380322,0.00196,1.00000000013978e-06,0,1.2,-10.6,-1.6,1.02,0.59,0.13
858,4.285,4.285001,4.386387,0.003026,1.00000000013978e-06,0,1.2,-10.6,-2.1,1.01,0.59,0.13
859,4.29,4.290001,4.39039,0.002028,1.00000000013978e-06,0,1.2,-10.6,-2.8,1.01,0.59,0.12
860,4.295,4.295001,4.395266,0.001905,1.00000000013978e-06,0,1.2,-10.6,-2.5,1.01,0.59,0.12
861,4.3,4.300001,4.401722,0.003359,1.00000000013978e-06,0,1.3,-10.7,-2.7,1.01,0.59,0.12
862,4.305,4.305,4.404991,0.00163,0,0,1.2,-10.7,-2.9,1.01,0.59,0.12
863,4.31,4.310001,4.410786,0.002423,9.999999992516e-07,0,1.4,-10.6,-2.3,1.02,0.57,0.13
864,4.315,4.315,4.41471,0.001349,0,0,1.4,-10.6,-2.1,1.02,0.57,0.13
865,4.32,4.32,4.419824,0.001462,0,0,1.1,-10.8,-2.9,1.01,0.6,0.12
866,4.325,4.325,4.42583,0.002468,0,0,1.1,-10.7,-3.2,1.01,0.6,0.12
867,4.33,4.33,4.429723,0.001362,0,0,1.1,-10.7,-3,1.01,0.61,0.13
868,4.335,4.335,4.434831,0.00147,0,0,1.2,-10.7,-2.8,1.01,0.61,0.12
869,4.34,4.34,4.44087,0.002509,0,0,1,-10.7,-2.8,1,0.62,0.13
870,4.345,4.345,4.444734,0.001372,0,0,1.1,-10.7,-2.3,1.01,0.61,0.12
871,4.35,4.350001,4.449874,0.001511,9.999999992516e-07,0,1.3,-10.7,-2,1.01,0.6,0.13
872,4.355,4.355,4.455807,0.002445,0,0,1.3,-10.7,-1.8,1.01,0.59,0.13
873,4.36,4.36,4.460768,0.002407,0,0,1.5,-10.5,-1.3,1.01,0.58,0.13
874,4.365,4.365,4.464719,0.001357,0,0,1.5,-10.6,-0.9,1.02,0.57,0.14
875,4.37,4.37,4.469854,0.001493,0,0,1.3,-10.6,-1.8,1.01,0.59,0.13
876,4.375,4.375001,4.475868,0.002506,1.00000000013978e-06,0,1.3,-10.5,-1.7,1.01,0.59,0.14
877,4.38,4.38,4.479745,0.001384,0,0,1.4,-10.5,-2.8,1.01,0.6,0.12
878,4.385,4.385001,4.485007,0.001644,1.00000000013978e-06,0,1.3,-10.6,-2.7,1.01,0.6,0.13
879,4.39,4.390001,4.490295,0.001933,1.00000000013978e-06,0,1.3,-10.7,-3.4,1.01,0.61,0.13
880,4.395,4.395002,4.494928,0.001565,1.99999999939138e-06,0,1.5,-10.7,-3.3,1,0.61,0.13
881,4.4,4.4,4.499934,0.001573,0,0,1.6,-10.6,-2.9,1.01,0.59,0.13
882,4.405,4.405,4.505897,0.002536,0,0,1.4,-10.6,-2.6,1.01,0.6,0.13
883,4.41,4.41,4.509817,0.001455,0,0,1.5,-10.5,-1.7,1.01,0.58,0.13
884,4.415,4.415,4.515845,0.002483,0,0,1.5,-10.6,-1.4,1.01,0.58,0.14
885,4.42,4.42,4.519764,0.001402,0,0,1.6,-10.6,-1,1.01,0.57,0.14
886,4.425,4.425,4.524782,0.00142,0,0,1.4,-10.7,-1,1.01,0.58,0.14
887,4.43,4.43,4.529803,0.001441,0,0,1.4,-10.7,-1,1.01,0.58,0.14
888,4.435,4.435001,4.535826,0.002465,9.999999992516e-07,0,1.6,-10.6,-1.3,1,0.57,0.14
889,4.44,4.44,4.539756,0.001394,0,0,1.5,-10.6,-1.7,1,0.58,0.13
890,4.445,4.445,4.544736,0.001374,0,0,1.4,-10.5,-2.2,0.99,0.59,0.13
891,4.45,4.45,4.550764,0.002403,0,0,1.3,-10.6,-2.5,0.99,0.6,0.12
892,4.455,4.455,4.555731,0.00237,0,0,1.3,-10.5,-2.2,0.99,0.59,0.13
893,4.46,4.46,4.559722,0.001361,0,0,1.4,-10.6,-3,0.98,0.6,0.12
894,4.465,4.465,4.565748,0.002386,0,0,1.2,-10.6,-2.8,0.98,0.61,0.12
895,4.47,4.47,4.57079,0.00243,0,0,1.4,-10.6,-1.9,0.99,0.6,0.13
896,4.475,4.475001,4.574823,0.00146,9.999999992516e-07,0,1.2,-10.7,-2.6,0.98,0.61,0.13
897,4.48,4.48,4.579805,0.001443,0,0,1.3,-10.6,-2.4,0.98,0.6,0.13
898,4.485,4.485,4.585927,0.002565,0,0,1.4,-10.6,-2.1,0.98,0.59,0.13
899,4.49,4.49,4.590862,0.0025,0,0,1.5,-10.5,-2.8,0.98,0.61,0.13
900,4.495,4.495,4.594747,0.001385,0,0,1.5,-10.5,-3,0.99,0.6,0.13
901,4.5,4.5,4.60081,0.002448,0,0,1.5,-10.5,-2.5,1,0.58,0.13
902,4.505,4.505,4.606003,0.002642,0,0,1.5,-10.6,-2.6,1,0.59,0.12
903,4.51,4.51,4.609707,0.001345,0,0,1.5,-10.5,-2.3,1,0.58,0.12
904,4.515,4.515,4.614852,0.00149,0,0,1.4,-10.5,-2.1,1.01,0.58,0.12
905,4.52,4.520011,4.620749,0.002378,1.09999999997612e-05,0,1.4,-10.4,-1.6,1,0.59,0.13
906,4.525,4.525,4.624748,0.001386,0,0,1.5,-10.4,-1.3,1,0.59,0.14
907,4.53,4.530001,4.629971,0.00161,1.00000000013978e-06,0,1.6,-10.4,-1.2,0.99,0.6,0.15
908,4.535,4.535,4.635784,0.002422,0,0,1.6,-10.4,-1.4,0.99,0.6,0.15
909,4.54,4.54,4.639758,0.001397,0,0,1.7,-10.5,-1.8,0.98,0.6,0.15
910,4.545,4.545,4.644714,0.001352,0,0,1.6,-10.4,-2.9,0.97,0.61,0.14
911,4.55,4.55,4.650772,0.00241,0,0,1.6,-10.4,-2.5,0.97,0.6,0.13
912,4.555,4.555,4.655734,0.002373,0,0,1.4,-10.5,-2.6,0.97,0.61,0.13
913,4.56,4.560001,4.659718,0.001355,9.999999992516e-07,0,1.4,-10.4,-2.7,0.96,0.62,0.13
914,4.565,4.565,4.664838,0.001476,0,0,1.5,-10.4,-3,0.95,0.62,0.13
915,4.57,4.57,4.670735,0.002373,0,0,1.5,-10.5,-2.6,0.96,0.62,0.14
916,4.575,4.575,4.67473,0.001369,0,0,1.4,-10.5,-2.5,0.96,0.62,0.13
917,4.58,4.58,4.679704,0.001342,0,0,1.4,-10.5,-2.2,0.96,0.61,0.14
918,4.585,4.585,4.685723,0.002361,0,0,1.4,-10.4,-2.5,0.96,0.62,0.13
919,4.59,4.59,4.690781,0.002419,0,0,1.3,-10.5,-2.2,0.95,0.62,0.13
920,4.595,4.595,4.694735,0.001373,0,0,1.3,-10.6,-2.7,0.95,0.63,0.13
921,4.6,4.600001,4.700784,0.002421,9.999999992516e-07,0,1.4,-10.5,-2.4,0.96,0.62,0.14
922,4.605,4.605,4.705738,0.002376,0,0,1.5,-10.5,-1.9,0.96,0.6,0.14
923,4.61,4.61,4.709716,0.001355,0,0,1.6,-10.4,-2.1,0.96,0.6,0.14
924,4.615,4.615,4.714763,0.001401,0,0,1.6,-10.4,-1.8,0.96,0.6,0.13
925,4.62,4.62,4.720752,0.00239,0,0,1.6,-10.4,-1.5,0.96,0.59,0.14
926,4.625,4.625,4.725723,0.002361,0,0,1.6,-10.5,-1.4,0.97,0.59,0.14
927,4.63,4.63,4.730148,0.001788,0,0,1.4,-10.4,-1.9,0.96,0.6,0.13
928,4.635,4.635,4.735814,0.002452,0,0,1.3,-10.4,-2.2,0.96,0.6,0.13
929,4.64,4.64,4.740755,0.002393,0,0,1.4,-10.4,-2.2,0.96,0.6,0.12
930,4.645,4.645001,4.744775,0.001413,9.999999992516e-07,0,1.2,-10.4,-2.4,0.95,0.6,0.12
931,4.65,4.65,4.750741,0.00238,0,0,1.3,-10.3,-2.6,0.94,0.6,0.13
932,4.655,4.655,4.755755,0.002394,0,0,1.2,-10.4,-3.2,0.94,0.61,0.12
933,4.66,4.66,4.759934,0.001573,0,0,1.4,-10.4,-2.7,0.94,0.6,0.13
934,4.665,4.665,4.764836,0.001474,0,0,1.4,-10.4,-2.5,0.95,0.6,0.13
935,4.67,4.67,4.770718,0.002356,0,0,1.5,-10.4,-2.5,0.95,0.6,0.13
936,4.675,4.675,4.774706,0.001345,0,0,1.4,-10.4,-2.5,0.94,0.6,0.13
937,4.68,4.68,4.779883,0.001522,0,0,1.5,-10.4,-2.3,0.94,0.6,0.13
938,4.685,4.685001,4.785738,0.002376,9.999999992516e-07,0,1.4,-10.5,-2.1,0.95,0.6,0.13
939,4.69,4.69,4.790737,0.002375,0,0,1.3,-10.5,-2.6,0.95,0.62,0.13
940,4.695,4.695,4.794718,0.001357,0,0,1.3,-10.4,-2.8,0.95,0.62,0.13
941,4.7,4.7,4.800722,0.00236,0,0,1.5,-10.4,-3.3,0.95,0.62,0.13
942,4.705,4.705,4.805754,0.002394,0,0,1.4,-10.4,-3.2,0.95,0.62,0.13
943,4.71,4.71,4.809722,0.00136,0,0,1.4,-10.5,-3.3,0.95,0.62,0.13
944,4.715,4.715,4.814808,0.001446,0,0,1.5,-10.5,-2.3,0.96,0.61,0.14
945,4.72,4.72,4.820756,0.002395,0,0,1.4,-10.5,-3,0.95,0.63,0.13
946,4.725,4.725001,4.824718,0.001355,9.999999992516e-07,0,1.3,-10.5,-3,0.96,0.63,0.13
947,4.73,4.73,4.829899,0.001538,0,0,1.4,-10.6,-2.8,0.96,0.62,0.13
948,4.735,4.735,4.834824,0.001463,0,0,1.5,-10.5,-2.4,0.97,0.61,0.13
949,4.74,4.74,4.840727,0.002365,0,0,1.5,-10.5,-1.5,0.98,0.59,0.14
950,4.745,4.745,4.844827,0.001466,0,0,1.5,-10.4,-1.7,0.98,0.59,0.14
951,4.75,4.75,4.84978,0.001419,0,0,1.4,-10.4,-2.3,0.98,0.59,0.13
952,4.755,4.755,4.855725,0.002364,0,0,1.5,-10.3,-2.1,0.97,0.58,0.13
953,4.76,4.76,4.860756,0.002395,0,0,1.5,-10.4,-2.7,0.97,0.59,0.13
954,4.765,4.765,4.864761,0.0014,0,0,1.4,-10.5,-2.7,0.97,0.59,0.13
955,4.77,4.770001,4.869857,0.001494,9.999999992516e-07,0,1.3,-10.5,-3.3,0.97,0.61,0.12
956,4.775,4.775,4.875789,0.002427,0,0,1.2,-10.5,-2.8,0.98,0.6,0.12
957,4.78,4.78,4.879725,0.001363,0,0,1.3,-10.4,-2.8,0.97,0.6,0.13
958,4.785,4.785,4.884701,0.001339,0,0,1.2,-10.5,-3.1,0.97,0.6,0.12
959,4.79,4.79,4.890778,0.002416,0,0,1.4,-10.5,-3.2,0.98,0.6,0.12
960,4.795,4.795,4.895719,0.002358,0,0,1.4,-10.6,-2.8,0.98,0.6,0.13
961,4.8,4.8,4.899691,0.00133,0,0,1.3,-10.7,-3,0.98,0.61,0.12
962,4.805,4.805,4.904794,0.001432,0,0,1.3,-10.6,-2.7,0.98,0.6,0.12
963,4.81,4.810001,4.910731,0.002368,9.999999992516e-07,0,1.3,-10.5,-2.7,0.98,0.6,0.13
964,4.815,4.815,4.914703,0.001342,0,0,1.2,-10.5,-2.7,0.98,0.61,0.12
965,4.82,4.82,4.919798,0.001436,0,0,1.3,-10.5,-2.9,0.98,0.61,0.12
966,4.825,4.825,4.925798,0.002436,0,0,1.2,-10.6,-2.8,0.98,0.62,0.13
967,4.83,4.83,4.929829,0.001468,0,0,1.3,-10.6,-2.7,0.98,0.61,0.13
968,4.835,4.835,4.93487,0.001509,0,0,1.3,-10.6,-2.5,0.98,0.61,0.13
969,4.84,4.84,4.940081,0.00172,0,0,1.3,-10.6,-2.5,0.98,0.61,0.13
970,4.845,4.845,4.945799,0.002437,0,0,1.4,-10.6,-2.5,0.98,0.61,0.13
971,4.85,4.850001,4.949774,0.001411,9.999999992516e-07,0,1.4,-10.5,-2.4,0.97,0.61,0.13
972,4.855,4.855,4.954833,0.001471,0,0,1.4,-10.6,-2.6,0.97,0.62,0.13
973,4.86,4.86,4.960735,0.002373,0,0,1.5,-10.5,-2,0.98,0.61,0.14
974,4.865,4.865,4.964759,0.001398,0,0,1.6,-10.4,-2.5,0.97,0.61,0.14
975,4.87,4.87,4.969781,0.001419,0,0,1.5,-10.4,-2,0.98,0.61,0.14
976,4.875,4.875,4.975805,0.002443,0,0,1.3,-10.4,-2.7,0.96,0.62,0.13
977,4.88,4.88,4.980741,0.002379,0,0,1.5,-10.5,-2.7,0.96,0.61,0.13
978,4.885,4.885,4.984722,0.00136,0,0,1.4,-10.5,-3,0.96,0.62,0.13
979,4.89,4.89,4.989893,0.001532,0,0,1.5,-10.4,-2.8,0.96,0.61,0.12
980,4.895,4.895001,4.995764,0.002403,9.999999992516e-07,0,1.3,-10.5,-3.1,0.96,0.62,0.12
981,4.9,4.9,4.999732,0.00137,0,0,1.3,-10.4,-2.8,0.95,0.61,0.13
982,4.905,4.905,5.00476,0.001399,0,0,1.3,-10.5,-2.9,0.96,0.61,0.13
983,4.91,4.91,5.010822,0.00246,0,0,1.3,-10.5,-3.2,0.95,0.61,0.12
984,4.915,4.915,5.015822,0.00246,0,0,1.4,-10.5,-2.9,0.95,0.61,0.13
985,4.92,4.92,5.019872,0.001511,0,0,1.3,-10.6,-3.2,0.95,0.62,0.12
986,4.925,4.925,5.025764,0.002402,0,0,1.2,-10.6,-3.2,0.95,0.63,0.12
987,4.93,4.93,5.030855,0.002494,0,0,1.3,-10.6,-3.2,0.95,0.62,0.13
988,4.935,4.935001,5.034745,0.001384,9.999999992516e-07,0,1.2,-10.5,-2.8,0.95,0.62,0.13
989,4.94,4.94,5.040837,0.002476,0,0,1.2,-10.5,-2.8,0.95,0.62,0.13
990,4.945,4.945,5.045909,0.002549,0,0,1.4,-10.4,-2.3,0.95,0.6,0.13
991,4.95,4.95,5.049732,0.00137,0,0,1.4,-10.5,-1.8,0.96,0.59,0.14
992,4.955,4.955,5.055819,0.002458,0,0,1.4,-10.5,-2,0.95,0.6,0.14
993,4.96,4.96,5.060742,0.002381,0,0,1.4,-10.4,-2.2,0.95,0.6,0.13
994,4.965,4.965,5.064716,0.001355,0,0,1.3,-10.4,-2.4,0.95,0.6,0.13
995,4.97,4.97,5.070837,0.002475,0,0,1.3,-10.3,-2.1,0.95,0.59,0.13
996,4.975,4.975001,5.075777,0.002414,9.999999992516e-07,0,1.3,-10.3,-2.5,0.95,0.59,0.12
997,4.98,4.98,5.079986,0.001624,0,0,1.3,-10.4,-2.4,0.95,0.59,0.12
998,4.985,4.985,5.085112,0.00175,0,0,1.3,-10.4,-2,0.96,0.59,0.12
999,4.99,4.99,5.090839,0.002477,0,0,1.4,-10.3,-2.3,0.96,0.58,0.13
1000,4.995,4.995,5.094761,0.0014,0,0,1.3,-10.4,-1.4,0.97,0.58,0.13
1001,5,5,5.099977,0.001615,0,0,1.3,-10.4,-1.7,0.96,0.58,0.13
1002,5.005,5.005,5.1058,0.002438,0,0,1.2,-10.4,-2,0.96,0.59,0.13
1003,5.01,5.01,5.110095,0.001733,0,0,1.2,-10.4,-2.5,0.96,0.59,0.13
1004,5.015,5.015005,5.114924,0.001556,5.00000000069889e-06,0,1.2,-10.5,-2.2,0.96,0.59,0.13
1005,5.02,5.020001,5.120787,0.002424,9.999999992516e-07,0,1.2,-10.5,-2.4,0.95,0.59,0.12
1006,5.025,5.025,5.125763,0.002402,0,0,1.2,-10.5,-2.9,0.95,0.6,0.12
1007,5.03,5.03,5.129747,0.001386,0,0,1.1,-10.6,-2.8,0.96,0.61,0.12
1008,5.035,5.035,5.135771,0.00241,0,0,1.1,-10.6,-3,0.95,0.62,0.12
1009,5.04,5.04,5.140741,0.00238,0,0,1.2,-10.6,-2.6,0.95,0.61,0.13
1010,5.045,5.045,5.144761,0.0014,0,0,1.3,-10.6,-2.5,0.96,0.6,0.12
1011,5.05,5.05,5.150847,0.002485,0,0,1.3,-10.5,-3.4,0.95,0.62,0.12
1012,5.055,5.055,5.154738,0.001376,0,0,1.2,-10.5,-3.2,0.96,0.62,0.12
1013,5.06,5.060001,5.159811,0.001449,9.999999992516e-07,0,1.3,-10.5,-2.9,0.96,0.61,0.12
1014,5.065,5.065,5.165769,0.002407,0,0,1.4,-10.5,-3.1,0.95,0.61,0.12
1015,5.07,5.07,5.170747,0.002386,0,0,1.5,-10.5,-2.1,0.97,0.59,0.13
1016,5.075,5.075,5.174743,0.001381,0,0,1.4,-10.4,-2.4,0.97,0.6,0.13
1017,5.08,5.08,5.180797,0.002432,0,0,1.3,-10.4,-3.1,0.96,0.61,0.12
1018,5.085,5.085,5.185727,0.002365,0,0,1.3,-10.4,-2.9,0.96,0.61,0.12
1019,5.09,5.09,5.189751,0.00139,0,0,1.3,-10.5,-3.2,0.96,0.61,0.12
1020,5.095,5.095,5.195971,0.00261,0,0,1.4,-10.4,-3.4,0.95,0.61,0.12
1021,5.1,5.100001,5.199768,0.001406,9.999999992516e-07,0,1.3,-10.5,-2.8,0.96,0.61,0.13
1022,5.105,5.105,5.205933,0.002572,0,0,1.4,-10.5,-2.8,0.96,0.61,0.13
1023,5.11,5.11,5.210795,0.002433,0,0,1.3,-10.5,-2.6,0.96,0.6,0.13
1024,5.115,5.115,5.214768,0.001406,0,0,1.3,-10.5,-2.6,0.97,0.61,0.12
1025,5.12,5.12,5.220853,0.002491,0,0,1.2,-10.6,-2.6,0.97,0.61,0.13
1026,5.125,5.125,5.22577,0.002409,0,0,1.2,-10.5,-2.6,0.97,0.6,0.13
1027,5.13,5.13,5.229763,0.001402,0,0,1.1,-10.4,-2.8,0.97,0.61,0.13
1028,5.135,5.135,5.235847,0.002485,0,0,1.2,-10.4,-2.4,0.97,0.6,0.13
1029,5.14,5.14,5.240776,0.002416,0,0,1.3,-10.4,-2.6,0.96,0.59,0.12
1030,5.145,5.145001,5.244729,0.001366,9.999999992516e-07,0,1.5,-10.5,-2.7,0.96,0.59,0.12
1031,5.15,5.15,5.250895,0.002533,0,0,1.4,-10.5,-2.5,0.96,0.59,0.12
1032,5.155,5.155,5.255753,0.002391,0,0,1.1,-10.4,-2.8,0.95,0.6,0.12
1033,5.16,5.16,5.259731,0.001369,0,0,1.3,-10.4,-3,0.95,0.6,0.12
1034,5.165,5.165,5.265826,0.002464,0,0,1.4,-10.4,-2.2,0.95,0.59,0.13
1035,5.17,5.17,5.270757,0.002396,0,0,1.4,-10.4,-2.5,0.95,0.59,0.13
1036,5.175,5.175,5.274728,0.001366,0,0,1.3,-10.4,-2.7,0.95,0.59,0.12
1037,5.18,5.18,5.280824,0.002463,0,0,1.3,-10.4,-2.9,0.95,0.6,0.13
1038,5.185,5.185001,5.285763,0.0024,9.999999992516e-07,0,1.1,-10.4,-3.4,0.94,0.61,0.12
1039,5.19,5.19,5.28976,0.001398,0,0,1.2,-10.4,-2.7,0.94,0.59,0.12
1040,5.195,5.195,5.295827,0.002465,0,0,1.2,-10.3,-2.8,0.94,0.59,0.12
1041,5.2,5.2,5.300915,0.002554,0,0,1,-10.4,-3.3,0.93,0.61,0.12
1042,5.205,5.205001,5.305108,0.001747,1.00000000013978e-06,0,1.3,-10.4,-3,0.93,0.6,0.12
1043,5.21,5.210002,5.311283,0.00292,2.00000000027956e-06,0,1.3,-10.4,-3,0.93,0.6,0.12
1044,5.215,5.215001,5.315205,0.001843,1.00000000013978e-06,0,1.2,-10.4,-2.8,0.93,0.6,0.12
1045,5.22,5.220002,5.320658,0.002295,2.00000000027956e-06,0,1.3,-10.4,-2.7,0.93,0.59,0.12
1046,5.225,5.225003,5.326393,0.003028,2.99999999953116e-06,0,1.4,-10.3,-2,0.93,0.58,0.13
1047,5.23,5.23,5.330173,0.001813,0,0,1.3,-10.3,-1.4,0.93,0.58,0.13
1048,5.235,5.235001,5.336302,0.00294,9.999999992516e-07,0,1.5,-10.3,-1.7,0.92,0.58,0.13
1049,5.24,5.24,5.341325,0.002965,0,0,1.5,-10.3,-1.8,0.92,0.58,0.13
1050,5.245,5.245002,5.345258,0.001897,2.00000000027956e-06,0,1.5,-10.3,-1.7,0.92,0.58,0.13
1051,5.25,5.250001,5.350572,0.002211,1.00000000013978e-06,0,1.7,-10.2,-1.7,0.92,0.57,0.13
1052,5.255,5.255001,5.355887,0.002524,1.00000000013978e-06,0,1.6,-10.2,-2.7,0.91,0.58,0.12
1053,5.26,5.26,5.359773,0.001412,0,0,1.5,-10.2,-2.7,0.92,0.59,0.12
1054,5.265,5.265,5.364872,0.00151,0,0,1.3,-10.3,-2.3,0.92,0.59,0.13
1055,5.27,5.270001,5.370753,0.002391,9.999999992516e-07,0,1.3,-10.3,-1.8,0.92,0.59,0.13
1056,5.275,5.275,5.374763,0.001401,0,0,1.2,-10.3,-2,0.92,0.6,0.13
1057,5.28,5.28,5.379827,0.001466,0,0,1.2,-10.3,-2.4,0.92,0.61,0.13
1058,5.285,5.285,5.385742,0.00238,0,0,1.2,-10.3,-2.3,0.92,0.61,0.13
1059,5.29,5.29,5.38973,0.001369,0,0,1.1,-10.4,-2.9,0.91,0.62,0.12
1060,5.295,5.295,5.394741,0.001379,0,0,1.1,-10.4,-2.4,0.92,0.61,0.13
1061,5.3,5.3,5.400719,0.002357,0,0,1.2,-10.3,-1.8,0.92,0.6,0.13
1062,5.305,5.305,5.405727,0.002365,0,0,1.3,-10.2,-2.6,0.91,0.61,0.13
1063,5.31,5.310001,5.409715,0.001352,9.999999992516e-07,0,1.3,-10.4,-2.9,0.92,0.62,0.13
1064,5.315,5.315,5.414802,0.001441,0,0,1.4,-10.4,-2,0.92,0.61,0.13
1065,5.32,5.32,5.420718,0.002357,0,0,1.2,-10.4,-2.3,0.92,0.62,0.14
1066,5.325,5.325001,5.424797,0.001435,1.00000000013978e-06,0,1.1,-10.4,-3,0.92,0.63,0.13
1067,5.33,5.33,5.429778,0.001416,0,0,1.1,-10.4,-2.6,0.92,0.63,0.13
1068,5.335,5.335,5.435764,0.002403,0,0,1.1,-10.4,-2.3,0.92,0.62,0.13
1069,5.34,5.34,5.439782,0.00142,0,0,1,-10.3,-2.4,0.92,0.63,0.14
1070,5.345,5.345,5.444789,0.001428,0,0,1.2,-10.2,-2.9,0.91,0.63,0.13
1071,5.35,5.350001,5.450738,0.002376,9.999999992516e-07,0,1.2,-10.3,-2.9,0.91,0.64,0.13
1072,5.355,5.355,5.454696,0.001335,0,0,1.3,-10.3,-3.1,0.91,0.64,0.14
1073,5.36,5.36,5.459796,0.001434,0,0,1.2,-10.3,-3.6,0.9,0.65,0.13
1074,5.365,5.365006,5.465743,0.002376,5.99999999995049e-06,0,1.3,-10.2,-3.4,0.9,0.64,0.13
1075,5.37,5.37,5.469694,0.00133,0,0,1.4,-10.2,-3.1,0.9,0.64,0.14
1076,5.375,5.375,5.474796,0.001434,0,0,1.4,-10.3,-2.8,0.91,0.64,0.14
1077,5.38,5.380001,5.479694,0.001332,1.00000000013978e-06,0,1.4,-10.3,-2.8,0.9,0.64,0.14
1078,5.385,5.385,5.48572,0.002359,0,0,1.4,-10.2,-2.8,0.9,0.64,0.14
1079,5.39,5.39,5.490873,0.002511,0,0,1.4,-10.3,-2.7,0.9,0.64,0.14
1080,5.395,5.395001,5.494723,0.00136,9.999999992516e-07,0,1.4,-10.2,-2.5,0.9,0.64,0.14
1081,5.4,5.4,5.500771,0.00241,0,0,1.4,-10.2,-2.2,0.9,0.63,0.14
1082,5.405,5.405,5.505789,0.002428,0,0,1.4,-10.2,-2.3,0.91,0.64,0.14
1083,5.41,5.41,5.509835,0.001474,0,0,1.2,-10.2,-2.5,0.91,0.64,0.14
1084,5.415,5.415,5.514904,0.001543,0,0,1.3,-10.2,-2.6,0.9,0.64,0.14
1085,5.42,5.42,5.520745,0.002383,0,0,1.3,-10.2,-2.4,0.9,0.64,0.14
1086,5.425,5.425,5.524729,0.001367,0,0,1.2,-10.2,-2.6,0.9,0.65,0.14
1087,5.43,5.43,5.529735,0.001373,0,0,1.2,-10.3,-2.4,0.91,0.65,0.14
1088,5.435,5.435001,5.535731,0.002369,9.999999992516e-07,0,1.2,-10.3,-2.8,0.9,0.66,0.14
1089,5.44,5.44,5.54078,0.002418,0,0,1.2,-10.3,-2.2,0.91,0.66,0.14
1090,5.445,5.445,5.544728,0.001366,0,0,1.3,-10.2,-2.8,0.91,0.66,0.14
1091,5.45,5.45,5.550773,0.002411,0,0,1.2,-10.4,-2.5,0.91,0.66,0.14
1092,5.455,5.455,5.556114,0.002756,0,0,1.4,-10.3,-2.5,0.91,0.65,0.15
1093,5.46,5.460002,5.560216,0.001855,2.00000000027956e-06,0,1.5,-10.4,-2.2,0.92,0.65,0.15
1094,5.465,5.465001,5.566231,0.002869,1.00000000013978e-06,0,1.6,-10.2,-2.5,0.91,0.65,0.15
1095,5.47,5.470001,5.571236,0.002875,1.00000000013978e-06,0,1.6,-10.2,-2.8,0.91,0.65,0.14
1096,5.475,5.475003,5.575162,0.001799,2.99999999953116e-06,0,1.6,-10.3,-2.7,0.92,0.65,0.14
1097,5.48,5.480002,5.580874,0.00251,1.99999999939138e-06,0,1.6,-10.2,-2.7,0.92,0.64,0.15
1098,5.485,5.485,5.584721,0.001359,0,0,1.5,-10.3,-3.1,0.91,0.66,0.15
1099,5.49,5.49,5.589772,0.001411,0,0,1.5,-10.3,-2.9,0.92,0.66,0.15
1100,5.495,5.495,5.59576,0.002398,0,0,1.4,-10.3,-2.6,0.93,0.67,0.15
1101,5.5,5.5,5.600735,0.002373,0,0,1.3,-10.3,-3,0.93,0.68,0.15
1102,5.505,5.505,5.604691,0.00133,0,0,1.3,-10.3,-3,0.93,0.69,0.15
1103,5.51,5.51,5.610707,0.002347,0,0,1.3,-10.4,-3.1,0.93,0.68,0.15
1104,5.515,5.515,5.615694,0.002333,0,0,1.4,-10.3,-3.2,0.93,0.69,0.15
1105,5.52,5.520001,5.619673,0.001311,9.999999992516e-07,0,1.5,-10.3,-3.4,0.93,0.69,0.15
1106,5.525,5.525,5.624782,0.001421,0,0,1.5,-10.3,-2.9,0.93,0.69,0.16
1107,5.53,5.53,5.630694,0.002333,0,0,1.5,-10.3,-2.6,0.93,0.69,0.16
1108,5.535,5.535,5.634689,0.001328,0,0,1.5,-10.4,-3,0.92,0.7,0.16
1109,5.54,5.54,5.639697,0.001336,0,0,1.5,-10.4,-2.9,0.92,0.7,0.16
1110,5.545,5.545,5.645688,0.002327,0,0,1.6,-10.3,-2.6,0.92,0.7,0.17
1111,5.55,5.55,5.650676,0.002315,0,0,1.7,-10.3,-2.5,0.92,0.69,0.17
1112,5.555,5.555,5.654837,0.001477,0,0,1.7,-10.2,-2.3,0.92,0.68,0.17
1113,5.56,5.560001,5.659788,0.001426,9.999999992516e-07,0,1.6,-10.2,-2.5,0.92,0.69,0.17
1114,5.565,5.565,5.665709,0.002347,0,0,1.6,-10.3,-2.1,0.92,0.69,0.17
1115,5.57,5.57,5.669677,0.001316,0,0,1.7,-10.2,-1.5,0.93,0.67,0.17
1116,5.575,5.575,5.674772,0.001411,0,0,1.6,-10.3,-2.8,0.92,0.69,0.17
1117,5.58,5.58,5.680782,0.002421,0,0,1.6,-10.3,-2.6,0.91,0.68,0.17
1118,5.585,5.585,5.685762,0.0024,0,0,1.8,-10.3,-2.7,0.91,0.67,0.16
1119,5.59,5.59,5.68976,0.001398,0,0,1.7,-10.3,-2.8,0.91,0.67,0.16
1120,5.595,5.595,5.695708,0.002347,0,0,1.8,-10.2,-2.9,0.91,0.66,0.15
1121,5.6,5.600001,5.700696,0.002334,9.999999992516e-07,0,1.7,-10.2,-3.2,0.91,0.67,0.15
1122,5.605,5.605,5.704805,0.001445,0,0,1.7,-10.3,-2.8,0.91,0.66,0.15
1123,5.61,5.61,5.709796,0.001435,0,0,1.7,-10.2,-2.8,0.91,0.66,0.15
1124,5.615,5.615,5.715716,0.002355,0,0,1.6,-10.2,-3.4,0.91,0.66,0.15
1125,5.62,5.62,5.71967,0.001309,0,0,1.5,-10.3,-3.1,0.91,0.66,0.15
1126,5.625,5.625,5.724743,0.001382,0,0,1.4,-10.3,-2.6,0.91,0.66,0.15
1127,5.63,5.63,5.730723,0.002363,0,0,1.5,-10.3,-2.3,0.92,0.65,0.15
1128,5.635,5.635,5.734692,0.00133,0,0,1.5,-10.3,-3.2,0.92,0.66,0.14
1129,5.64,5.64,5.739729,0.001367,0,0,1.5,-10.3,-2.7,0.92,0.66,0.14
1130,5.645,5.645001,5.745705,0.002343,9.999999992516e-07,0,1.5,-10.3,-2,0.92,0.66,0.15
1131,5.65,5.65,5.749681,0.00132,0,0,1.4,-10.3,-2.2,0.92,0.66,0.15
1132,5.655,5.655001,5.754847,0.001484,1.00000000013978e-06,0,1.6,-10.3,-2.5,0.92,0.65,0.15
1133,5.66,5.66,5.760724,0.002363,0,0,1.5,-10.3,-2.1,0.93,0.65,0.15
1134,5.665,5.665,5.765806,0.002444,0,0,1.4,-10.3,-2.7,0.93,0.66,0.14
1135,5.67,5.67,5.769714,0.001352,0,0,1.3,-10.3,-2.8,0.92,0.66,0.14
1136,5.675,5.675,5.774784,0.001423,0,0,1.3,-10.3,-2.9,0.93,0.66,0.14
1137,5.68,5.68,5.780784,0.002422,0,0,1.4,-10.3,-2.6,0.93,0.64,0.14
1138,5.685,5.685001,5.784693,0.001331,9.999999992516e-07,0,1.4,-10.3,-3.1,0.94,0.64,0.14
1139,5.69,5.69,5.789754,0.001394,0,0,1.3,-10.4,-3.3,0.94,0.64,0.13
1140,5.695,5.695,5.79574,0.002378,0,0,1.2,-10.4,-3.1,0.95,0.63,0.13
1141,5.7,5.7,5.800721,0.002359,0,0,1.1,-10.5,-2.7,0.95,0.62,0.13
1142,5.705,5.705,5.804779,0.001418,0,0,1.1,-10.5,-3,0.95,0.59,0.12
1143,5.71,5.71,5.80974,0.001379,0,0,1.1,-10.5,-2.7,0.96,0.57,0.11
1144,5.715,5.715,5.815741,0.00238,0,0,0.8,-10.6,-3.1,0.98,0.54,0.09
1145,5.72,5.72,5.81971,0.001348,0,0,0.9,-10.6,-2.6,0.99,0.49,0.08
1146,5.725,5.725001,5.824822,0.001459,9.999999992516e-07,0,0.6,-10.7,-2.9,1.02,0.46,0.06
1147,5.73,5.73,5.830735,0.002373,0,0,0.4,-10.8,-2.9,1.03,0.43,0.05
1148,5.735,5.735,5.835744,0.002383,0,0,0.2,-10.6,-3.2,1,0.4,0.04
1149,5.74,5.74,5.839783,0.001421,0,0,0.2,-10.5,-2.3,0.99,0.38,0.03
1150,5.745,5.745,5.844745,0.001383,0,0,0.3,-10.8,-1.7,1,0.34,0.02
1151,5.75,5.75,5.850707,0.002346,0,0,0.2,-10.7,-1.9,1.01,0.32,0.02
1152,5.755,5.755,5.854792,0.001431,0,0,0.2,-10.9,-1.9,1.07,0.24,0
1153,5.76,5.760001,5.859756,0.001394,1.00000000013978e-06,0,-0.4,-11.1,-2.7,1.08,0.23,-0.03
1154,5.765,5.765,5.865727,0.002365,0,0,-0.6,-11.2,-2.6,1.07,0.2,-0.04
1155,5.77,5.770001,5.870794,0.002433,9.999999992516e-07,0,-0.8,-11.1,-2.7,1.07,0.22,-0.05
1156,5.775,5.775,5.874733,0.001372,0,0,-0.5,-10.7,-2.6,1.03,0.21,-0.04
1157,5.78,5.78,5.879759,0.001398,0,0,-0.4,-10.7,-2.8,1.02,0.21,-0.04
1158,5.785,5.785,5.885703,0.002342,0,0,-0.2,-10.5,-2.8,1.03,0.16,-0.06
1159,5.79,5.79,5.890718,0.002357,0,0,-0.6,-10.7,-3.1,1.03,0.13,-0.08
1160,5.795,5.795,5.894979,0.001618,0,0,-1,-10.7,-2.3,1.04,0.09,-0.09
1161,5.8,5.8,5.900777,0.002415,0,0,-1.2,-10.6,-2.8,1.04,0.13,-0.08
1162,5.805,5.805,5.905768,0.002407,0,0,-0.7,-10.6,-2.5,1.03,0.19,-0.06
1163,5.81,5.810001,5.909721,0.001358,9.999999992516e-07,0,-0.5,-10.7,-2.6,1.02,0.22,-0.04
1164,5.815,5.815,5.914757,0.001395,0,0,-0.2,-10.8,-2.2,1.05,0.22,-0.02
1165,5.82,5.82,5.920743,0.002381,0,0,-0.2,-10.9,-2.7,1.06,0.2,-0.02
1166,5.825,5.825,5.924685,0.001323,0,0,-0.5,-10.9,-3.3,1.05,0.2,-0.04
1167,5.83,5.83,5.929789,0.001429,0,0,-0.8,-10.8,-3.7,1.04,0.21,-0.05
1168,5.835,5.835,5.935705,0.002343,0,0,-0.7,-10.6,-3.2,1.03,0.22,-0.05
1169,5.84,5.84,5.940779,0.002418,0,0,-0.6,-10.6,-3.5,1.02,0.22,-0.04
1170,5.845,5.845,5.944732,0.001371,0,0,-0.3,-10.9,-2.8,1.04,0.21,-0.03
1171,5.85,5.850001,5.949761,0.001398,9.999999992516e-07,0,-0.3,-10.9,-2.4,1.05,0.21,-0.03
1172,5.855,5.855,5.955756,0.002395,0,0,-0.1,-10.9,-2.6,1.05,0.2,-0.03
1173,5.86,5.86,5.959692,0.001331,0,0,0,-10.8,-2.5,1.04,0.21,-0.02
1174,5.865,5.865,5.964719,0.001358,0,0,0,-10.6,-2.6,1.03,0.21,-0.03
1175,5.87,5.87,5.970783,0.002422,0,0,0,-10.6,-2.4,1.03,0.21,-0.02
1176,5.875,5.875,5.975775,0.002414,0,0,-0.2,-10.7,-3,1.04,0.21,-0.03
1177,5.88,5.88,5.979698,0.001336,0,0,-0.2,-10.7,-3.5,1.04,0.21,-0.03
1178,5.885,5.885,5.984735,0.001374,0,0,-0.3,-10.7,-3.1,1.05,0.21,-0.03
1179,5.89,5.89,5.990723,0.002361,0,0,-0.3,-10.6,-2.4,1.04,0.2,-0.03
1180,5.895,5.895001,5.994697,0.001334,9.999999992516e-07,0,-0.3,-10.6,-2.6,1.04,0.2,-0.04
1181,5.9,5.9,5.999795,0.001433,0,0,-0.3,-10.5,-2.4,1.04,0.19,-0.04
1182,5.905,5.905,6.005766,0.002405,0,0,-0.4,-10.7,-2.4,1.05,0.19,-0.04
1183,5.91,5.91,6.010734,0.002372,0,0,-0.4,-10.7,-2.9,1.05,0.19,-0.04
1184,5.915,5.915,6.014714,0.001352,0,0,-0.4,-10.6,-3,1.04,0.2,-0.04
1185,5.92,5.92,6.019758,0.001397,0,0,-0.3,-10.6,-2.7,1.03,0.2,-0.04
1186,5.925,5.925,6.0257,0.002339,0,0,-0.4,-10.4,-2.3,1.03,0.19,-0.04
1187,5.93,5.930001,6.030827,0.002465,1.00000000013978e-06,0,-0.5,-10.4,-2,1.04,0.17,-0.04
1188,5.935,5.935001,6.035187,0.001826,9.999999992516e-07,0,-0.5,-10.6,-1.7,1.05,0.17,-0.04
1189,5.94,5.940002,6.040651,0.002287,1.99999999939138e-06,0,-0.5,-10.7,-2.2,1.05,0.17,-0.04
1190,5.945,5.945,6.045953,0.002592,0,0,-0.5,-10.9,-2.1,1.06,0.18,-0.05
1191,5.95,5.95,6.050058,0.001697,0,0,-0.5,-10.8,-2.5,1.05,0.2,-0.04
1192,5.955,5.955001,6.054995,0.001634,1.00000000013978e-06,0,-0.5,-10.7,-2.3,1.03,0.19,-0.03
1193,5.96,5.960001,6.060991,0.002629,1.00000000013978e-06,0,-0.4,-10.6,-2.4,1.02,0.19,-0.03
1194,5.965,5.965001,6.064789,0.001427,1.00000000013978e-06,0,-0.2,-10.7,-2.4,1.03,0.19,-0.03
1195,5.97,5.97,6.070758,0.002398,0,0,-0.2,-10.7,-1.7,1.04,0.18,-0.02
1196,5.975,5.975001,6.075791,0.002428,9.999999992516e-07,0,-0.1,-10.7,-2.6,1.04,0.19,-0.03
1197,5.98,5.98,6.079757,0.001396,0,0,-0.1,-10.6,-2.3,1.04,0.19,-0.02
1198,5.985,5.985,6.085183,0.001823,0,0,-0.1,-10.7,-2.4,1.03,0.2,-0.02
1199,5.99,5.990002,6.090369,0.002008,1.99999999939138e-06,0,0.1,-10.7,-1.9,1.04,0.19,-0.01
1200,5.995,5.995001,6.095988,0.002626,1.00000000013978e-06,0,0,-10.7,-1.4,1.05,0.19,-0.02
1201,6,6,6.099848,0.001487,0,0,0,-10.7,-2,1.04,0.2,-0.02
1202,6.005,6.005001,6.105295,0.001934,1.00000000013978e-06,0,0,-10.7,-2.5,1.04,0.19,-0.02
1203,6.01,6.010002,6.111174,0.002812,2.00000000027956e-06,0,0,-10.6,-2.4,1.04,0.19,-0.03
1204,6.015,6.015001,6.114919,0.001556,9.999999992516e-07,0,0,-10.6,-2.4,1.03,0.19,-0.03
1205,6.02,6.020002,6.119895,0.001533,1.99999999939138e-06,0,-0.1,-10.6,-2.5,1.03,0.19,-0.03
1206,6.025,6.025,6.125801,0.002439,0,0,-0.1,-10.7,-2.3,1.05,0.19,-0.03
1207,6.03,6.03,6.130736,0.002375,0,0,-0.2,-10.9,-2.2,1.05,0.2,-0.04
1208,6.035,6.035,6.13471,0.001349,0,0,-0.3,-10.8,-2.7,1.05,0.2,-0.04
1209,6.04,6.04,6.140745,0.002384,0,0,-0.5,-10.8,-3.6,1.04,0.21,-0.04
1210,6.045,6.045,6.145692,0.002331,0,0,-0.5,-10.7,-3.3,1.03,0.2,-0.05
1211,6.05,6.05,6.149678,0.001317,0,0,-0.5,-10.7,-3.6,1.03,0.2,-0.05
1212,6.055,6.055,6.154796,0.001434,0,0,-0.5,-10.6,-2.6,1.04,0.19,-0.05
1213,6.06,6.060001,6.160728,0.002366,9.999999992516e-07,0,-0.6,-10.6,-2.9,1.03,0.19,-0.05
1214,6.065,6.065,6.164705,0.001343,0,0,-0.6,-10.7,-2.6,1.04,0.19,-0.04
1215,6.07,6.07,6.169717,0.001356,0,0,-0.6,-10.7,-2.4,1.04,0.18,-0.04
1216,6.075,6.075,6.175713,0.002352,0,0,-0.7,-10.8,-3,1.04,0.2,-0.04
1217,6.08,6.08,6.179675,0.001314,0,0,-0.6,-10.8,-2.5,1.04,0.19,-0.04
1218,6.085,6.085,6.184725,0.001364,0,0,-0.5,-10.8,-2.6,1.04,0.2,-0.04
1219,6.09,6.09,6.190748,0.002387,0,0,-0.5,-10.8,-2.2,1.05,0.2,-0.04
1220,6.095,6.095,6.195787,0.002426,0,0,-0.5,-10.7,-2.1,1.05,0.19,-0.03
1221,6.1,6.100001,6.199718,0.001355,9.999999992516e-07,0,-0.5,-10.8,-2.2,1.05,0.21,-0.03
1222,6.105,6.105,6.205772,0.002411,0,0,-0.4,-10.8,-2.9,1.04,0.21,-0.03
1223,6.11,6.11,6.210799,0.002438,0,0,-0.3,-10.8,-2.6,1.04,0.2,-0.03
1224,6.115,6.115,6.214697,0.001336,0,0,-0.2,-10.7,-2.2,1.05,0.19,-0.03
1225,6.12,6.12,6.219729,0.001368,0,0,-0.2,-10.8,-2.4,1.05,0.2,-0.03
1226,6.125,6.125,6.225737,0.002375,0,0,-0.2,-10.6,-2.3,1.06,0.19,-0.03
1227,6.13,6.13,6.229738,0.001378,0,0,-0.2,-10.7,-2.2,1.05,0.19,-0.03
1228,6.135,6.135,6.234714,0.001353,0,0,-0.2,-10.6,-2.7,1.04,0.21,-0.03
1229,6.14,6.140001,6.240737,0.002374,9.999999992516e-07,0,-0.3,-10.6,-3,1.04,0.21,-0.03
1230,6.145,6.145001,6.245699,0.002337,9.999999992516e-07,0,-0.3,-10.7,-3.6,1.04,0.21,-0.03
1231,6.15,6.15,6.249718,0.001357,0,0,-0.3,-10.7,-3.3,1.04,0.21,-0.03
1232,6.155,6.155,6.254757,0.001395,0,0,-0.3,-10.7,-2.6,1.05,0.2,-0.03
1233,6.16,6.160001,6.261273,0.002911,1.00000000013978e-06,0,-0.3,-10.7,-2.1,1.06,0.19,-0.03
1234,6.165,6.165002,6.265992,0.002628,2.00000000027956e-06,0,-0.6,-10.8,-3.1,1.04,0.21,-0.04
1235,6.17,6.17,6.269817,0.001455,0,0,-0.5,-10.8,-2.4,1.04,0.2,-0.03
1236,6.175,6.175,6.275852,0.002491,0,0,-0.5,-10.6,-2.3,1.04,0.19,-0.03
1237,6.18,6.18,6.28082,0.002459,0,0,-0.6,-10.8,-2.4,1.04,0.19,-0.04
1238,6.185,6.185001,6.284686,0.001324,9.999999992516e-07,0,-0.5,-10.8,-2.6,1.04,0.19,-0.04
1239,6.19,6.19,6.28986,0.001499,0,0,-0.6,-10.9,-2.8,1.04,0.19,-0.04
1240,6.195,6.195,6.295786,0.002426,0,0,-0.6,-10.8,-3.2,1.04,0.19,-0.05
1241,6.2,6.2,6.299744,0.001383,0,0,-0.6,-10.8,-3.2,1.04,0.19,-0.04
1242,6.205,6.205,6.304874,0.001512,0,0,-0.5,-10.8,-3.5,1.03,0.2,-0.05
1243,6.21,6.21,6.310913,0.002551,0,0,-0.5,-10.7,-3.5,1.03,0.2,-0.05
1244,6.215,6.215,6.31475,0.001388,0,0,-0.6,-10.7,-3.7,1.04,0.21,-0.05
1245,6.22,6.22,6.319696,0.001335,0,0,-0.5,-10.6,-3.6,1.04,0.2,-0.05
1246,6.225,6.225001,6.325756,0.002394,9.999999992516e-07,0,-0.4,-10.6,-3.1,1.04,0.19,-0.04
1247,6.23,6.23,6.330736,0.002375,0,0,-0.4,-10.6,-3,1.04,0.19,-0.04
1248,6.235,6.235,6.334698,0.001337,0,0,-0.4,-10.6,-2.6,1.04,0.19,-0.03
1249,6.24,6.24,6.339771,0.001409,0,0,-0.3,-10.7,-2.6,1.04,0.2,-0.03
1250,6.245,6.245,6.34575,0.002388,0,0,-0.3,-10.7,-2.4,1.05,0.19,-0.03
1251,6.25,6.25,6.349701,0.00134,0,0,-0.2,-10.6,-2,1.05,0.18,-0.03
1252,6.255,6.255,6.354702,0.001341,0,0,0,-10.6,-2.5,1.04,0.18,-0.03
1253,6.26,6.26,6.360712,0.002351,0,0,-0.1,-10.6,-2.6,1.04,0.19,-0.03
1254,6.265,6.265001,6.36571,0.002348,9.999999992516e-07,0,-0.3,-10.6,-2.6,1.04,0.2,-0.03
1255,6.27,6.270001,6.369758,0.001395,9.999999992516e-07,0,-0.3,-10.7,-2.5,1.04,0.2,-0.03
1256,6.275,6.275,6.374851,0.001489,0,0,-0.4,-10.8,-2.4,1.05,0.2,-0.04
1257,6.28,6.280001,6.38076,0.002398,1.00000000013978e-06,0,-0.4,-10.8,-2.2,1.05,0.19,-0.04
1258,6.285,6.285,6.384708,0.001346,0,0,-0.2,-10.8,-2,1.05,0.18,-0.04
1259,6.29,6.29,6.390115,0.001756,0,0,-0.2,-10.7,-2.5,1.04,0.18,-0.04
1260,6.295,6.295002,6.394981,0.001617,2.00000000027956e-06,0,-0.2,-10.6,-2.9,1.04,0.19,-0.04
1261,6.3,6.3,6.400788,0.002427,0,0,-0.1,-10.7,-3,1.04,0.19,-0.04
1262,6.305,6.305,6.404709,0.001347,0,0,-0.2,-10.7,-2.3,1.05,0.18,-0.03
1263,6.31,6.310001,6.409843,0.001481,9.999999992516e-07,0,-0.2,-10.6,-2.2,1.04,0.17,-0.04
1264,6.315,6.315,6.415833,0.002472,0,0,-0.1,-10.7,-1.8,1.04,0.17,-0.04
1265,6.32,6.320001,6.419976,0.001615,1.00000000013978e-06,0,-0.4,-10.7,-2.2,1.04,0.18,-0.04
1266,6.325,6.325001,6.425157,0.001795,1.00000000013978e-06,0,-0.4,-10.7,-3,1.04,0.19,-0.04
1267,6.33,6.33,6.431135,0.002775,0,0,-0.4,-10.7,-2.6,1.05,0.19,-0.04
1268,6.335,6.335,6.43607,0.002709,0,0,-0.4,-10.7,-2.7,1.05,0.19,-0.04
1269,6.34,6.340001,6.440033,0.001671,1.00000000013978e-06,0,-0.3,-10.7,-2.3,1.05,0.19,-0.04
1270,6.345,6.345001,6.446105,0.002743,1.00000000013978e-06,0,-0.3,-10.7,-3,1.04,0.19,-0.04
1271,6.35,6.350001,6.44982,0.001459,9.999999992516e-07,0,-0.2,-10.7,-2.3,1.04,0.18,-0.03
1272,6.355,6.355001,6.454752,0.00139,9.999999992516e-07,0,-0.2,-10.8,-2.7,1.04,0.19,-0.03
1273,6.36,6.36,6.460748,0.002388,0,0,-0.3,-10.7,-2.7,1.04,0.19,-0.04
1274,6.365,6.365,6.465731,0.00237,0,0,-0.3,-10.8,-2.9,1.04,0.2,-0.04
1275,6.37,6.37,6.469736,0.001374,0,0,-0.3,-10.7,-2.8,1.04,0.2,-0.04
1276,6.375,6.375001,6.474913,0.001551,1.00000000013978e-06,0,-0.3,-10.7,-3.1,1.04,0.2,-0.04
1277,6.38,6.38,6.480738,0.002377,0,0,-0.3,-10.7,-3.3,1.03,0.2,-0.04
1278,6.385,6.385,6.484724,0.001362,0,0,-0.3,-10.6,-2.9,1.04,0.2,-0.03
1279,6.39,6.390001,6.489742,0.001379,9.999999992516e-07,0,-0.2,-10.7,-2.7,1.04,0.19,-0.04
1280,6.395,6.395001,6.495768,0.002407,9.999999992516e-07,0,-0.1,-10.6,-2.4,1.04,0.19,-0.03
1281,6.4,6.4,6.500748,0.002387,0,0,-0.2,-10.6,-2.5,1.04,0.19,-0.03
1282,6.405,6.405,6.50468,0.001318,0,0,-0.4,-10.7,-3,1.03,0.21,-0.04
1283,6.41,6.41,6.509919,0.001557,0,0,-0.5,-10.7,-3.3,1.04,0.21,-0.04
1284,6.415,6.415,6.515785,0.002424,0,0,-0.6,-10.8,-2.8,1.04,0.22,-0.04
1285,6.42,6.42,6.519717,0.001356,0,0,-0.7,-10.8,-2.7,1.04,0.21,-0.04
1286,6.425,6.425,6.524803,0.001441,0,0,-0.6,-10.8,-3.1,1.04,0.21,-0.04
1287,6.43,6.430001,6.530777,0.002415,1.00000000013978e-06,0,-0.4,-10.8,-2.6,1.04,0.19,-0.04
1288,6.435,6.435001,6.535736,0.002373,9.999999992516e-07,0,-0.5,-10.8,-2.8,1.04,0.2,-0.04
1289,6.44,6.44,6.539722,0.00136,0,0,-0.5,-10.7,-2.7,1.04,0.19,-0.04
1290,6.445,6.445,6.545716,0.002355,0,0,-0.5,-10.8,-2.3,1.05,0.19,-0.04
1291,6.45,6.45,6.550738,0.002377,0,0,-0.3,-10.7,-2,1.05,0.18,-0.04
1292,6.455,6.455,6.554704,0.001342,0,0,-0.4,-10.6,-2.2,1.05,0.18,-0.04
1293,6.46,6.46,6.559814,0.001452,0,0,-0.4,-10.6,-2.6,1.04,0.18,-0.04
1294,6.465,6.465,6.565703,0.002342,0,0,-0.4,-10.6,-1.7,1.05,0.18,-0.04
1295,6.47,6.47,6.569733,0.001372,0,0,-0.4,-10.6,-2.1,1.04,0.18,-0.04
1296,6.475,6.475001,6.574802,0.00144,9.999999992516e-07,0,-0.4,-10.6,-2.5,1.04,0.19,-0.04
1297,6.48,6.48,6.580724,0.002364,0,0,-0.3,-10.6,-2.5,1.04,0.2,-0.04
1298,6.485,6.485,6.585704,0.002343,0,0,-0.3,-10.7,-2.6,1.04,0.2,-0.03
1299,6.49,6.49,6.589702,0.001341,0,0,-0.3,-10.7,-2.8,1.04,0.2,-0.03
1300,6.495,6.495,6.595977,0.002616,0,0,-0.3,-10.8,-2.5,1.04,0.2,-0.04
1301,6.5,6.500001,6.601241,0.002881,1.00000000013978e-06,0,-0.3,-10.8,-2.6,1.04,0.2,-0.03
1302,6.505,6.505,6.60517,0.001809,0,0,-0.4,-10.7,-3.2,1.03,0.21,-0.04
1303,6.51,6.510001,6.609967,0.001604,1.00000000013978e-06,0,-0.3,-10.8,-3,1.03,0.21,-0.03
1304,6.515,6.515001,6.615942,0.00258,9.999999992516e-07,0,-0.3,-10.8,-2.6,1.04,0.2,-0.03
1305,6.52,6.520002,6.619984,0.001622,1.99999999939138e-06,0,-0.3,-10.8,-2.2,1.04,0.2,-0.03
1306,6.525,6.525002,6.625399,0.002037,1.99999999939138e-06,0,-0.3,-10.7,-2.4,1.04,0.19,-0.04
1307,6.53,6.530002,6.631289,0.002928,1.99999999939138e-06,0,-0.3,-10.7,-2.6,1.04,0.19,-0.04
1308,6.535,6.535001,6.636241,0.00288,1.00000000013978e-06,0,-0.2,-10.7,-2.2,1.04,0.19,-0.03
1309,6.54,6.540001,6.640151,0.00179,1.00000000013978e-06,0,-0.3,-10.8,-2.6,1.04,0.2,-0.04
1310,6.545,6.545,6.645966,0.002606,0,0,-0.4,-10.8,-2.4,1.04,0.19,-0.04
1311,6.55,6.55,6.649694,0.001333,0,0,-0.4,-10.8,-1.9,1.05,0.18,-0.04
1312,6.555,6.555,6.654748,0.001386,0,0,-0.4,-10.8,-2.1,1.04,0.19,-0.04
1313,6.56,6.560001,6.660778,0.002415,9.999999992516e-07,0,-0.4,-10.7,-2.3,1.04,0.18,-0.04
1314,6.565,6.565,6.665691,0.00233,0,0,-0.5,-10.7,-2.1,1.04,0.18,-0.03
1315,6.57,6.57,6.669673,0.001312,0,0,-0.5,-10.7,-2.1,1.04,0.18,-0.03
1316,6.575,6.575,6.675089,0.001728,0,0,-0.3,-10.7,-2.5,1.04,0.18,-0.04
1317,6.58,6.58,6.680759,0.002398,0,0,-0.3,-10.7,-2.8,1.04,0.19,-0.04
1318,6.585,6.585,6.684741,0.00138,0,0,-0.5,-10.7,-2.7,1.04,0.19,-0.04
1319,6.59,6.59,6.689959,0.001598,0,0,-0.4,-10.7,-2.9,1.04,0.2,-0.04
1320,6.595,6.595,6.695744,0.002382,0,0,-0.5,-10.7,-3.1,1.03,0.21,-0.04
1321,6.6,6.600001,6.700774,0.002412,9.999999992516e-07,0,-0.4,-10.7,-3.3,1.03,0.2,-0.04
1322,6.605,6.605,6.704719,0.001358,0,0,-0.3,-10.7,-3.2,1.03,0.2,-0.04
1323,6.61,6.61,6.709965,0.001603,0,0,-0.3,-10.7,-3.1,1.03,0.2,-0.04
1324,6.615,6.615,6.715859,0.002497,0,0,-0.5,-10.9,-3.3,1.03,0.22,-0.04
1325,6.62,6.62,6.719727,0.001366,0,0,-0.5,-11,-3.3,1.04,0.21,-0.04
1326,6.625,6.625,6.724765,0.001403,0,0,-0.4,-10.8,-3.7,1.03,0.21,-0.03
1327,6.63,6.63,6.730736,0.002375,0,0,-0.4,-10.8,-3.8,1.04,0.21,-0.04
1328,6.635,6.635,6.734704,0.001343,0,0,-0.5,-10.7,-2.9,1.04,0.2,-0.04
1329,6.64,6.640001,6.739749,0.001386,9.999999992516e-07,0,-0.5,-10.8,-2.8,1.05,0.2,-0.04
1330,6.645,6.645001,6.745735,0.002373,9.999999992516e-07,0,-0.5,-10.8,-2.6,1.05,0.2,-0.04
1331,6.65,6.65,6.749698,0.001336,0,0,-0.5,-10.8,-2.5,1.05,0.2,-0.03
1332,6.655,6.655,6.75478,0.00142,0,0,-0.3,-10.7,-2.2,1.04,0.2,-0.03
1333,6.66,6.66,6.75972,0.001358,0,0,-0.5,-10.8,-2.3,1.04,0.2,-0.03
1334,6.665,6.665,6.765702,0.00234,0,0,-0.6,-10.7,-3.2,1.04,0.21,-0.04
1335,6.67,6.67,6.769731,0.001371,0,0,-0.6,-10.7,-2.6,1.04,0.19,-0.04
1336,6.675,6.675001,6.774978,0.001617,1.00000000013978e-06,0,-0.5,-10.7,-3,1.04,0.19,-0.04
1337,6.68,6.68,6.780763,0.002402,0,0,-0.5,-10.7,-3,1.04,0.19,-0.05
1338,6.685,6.685001,6.785774,0.002413,9.999999992516e-07,0,-0.4,-10.7,-2.4,1.05,0.19,-0.04
1339,6.69,6.69,6.78986,0.0015,0,0,-0.4,-10.8,-2.4,1.05,0.19,-0.04
1340,6.695,6.695,6.795758,0.002396,0,0,-0.5,-10.7,-3.1,1.04,0.2,-0.04
1341,6.7,6.7,6.800763,0.002402,0,0,-0.6,-10.8,-2.8,1.05,0.2,-0.04
1342,6.705,6.705,6.804776,0.001414,0,0,-0.7,-10.8,-2.5,1.05,0.19,-0.04
1343,6.71,6.71,6.810775,0.002414,0,0,-0.5,-10.8,-3.3,1.04,0.2,-0.04
1344,6.715,6.715,6.815728,0.002366,0,0,-0.4,-10.7,-2.9,1.04,0.2,-0.04
1345,6.72,6.72,6.819709,0.001348,0,0,-0.3,-10.8,-3,1.04,0.19,-0.04
1346,6.725,6.725001,6.825809,0.002446,9.999999992516e-07,0,-0.5,-10.8,-2.7,1.05,0.19,-0.04
1347,6.73,6.73,6.830716,0.002354,0,0,-0.5,-10.8,-2.8,1.05,0.19,-0.04
1348,6.735,6.735,6.834719,0.001359,0,0,-0.5,-10.9,-2.6,1.05,0.19,-0.04
1349,6.74,6.74,6.840804,0.002443,0,0,-0.5,-10.8,-2.9,1.05,0.19,-0.05
1350,6.745,6.745,6.84571,0.002349,0,0,-0.4,-10.8,-2.4,1.06,0.18,-0.04
1351,6.75,6.75,6.849734,0.001373,0,0,-0.5,-10.9,-2.7,1.06,0.19,-0.04
1352,6.755,6.755,6.855779,0.002418,0,0,-0.4,-10.9,-2.7,1.06,0.19,-0.04
1353,6.76,6.76,6.860765,0.002404,0,0,-0.4,-10.8,-2.9,1.06,0.19,-0.04
1354,6.765,6.765001,6.864783,0.001421,9.999999992516e-07,0,-0.4,-10.8,-2.5,1.07,0.18,-0.04
1355,6.77,6.770001,6.870829,0.002467,9.999999992516e-07,0,-0.4,-10.7,-2.6,1.07,0.18,-0.04
1356,6.775,6.775001,6.87575,0.002388,9.999999992516e-07,0,-0.4,-10.8,-2.8,1.07,0.18,-0.04
1357,6.78,6.78,6.879692,0.001331,0,0,-0.4,-10.9,-2.8,1.08,0.18,-0.04
1358,6.785,6.785,6.885793,0.002432,0,0,-0.4,-10.9,-2.6,1.08,0.18,-0.04
1359,6.79,6.79,6.889704,0.001343,0,0,-0.5,-10.9,-3.2,1.08,0.18,-0.05
1360,6.795,6.795,6.894858,0.001496,0,0,-0.4,-11,-3.2,1.08,0.18,-0.04
1361,6.8,6.8,6.900788,0.002426,0,0,-0.7,-11,-2.7,1.09,0.18,-0.04
1362,6.805,6.805,6.905789,0.002429,0,0,-0.7,-11,-2.7,1.09,0.19,-0.04
1363,6.81,6.810001,6.909739,0.001376,9.999999992516e-07,0,-0.8,-11,-2.6,1.1,0.19,-0.05
1364,6.815,6.815,6.915905,0.002544,0,0,-0.7,-10.9,-2.7,1.1,0.19,-0.05
1365,6.82,6.82,6.920829,0.002467,0,0,-0.6,-11,-3.1,1.1,0.19,-0.05
1366,6.825,6.825,6.924707,0.001346,0,0,-0.4,-11,-2.9,1.11,0.18,-0.05
1367,6.83,6.83,6.930779,0.002418,0,0,-0.4,-11,-2.9,1.11,0.18,-0.05
1368,6.835,6.835,6.935716,0.002355,0,0,-0.3,-11,-2.2,1.12,0.18,-0.05
1369,6.84,6.84,6.939732,0.001371,0,0,-0.2,-11,-2.3,1.12,0.18,-0.05
1370,6.845,6.845,6.9459,0.002539,0,0,-0.2,-11,-2.2,1.13,0.18,-0.04
1371,6.85,6.850001,6.950754,0.002392,9.999999992516e-07,0,-0.2,-11,-2.3,1.13,0.18,-0.05
1372,6.855,6.855,6.954689,0.001328,0,0,-0.3,-11.1,-2.2,1.13,0.19,-0.04
1373,6.86,6.86,6.959909,0.001547,0,0,-0.3,-11.2,-2.7,1.13,0.21,-0.04
1374,6.865,6.865,6.965795,0.002434,0,0,-0.3,-11.2,-3.1,1.13,0.21,-0.04
1375,6.87,6.87,6.96978,0.001418,0,0,-0.4,-11.3,-2.8,1.14,0.21,-0.04
1376,6.875,6.875,6.974928,0.001566,0,0,-0.2,-11.2,-2.7,1.14,0.21,-0.04
1377,6.88,6.88,6.980761,0.002399,0,0,-0.3,-11.2,-3.3,1.13,0.22,-0.04
1378,6.885,6.885,6.984687,0.001325,0,0,-0.4,-11.3,-3.1,1.13,0.22,-0.04
1379,6.89,6.890001,6.989721,0.001359,9.999999992516e-07,0,-0.4,-11.4,-2.9,1.14,0.22,-0.04
1380,6.895,6.895001,6.995717,0.002354,9.999999992516e-07,0,-0.4,-11.4,-2.3,1.14,0.22,-0.03
1381,6.9,6.9,6.999682,0.00132,0,0,-0.2,-11.3,-2.2,1.15,0.2,-0.04
1382,6.905,6.905,7.004877,0.001515,0,0,-0.2,-11.3,-2,1.16,0.19,-0.03
1383,6.91,6.91,7.010759,0.002398,0,0,-0.2,-11.2,-1.8,1.16,0.18,-0.03
1384,6.915,6.915,7.015719,0.002358,0,0,-0.1,-11.2,-2.1,1.17,0.18,-0.03
1385,6.92,6.92,7.019835,0.001474,0,0,0,-11.2,-2.1,1.18,0.18,-0.03
1386,6.925,6.925,7.024779,0.001418,0,0,0,-11.2,-2.4,1.18,0.17,-0.03
1387,6.93,6.93,7.030825,0.002464,0,0,0,-11.3,-2.1,1.19,0.17,-0.03
1388,6.935,6.935001,7.035733,0.00237,9.999999992516e-07,0,0,-11.3,-2,1.2,0.18,-0.03
1389,6.94,6.94,7.039746,0.001385,0,0,-0.1,-11.3,-2.7,1.21,0.18,-0.04
1390,6.945,6.945,7.045776,0.002415,0,0,-0.2,-11.3,-3,1.21,0.18,-0.04
1391,6.95,6.95,7.050679,0.002318,0,0,-0.1,-11.4,-2.9,1.22,0.18,-0.04
1392,6.955,6.955,7.054817,0.001456,0,0,-0.1,-11.4,-2.2,1.23,0.18,-0.04
1393,6.96,6.96,7.059757,0.001395,0,0,0,-11.4,-2.5,1.24,0.19,-0.03
1394,6.965,6.965,7.065847,0.002485,0,0,-0.1,-11.5,-2.6,1.25,0.19,-0.03
1395,6.97,6.97,7.069671,0.00131,0,0,-0.1,-11.4,-3,1.25,0.2,-0.03
1396,6.975,6.975001,7.074839,0.001476,9.999999992516e-07,0,-0.2,-11.4,-2.6,1.26,0.2,-0.03
1397,6.98,6.98,7.079793,0.001432,0,0,-0.2,-11.4,-2.7,1.27,0.2,-0.03
1398,6.985,6.985,7.085807,0.002445,0,0,-0.1,-11.4,-3,1.27,0.2,-0.03
1399,6.99,6.99,7.09078,0.002418,0,0,-0.1,-11.5,-3,1.28,0.21,-0.03
1400,6.995,6.995,7.094688,0.001327,0,0,-0.2,-11.5,-2.7,1.29,0.21,-0.03
1401,7,7,7.100724,0.002363,0,0,-0.1,-11.6,-2.4,1.3,0.2,-0.03
1402,7.005,7.005,7.105779,0.002417,0,0,-0.2,-11.6,-2.3,1.29,0.21,-0.02
1403,7.01,7.01,7.10968,0.001319,0,0,-0.1,-11.7,-2.8,1.29,0.22,-0.02
1404,7.015,7.015001,7.114779,0.001418,9.999999992516e-07,0,0,-11.7,-2.5,1.3,0.2,-0.02
1405,7.02,7.020001,7.120689,0.002327,9.999999992516e-07,0,0,-11.8,-2.6,1.31,0.21,-0.02
1406,7.025,7.025,7.124674,0.001313,0,0,0,-11.8,-2.5,1.32,0.21,-0.02
1407,7.03,7.03,7.129684,0.001322,0,0,-0.1,-11.8,-2.9,1.33,0.22,-0.02
1408,7.035,7.035,7.135729,0.002368,0,0,-0.2,-11.9,-2.8,1.33,0.23,-0.02
1409,7.04,7.04,7.140705,0.002343,0,0,-0.4,-11.9,-3,1.34,0.24,-0.03
1410,7.045,7.045,7.144698,0.001337,0,0,-0.1,-11.9,-2.5,1.35,0.22,-0.03
1411,7.05,7.05,7.149775,0.001413,0,0,-0.4,-11.9,-3.1,1.35,0.24,-0.03
1412,7.055,7.055001,7.155792,0.00243,1.00000000013978e-06,0,-0.3,-11.9,-3.3,1.36,0.24,-0.03
1413,7.06,7.060001,7.159696,0.001334,9.999999992516e-07,0,-0.3,-11.9,-2.4,1.36,0.23,-0.02
1414,7.065,7.065,7.164719,0.001358,0,0,-0.2,-12,-2.6,1.37,0.23,-0.02
1415,7.07,7.07,7.170828,0.002466,0,0,-0.2,-11.9,-2.5,1.36,0.24,-0.02
1416,7.075,7.075,7.175758,0.002396,0,0,-0.3,-11.9,-2.2,1.36,0.24,-0.02
1417,7.08,7.08,7.179844,0.001483,0,0,-0.2,-12,-2.1,1.37,0.23,-0.02
1418,7.085,7.085,7.184857,0.001496,0,0,-0.3,-12,-2.5,1.36,0.25,-0.02
1419,7.09,7.09,7.190793,0.002433,0,0,-0.3,-12.1,-2.7,1.37,0.26,-0.02
1420,7.095,7.095,7.195794,0.002433,0,0,-0.2,-12.1,-3.1,1.38,0.26,-0.02
1421,7.1,7.100001,7.199836,0.001473,9.999999992516e-07,0,-0.1,-12,-2.8,1.38,0.25,-0.02
1422,7.105,7.105,7.204892,0.001532,0,0,-0.1,-12.1,-2.3,1.39,0.25,-0.01
1423,7.11,7.11,7.210778,0.002418,0,0,-0.1,-12.1,-2.4,1.4,0.25,-0.01
1424,7.115,7.115,7.214712,0.00135,0,0,0,-12.2,-2.1,1.41,0.25,-0.01
1425,7.12,7.12,7.21977,0.001408,0,0,0,-12.2,-2.4,1.42,0.25,-0.01
1426,7.125,7.125001,7.225795,0.002433,1.00000000013978e-06,0,0,-12.3,-2.4,1.42,0.26,-0.01
1427,7.13,7.13,7.230749,0.002388,0,0,-0.1,-12.4,-2.2,1.44,0.27,0
1428,7.135,7.135,7.234736,0.001374,0,0,-0.1,-12.4,-2.7,1.44,0.28,0
1429,7.14,7.140001,7.240751,0.002388,9.999999992516e-07,0,0,-12.5,-2.3,1.46,0.27,0
1430,7.145,7.145001,7.245732,0.00237,9.999999992516e-07,0,0,-12.5,-3,1.46,0.28,0
1431,7.15,7.150012,7.249779,0.001406,1.1999999999901e-05,0,0.1,-12.5,-2.8,1.48,0.28,0
1432,7.155,7.155,7.254741,0.00138,0,0,0.1,-12.5,-2.4,1.5,0.27,0
1433,7.16,7.16,7.260764,0.002402,0,0,0,-12.5,-3.1,1.5,0.29,0
1434,7.165,7.165,7.26484,0.001479,0,0,0,-12.5,-3.1,1.52,0.29,0
1435,7.17,7.17,7.269734,0.001372,0,0,0,-12.6,-2.9,1.53,0.28,0
1436,7.175,7.175,7.275745,0.002384,0,0,0,-12.6,-2.7,1.53,0.28,0
1437,7.18,7.18,7.280802,0.002441,0,0,0.1,-12.6,-2.5,1.54,0.27,0
1438,7.185,7.185001,7.284714,0.001352,9.999999992516e-07,0,0,-12.6,-2.9,1.54,0.29,0
1439,7.19,7.19,7.290816,0.002455,0,0,0,-12.6,-3.8,1.54,0.3,0
1440,7.195,7.195,7.295772,0.002411,0,0,0,-12.6,-3.5,1.54,0.29,0
1441,7.2,7.2,7.299687,0.001326,0,0,0,-12.7,-3.6,1.55,0.3,0
1442,7.205,7.205,7.305831,0.002469,0,0,0,-12.7,-3.2,1.55,0.29,0
1443,7.21,7.21,7.31071,0.002348,0,0,0.1,-12.6,-3.3,1.55,0.28,0
1444,7.215,7.215,7.31471,0.001349,0,0,0,-12.7,-3.4,1.55,0.29,0
1445,7.22,7.22,7.320785,0.002423,0,0,-0.1,-12.7,-2.8,1.56,0.29,0
1446,7.225,7.225001,7.325748,0.002385,9.999999992516e-07,0,-0.2,-12.6,-2.6,1.57,0.29,0
1447,7.23,7.23,7.330021,0.001662,0,0,-0.1,-12.7,-3.1,1.56,0.29,0
1448,7.235,7.235002,7.33513,0.001768,1.99999999939138e-06,0,-0.1,-12.7,-3.7,1.56,0.3,0
1449,7.24,7.240002,7.340214,0.001853,1.99999999939138e-06,0,-0.1,-12.8,-3.6,1.57,0.3,0
1450,7.245,7.245001,7.345129,0.001769,1.00000000013978e-06,0,-0.1,-12.8,-3.3,1.57,0.3,0
1451,7.25,7.250001,7.350678,0.002317,1.00000000013978e-06,0,-0.3,-12.7,-3.5,1.59,0.3,0
1452,7.255,7.255002,7.356212,0.00285,2.00000000027956e-06,0,-0.3,-12.8,-3,1.6,0.3,0
1453,7.26,7.260047,7.359878,0.001471,4.70000000003523e-05,0,0,-12.7,-3.4,1.59,0.29,0
1454,7.265,7.265001,7.365711,0.002348,9.999999992516e-07,0,0,-12.7,-3.8,1.59,0.3,0
1455,7.27,7.270002,7.370778,0.002415,1.99999999939138e-06,0,0,-12.8,-4.1,1.59,0.31,0
1456,7.275,7.275,7.374692,0.00133,0,0,0,-12.8,-3.7,1.59,0.31,0
1457,7.28,7.28,7.37971,0.001348,0,0,0,-12.9,-3.1,1.6,0.31,0
1458,7.285,7.285,7.385725,0.002364,0,0,0,-12.9,-2.8,1.61,0.3,0
1459,7.29,7.29,7.390734,0.002372,0,0,0,-12.9,-3.2,1.61,0.31,0
1460,7.295,7.295,7.394702,0.001341,0,0,0,-13.1,-3.2,1.62,0.32,0
1461,7.3,7.3,7.399808,0.001447,0,0,-0.1,-13.1,-2.7,1.62,0.31,0
1462,7.305,7.305,7.40573,0.002368,0,0,0,-13.1,-3.1,1.62,0.31,0
1463,7.31,7.310001,7.409659,0.001297,9.999999992516e-07,0,0,-13,-2.7,1.63,0.3,0
1464,7.315,7.315,7.414825,0.001464,0,0,0,-13,-3,1.62,0.3,0
1465,7.32,7.32,7.420709,0.002347,0,0,0.1,-13,-3,1.62,0.3,0
1466,7.325,7.325,7.425843,0.002483,0,0,0.1,-12.9,-3.4,1.62,0.3,0
1467,7.33,7.33,7.429774,0.001412,0,0,0,-13,-3.6,1.62,0.31,0
1468,7.335,7.335,7.434809,0.001448,0,0,0,-13,-3.6,1.63,0.3,0
1469,7.34,7.34,7.440911,0.002549,0,0,0,-12.9,-3.6,1.63,0.3,0
1470,7.345,7.345,7.444698,0.001337,0,0,0.1,-12.9,-3.3,1.63,0.28,0
1471,7.35,7.350001,7.449755,0.001393,9.999999992516e-07,0,0.1,-13,-2.7,1.64,0.27,0
1472,7.355,7.355,7.455692,0.002331,0,0,0.2,-13,-2.6,1.65,0.27,0
1473,7.36,7.36,7.459666,0.001305,0,0,0,-13.1,-2.6,1.66,0.28,0
1474,7.365,7.365,7.464785,0.001425,0,0,0,-13,-2.9,1.67,0.29,0
1475,7.37,7.37,7.470709,0.002348,0,0,0,-13.1,-2.9,1.67,0.28,0
1476,7.375,7.375,7.475709,0.002347,0,0,0,-13.1,-3.3,1.67,0.29,0
1477,7.38,7.38,7.479792,0.001431,0,0,0.1,-13.1,-2.6,1.67,0.28,0
1478,7.385,7.385,7.48475,0.00139,0,0,0,-13.1,-2.6,1.67,0.28,0
1479,7.39,7.390001,7.490747,0.002385,9.999999992516e-07,0,0,-13.1,-2.3,1.68,0.28,0
1480,7.395,7.395001,7.494708,0.001345,9.999999992516e-07,0,-0.1,-13.2,-2.5,1.68,0.29,0
1481,7.4,7.4,7.499688,0.001328,0,0,-0.2,-13.3,-2.1,1.69,0.29,0
1482,7.405,7.405,7.504849,0.001488,0,0,-0.2,-13.3,-1.8,1.68,0.29,0
1483,7.41,7.41,7.510714,0.002353,0,0,-0.2,-13.3,-2.6,1.68,0.29,0
1484,7.415,7.415002,7.514711,0.001348,2.00000000027956e-06,0,-0.1,-13.3,-3.5,1.67,0.31,-0.01
1485,7.42,7.42,7.519679,0.001318,0,0,-0.2,-13.3,-3.6,1.67,0.31,-0.01
1486,7.425,7.425,7.525696,0.002335,0,0,-0.2,-13.3,-3.1,1.67,0.3,0
1487,7.43,7.43,7.530682,0.002321,0,0,-0.3,-13.3,-3.9,1.66,0.31,-0.01
1488,7.435,7.435001,7.534661,0.001299,9.999999992516e-07,0,-0.2,-13.2,-3.7,1.66,0.3,0
1489,7.44,7.44,7.539669,0.001308,0,0,0,-13.1,-3.2,1.67,0.29,0
1490,7.445,7.445,7.545826,0.002465,0,0,0,-13.1,-3.3,1.67,0.28,0
1491,7.45,7.45,7.551069,0.002709,0,0,-0.1,-13.1,-3.3,1.67,0.3,0
1492,7.455,7.455001,7.555245,0.001884,1.00000000013978e-06,0,-0.2,-13.2,-3.2,1.66,0.3,0
1493,7.46,7.46,7.560894,0.002532,0,0,0,-13.2,-4,1.66,0.29,-0.01
1494,7.465,7.465,7.565694,0.002332,0,0,0,-13.2,-3.5,1.66,0.29,0
1495,7.47,7.47,7.56975,0.00139,0,0,0,-13.2,-3.2,1.66,0.28,0
1496,7.475,7.475001,7.574892,0.001529,9.999999992516e-07,0,0.1,-13.2,-3.3,1.66,0.29,0
1497,7.48,7.48,7.580783,0.002422,0,0,0,-13.2,-2.9,1.66,0.29,0
1498,7.485,7.485,7.584714,0.001352,0,0,0,-13.1,-2.1,1.67,0.28,0
1499,7.49,7.49,7.589725,0.001363,0,0,0.2,-13.1,-2.3,1.67,0.28,0
1500,7.495,7.495,7.595786,0.002424,0,0,0.1,-13.1,-2.9,1.66,0.29,0
1501,7.5,7.5,7.600724,0.002363,0,0,0.1,-13.1,-2.4,1.67,0.28,0
1502,7.505,7.505,7.604716,0.001355,0,0,0,-13.2,-2.4,1.68,0.29,0
1503,7.51,7.51,7.610747,0.002386,0,0,0.1,-13.1,-2.8,1.68,0.28,0
1504,7.515,7.515001,7.615728,0.002366,9.999999992516e-07,0,0.1,-13.2,-2.6,1.68,0.28,0
1505,7.52,7.520001,7.61973,0.001368,9.999999992516e-07,0,0.1,-13.3,-2.9,1.68,0.29,0
1506,7.525,7.525001,7.624846,0.001484,9.999999992516e-07,0,0,-13.3,-3.6,1.67,0.3,0
1507,7.53,7.53,7.630754,0.002393,0,0,0,-13.3,-3.9,1.67,0.31,0
1508,7.535,7.535,7.635815,0.002453,0,0,-0.1,-13.4,-3.5,1.68,0.31,0
1509,7.54,7.54,7.639776,0.001415,0,0,-0.1,-13.3,-3.4,1.67,0.3,0
1510,7.545,7.545001,7.645997,0.002635,1.00000000013978e-06,0,0,-13.3,-3.3,1.66,0.3,0
1511,7.55,7.55,7.649705,0.001344,0,0,0,-13.3,-3.5,1.66,0.31,0
1512,7.555,7.555,7.654692,0.001331,0,0,0,-13.3,-3.9,1.66,0.32,0
1513,7.56,7.560001,7.660776,0.002412,9.999999992516e-07,0,0,-13.2,-3.1,1.67,0.31,0
1514,7.565,7.565,7.665717,0.002356,0,0,0,-13.1,-3,1.67,0.29,0
1515,7.57,7.57,7.669719,0.001358,0,0,-0.1,-13.1,-3.3,1.67,0.3,0
1516,7.575,7.575001,7.674864,0.001501,1.00000000013978e-06,0,0.1,-13.1,-3.1,1.67,0.29,0
1517,7.58,7.58,7.68071,0.002349,0,0,0,-13,-3.3,1.67,0.29,0
1518,7.585,7.585,7.684679,0.001317,0,0,0,-13.1,-3.5,1.67,0.3,0
1519,7.59,7.59,7.689861,0.0015,0,0,0.2,-13.1,-3.4,1.66,0.3,0
1520,7.595,7.595,7.695764,0.002404,0,0,0,-13.2,-2.7,1.67,0.3,0
1521,7.6,7.600001,7.700684,0.002321,9.999999992516e-07,0,0,-13.2,-2.8,1.67,0.3,0
1522,7.605,7.605,7.70466,0.001298,0,0,-0.1,-13.1,-3.1,1.66,0.3,0
1523,7.61,7.61,7.709844,0.001482,0,0,0,-13.2,-3,1.66,0.3,0
1524,7.615,7.615001,7.715856,0.002494,1.00000000013978e-06,0,0,-13.2,-3,1.66,0.3,0
1525,7.62,7.62,7.719723,0.001362,0,0,0,-13.2,-3.3,1.65,0.32,0
1526,7.625,7.625,7.724841,0.00148,0,0,0,-13.1,-4,1.64,0.31,0
1527,7.63,7.63,7.730746,0.002385,0,0,0.1,-13.1,-3.1,1.65,0.3,0
1528,7.635,7.635,7.734709,0.001349,0,0,0.2,-13.1,-3,1.65,0.3,0
1529,7.64,7.640001,7.73975,0.001383,9.999999992516e-07,0,0,-13.2,-3.1,1.65,0.31,0
1530,7.645,7.645001,7.7449,0.001539,9.999999992516e-07,0,0,-13.1,-2.6,1.66,0.3,0
1531,7.65,7.65,7.750717,0.002356,0,0,0,-13.2,-2.3,1.66,0.3,0
1532,7.655,7.655,7.754706,0.001344,0,0,0,-13.1,-2.3,1.66,0.3,0
1533,7.66,7.660001,7.759767,0.001405,1.00000000013978e-06,0,0.1,-13.1,-2.6,1.66,0.3,0
1534,7.665,7.665,7.765713,0.002352,0,0,0,-13.1,-2.9,1.65,0.31,0
1535,7.67,7.67,7.769757,0.001396,0,0,0,-13.1,-2.8,1.65,0.3,0.01
1536,7.675,7.675,7.774776,0.001414,0,0,-0.1,-13.2,-2.7,1.66,0.31,0.01
1537,7.68,7.68,7.780759,0.002397,0,0,0,-13.2,-2.6,1.66,0.31,0.01
1538,7.685,7.685001,7.785753,0.00239,9.999999992516e-07,0,0,-13.2,-2.5,1.66,0.31,0.01
1539,7.69,7.69,7.789755,0.001393,0,0,0,-13.2,-2.7,1.66,0.31,0.01
1540,7.695,7.695,7.794737,0.001376,0,0,0,-13.1,-2.8,1.66,0.3,0.01
1541,7.7,7.7,7.80077,0.002409,0,0,0,-13.2,-2.8,1.66,0.31,0.01
1542,7.705,7.705,7.804748,0.001386,0,0,0,-13.2,-2.4,1.66,0.3,0.01
1543,7.71,7.71,7.809725,0.001363,0,0,0,-13.1,-2.2,1.66,0.29,0.01
1544,7.715,7.715,7.815753,0.002392,0,0,0.2,-13.1,-2.4,1.66,0.28,0.01
1545,7.72,7.72,7.820737,0.002376,0,0,0.3,-13,-2.4,1.66,0.28,0.01
1546,7.725,7.725001,7.824699,0.001337,9.999999992516e-07,0,0,-13.1,-2.4,1.67,0.3,0.01
1547,7.73,7.73,7.82976,0.001399,0,0,0.1,-13.1,-3,1.66,0.31,0
1548,7.735,7.735,7.835747,0.002385,0,0,0,-13.1,-3.2,1.65,0.32,0.01
1549,7.74,7.74,7.839748,0.001386,0,0,0.1,-13.1,-2.9,1.66,0.32,0
1550,7.745,7.745,7.844695,0.001334,0,0,0,-13.2,-3,1.66,0.32,0.01
1551,7.75,7.75,7.85073,0.002369,0,0,0,-13.2,-3.3,1.65,0.33,0
1552,7.755,7.755,7.855719,0.002358,0,0,0,-13.3,-3.2,1.66,0.33,0
1553,7.76,7.76,7.859699,0.001337,0,0,0,-13.3,-3.7,1.65,0.34,0
1554,7.765,7.765001,7.864748,0.001385,9.999999992516e-07,0,0,-13.2,-4,1.65,0.34,0
1555,7.77,7.770001,7.870716,0.002354,9.999999992516e-07,0,0,-13.1,-3,1.66,0.31,0
1556,7.775,7.775,7.874763,0.001401,0,0,0,-13.2,-3.5,1.66,0.33,0
1557,7.78,7.78,7.880251,0.001891,0,0,-0.1,-13.3,-3.2,1.66,0.33,0
1558,7.785,7.785001,7.885275,0.001914,1.00000000013978e-06,0,-0.2,-13.2,-2.9,1.67,0.34,0.01
1559,7.79,7.790002,7.890955,0.002592,2.00000000027956e-06,0,-0.1,-13.2,-3,1.67,0.32,0
1560,7.795,7.795,7.894694,0.001333,0,0,0,-13.2,-3,1.67,0.32,0
1561,7.8,7.8,7.899806,0.001445,0,0,0,-13.1,-2.8,1.67,0.31,0
1562,7.805,7.805001,7.905807,0.002445,9.999999992516e-07,0,-0.1,-13.2,-3.3,1.67,0.31,0
1563,7.81,7.810001,7.909708,0.001347,9.999999992516e-07,0,0,-13.1,-2.9,1.66,0.3,0.01
1564,7.815,7.815,7.914757,0.001396,0,0,0,-13.1,-2.6,1.66,0.3,0
1565,7.82,7.82,7.920731,0.00237,0,0,-0.1,-13.2,-2.9,1.66,0.31,0
1566,7.825,7.825,7.925727,0.002366,0,0,-0.1,-13.3,-3.3,1.66,0.32,0
1567,7.83,7.83,7.929691,0.00133,0,0,-0.1,-13.2,-3.5,1.66,0.32,0
1568,7.835,7.835,7.934748,0.001387,0,0,-0.1,-13.1,-3.2,1.66,0.31,0
1569,7.84,7.84,7.940732,0.00237,0,0,-0.1,-13.2,-2.8,1.66,0.3,0
1570,7.845,7.845,7.944685,0.001324,0,0,-0.1,-13.2,-2.7,1.65,0.3,0
1571,7.85,7.850002,7.949736,0.001373,1.99999999939138e-06,0,-0.2,-13.2,-3.3,1.65,0.31,0
1572,7.855,7.855,7.955745,0.002384,0,0,-0.1,-13.1,-3.7,1.64,0.31,0
1573,7.86,7.86,7.960711,0.002349,0,0,0,-13,-3.9,1.64,0.3,0
1574,7.865,7.865,7.964763,0.001401,0,0,0,-13,-3.4,1.64,0.29,0
1575,7.87,7.87,7.96981,0.001449,0,0,0.1,-13.1,-3.1,1.64,0.29,0
1576,7.875,7.875,7.975735,0.002375,0,0,0,-13.1,-3,1.65,0.3,0
1577,7.88,7.88,7.979688,0.001327,0,0,0.1,-13.2,-2.7,1.66,0.28,0
1578,7.885,7.885,7.985009,0.001648,0,0,0,-13.2,-3.5,1.65,0.3,0
1579,7.89,7.890001,7.990815,0.002452,9.999999992516e-07,0,-0.1,-13.2,-3.2,1.65,0.3,0
1580,7.895,7.895001,7.995738,0.002376,9.999999992516e-07,0,-0.1,-13.2,-2.9,1.66,0.3,0
1581,7.9,7.9,7.999827,0.001466,0,0,-0.1,-13.1,-3.1,1.65,0.3,0
1582,7.905,7.905001,8.005897,0.002535,1.00000000013978e-06,0,0,-13.1,-3,1.66,0.3,0.01
1583,7.91,7.91,8.010692,0.00233,0,0,0,-13.2,-3,1.67,0.3,0
1584,7.915,7.915,8.014684,0.001323,0,0,0,-13.2,-2.8,1.67,0.3,0
1585,7.92,7.92,8.019729,0.001367,0,0,0,-13.2,-3.6,1.66,0.32,0
1586,7.925,7.925,8.025837,0.002476,0,0,0,-13.1,-3.4,1.66,0.32,0
1587,7.93,7.930001,8.029712,0.00135,9.999999992516e-07,0,-0.1,-13.2,-4,1.66,0.33,0
1588,7.935,7.935001,8.034866,0.001503,9.999999992516e-07,0,0,-13.2,-3.7,1.66,0.32,0
1589,7.94,7.94,8.040807,0.002446,0,0,0,-13.2,-3.2,1.66,0.31,0.01
1590,7.945,7.945,8.0457,0.002339,0,0,0,-13.1,-4.2,1.66,0.32,0
1591,7.95,7.95,8.049687,0.001325,0,0,0.1,-13.1,-3.1,1.67,0.3,0.01
1592,7.955,7.955,8.054791,0.001429,0,0,0,-13.1,-3.4,1.67,0.32,0
1593,7.96,7.96,8.060823,0.002461,0,0,0,-13.1,-3.1,1.67,0.31,0
1594,7.965,7.965,8.064685,0.001324,0,0,0,-13.2,-3,1.67,0.31,0
1595,7.97,7.97,8.069986,0.001625,0,0,0.1,-13.2,-2.7,1.67,0.31,0.01
1596,7.975,7.975001,8.075887,0.002524,9.999999992516e-07,0,0.1,-13.2,-2.8,1.67,0.31,0.01
1597,7.98,7.98,8.079807,0.001446,0,0,0.2,-13.2,-2.7,1.67,0.31,0.01
1598,7.985,7.985,8.084844,0.001482,0,0,0.2,-13.2,-2.3,1.68,0.3,0.01
1599,7.99,7.99,8.090729,0.002368,0,0,0,-13.3,-2.8,1.68,0.31,0
1600,7.995,7.995,8.095698,0.002337,0,0,0,-13.2,-3.2,1.67,0.32,0
1601,8,8,8.099835,0.001475,0,0,0,-13.2,-3.5,1.67,0.32,0
1602,8.005,8.005,8.105802,0.00244,0,0,0,-13.2,-3,1.68,0.31,0
1603,8.01,8.01,8.110721,0.002361,0,0,0,-13.2,-2.3,1.68,0.3,0
1604,8.015,8.015,8.114748,0.001386,0,0,0,-13.3,-2.6,1.67,0.31,0
1605,8.02,8.02,8.119836,0.001475,0,0,0,-13.3,-2.5,1.68,0.31,0.01
1606,8.025,8.025,8.125763,0.002401,0,0,0,-13.3,-2.8,1.68,0.31,0
1607,8.03,8.03,8.129679,0.001318,0,0,0,-13.2,-2.5,1.69,0.3,0
1608,8.035,8.035,8.134723,0.001361,0,0,0,-13.3,-2,1.7,0.3,0.01
1609,8.04,8.040001,8.140741,0.002378,9.999999992516e-07,0,0,-13.3,-2.9,1.7,0.31,0.01
1610,8.045,8.045,8.1447,0.001339,0,0,0,-13.3,-2.5,1.71,0.3,0.01
1611,8.05,8.05,8.149767,0.001406,0,0,0,-13.4,-3.1,1.72,0.31,0
1612,8.055,8.055,8.155711,0.00235,0,0,0,-13.4,-3.3,1.73,0.3,0
1613,8.06,8.06,8.159684,0.001323,0,0,0,-13.4,-3.3,1.73,0.31,0
1614,8.065,8.065,8.164724,0.001362,0,0,-0.1,-13.5,-3.4,1.74,0.32,0
1615,8.07,8.07,8.170688,0.002327,0,0,0,-13.5,-3.4,1.75,0.31,0
1616,8.075,8.075,8.174678,0.001316,0,0,-0.1,-13.5,-3.5,1.76,0.31,0
1617,8.08,8.08,8.17978,0.00142,0,0,0,-13.5,-3.6,1.76,0.31,0
1618,8.085,8.085,8.185695,0.002334,0,0,0.1,-13.5,-3.4,1.76,0.3,0
1619,8.09,8.09,8.190764,0.002403,0,0,0,-13.5,-2.9,1.77,0.3,0
1620,8.095,8.095,8.194714,0.001353,0,0,0,-13.5,-3.1,1.78,0.3,0
1621,8.1,8.1,8.200723,0.002362,0,0,0,-13.5,-3.4,1.78,0.3,0
1622,8.105,8.105,8.20582,0.002459,0,0,0,-13.4,-3.6,1.77,0.3,0
1623,8.11,8.11,8.20968,0.001318,0,0,-0.1,-13.5,-3.2,1.77,0.3,0
1624,8.115,8.115,8.214761,0.0014,0,0,0,-13.6,-2.3,1.77,0.29,0.01
1625,8.12,8.120001,8.220735,0.002373,9.999999992516e-07,0,0,-13.6,-2.2,1.78,0.29,0
1626,8.125,8.125,8.22578,0.002418,0,0,0.1,-13.6,-2.7,1.76,0.29,0
1627,8.13,8.13,8.229757,0.001397,0,0,0,-13.5,-3,1.76,0.29,0
1628,8.135,8.135,8.234811,0.001449,0,0,0,-13.6,-3.5,1.75,0.3,0
1629,8.14,8.140001,8.240714,0.002352,9.999999992516e-07,0,0,-13.6,-3.5,1.74,0.3,0
1630,8.145,8.145,8.244773,0.001412,0,0,0,-13.6,-3,1.74,0.28,0
1631,8.15,8.15,8.249734,0.001373,0,0,0,-13.5,-3.3,1.73,0.28,0
1632,8.155,8.155,8.255707,0.002346,0,0,0,-13.3,-2.3,1.73,0.27,0
1633,8.16,8.160001,8.260863,0.002501,9.999999992516e-07,0,0,-13.3,-2.7,1.72,0.27,0
1634,8.165,8.165001,8.264709,0.001347,9.999999992516e-07,0,0,-13.4,-2.3,1.72,0.28,0
1635,8.17,8.17,8.27081,0.002449,0,0,0,-13.4,-2.7,1.72,0.28,0
1636,8.175,8.175,8.274738,0.001376,0,0,0,-13.3,-2.9,1.72,0.27,0
1637,8.18,8.18,8.279712,0.00135,0,0,0,-13.3,-3.1,1.72,0.27,-0.01
1638,8.185,8.185,8.285727,0.002366,0,0,-0.1,-13.3,-4.3,1.7,0.29,-0.02
1639,8.19,8.19,8.290715,0.002353,0,0,-0.1,-13.3,-3.9,1.71,0.28,-0.02
1640,8.195,8.195,8.294685,0.001324,0,0,-0.2,-13.3,-3.4,1.71,0.28,-0.02
1641,8.2,8.2,8.299692,0.001331,0,0,-0.1,-13.3,-2.9,1.72,0.27,-0.01
1642,8.205,8.205,8.305706,0.002345,0,0,-0.1,-13.3,-3,1.72,0.28,0
1643,8.21,8.210036,8.310858,0.002461,3.59999999997029e-05,0,-0.2,-13.3,-3.2,1.72,0.29,0
1644,8.215,8.215,8.314717,0.001355,0,0,-0.1,-13.4,-3.5,1.72,0.3,0
1645,8.22,8.22,8.31983,0.001469,0,0,-0.1,-13.4,-3.5,1.72,0.3,0
1646,8.225,8.225,8.32578,0.002418,0,0,0,-13.4,-3.9,1.72,0.3,0
1647,8.23,8.23,8.329834,0.001473,0,0,0,-13.4,-3.5,1.72,0.29,0
1648,8.235,8.235,8.334762,0.0014,0,0,0,-13.4,-3.2,1.72,0.28,0
1649,8.24,8.24,8.340709,0.002347,0,0,0,-13.2,-3.3,1.72,0.29,0
1650,8.245,8.245001,8.345723,0.00236,9.999999992516e-07,0,-0.1,-13.2,-3.2,1.72,0.3,0
1651,8.25,8.25,8.349687,0.001326,0,0,-0.1,-13.3,-2.9,1.73,0.31,0
1652,8.255,8.255,8.354768,0.001407,0,0,0,-13.4,-2.9,1.72,0.31,0
1653,8.26,8.26,8.360766,0.002404,0,0,0,-13.4,-3.6,1.71,0.32,0
1654,8.265,8.265001,8.364727,0.001365,9.999999992516e-07,0,0,-13.4,-3.9,1.7,0.32,0
1655,8.27,8.27,8.369714,0.001353,0,0,0,-13.5,-3.8,1.71,0.31,0
1656,8.275,8.275,8.375742,0.002381,0,0,0.2,-13.4,-3.7,1.71,0.31,0
1657,8.28,8.28,8.38073,0.002369,0,0,0.1,-13.4,-3.6,1.71,0.31,0
1658,8.285,8.285,8.384688,0.001327,0,0,0,-13.4,-3.2,1.72,0.31,0
1659,8.29,8.290001,8.389919,0.001556,9.999999992516e-07,0,0.2,-13.4,-2.5,1.72,0.29,0
1660,8.295,8.295,8.395732,0.002371,0,0,0.2,-13.4,-2.9,1.71,0.3,0
1661,8.3,8.3,8.39971,0.001349,0,0,0.3,-13.5,-2.5,1.72,0.29,0
1662,8.305,8.305,8.404837,0.001475,0,0,0.2,-13.4,-2.5,1.72,0.3,0
1663,8.31,8.31,8.410806,0.002444,0,0,0.2,-13.3,-2.2,1.72,0.29,0
1664,8.315,8.315,8.415801,0.00244,0,0,0.2,-13.3,-2.5,1.73,0.29,0
1665,8.32,8.32,8.419719,0.001358,0,0,0.2,-13.3,-2.6,1.73,0.28,0
1666,8.325,8.325,8.424949,0.001588,0,0,0,-13.3,-3.1,1.73,0.3,0
1667,8.33,8.33,8.43079,0.002428,0,0,0.1,-13.3,-2.1,1.74,0.28,0
1668,8.335,8.335,8.434696,0.001334,0,0,0,-13.3,-2.5,1.74,0.3,0
1669,8.34,8.34,8.439772,0.001411,0,0,-0.2,-13.4,-2.4,1.74,0.3,0
1670,8.345,8.345,8.445795,0.002434,0,0,0,-13.4,-3.1,1.73,0.3,0
1671,8.35,8.35,8.450757,0.002396,0,0,0,-13.4,-3,1.73,0.3,0
1672,8.355,8.355,8.454708,0.001346,0,0,0,-13.4,-3.8,1.73,0.3,0
1673,8.36,8.36,8.459758,0.001396,0,0,0,-13.3,-2.9,1.73,0.29,0
1674,8.365,8.365,8.465704,0.002342,0,0,0.1,-13.3,-2.4,1.73,0.27,0
1675,8.37,8.370001,8.469723,0.001361,9.999999992516e-07,0,-0.1,-13.3,-2.5,1.73,0.29,0
1676,8.375,8.375,8.47472,0.001358,0,0,0,-13.4,-2.8,1.73,0.29,0
1677,8.38,8.38,8.480728,0.002367,0,0,0,-13.5,-2.9,1.73,0.29,0
1678,8.385,8.385,8.484672,0.001311,0,0,0.1,-13.4,-2.9,1.73,0.29,0
1679,8.39,8.39,8.489771,0.001409,0,0,0.1,-13.3,-3.3,1.73,0.29,0
1680,8.395,8.395,8.495763,0.002402,0,0,0,-13.4,-3,1.74,0.3,0
1681,8.4,8.4,8.500709,0.002348,0,0,0,-13.5,-2.7,1.75,0.29,0
1682,8.405,8.405,8.504679,0.001318,0,0,0,-13.5,-3.3,1.75,0.3,0
1683,8.41,8.41,8.509781,0.001419,0,0,-0.1,-13.6,-4.1,1.75,0.32,0
1684,8.415,8.415001,8.51572,0.002358,9.999999992516e-07,0,0,-13.6,-3.4,1.76,0.31,0
1685,8.42,8.42,8.519672,0.00131,0,0,0,-13.5,-2.9,1.76,0.3,0
1686,8.425,8.425,8.524857,0.001495,0,0,0,-13.5,-3,1.76,0.3,0
1687,8.43,8.43,8.530732,0.002371,0,0,0,-13.5,-3.1,1.76,0.31,0
1688,8.435,8.435,8.535726,0.002365,0,0,0,-13.5,-3.7,1.76,0.31,0
1689,8.44,8.44,8.539689,0.001328,0,0,0,-13.5,-3.9,1.76,0.32,0
1690,8.445,8.445,8.544729,0.001369,0,0,-0.1,-13.5,-4,1.76,0.33,0
1691,8.45,8.45,8.550817,0.002457,0,0,0,-13.4,-3.6,1.76,0.32,0
1692,8.455,8.455,8.554727,0.001366,0,0,0,-13.4,-3,1.76,0.3,0
1693,8.46,8.46,8.559738,0.001377,0,0,0,-13.4,-2.9,1.76,0.29,0
1694,8.465,8.465,8.565697,0.002336,0,0,0,-13.4,-2.9,1.76,0.29,0
1695,8.47,8.47,8.569786,0.001425,0,0,0,-13.4,-3.1,1.76,0.3,0
1696,8.475,8.475,8.574735,0.001375,0,0,0,-13.4,-3.7,1.76,0.31,0
1697,8.48,8.48,8.580718,0.002357,0,0,0,-13.5,-3.3,1.76,0.3,0
1698,8.485,8.485,8.585689,0.002328,0,0,0,-13.5,-3.7,1.77,0.31,0
1699,8.49,8.49,8.589648,0.001287,0,0,0,-13.5,-3.9,1.76,0.31,0
1700,8.495,8.495001,8.594818,0.001456,9.999999992516e-07,0,0,-13.5,-3.9,1.76,0.32,0
1701,8.5,8.5,8.600829,0.002468,0,0,0,-13.6,-3.9,1.77,0.31,0
1702,8.505,8.505,8.604697,0.001336,0,0,0,-13.6,-4.4,1.77,0.32,-0.01
1703,8.51,8.51,8.609679,0.001318,0,0,0,-13.5,-3.2,1.78,0.31,0
1704,8.515,8.515,8.615823,0.002462,0,0,0.1,-13.6,-3.4,1.78,0.31,0
1705,8.52,8.52,8.620711,0.00235,0,0,0.1,-13.6,-2.8,1.79,0.3,0
1706,8.525,8.525,8.624732,0.00137,0,0,0,-13.6,-2.9,1.79,0.32,0
1707,8.53,8.53,8.629805,0.001443,0,0,0,-13.6,-3.3,1.79,0.33,0
1708,8.535,8.535,8.635828,0.002466,0,0,-0.1,-13.5,-3,1.79,0.32,0
1709,8.54,8.540001,8.639744,0.001382,9.999999992516e-07,0,0,-13.5,-2.7,1.8,0.32,0
1710,8.545,8.545,8.644713,0.001353,0,0,0,-13.5,-3,1.8,0.31,0
1711,8.55,8.55,8.649927,0.001565,0,0,0,-13.7,-2.7,1.8,0.32,0
1712,8.555,8.555,8.655813,0.002451,0,0,0,-13.7,-3.1,1.8,0.33,0
1713,8.56,8.56,8.659701,0.00134,0,0,0.1,-13.6,-3.2,1.8,0.33,0
1714,8.565,8.565,8.664799,0.001438,0,0,0,-13.6,-3.3,1.79,0.33,0
1715,8.57,8.57,8.670722,0.002361,0,0,0,-13.6,-2.6,1.8,0.33,0.01
1716,8.575,8.575001,8.67476,0.001398,9.999999992516e-07,0,0.1,-13.6,-2.7,1.79,0.33,0.01
1717,8.58,8.58,8.679694,0.001333,0,0,0,-13.7,-2.4,1.8,0.33,0.01
1718,8.585,8.585,8.685759,0.002398,0,0,0.1,-13.6,-3.1,1.79,0.33,0.01
1719,8.59,8.59,8.690781,0.00242,0,0,0.1,-13.7,-3.1,1.79,0.33,0
1720,8.595,8.595,8.694807,0.001445,0,0,0.1,-13.7,-3,1.79,0.33,0.01
1721,8.6,8.6,8.699807,0.001446,0,0,0.2,-13.7,-3.1,1.78,0.33,0.01
1722,8.605,8.605,8.705706,0.002345,0,0,0.1,-13.6,-3.7,1.77,0.34,0
1723,8.61,8.61,8.709679,0.001318,0,0,0.1,-13.6,-4.2,1.77,0.34,0
1724,8.615,8.615,8.714733,0.001371,0,0,0,-13.5,-4.2,1.77,0.35,0
1725,8.62,8.620001,8.720694,0.002332,9.999999992516e-07,0,0.1,-13.5,-3.5,1.78,0.34,0.01
1726,8.625,8.625,8.724682,0.00132,0,0,0.1,-13.5,-3.5,1.77,0.34,0.01
1727,8.63,8.63,8.729806,0.001444,0,0,0.2,-13.4,-3.5,1.76,0.34,0
1728,8.635,8.635,8.735701,0.002341,0,0,0.1,-13.5,-3.9,1.76,0.34,0
1729,8.64,8.64,8.740792,0.00243,0,0,0.2,-13.5,-3.9,1.76,0.34,0
1730,8.645,8.645,8.744802,0.001441,0,0,0,-13.5,-4.2,1.76,0.35,0
1731,8.65,8.65,8.749729,0.001367,0,0,0.1,-13.5,-4.2,1.76,0.35,0.01
1732,8.655,8.655,8.755711,0.002349,0,0,0.1,-13.5,-2.8,1.77,0.33,0.01
1733,8.66,8.66,8.76069,0.002329,0,0,0.1,-13.5,-2.9,1.77,0.34,0.01
1734,8.665,8.665001,8.764672,0.001309,9.999999992516e-07,0,0.1,-13.5,-2.8,1.77,0.34,0.01
1735,8.67,8.67,8.769789,0.001428,0,0,0,-13.5,-3.1,1.77,0.33,0.01
1736,8.675,8.675,8.775719,0.002357,0,0,0.1,-13.5,-2.4,1.78,0.33,0.01
1737,8.68,8.68,8.779874,0.001514,0,0,0.2,-13.5,-3.2,1.77,0.34,0.01
1738,8.685,8.685,8.784741,0.00138,0,0,0.1,-13.5,-3.5,1.78,0.35,0.01
1739,8.69,8.69,8.790719,0.002358,0,0,0.1,-13.5,-3.3,1.77,0.35,0.01
1740,8.695,8.695,8.794668,0.001308,0,0,0.1,-13.5,-2.3,1.78,0.34,0.01
1741,8.7,8.700001,8.799741,0.001379,9.999999992516e-07,0,0.3,-13.5,-2.8,1.78,0.32,0.01
1742,8.705,8.705,8.806094,0.002735,0,0,0.2,-13.5,-2.3,1.78,0.32,0.01
1743,8.71,8.710001,8.810955,0.002593,9.999999992516e-07,0,0.2,-13.4,-2.3,1.77,0.32,0.01
1744,8.715,8.715,8.814706,0.001344,0,0,0.3,-13.4,-2.1,1.77,0.31,0.01
1745,8.72,8.72,8.819852,0.001491,0,0,0.1,-13.4,-2.3,1.77,0.33,0.01
1746,8.725,8.725,8.826033,0.002672,0,0,0.2,-13.5,-3.4,1.77,0.35,0.01
1747,8.73,8.730001,8.829825,0.001463,9.999999992516e-07,0,0.2,-13.5,-3.3,1.77,0.34,0.01
1748,8.735,8.735,8.834777,0.001415,0,0,0.2,-13.5,-3.4,1.76,0.34,0
1749,8.74,8.74,8.840757,0.002396,0,0,0.2,-13.6,-3,1.77,0.34,0.01
1750,8.745,8.745001,8.845703,0.002341,9.999999992516e-07,0,0.1,-13.6,-3.2,1.77,0.34,0
1751,8.75,8.75,8.849707,0.001346,0,0,0.1,-13.6,-3.5,1.77,0.35,0
1752,8.755,8.755,8.854849,0.001488,0,0,0.2,-13.5,-3.4,1.77,0.34,0
1753,8.76,8.76,8.860723,0.002361,0,0,0.1,-13.5,-2.9,1.77,0.34,0.01
1754,8.765,8.765,8.864687,0.001325,0,0,0.1,-13.5,-3.3,1.77,0.33,0
1755,8.77,8.77,8.869694,0.001332,0,0,0.2,-13.5,-2.8,1.78,0.32,0
1756,8.775,8.775,8.875753,0.002391,0,0,0.1,-13.5,-3.1,1.78,0.32,0
1757,8.78,8.78,8.880701,0.00234,0,0,0.1,-13.5,-3.2,1.78,0.33,0
1758,8.785,8.785,8.884772,0.00141,0,0,0.2,-13.5,-2.8,1.78,0.32,0
1759,8.79,8.790001,8.889807,0.001445,9.999999992516e-07,0,0.1,-13.5,-2.8,1.78,0.33,0.01
1760,8.795,8.795001,8.895825,0.002463,9.999999992516e-07,0,0.2,-13.5,-2.7,1.78,0.33,0.01
1761,8.8,8.8,8.899752,0.00139,0,0,0,-13.6,-2.9,1.78,0.34,0.01
1762,8.805,8.805,8.904805,0.001443,0,0,0.2,-13.6,-2.7,1.79,0.33,0.01
1763,8.81,8.81,8.910769,0.002407,0,0,0.2,-13.6,-2.8,1.79,0.34,0
1764,8.815,8.815001,8.91574,0.002378,1.00000000102796e-06,0,0.3,-13.6,-2.8,1.78,0.34,0.01
1765,8.82,8.82,8.919685,0.001324,0,0,0.3,-13.6,-2.6,1.79,0.34,0.01
1766,8.825,8.825001,8.924852,0.001489,9.999999992516e-07,0,0.3,-13.7,-2.6,1.79,0.34,0.01
1767,8.83,8.83,8.930768,0.002407,0,0,0.3,-13.7,-2.8,1.8,0.35,0.01
1768,8.835,8.835,8.934697,0.001335,0,0,0.3,-13.6,-2.8,1.8,0.35,0.01
1769,8.84,8.84,8.939765,0.001403,0,0,0.3,-13.7,-2.9,1.8,0.35,0.01
1770,8.845,8.845,8.945715,0.002353,0,0,0.2,-13.6,-2.6,1.81,0.35,0.01
1771,8.85,8.85,8.950702,0.002341,0,0,0.3,-13.7,-2.8,1.81,0.35,0.01
1772,8.855,8.855,8.954743,0.001382,0,0,0.3,-13.9,-2.5,1.81,0.35,0.01
1773,8.86,8.86,8.960781,0.00242,0,0,0.2,-13.8,-3.1,1.81,0.36,0.01
1774,8.865,8.865,8.965693,0.002332,0,0,0.2,-13.8,-2.7,1.82,0.35,0.01
1775,8.87,8.870001,8.969827,0.001465,9.999999992516e-07,0,0.1,-13.9,-2.2,1.82,0.35,0.02
1776,8.875,8.875,8.974808,0.001446,0,0,0,-13.8,-3.5,1.81,0.37,0.01
1777,8.88,8.88,8.980793,0.002431,0,0,0,-13.8,-3.3,1.81,0.36,0.02
1778,8.885,8.885,8.984693,0.001332,0,0,0,-13.7,-3.5,1.81,0.36,0.01
1779,8.89,8.89,8.989741,0.00138,0,0,0.1,-13.7,-3.4,1.81,0.36,0.01
1780,8.895,8.895,8.995721,0.00236,0,0,0.1,-13.6,-3.2,1.82,0.36,0.01
1781,8.9,8.9,8.999709,0.001348,0,0,0.1,-13.7,-2.8,1.82,0.35,0.01
1782,8.905,8.905,9.004822,0.001461,0,0,0.1,-13.7,-2.5,1.82,0.35,0.01
1783,8.91,8.91,9.009877,0.001517,0,0,0.3,-13.7,-2.2,1.81,0.33,0.01
1784,8.915,8.915001,9.015722,0.00236,9.999999992516e-07,0,0.3,-13.6,-1.9,1.82,0.33,0.02
1785,8.92,8.92,9.019781,0.00142,0,0,0.1,-13.7,-2.6,1.81,0.34,0.01
1786,8.925,8.925001,9.024839,0.001477,9.999999992516e-07,0,0.1,-13.7,-3,1.8,0.35,0.01
1787,8.93,8.93,9.030748,0.002387,0,0,0.1,-13.6,-3,1.79,0.35,0
1788,8.935,8.935,9.035739,0.002378,0,0,0,-13.8,-2.9,1.79,0.35,0
1789,8.94,8.940001,9.039785,0.001423,1.00000000102796e-06,0,0,-13.8,-2.3,1.79,0.34,0
1790,8.945,8.945,9.045737,0.002376,0,0,0,-13.6,-2.1,1.79,0.33,0.01
1791,8.95,8.950001,9.050715,0.002352,9.999999992516e-07,0,0,-13.6,-1.9,1.79,0.33,0.01
1792,8.955,8.955,9.054747,0.001386,0,0,0.1,-13.6,-2.9,1.78,0.35,0.01
1793,8.96,8.96,9.059828,0.001467,0,0,0,-13.6,-2.9,1.78,0.35,0.01
1794,8.965,8.965,9.065835,0.002474,0,0,0.1,-13.6,-3.3,1.78,0.35,0
1795,8.97,8.97,9.069686,0.001326,0,0,0.1,-13.5,-3.5,1.77,0.35,0
1796,8.975,8.975,9.074774,0.001412,0,0,0.1,-13.7,-3.4,1.78,0.34,0.01
1797,8.98,8.98,9.080827,0.002465,0,0,0.1,-13.7,-3.3,1.78,0.35,0
1798,8.985,8.985,9.085694,0.002333,0,0,0.3,-13.6,-2.4,1.79,0.32,0.01
1799,8.99,8.99,9.089684,0.001323,0,0,0.4,-13.5,-2.5,1.78,0.32,0.01
1800,8.995,8.995001,9.094776,0.001414,9.999999992516e-07,0,0.3,-13.5,-1.6,1.79,0.3,0.01
1801,9,9,9.10072,0.002359,0,0,0.2,-13.5,-2.1,1.79,0.31,0.01
1802,9.005,9.005,9.104696,0.001335,0,0,0.2,-13.5,-2.4,1.8,0.31,0
1803,9.01,9.01,9.109699,0.001338,0,0,0.3,-13.4,-2.7,1.8,0.32,0
1804,9.015,9.015,9.115709,0.002348,0,0,0.2,-13.5,-3.6,1.8,0.33,0
1805,9.02,9.02,9.119791,0.001431,0,0,0.3,-13.6,-3.5,1.8,0.32,0
1806,9.025,9.025,9.124781,0.001419,0,0,0.3,-13.6,-3.3,1.81,0.32,0
1807,9.03,9.03,9.130752,0.002391,0,0,0.2,-13.6,-3.4,1.81,0.33,0
1808,9.035,9.035,9.135708,0.002347,0,0,0.2,-13.7,-3,1.82,0.33,0
1809,9.04,9.040001,9.139721,0.001357,9.999999992516e-07,0,0.1,-13.7,-3.4,1.82,0.33,0
1810,9.045,9.045,9.14483,0.001469,0,0,0.1,-13.8,-3.8,1.82,0.35,0
1811,9.05,9.05,9.150794,0.002433,0,0,0.1,-13.8,-3.7,1.82,0.35,0
1812,9.055,9.055001,9.155816,0.002454,1.00000000102796e-06,0,0.1,-13.9,-3.2,1.83,0.34,0
1813,9.06,9.06,9.159688,0.001327,0,0,0,-13.8,-3.6,1.83,0.35,0
1814,9.065,9.065,9.165026,0.001665,0,0,0,-13.8,-3.6,1.83,0.34,0
1815,9.07,9.07,9.170745,0.002385,0,0,0.1,-13.7,-3.3,1.83,0.33,0
1816,9.075,9.075001,9.174716,0.001354,9.999999992516e-07,0,0.2,-13.7,-3.8,1.82,0.34,0
1817,9.08,9.08,9.179818,0.001457,0,0,0.3,-13.8,-3.3,1.82,0.33,0
1818,9.085,9.085,9.185763,0.002402,0,0,0.2,-13.8,-3.3,1.82,0.33,0
1819,9.09,9.09,9.19073,0.002369,0,0,0.1,-13.8,-3,1.82,0.33,0
1820,9.095,9.095,9.194674,0.001313,0,0,0,-13.8,-3,1.83,0.33,0
1821,9.1,9.1,9.200694,0.002333,0,0,0,-13.8,-2.9,1.84,0.32,0
1822,9.105,9.105,9.205712,0.002351,0,0,0,-13.8,-3.2,1.83,0.33,0
1823,9.11,9.11,9.209678,0.001317,0,0,0,-13.8,-3.3,1.83,0.33,0
1824,9.115,9.115,9.214766,0.001405,0,0,0,-13.8,-2.6,1.85,0.32,0
1825,9.12,9.120001,9.220691,0.002329,9.999999992516e-07,0,0.1,-13.8,-3.4,1.84,0.33,0
1826,9.125,9.125,9.225689,0.002328,0,0,0.2,-13.8,-3.4,1.85,0.33,0
1827,9.13,9.13,9.229717,0.001356,0,0,0,-13.8,-3.4,1.84,0.34,0
1828,9.135,9.135,9.234856,0.001495,0,0,0.2,-13.8,-3.1,1.84,0.33,0
1829,9.14,9.14,9.24072,0.002359,0,0,0.1,-13.8,-3.3,1.84,0.34,0
1830,9.145,9.145,9.244667,0.001305,0,0,0,-13.9,-3,1.84,0.34,0
1831,9.15,9.15,9.249811,0.00145,0,0,0,-13.9,-2.9,1.83,0.34,0.01
1832,9.155,9.155,9.255875,0.002514,0,0,0.1,-13.9,-3.2,1.83,0.35,0
1833,9.16,9.16,9.260822,0.002461,0,0,0.3,-13.8,-2.8,1.83,0.34,0.01
1834,9.165,9.165001,9.264696,0.001334,9.999999992516e-07,0,0.2,-13.8,-2.9,1.83,0.35,0.01
1835,9.17,9.17,9.270756,0.002395,0,0,0.1,-13.8,-2.7,1.83,0.35,0.01
1836,9.175,9.175,9.27579,0.002428,0,0,0.1,-13.8,-2.6,1.83,0.35,0.01
1837,9.18,9.18,9.279912,0.001551,0,0,0.3,-13.7,-3.3,1.82,0.35,0.01
1838,9.185,9.185001,9.284812,0.00145,9.999999992516e-07,0,0.1,-13.7,-3.6,1.81,0.36,0.01
1839,9.19,9.19,9.290804,0.002442,0,0,0.2,-13.7,-3.1,1.82,0.35,0.01
1840,9.195,9.195,9.294678,0.001317,0,0,0.3,-13.7,-3.2,1.82,0.35,0.01
1841,9.2,9.200001,9.29997,0.001607,9.999999992516e-07,0,0.4,-13.7,-3.3,1.82,0.35,0.01
1842,9.205,9.205,9.305791,0.002431,0,0,0.2,-13.7,-3.8,1.82,0.36,0.01
1843,9.21,9.21,9.310751,0.002389,0,0,0.2,-13.7,-3.4,1.82,0.36,0.02
1844,9.215,9.215,9.314707,0.001346,0,0,0.3,-13.7,-3.1,1.82,0.35,0.02
1845,9.22,9.22,9.320684,0.002323,0,0,0.4,-13.7,-2.8,1.83,0.34,0.02
1846,9.225,9.225,9.325695,0.002333,0,0,0.3,-13.8,-2.7,1.83,0.36,0.02
1847,9.23,9.23,9.329668,0.001307,0,0,0.3,-13.8,-2.8,1.83,0.36,0.01
1848,9.235,9.235,9.334772,0.001411,0,0,0.2,-13.7,-2.1,1.84,0.35,0.02
1849,9.24,9.24,9.34078,0.002418,0,0,0.3,-13.7,-2.6,1.84,0.35,0.01
1850,9.245,9.245001,9.344782,0.00142,9.999999992516e-07,0,0.2,-13.8,-3.1,1.84,0.36,0.01
1851,9.25,9.25,9.349884,0.001522,0,0,0,-13.7,-3.7,1.84,0.37,0.01
1852,9.255,9.255,9.355725,0.002364,0,0,0.1,-13.7,-3.7,1.85,0.36,0
1853,9.26,9.26,9.360728,0.002367,0,0,0.2,-13.8,-2.9,1.85,0.35,0.01
1854,9.265,9.265,9.364761,0.0014,0,0,0.3,-13.8,-2.7,1.86,0.34,0.01
1855,9.27,9.27,9.369762,0.001401,0,0,0.1,-13.8,-3.2,1.86,0.35,0.01
1856,9.275,9.275,9.375936,0.002574,0,0,0.2,-13.9,-3.4,1.86,0.35,0
1857,9.28,9.28,9.379746,0.001385,0,0,0.1,-13.9,-3.5,1.86,0.35,0
1858,9.285,9.285,9.384863,0.001501,0,0,0,-13.9,-3.3,1.87,0.35,0
1859,9.29,9.290001,9.390791,0.002428,9.999999992516e-07,0,0,-13.9,-3.4,1.87,0.35,0
1860,9.295,9.295,9.395695,0.002334,0,0,0,-13.9,-3.4,1.87,0.35,0
1861,9.3,9.3,9.399685,0.001324,0,0,0,-13.9,-4.2,1.87,0.36,0
1862,9.305,9.305,9.404788,0.001428,0,0,0.2,-13.8,-3.5,1.88,0.34,0
1863,9.31,9.31,9.410726,0.002365,0,0,0.3,-13.9,-3.2,1.89,0.33,0
1864,9.315,9.315,9.414721,0.00136,0,0,0.2,-13.8,-3.3,1.88,0.33,0
1865,9.32,9.32,9.419746,0.001385,0,0,0,-14,-3.8,1.88,0.35,0
1866,9.325,9.325001,9.426015,0.002652,9.999999992516e-07,0,0.2,-13.9,-3.1,1.88,0.32,0
1867,9.33,9.33,9.429722,0.00136,0,0,0.2,-13.8,-3.4,1.86,0.32,0
1868,9.335,9.335,9.434744,0.001382,0,0,0,-13.9,-3.5,1.85,0.32,0
1869,9.34,9.340001,9.440816,0.002454,1.00000000102796e-06,0,0,-13.8,-3.8,1.85,0.33,-0.01
1870,9.345,9.345,9.445726,0.002365,0,0,0,-13.7,-2.8,1.84,0.31,0
1871,9.35,9.35,9.449704,0.001342,0,0,0,-13.6,-2.7,1.82,0.29,0
1872,9.355,9.355,9.454819,0.001458,0,0,0,-13.6,-2.3,1.81,0.28,0
1873,9.36,9.36,9.46072,0.002358,0,0,0,-13.5,-2.2,1.78,0.27,-0.01
1874,9.365,9.365,9.464849,0.001487,0,0,0,-13.4,-3,1.74,0.27,-0.01
1875,9.37,9.370001,9.469797,0.001434,9.999999992516e-07,0,-0.1,-13.4,-2.9,1.72,0.28,-0.01
1876,9.375,9.375,9.475757,0.002396,0,0,-0.2,-13.4,-3.3,1.69,0.29,-0.02
1877,9.38,9.38,9.479763,0.001402,0,0,-0.2,-13.2,-2.8,1.66,0.28,-0.02
1878,9.385,9.385,9.484751,0.001389,0,0,-0.2,-13.1,-3.4,1.62,0.28,-0.02
1879,9.39,9.39,9.490788,0.002427,0,0,-0.2,-12.9,-3.2,1.57,0.28,-0.02
1880,9.395,9.395001,9.495789,0.002427,1.00000000102796e-06,0,-0.1,-12.7,-3,1.54,0.27,-0.02
1881,9.4,9.4,9.499812,0.001451,0,0,-0.1,-12.5,-3.1,1.48,0.27,-0.02
1882,9.405,9.405,9.505014,0.001653,0,0,-0.2,-12.2,-2.9,1.43,0.26,-0.01
1883,9.41,9.41,9.510758,0.002396,0,0,-0.1,-12,-3.4,1.38,0.27,-0.01
1884,9.415,9.415001,9.515717,0.002355,9.999999992516e-07,0,-0.1,-11.6,-3.3,1.34,0.26,-0.01
1885,9.42,9.42,9.519681,0.00132,0,0,0,-11.3,-3.4,1.29,0.25,-0.02
1886,9.425,9.425,9.524782,0.001421,0,0,-0.1,-11.1,-2.7,1.26,0.25,-0.02
1887,9.43,9.43,9.530773,0.002412,0,0,0,-11.1,-3.3,1.23,0.24,-0.02
1888,9.435,9.435,9.535712,0.00235,0,0,-0.2,-12.2,-3.4,1.19,0.25,-0.04
1889,9.44,9.44,9.539695,0.001334,0,0,-0.5,-11.8,-3,1.18,0.24,-0.03
1890,9.445,9.445,9.545742,0.00238,0,0,-0.5,-11.6,-3.1,1.17,0.23,-0.03
1891,9.45,9.450001,9.550733,0.00237,9.999999992516e-07,0,-0.4,-10.8,-3.5,1.11,0.23,-0.03
1892,9.455,9.455,9.554713,0.001352,0,0,-0.4,-10.9,-3.5,1.08,0.24,-0.03
1893,9.46,9.46,9.559776,0.001414,0,0,-0.5,-10.6,-3.3,1.03,0.23,-0.03
1894,9.465,9.465,9.565759,0.002398,0,0,-0.3,-10.5,-2.9,1.02,0.21,-0.02
1895,9.47,9.47,9.569732,0.001371,0,0,-0.5,-10.5,-3.3,1.02,0.22,-0.03
1896,9.475,9.475,9.574801,0.001439,0,0,-0.6,-10.3,-3.3,1.01,0.22,-0.03
1897,9.48,9.48,9.579936,0.001575,0,0,-0.2,-10.4,-1.9,1.02,0.2,-0.03
1898,9.485,9.485,9.585767,0.002406,0,0,-0.2,-10.6,-1.6,1.04,0.19,-0.03
1899,9.49,9.49,9.590772,0.002411,0,0,-0.2,-11.2,-1.4,1.1,0.17,-0.02
1900,9.495,9.495001,9.594705,0.001344,9.999999992516e-07,0,-0.3,-11.1,-1.6,1.12,0.17,-0.03
1901,9.5,9.5,9.600699,0.002338,0,0,-0.5,-11,-2.4,1.09,0.19,-0.04
1902,9.505,9.505,9.605768,0.002406,0,0,-0.5,-10.7,-3.1,1.05,0.19,-0.04
1903,9.51,9.51,9.609706,0.001345,0,0,-0.4,-10.4,-2.6,1.04,0.18,-0.04
1904,9.515,9.515,9.614743,0.001381,0,0,-0.6,-10.5,-2.6,1.05,0.19,-0.04
1905,9.52,9.52,9.620765,0.002403,0,0,-0.6,-10.8,-2.6,1.06,0.19,-0.04
1906,9.525,9.525,9.625712,0.002351,0,0,-0.6,-11,-2.7,1.08,0.2,-0.04
1907,9.53,9.53,9.629811,0.001449,0,0,-0.5,-11,-2.9,1.08,0.2,-0.04
1908,9.535,9.535,9.635042,0.00168,0,0,-0.6,-10.9,-2.6,1.07,0.21,-0.05
1909,9.54,9.540001,9.640774,0.002411,9.999999992516e-07,0,-0.7,-10.8,-2.9,1.06,0.21,-0.05
1910,9.545,9.545,9.644686,0.001325,0,0,-0.7,-10.8,-3.3,1.05,0.2,-0.05
1911,9.55,9.55,9.64974,0.001379,0,0,-0.6,-10.8,-2.8,1.07,0.2,-0.05
1912,9.555,9.555,9.655694,0.002333,0,0,-0.5,-10.8,-3.1,1.07,0.2,-0.05
1913,9.56,9.56,9.65968,0.001319,0,0,-0.4,-10.7,-2.6,1.07,0.2,-0.04
1914,9.565,9.565,9.664691,0.001329,0,0,-0.4,-10.7,-2.7,1.06,0.19,-0.04
1915,9.57,9.57,9.669749,0.001387,0,0,-0.3,-10.8,-2.6,1.07,0.19,-0.03
1916,9.575,9.575001,9.675758,0.002395,9.999999992516e-07,0,-0.4,-10.9,-2.6,1.08,0.19,-0.03
1917,9.58,9.58,9.679683,0.001323,0,0,-0.5,-11,-3,1.09,0.2,-0.04
1918,9.585,9.585,9.684691,0.00133,0,0,-0.5,-11,-3.2,1.08,0.2,-0.04
1919,9.59,9.59,9.690702,0.00234,0,0,-0.6,-10.8,-2.9,1.08,0.2,-0.04
1920,9.595,9.595,9.695733,0.002372,0,0,-0.7,-10.8,-2.3,1.07,0.2,-0.04
1921,9.6,9.6,9.699714,0.001353,0,0,-0.5,-10.7,-2.6,1.06,0.2,-0.04
1922,9.605,9.605,9.705795,0.002434,0,0,-0.4,-10.7,-3,1.05,0.19,-0.04
1923,9.61,9.61,9.710709,0.002349,0,0,-0.4,-10.9,-2.9,1.07,0.2,-0.04
1924,9.615,9.615,9.714684,0.001323,0,0,-0.4,-11,-2.9,1.07,0.21,-0.04
1925,9.62,9.620001,9.71979,0.001427,9.999999992516e-07,0,-0.5,-11,-3.1,1.08,0.2,-0.04
1926,9.625,9.625,9.725782,0.002421,0,0,-0.6,-11,-2.9,1.07,0.2,-0.04
1927,9.63,9.63,9.729714,0.001353,0,0,-0.6,-10.8,-3.1,1.06,0.2,-0.04
1928,9.635,9.635,9.734857,0.001495,0,0,-0.5,-10.7,-2.6,1.06,0.2,-0.04
1929,9.64,9.64,9.740728,0.002366,0,0,-0.4,-10.8,-2.3,1.06,0.19,-0.03
1930,9.645,9.645,9.744667,0.001305,0,0,-0.3,-10.7,-2.5,1.06,0.19,-0.03
1931,9.65,9.65,9.74982,0.001458,0,0,-0.3,-10.7,-2,1.07,0.18,-0.03
1932,9.655,9.655,9.754782,0.00142,0,0,-0.3,-10.7,-2.1,1.06,0.18,-0.04
1933,9.66,9.66,9.760712,0.00235,0,0,-0.4,-10.8,-2.4,1.06,0.2,-0.04
1934,9.665,9.665001,9.764697,0.001335,9.999999992516e-07,0,-0.4,-10.8,-2.7,1.06,0.21,-0.04
1935,9.67,9.67,9.769688,0.001327,0,0,-0.5,-10.9,-2.5,1.06,0.2,-0.03
1936,9.675,9.675,9.775722,0.002361,0,0,-0.5,-10.9,-2.4,1.06,0.2,-0.03
1937,9.68,9.68,9.780722,0.002361,0,0,-0.6,-10.7,-2.5,1.06,0.19,-0.04
1938,9.685,9.685,9.784665,0.001304,0,0,-0.5,-10.7,-2.6,1.06,0.19,-0.04
1939,9.69,9.69,9.789761,0.001399,0,0,-0.3,-10.7,-2.5,1.05,0.19,-0.04
1940,9.695,9.695,9.79577,0.002408,0,0,-0.4,-10.7,-2.8,1.05,0.2,-0.04
1941,9.7,9.700001,9.799696,0.001334,9.999999992516e-07,0,-0.3,-10.8,-2.4,1.06,0.19,-0.04
1942,9.705,9.705,9.8047,0.00134,0,0,-0.3,-10.8,-2.7,1.07,0.19,-0.04
1943,9.71,9.71,9.810738,0.002377,0,0,-0.4,-10.9,-3,1.07,0.2,-0.04
1944,9.715,9.715,9.815747,0.002385,0,0,-0.4,-10.8,-2.6,1.06,0.2,-0.04
1945,9.72,9.72,9.819699,0.001337,0,0,-0.4,-10.7,-1.9,1.06,0.19,-0.04
1946,9.725,9.725,9.824747,0.001385,0,0,-0.5,-10.7,-2,1.06,0.2,-0.04
1947,9.73,9.73,9.83071,0.002349,0,0,-0.6,-10.7,-2.7,1.05,0.2,-0.04
1948,9.735,9.735,9.834675,0.001313,0,0,-0.5,-10.8,-2.6,1.06,0.2,-0.04
1949,9.74,9.74,9.839703,0.001341,0,0,-0.4,-10.8,-2.8,1.06,0.2,-0.04
1950,9.745,9.745001,9.845736,0.002373,9.999999992516e-07,0,-0.5,-10.8,-2.7,1.06,0.2,-0.04
1951,9.75,9.75,9.850727,0.002367,0,0,-0.5,-10.8,-3,1.05,0.2,-0.04
1952,9.755,9.755,9.854769,0.001408,0,0,-0.4,-10.9,-3.1,1.05,0.2,-0.04
1953,9.76,9.76,9.859813,0.001451,0,0,-0.3,-10.8,-3,1.05,0.19,-0.04
1954,9.765,9.765,9.864959,0.001598,0,0,-0.5,-10.8,-3,1.06,0.21,-0.03
1955,9.77,9.77,9.870706,0.002344,0,0,-0.5,-10.7,-2.8,1.06,0.2,-0.04
1956,9.775,9.775,9.874687,0.001326,0,0,-0.4,-10.7,-2.9,1.05,0.2,-0.03
1957,9.78,9.78,9.880691,0.00233,0,0,-0.4,-10.7,-2.7,1.06,0.2,-0.03
1958,9.785,9.785,9.885813,0.002452,0,0,-0.4,-10.8,-2.7,1.06,0.2,-0.04
1959,9.79,9.790001,9.889744,0.001381,9.999999992516e-07,0,-0.5,-10.8,-3,1.06,0.2,-0.04
1960,9.795,9.795,9.894758,0.001396,0,0,-0.3,-10.8,-2.2,1.07,0.18,-0.04
1961,9.8,9.8,9.900757,0.002395,0,0,-0.2,-10.7,-2,1.07,0.18,-0.04
1962,9.805,9.805,9.904686,0.001325,0,0,-0.2,-10.6,-2.1,1.06,0.18,-0.04
1963,9.81,9.81,9.909684,0.001323,0,0,-0.3,-10.7,-2,1.06,0.18,-0.03
1964,9.815,9.815,9.915721,0.002359,0,0,-0.4,-10.8,-2.3,1.06,0.19,-0.03
1965,9.82,9.82,9.920758,0.002396,0,0,-0.5,-10.8,-2.7,1.06,0.2,-0.04
1966,9.825,9.825001,9.924741,0.001379,9.999999992516e-07,0,-0.5,-10.7,-2.8,1.06,0.2,-0.04
1967,9.83,9.83,9.929761,0.0014,0,0,-0.6,-10.8,-2.8,1.06,0.21,-0.04
1968,9.835,9.835,9.935718,0.002356,0,0,-0.6,-10.8,-2.9,1.06,0.21,-0.04
1969,9.84,9.84,9.939734,0.001372,0,0,-0.5,-10.7,-3.3,1.06,0.21,-0.04
1970,9.845,9.845,9.944691,0.001331,0,0,-0.5,-10.7,-3.5,1.05,0.21,-0.05
1971,9.85,9.85,9.949872,0.001511,0,0,-0.4,-10.8,-2.4,1.06,0.2,-0.04
1972,9.855,9.855,9.95575,0.002388,0,0,-0.3,-10.8,-1.7,1.06,0.19,-0.04
1973,9.86,9.86,9.959719,0.001359,0,0,-0.3,-10.7,-2.1,1.06,0.18,-0.04
1974,9.865,9.865,9.964719,0.001357,0,0,-0.2,-10.7,-2.2,1.06,0.18,-0.04
1975,9.87,9.870001,9.970693,0.002331,9.999999992516e-07,0,-0.4,-10.7,-2.3,1.07,0.19,-0.04
1976,9.875,9.875,9.975681,0.00232,0,0,-0.4,-10.8,-2.4,1.06,0.19,-0.04
1977,9.88,9.88,9.979725,0.001365,0,0,-0.4,-10.8,-2.7,1.06,0.2,-0.04
1978,9.885,9.885,9.98574,0.002379,0,0,-0.6,-10.8,-3.3,1.06,0.21,-0.05
1979,9.89,9.89,9.989707,0.001346,0,0,-0.5,-10.7,-2.4,1.06,0.19,-0.04
1980,9.895,9.895,9.994788,0.001427,0,0,-0.5,-10.7,-2.9,1.06,0.19,-0.04
1981,9.9,9.9,10.000748,0.002387,0,0,-0.4,-10.7,-2.7,1.06,0.19,-0.04
1982,9.905,9.905,10.005778,0.002416,0,0,-0.3,-10.6,-2.5,1.06,0.18,-0.04
1983,9.91,9.91,10.009682,0.001322,0,0,-0.3,-10.7,-2.3,1.07,0.18,-0.04
1984,9.915,9.915001,10.01578,0.002417,9.999999992516e-07,0,-0.3,-10.7,-2.4,1.07,0.18,-0.04
1985,9.92,9.92,10.020691,0.002329,0,0,-0.4,-10.8,-3.2,1.06,0.19,-0.04
1986,9.925,9.925,10.025673,0.002312,0,0,-0.2,-10.6,-2.9,1.06,0.18,-0.04
1987,9.93,9.93,10.030743,0.002382,0,0,-0.2,-10.5,-2.7,1.06,0.17,-0.04
1988,9.935,9.935,10.034736,0.001375,0,0,-0.1,-10.6,-2.6,1.06,0.17,-0.04
1989,9.94,9.94,10.039877,0.001515,0,0,-0.3,-10.6,-2.6,1.05,0.19,-0.04
1990,9.945,9.945,10.045756,0.002394,0,0,-0.3,-10.7,-2.9,1.05,0.2,-0.04
1991,9.95,9.950001,10.049676,0.001314,9.999999992516e-07,0,-0.4,-10.8,-3,1.06,0.2,-0.04
1992,9.955,9.955,10.054971,0.001609,0,0,-0.4,-10.8,-2.8,1.06,0.19,-0.04
1993,9.96,9.96,10.060794,0.002433,0,0,-0.4,-10.9,-2.9,1.06,0.19,-0.05
1994,9.965,9.965,10.064753,0.001391,0,0,-0.4,-10.9,-2.8,1.06,0.2,-0.04
1995,9.97,9.97,10.069833,0.001473,0,0,-0.4,-10.7,-3,1.06,0.19,-0.05
1996,9.975,9.975,10.075051,0.001689,0,0,-0.3,-10.7,-2.1,1.06,0.18,-0.04
1997,9.98,9.98,10.080766,0.002404,0,0,-0.3,-10.7,-2.5,1.06,0.19,-0.04
1998,9.985,9.985,10.084705,0.001343,0,0,-0.5,-10.8,-2.7,1.06,0.2,-0.04
1999,9.99,9.99,10.089884,0.001522,0,0,-0.6,-10.9,-3.5,1.05,0.21,-0.05
2000,9.995,9.995001,10.095735,0.002373,9.999999992516e-07,0,-0.5,-10.7,-2.8,1.05,0.19,-0.04
2001,10,10,10.099721,0.001359,0,0,-0.4,-10.8,-2.9,1.06,0.19,-0.04
2002,10.005,10.005,10.104687,0.001326,0,0,-0.4,-10.7,-3.1,1.05,0.2,-0.04
2003,10.01,10.01,10.110783,0.002421,0,0,-0.5,-10.7,-3.2,1.05,0.2,-0.04
2004,10.015,10.015,10.114737,0.001376,0,0,-0.4,-10.7,-3,1.06,0.2,-0.04
2005,10.02,10.02,10.119673,0.001312,0,0,-0.5,-10.8,-2.8,1.06,0.2,-0.04
2006,10.025,10.025,10.125734,0.002373,0,0,-0.4,-10.7,-3.2,1.05,0.21,-0.04
2007,10.03,10.03,10.130691,0.00233,0,0,-0.4,-10.7,-3.3,1.05,0.21,-0.04
2008,10.035,10.035,10.134664,0.001303,0,0,-0.4,-10.8,-3.3,1.05,0.21,-0.04
2009,10.04,10.040001,10.13985,0.001487,9.999999992516e-07,0,-0.5,-10.8,-3.4,1.06,0.21,-0.04
2010,10.045,10.045,10.145704,0.002342,0,0,-0.5,-10.8,-2.8,1.05,0.2,-0.04
2011,10.05,10.05,10.150675,0.002313,0,0,-0.5,-10.8,-3.6,1.04,0.21,-0.04
2012,10.055,10.055,10.154714,0.001352,0,0,-0.4,-10.8,-3.6,1.04,0.2,-0.04
2013,10.06,10.06,10.160678,0.002316,0,0,-0.4,-10.8,-3.3,1.05,0.2,-0.04
2014,10.065,10.065,10.165699,0.002338,0,0,-0.4,-10.7,-3.1,1.05,0.2,-0.04
2015,10.07,10.07,10.169668,0.001307,0,0,-0.6,-10.7,-2.8,1.05,0.2,-0.04
2016,10.075,10.075001,10.174809,0.001446,9.999999992516e-07,0,-0.5,-10.7,-2.9,1.05,0.2,-0.04
2017,10.08,10.08,10.18085,0.002489,0,0,-0.5,-10.8,-3.2,1.05,0.21,-0.04
2018,10.085,10.085,10.185715,0.002353,0,0,-0.5,-10.8,-2.8,1.06,0.21,-0.04
2019,10.09,10.09,10.189837,0.001475,0,0,-0.5,-10.8,-2.7,1.06,0.21,-0.04
2020,10.095,10.095,10.194816,0.001454,0,0,-0.5,-10.8,-2.2,1.06,0.2,-0.04
2021,10.1,10.1,10.200751,0.002395,0,0,-0.4,-10.8,-2.7,1.06,0.2,-0.04
2022,10.105,10.105,10.204808,0.001447,0,0,-0.3,-10.8,-3,1.05,0.2,-0.04
2023,10.11,10.11,10.209904,0.001542,0,0,-0.4,-10.7,-3.2,1.06,0.2,-0.04
2024,10.115,10.115,10.2158,0.002439,0,0,-0.3,-10.6,-3.5,1.05,0.2,-0.05
2025,10.12,10.120001,10.220704,0.002342,9.999999992516e-07,0,-0.5,-10.7,-3.6,1.05,0.2,-0.05
2026,10.125,10.125,10.22497,0.001608,0,0,-0.5,-10.7,-3.4,1.05,0.2,-0.05
2027,10.13,10.13,10.229818,0.001456,0,0,-0.6,-10.8,-3.2,1.06,0.21,-0.04
2028,10.135,10.135,10.235755,0.002393,0,0,-0.6,-10.8,-3.2,1.06,0.2,-0.04
2029,10.14,10.14,10.239774,0.001413,0,0,-0.5,-10.7,-3.2,1.06,0.2,-0.05
2030,10.145,10.145,10.244877,0.001516,0,0,-0.3,-10.7,-3.3,1.06,0.2,-0.04
2031,10.15,10.15,10.250905,0.002544,0,0,-0.5,-10.6,-2.8,1.06,0.2,-0.05
2032,10.155,10.155,10.254749,0.001387,0,0,-0.6,-10.6,-2.2,1.06,0.19,-0.04
2033,10.16,10.16,10.25977,0.001408,0,0,-0.6,-10.7,-2.4,1.06,0.19,-0.04
2034,10.165,10.165001,10.264868,0.001505,9.999999992516e-07,0,-0.4,-10.6,-2,1.06,0.18,-0.04
2035,10.17,10.17,10.27076,0.002398,0,0,-0.3,-10.8,-2.2,1.06,0.19,-0.04
2036,10.175,10.175,10.275749,0.002387,0,0,-0.3,-10.7,-2.1,1.06,0.18,-0.04
2037,10.18,10.18,10.279718,0.001356,0,0,-0.2,-10.7,-2.6,1.06,0.18,-0.04
2038,10.185,10.185,10.285742,0.002381,0,0,-0.4,-10.8,-2.4,1.05,0.19,-0.03
2039,10.19,10.19,10.290895,0.002534,0,0,-0.4,-10.8,-2.8,1.05,0.19,-0.04
2040,10.195,10.195,10.294697,0.001336,0,0,-0.3,-10.8,-2.5,1.05,0.19,-0.03
2041,10.2,10.200002,10.299822,0.001454,1.9999999985032e-06,0,-0.4,-10.8,-2.3,1.05,0.19,-0.03
2042,10.205,10.205,10.305925,0.002565,0,0,-0.4,-10.8,-2.6,1.05,0.19,-0.03
2043,10.21,10.21,10.310796,0.002434,0,0,-0.3,-10.9,-2.5,1.06,0.19,-0.03
2044,10.215,10.215,10.314759,0.001397,0,0,-0.3,-10.9,-2.8,1.05,0.19,-0.04
2045,10.22,10.22,10.319754,0.001393,0,0,-0.5,-10.8,-3.3,1.05,0.2,-0.05
2046,10.225,10.225,10.325808,0.002447,0,0,-0.4,-10.8,-3.6,1.05,0.2,-0.05
2047,10.23,10.23,10.329899,0.001539,0,0,-0.3,-10.7,-2.7,1.06,0.19,-0.04
2048,10.235,10.235,10.334705,0.001344,0,0,-0.4,-10.8,-2.8,1.05,0.19,-0.04
2049,10.24,10.24,10.339981,0.00162,0,0,-0.4,-10.7,-2.6,1.05,0.19,-0.04
2050,10.245,10.245001,10.345735,0.002373,9.999999992516e-07,0,-0.3,-10.8,-3,1.05,0.19,-0.04
2051,10.25,10.25,10.349788,0.001427,0,0,-0.3,-10.9,-2.7,1.06,0.19,-0.04
2052,10.255,10.255,10.354714,0.001353,0,0,-0.4,-10.8,-2.8,1.06,0.19,-0.04
2053,10.26,10.26,10.360708,0.002348,0,0,-0.4,-11,-2.8,1.05,0.2,-0.03
2054,10.265,10.265,10.364711,0.00135,0,0,-0.4,-10.9,-2.9,1.06,0.2,-0.04
2055,10.27,10.27,10.369737,0.001376,0,0,-0.4,-10.8,-2.7,1.06,0.19,-0.04
2056,10.275,10.275,10.374815,0.001453,0,0,-0.4,-10.7,-2.5,1.06,0.19,-0.04
2057,10.28,10.28,10.380727,0.002366,0,0,-0.5,-10.7,-2.8,1.05,0.2,-0.04
2058,10.285,10.285,10.384694,0.001333,0,0,-0.3,-10.7,-2.6,1.04,0.19,-0.04
2059,10.29,10.290001,10.389838,0.001475,9.999999992516e-07,0,-0.4,-10.9,-1.9,1.06,0.17,-0.04
2060,10.295,10.295,10.395697,0.002336,0,0,-0.5,-10.9,-1.9,1.06,0.18,-0.04
2061,10.3,10.3,10.400694,0.002333,0,0,-0.5,-10.8,-2,1.06,0.18,-0.04
2062,10.305,10.305,10.40469,0.001329,0,0,-0.4,-10.8,-2.5,1.05,0.18,-0.04
2063,10.31,10.31,10.409646,0.001285,0,0,-0.4,-10.8,-2.6,1.05,0.19,-0.04
2064,10.315,10.315001,10.415815,0.002454,1.00000000102796e-06,0,-0.4,-10.8,-2.5,1.05,0.19,-0.04
2065,10.32,10.32,10.419674,0.001313,0,0,-0.5,-10.8,-2.9,1.06,0.2,-0.04
2066,10.325,10.325001,10.424749,0.001387,9.999999992516e-07,0,-0.4,-10.8,-2.6,1.06,0.19,-0.04
2067,10.33,10.33,10.430724,0.002363,0,0,-0.3,-10.7,-2.9,1.06,0.19,-0.04
2068,10.335,10.335,10.434678,0.001317,0,0,-0.2,-10.6,-2.9,1.05,0.19,-0.04
2069,10.34,10.34,10.439744,0.001383,0,0,-0.1,-10.7,-2.7,1.05,0.18,-0.04
2070,10.345,10.345,10.445699,0.002338,0,0,-0.3,-10.7,-2.3,1.05,0.18,-0.04
2071,10.35,10.35,10.450678,0.002316,0,0,-0.4,-10.8,-2.4,1.06,0.19,-0.04
2072,10.355,10.355,10.454946,0.00159,0,0,-0.4,-10.7,-2.3,1.06,0.19,-0.04
2073,10.36,10.36,10.459832,0.00147,0,0,-0.4,-10.7,-2.5,1.05,0.19,-0.04
2074,10.365,10.365,10.465715,0.002353,0,0,-0.4,-10.7,-2.2,1.06,0.19,-0.04
2075,10.37,10.370001,10.469851,0.001489,9.999999992516e-07,0,-0.4,-10.7,-2.3,1.06,0.19,-0.04
2076,10.375,10.375,10.474773,0.001411,0,0,-0.5,-10.7,-3,1.06,0.2,-0.04
2077,10.38,10.38,10.480753,0.002393,0,0,-0.5,-10.7,-3,1.05,0.19,-0.04
2078,10.385,10.385,10.485736,0.002375,0,0,-0.4,-10.8,-2.8,1.06,0.19,-0.05
2079,10.39,10.39,10.489843,0.001482,0,0,-0.5,-10.8,-3,1.06,0.2,-0.05
2080,10.395,10.395001,10.494727,0.001365,1.00000000102796e-06,0,-0.4,-10.8,-3,1.05,0.2,-0.05
2081,10.4,10.4,10.500787,0.002425,0,0,-0.2,-10.8,-3.1,1.05,0.19,-0.04
2082,10.405,10.405,10.504839,0.001478,0,0,-0.2,-10.8,-2.4,1.06,0.19,-0.04
2083,10.41,10.41,10.509877,0.001515,0,0,-0.2,-10.6,-2.5,1.05,0.18,-0.04
2084,10.415,10.415001,10.515775,0.002412,9.999999992516e-07,0,-0.3,-10.6,-2.6,1.05,0.19,-0.04
2085,10.42,10.42,10.519686,0.001325,0,0,-0.3,-10.7,-2.8,1.04,0.19,-0.04
2086,10.425,10.425,10.524762,0.0014,0,0,-0.3,-10.7,-2.8,1.04,0.2,-0.04
2087,10.43,10.43,10.530756,0.002395,0,0,-0.3,-10.7,-2.7,1.04,0.2,-0.04
2088,10.435,10.435,10.535692,0.002332,0,0,-0.3,-10.7,-2.2,1.05,0.18,-0.04
2089,10.44,10.44,10.539876,0.001515,0,0,-0.3,-10.7,-1.4,1.06,0.17,-0.03
2090,10.445,10.445,10.544993,0.001631,0,0,-0.4,-10.7,-2.5,1.06,0.18,-0.04
2091,10.45,10.450001,10.550972,0.002609,9.999999992516e-07,0,-0.4,-10.7,-2.8,1.05,0.19,-0.04
2092,10.455,10.455,10.554736,0.001374,0,0,-0.4,-10.6,-2.4,1.05,0.19,-0.03
2093,10.46,10.46,10.559767,0.001405,0,0,-0.4,-10.7,-2.3,1.05,0.19,-0.03
2094,10.465,10.465,10.565895,0.002533,0,0,-0.4,-10.7,-2.4,1.06,0.18,-0.04
2095,10.47,10.47,10.570776,0.002415,0,0,-0.3,-10.6,-2.7,1.05,0.18,-0.04
2096,10.475,10.475,10.574972,0.001611,0,0,-0.4,-10.6,-2.8,1.05,0.19,-0.04
2097,10.48,10.48,10.579961,0.0016,0,0,-0.3,-10.6,-2,1.06,0.18,-0.03
2098,10.485,10.485,10.585725,0.002363,0,0,-0.4,-10.6,-2.6,1.05,0.19,-0.04
2099,10.49,10.49,10.591031,0.002669,0,0,-0.3,-10.6,-2.5,1.05,0.18,-0.04
2100,10.495,10.495001,10.595748,0.002386,9.999999992516e-07,0,-0.3,-10.6,-2.5,1.05,0.18,-0.04
2101,10.5,10.5,10.600719,0.002358,0,0,-0.2,-10.6,-2.8,1.05,0.19,-0.04
2102,10.505,10.505,10.6047,0.001339,0,0,-0.3,-10.7,-2.9,1.05,0.19,-0.04
2103,10.51,10.51,10.610807,0.002445,0,0,-0.2,-10.7,-2.8,1.05,0.18,-0.04
2104,10.515,10.515,10.615704,0.002343,0,0,-0.3,-10.7,-2.9,1.05,0.19,-0.04
2105,10.52,10.52,10.619845,0.001485,0,0,-0.3,-10.8,-2.4,1.05,0.18,-0.04
2106,10.525,10.525,10.624975,0.001613,0,0,-0.4,-10.7,-2.7,1.05,0.19,-0.04
2107,10.53,10.53,10.630755,0.002393,0,0,-0.4,-10.7,-3.1,1.05,0.2,-0.04
2108,10.535,10.535,10.63482,0.001459,0,0,-0.4,-10.7,-3,1.05,0.19,-0.04
2109,10.54,10.540001,10.639864,0.001502,9.999999992516e-07,0,-0.5,-10.8,-2.6,1.06,0.19,-0.04
2110,10.545,10.545,10.64575,0.002389,0,0,-0.5,-10.8,-2.6,1.05,0.19,-0.04
2111,10.55,10.55,10.649807,0.001446,0,0,-0.4,-10.7,-2.2,1.06,0.18,-0.03
2112,10.555,10.555,10.654845,0.001483,0,0,-0.6,-10.7,-2.2,1.06,0.19,-0.04
2113,10.56,10.56,10.660791,0.002429,0,0,-0.5,-10.7,-2.5,1.06,0.18,-0.04
2114,10.565,10.565,10.664944,0.001583,0,0,-0.4,-10.8,-2.4,1.06,0.18,-0.04
2115,10.57,10.57,10.669799,0.001439,0,0,-0.4,-10.7,-3.1,1.05,0.2,-0.04
2116,10.575,10.575002,10.675816,0.002454,1.9999999985032e-06,0,-0.4,-10.7,-3,1.05,0.2,-0.04
2117,10.58,10.58,10.680781,0.002419,0,0,-0.3,-10.6,-2.6,1.05,0.19,-0.04
2118,10.585,10.585,10.684812,0.001451,0,0,-0.3,-10.6,-2.6,1.05,0.18,-0.04
2119,10.59,10.59,10.690895,0.002533,0,0,-0.2,-10.6,-2.5,1.05,0.18,-0.04
2120,10.595,10.595,10.695721,0.00236,0,0,-0.3,-10.6,-2.8,1.05,0.19,-0.04
2121,10.6,10.6,10.699712,0.00135,0,0,-0.3,-10.6,-2.9,1.05,0.19,-0.04
2122,10.605,10.605,10.705703,0.002342,0,0,-0.3,-10.7,-2.6,1.05,0.18,-0.04
2123,10.61,10.61,10.710735,0.002373,0,0,-0.4,-10.7,-3.1,1.05,0.2,-0.04
2124,10.615,10.615,10.714686,0.001325,0,0,-0.3,-10.8,-3.1,1.05,0.2,-0.04
2125,10.62,10.620001,10.719748,0.001385,9.999999992516e-07,0,-0.4,-10.8,-2.6,1.06,0.19,-0.04
2126,10.625,10.625,10.725701,0.00234,0,0,-0.6,-10.8,-2.4,1.06,0.2,-0.04
2127,10.63,10.63,10.730686,0.002325,0,0,-0.6,-10.7,-2.8,1.06,0.2,-0.04
2128,10.635,10.635,10.734666,0.001305,0,0,-0.6,-10.7,-2.5,1.06,0.2,-0.04
2129,10.64,10.64,10.739932,0.001572,0,0,-0.5,-10.6,-2.7,1.05,0.2,-0.04
2130,10.645,10.645,10.745793,0.002431,0,0,-0.4,-10.7,-2.7,1.05,0.2,-0.04
2131,10.65,10.65,10.749731,0.00137,0,0,-0.3,-10.6,-2.7,1.05,0.19,-0.04
2132,10.655,10.655,10.754972,0.001612,0,0,-0.4,-10.7,-2.2,1.05,0.19,-0.04
2133,10.66,10.66,10.760773,0.002412,0,0,-0.4,-10.7,-2.1,1.05,0.18,-0.04
2134,10.665,10.665001,10.764695,0.001332,9.999999992516e-07,0,-0.4,-10.8,-2.9,1.05,0.19,-0.04
2135,10.67,10.67,10.76993,0.001568,0,0,-0.3,-10.7,-2.3,1.06,0.18,-0.04
2136,10.675,10.675001,10.775977,0.002615,9.999999992516e-07,0,-0.2,-10.7,-2.1,1.06,0.18,-0.04
2137,10.68,10.68,10.779709,0.001348,0,0,-0.2,-10.6,-2.5,1.05,0.17,-0.04
2138,10.685,10.685,10.784716,0.001354,0,0,-0.2,-10.7,-1.9,1.06,0.17,-0.03
2139,10.69,10.690001,10.790912,0.002551,1.00000000102796e-06,0,-0.3,-10.8,-2.2,1.06,0.18,-0.03
2140,10.695,10.695,10.794715,0.001354,0,0,-0.2,-10.7,-2.4,1.05,0.17,-0.04
2141,10.7,10.700001,10.799684,0.001322,9.999999992516e-07,0,-0.3,-10.7,-1.9,1.06,0.18,-0.03
2142,10.705,10.705,10.805707,0.002346,0,0,-0.3,-10.7,-1.6,1.07,0.17,-0.03
2143,10.71,10.71,10.810673,0.002312,0,0,-0.3,-10.7,-1.6,1.06,0.18,-0.03
2144,10.715,10.715,10.814692,0.001331,0,0,-0.3,-10.8,-1.9,1.06,0.18,-0.04
2145,10.72,10.72,10.819756,0.001395,0,0,-0.2,-10.8,-1.8,1.06,0.18,-0.03
2146,10.725,10.725,10.825756,0.002395,0,0,-0.1,-10.8,-1.8,1.06,0.17,-0.04
2147,10.73,10.73,10.83071,0.002349,0,0,-0.2,-10.9,-2,1.06,0.18,-0.04
2148,10.735,10.735,10.83469,0.001328,0,0,-0.2,-10.8,-1.4,1.06,0.17,-0.03
2149,10.74,10.74,10.839918,0.001556,0,0,-0.2,-10.9,-2.2,1.05,0.18,-0.04
2150,10.745,10.745001,10.845765,0.002403,9.999999992516e-07,0,-0.3,-10.9,-2.7,1.05,0.19,-0.04
2151,10.75,10.75,10.849721,0.001359,0,0,-0.2,-10.8,-2.5,1.05,0.19,-0.04
2152,10.755,10.755,10.854757,0.001397,0,0,-0.3,-10.8,-2.6,1.05,0.19,-0.04
2153,10.76,10.76,10.860723,0.002362,0,0,-0.4,-10.8,-2.5,1.05,0.19,-0.04
2154,10.765,10.765,10.864694,0.001333,0,0,-0.5,-10.8,-3.1,1.05,0.2,-0.05
2155,10.77,10.77,10.870738,0.002377,0,0,-0.4,-10.9,-2.5,1.06,0.2,-0.04
2156,10.775,10.775,10.874708,0.001347,0,0,-0.4,-10.8,-2.3,1.06,0.19,-0.04
2157,10.78,10.78,10.879703,0.001342,0,0,-0.5,-10.8,-2.4,1.06,0.19,-0.04
2158,10.785,10.785,10.885686,0.002325,0,0,-0.5,-10.8,-2.7,1.06,0.2,-0.04
2159,10.79,10.790001,10.890818,0.002456,9.999999992516e-07,0,-0.5,-10.7,-2.9,1.05,0.2,-0.04
2160,10.795,10.795,10.894718,0.001356,0,0,-0.6,-10.8,-2.5,1.06,0.2,-0.04
2161,10.8,10.8,10.900682,0.002321,0,0,-0.6,-10.8,-2.2,1.06,0.19,-0.04
2162,10.805,10.805,10.905727,0.002366,0,0,-0.5,-10.8,-2.4,1.06,0.19,-0.04
2163,10.81,10.81,10.909677,0.001316,0,0,-0.5,-10.8,-2.9,1.06,0.19,-0.04
2164,10.815,10.815,10.914761,0.001399,0,0,-0.6,-10.7,-3.3,1.05,0.2,-0.04
2165,10.82,10.82,10.920763,0.002401,0,0,-0.6,-10.7,-3.1,1.05,0.2,-0.05
2166,10.825,10.825001,10.924788,0.001426,9.999999992516e-07,0,-0.6,-10.8,-2.9,1.05,0.2,-0.05
2167,10.83,10.83,10.929723,0.001363,0,0,-0.5,-10.8,-2.7,1.05,0.2,-0.05
2168,10.835,10.835,10.935706,0.002345,0,0,-0.3,-10.7,-2.3,1.05,0.18,-0.05
2169,10.84,10.84,10.939824,0.001464,0,0,-0.2,-10.6,-2.3,1.05,0.18,-0.04
2170,10.845,10.845,10.944766,0.001404,0,0,-0.4,-10.7,-2.6,1.05,0.2,-0.04
2171,10.85,10.85,10.950735,0.002374,0,0,-0.3,-10.7,-2.4,1.05,0.19,-0.04
2172,10.855,10.855001,10.955752,0.002391,9.999999992516e-07,0,-0.4,-10.7,-2.1,1.04,0.19,-0.03
2173,10.86,10.86,10.959697,0.001336,0,0,-0.4,-10.7,-2.6,1.04,0.2,-0.04
2174,10.865,10.865,10.965739,0.002377,0,0,-0.4,-10.7,-3,1.04,0.2,-0.04
2175,10.87,10.870001,10.969692,0.00133,9.999999992516e-07,0,-0.5,-10.7,-3,1.05,0.2,-0.04
2176,10.875,10.875,10.974733,0.001372,0,0,-0.4,-10.7,-2.7,1.05,0.19,-0.04
2177,10.88,10.88,10.979927,0.001566,0,0,-0.3,-10.6,-2.5,1.05,0.18,-0.03
2178,10.885,10.885,10.985785,0.002423,0,0,-0.4,-10.6,-2.6,1.05,0.18,-0.03
2179,10.89,10.89,10.990733,0.002372,0,0,-0.3,-10.6,-2,1.05,0.18,-0.03
2180,10.895,10.895,10.99472,0.001359,0,0,-0.4,-10.6,-2.5,1.05,0.19,-0.04
2181,10.9,10.9,11.000713,0.002352,0,0,-0.4,-10.6,-2.6,1.05,0.19,-0.04
2182,10.905,10.905,11.004681,0.00132,0,0,-0.4,-10.5,-2.3,1.05,0.18,-0.04
2183,10.91,10.91,11.009751,0.00139,0,0,-0.5,-10.6,-2.7,1.05,0.2,-0.04
2184,10.915,10.915001,11.015704,0.002342,9.999999992516e-07,0,-0.2,-10.6,-3,1.05,0.19,-0.04
2185,10.92,10.92,11.019676,0.001315,0,0,-0.2,-10.7,-2.9,1.05,0.19,-0.04
2186,10.925,10.925,11.024787,0.001425,0,0,-0.2,-10.6,-2.4,1.06,0.18,-0.03
2187,10.93,10.93,11.030743,0.002382,0,0,-0.2,-10.6,-2.2,1.06,0.17,-0.03
2188,10.935,10.935,11.034738,0.001376,0,0,-0.3,-10.6,-2.5,1.05,0.18,-0.04
2189,10.94,10.94,11.039759,0.001398,0,0,-0.3,-10.7,-2.2,1.05,0.18,-0.04
2190,10.945,10.945,11.045728,0.002365,0,0,-0.2,-10.6,-2.4,1.05,0.18,-0.03
2191,10.95,10.950001,11.049696,0.001333,9.999999992516e-07,0,-0.3,-10.6,-2.3,1.05,0.18,-0.04
2192,10.955,10.955,11.054686,0.001325,0,0,-0.3,-10.7,-3,1.04,0.19,-0.04
2193,10.96,10.96,11.060752,0.002391,0,0,-0.4,-10.7,-2.6,1.05,0.19,-0.04
2194,10.965,10.965,11.065731,0.00237,0,0,-0.4,-10.7,-3,1.04,0.19,-0.04
2195,10.97,10.97,11.069696,0.001335,0,0,-0.2,-10.7,-3.3,1.04,0.19,-0.04
2196,10.975,10.975001,11.074923,0.001561,1.00000000102796e-06,0,-0.3,-10.7,-3.1,1.04,0.2,-0.04
2197,10.98,10.98,11.08075,0.002388,0,0,-0.4,-10.6,-3.5,1.03,0.2,-0.05
2198,10.985,10.985,11.084692,0.00133,0,0,-0.3,-10.6,-3.6,1.03,0.2,-0.04
2199,10.99,10.99,11.089889,0.001527,0,0,-0.3,-10.7,-3.2,1.04,0.2,-0.04
2200,10.995,10.995001,11.095737,0.002374,9.999999992516e-07,0,-0.3,-10.7,-2.4,1.05,0.18,-0.04
2201,11,11,11.100889,0.002529,0,0,-0.5,-10.7,-3.1,1.04,0.2,-0.04
2202,11.005,11.005001,11.104745,0.001383,9.999999992516e-07,0,-0.4,-10.7,-3,1.05,0.2,-0.04
2203,11.01,11.01,11.109793,0.001432,0,0,-0.4,-10.7,-2.9,1.05,0.19,-0.04
2204,11.015,11.015,11.11595,0.002589,0,0,-0.3,-10.7,-2.2,1.06,0.18,-0.04
2205,11.02,11.02,11.119726,0.001364,0,0,-0.4,-10.7,-2.9,1.05,0.19,-0.04
2206,11.025,11.025,11.12477,0.001408,0,0,-0.3,-10.6,-3.2,1.05,0.19,-0.04
2207,11.03,11.03,11.130828,0.002467,0,0,-0.4,-10.6,-3.9,1.04,0.2,-0.05
2208,11.035,11.035001,11.135937,0.002576,9.999999992516e-07,0,-0.4,-10.6,-3.6,1.05,0.19,-0.05
2209,11.04,11.040002,11.139827,0.001464,1.9999999985032e-06,0,-0.4,-10.7,-3.3,1.05,0.19,-0.04
2210,11.045,11.045,11.145767,0.002406,0,0,-0.4,-10.8,-3.4,1.04,0.2,-0.04
2211,11.05,11.05,11.149904,0.001543,0,0,-0.5,-10.8,-3.7,1.04,0.21,-0.04
2212,11.055,11.055,11.15488,0.001519,0,0,-0.4,-10.7,-3.2,1.04,0.2,-0.04
2213,11.06,11.06,11.160754,0.002392,0,0,-0.5,-10.7,-3.5,1.05,0.21,-0.05
2214,11.065,11.065,11.165885,0.002523,0,0,-0.4,-10.7,-2.8,1.05,0.19,-0.04
2215,11.07,11.07,11.169739,0.001378,0,0,-0.2,-10.7,-2.9,1.04,0.19,-0.04
2216,11.075,11.075001,11.175789,0.002428,9.999999992516e-07,0,-0.4,-10.6,-3,1.05,0.19,-0.04
2217,11.08,11.08,11.179727,0.001367,0,0,-0.5,-10.6,-2.9,1.04,0.2,-0.04
2218,11.085,11.085,11.184847,0.001486,0,0,-0.5,-10.7,-3.2,1.04,0.2,-0.04
2219,11.09,11.09,11.190789,0.002427,0,0,-0.5,-10.6,-3.2,1.04,0.19,-0.04
2220,11.095,11.095,11.194718,0.001357,0,0,-0.4,-10.7,-3.2,1.04,0.19,-0.04
2221,11.1,11.1,11.199824,0.001463,0,0,-0.4,-10.7,-2.6,1.05,0.19,-0.04
2222,11.105,11.105,11.205943,0.002583,0,0,-0.5,-10.7,-3,1.04,0.2,-0.04
2223,11.11,11.11,11.209734,0.001373,0,0,-0.4,-10.7,-2.9,1.04,0.2,-0.04
2224,11.115,11.115,11.214692,0.001331,0,0,-0.5,-10.7,-2.5,1.05,0.19,-0.04
2225,11.12,11.120001,11.220765,0.002404,9.999999992516e-07,0,-0.5,-10.8,-2.9,1.04,0.2,-0.04
2226,11.125,11.125,11.224805,0.001444,0,0,-0.4,-10.8,-2.9,1.05,0.19,-0.04
2227,11.13,11.13,11.229903,0.001542,0,0,-0.3,-10.7,-3.4,1.04,0.2,-0.05
2228,11.135,11.135,11.235858,0.002496,0,0,-0.3,-10.7,-3.3,1.04,0.19,-0.04
2229,11.14,11.14,11.239742,0.00138,0,0,-0.3,-10.7,-3.2,1.04,0.19,-0.04
2230,11.145,11.145,11.244727,0.001366,0,0,-0.3,-10.7,-3.4,1.05,0.2,-0.04
2231,11.15,11.15,11.250763,0.002401,0,0,-0.4,-10.7,-3.9,1.04,0.2,-0.05
2232,11.155,11.155,11.255941,0.00258,0,0,-0.3,-10.7,-3,1.05,0.19,-0.04
2233,11.16,11.16,11.259828,0.001466,0,0,-0.5,-10.8,-3.1,1.05,0.2,-0.04
2234,11.165,11.165001,11.265829,0.002466,9.999999992516e-07,0,-0.3,-10.8,-3,1.05,0.19,-0.04
2235,11.17,11.17,11.270859,0.002499,0,0,-0.5,-10.8,-3.5,1.05,0.2,-0.04
2236,11.175,11.175,11.274738,0.001376,0,0,-0.3,-10.7,-3.5,1.05,0.2,-0.04
2237,11.18,11.18,11.280766,0.002405,0,0,-0.4,-10.8,-3.2,1.05,0.2,-0.04
2238,11.185,11.185,11.284727,0.001367,0,0,-0.3,-10.7,-3.1,1.05,0.2,-0.04
2239,11.19,11.19,11.289954,0.001593,0,0,-0.4,-10.7,-2.9,1.05,0.2,-0.04
2240,11.195,11.195,11.295764,0.002403,0,0,-0.2,-10.5,-2.6,1.04,0.18,-0.04
2241,11.2,11.200001,11.300765,0.002402,9.999999992516e-07,0,-0.2,-10.6,-3,1.04,0.19,-0.04
2242,11.205,11.205,11.304826,0.001465,0,0,-0.2,-10.7,-2.6,1.05,0.18,-0.03
2243,11.21,11.21,11.309815,0.001453,0,0,-0.2,-10.6,-2.8,1.05,0.18,-0.03
2244,11.215,11.215,11.315851,0.002489,0,0,-0.2,-10.6,-3.3,1.04,0.19,-0.04
2245,11.22,11.22,11.319694,0.001332,0,0,-0.2,-10.7,-2.8,1.05,0.19,-0.04
2246,11.225,11.225,11.324728,0.001366,0,0,-0.4,-10.7,-3,1.05,0.2,-0.04
2247,11.23,11.23,11.330744,0.002383,0,0,-0.4,-10.7,-3,1.05,0.2,-0.05
2248,11.235,11.235,11.33573,0.002368,0,0,-0.3,-10.7,-3,1.05,0.19,-0.04
2249,11.24,11.24,11.339761,0.001399,0,0,-0.4,-10.8,-2.4,1.05,0.19,-0.04
2250,11.245,11.245001,11.344842,0.00148,9.999999992516e-07,0,-0.4,-10.7,-2.6,1.04,0.19,-0.04
2251,11.25,11.25,11.350765,0.002405,0,0,-0.4,-10.7,-2.7,1.04,0.2,-0.04
2252,11.255,11.255,11.355766,0.002404,0,0,-0.4,-10.6,-3,1.03,0.19,-0.04
2253,11.26,11.26,11.359698,0.001337,0,0,-0.4,-10.6,-3,1.03,0.19,-0.04
2254,11.265,11.265,11.364963,0.001601,0,0,-0.5,-10.7,-2.6,1.02,0.2,-0.04
2255,11.27,11.27,11.370828,0.002467,0,0,-0.5,-10.7,-2.4,1.02,0.19,-0.04
2256,11.275,11.275,11.374761,0.001399,0,0,-0.4,-10.7,-2.5,1.02,0.19,-0.04
2257,11.28,11.28,11.380003,0.001642,0,0,-0.4,-10.7,-2.3,1.02,0.18,-0.03
2258,11.285,11.285,11.38573,0.00237,0,0,-0.4,-10.6,-1.6,1.02,0.17,-0.03
2259,11.29,11.290001,11.389863,0.001502,9.999999992516e-07,0,-0.4,-10.6,-1.8,1.01,0.18,-0.03
2260,11.295,11.295,11.394881,0.001521,0,0,-0.4,-10.5,-2.3,1.01,0.18,-0.04
2261,11.3,11.3,11.400736,0.002374,0,0,-0.4,-10.6,-1.9,1.01,0.17,-0.03
2262,11.305,11.305,11.404785,0.001424,0,0,-0.3,-10.5,-2.1,1,0.18,-0.03
2263,11.31,11.31,11.40983,0.001469,0,0,-0.2,-10.4,-2.2,1,0.17,-0.03
2264,11.315,11.315,11.415822,0.002461,0,0,-0.2,-10.5,-2.1,1,0.17,-0.03
2265,11.32,11.32,11.420777,0.002415,0,0,-0.3,-10.5,-1.6,1,0.17,-0.03
2266,11.325,11.325001,11.424902,0.001539,9.999999992516e-07,0,-0.4,-10.5,-2.2,1,0.19,-0.04
2267,11.33,11.33,11.430783,0.002422,0,0,-0.3,-10.5,-2.1,1,0.18,-0.03
2268,11.335,11.335,11.434714,0.001353,0,0,-0.4,-10.6,-2.1,1,0.19,-0.03
2269,11.34,11.34,11.439746,0.001384,0,0,-0.3,-10.6,-1.9,1,0.18,-0.03
2270,11.345,11.345,11.445761,0.0024,0,0,-0.5,-10.6,-1.9,1,0.18,-0.03
2271,11.35,11.35,11.450706,0.002344,0,0,-0.5,-10.5,-1.9,1,0.18,-0.04
2272,11.355,11.355,11.454993,0.001631,0,0,-0.5,-10.5,-2,1,0.17,-0.04
2273,11.36,11.36,11.459943,0.001581,0,0,-0.5,-10.5,-1.5,1,0.17,-0.04
2274,11.365,11.365,11.465779,0.002418,0,0,-0.3,-10.5,-2,0.99,0.16,-0.04
2275,11.37,11.370001,11.469858,0.001497,9.999999992516e-07,0,-0.6,-10.5,-2.4,0.99,0.17,-0.04
2276,11.375,11.375001,11.474928,0.001566,9.999999992516e-07,0,-0.5,-10.5,-2.3,0.99,0.16,-0.05
2277,11.38,11.38,11.480738,0.002378,0,0,-0.7,-10.5,-2.6,0.99,0.17,-0.05
2278,11.385,11.385,11.484693,0.001333,0,0,-0.6,-10.4,-2.6,0.99,0.16,-0.05
2279,11.39,11.39,11.489981,0.00162,0,0,-0.5,-10.4,-2.8,0.98,0.16,-0.05
2280,11.395,11.395,11.495723,0.002362,0,0,-0.6,-10.5,-2.9,0.98,0.16,-0.05
2281,11.4,11.4,11.499693,0.001332,0,0,-0.6,-10.4,-3,0.98,0.17,-0.05
2282,11.405,11.405,11.50493,0.001569,0,0,-0.6,-10.4,-2.9,0.97,0.16,-0.06
2283,11.41,11.41,11.510726,0.002364,0,0,-0.5,-10.4,-2.5,0.97,0.16,-0.05
2284,11.415,11.415001,11.515724,0.002362,9.999999992516e-07,0,-0.4,-10.4,-2.3,0.96,0.14,-0.05
2285,11.42,11.42,11.519688,0.001326,0,0,-0.5,-10.3,-2.3,0.96,0.14,-0.05
2286,11.425,11.425,11.524812,0.00145,0,0,-0.6,-10.4,-2.8,0.95,0.16,-0.05
2287,11.43,11.43,11.530697,0.002336,0,0,-0.4,-10.3,-2.8,0.94,0.16,-0.05
2288,11.435,11.435,11.534671,0.00131,0,0,-0.5,-10.2,-2.9,0.93,0.16,-0.05
2289,11.44,11.44,11.539732,0.001371,0,0,-0.5,-10.2,-3,0.93,0.17,-0.05
2290,11.445,11.445,11.545822,0.002461,0,0,-0.5,-10.2,-2.5,0.92,0.16,-0.04
2291,11.45,11.450001,11.549687,0.001325,9.999999992516e-07,0,-0.4,-10.1,-2.4,0.91,0.16,-0.04
2292,11.455,11.455,11.554679,0.001318,0,0,-0.5,-10.2,-2.5,0.9,0.17,-0.05
2293,11.46,11.46,11.560711,0.00235,0,0,-0.6,-10.2,-2.5,0.89,0.17,-0.05
2294,11.465,11.465,11.565692,0.002331,0,0,-0.5,-10.2,-2.6,0.87,0.18,-0.04
2295,11.47,11.47,11.569678,0.001317,0,0,-0.5,-10.2,-2.3,0.87,0.18,-0.04
2296,11.475,11.475,11.574835,0.001473,0,0,-0.5,-10.2,-2.7,0.86,0.19,-0.04
2297,11.48,11.48,11.580735,0.002374,0,0,-0.6,-10.2,-2.6,0.86,0.2,-0.04
2298,11.485,11.485,11.584693,0.001332,0,0,-0.3,-10.1,-2.9,0.85,0.19,-0.03
2299,11.49,11.49,11.589872,0.001511,0,0,-0.2,-10,-2.7,0.86,0.18,-0.03
2300,11.495,11.495001,11.595701,0.002338,9.999999992516e-07,0,-0.1,-10,-1.7,0.86,0.16,-0.03
2301,11.5,11.5,11.599671,0.001309,0,0,-0.1,-9.9,-1.6,0.86,0.16,-0.03
2302,11.505,11.505,11.604788,0.001427,0,0,0,-9.9,-1.5,0.85,0.15,-0.03
2303,11.51,11.51,11.610704,0.002343,0,0,-0.2,-9.9,-1.6,0.85,0.16,-0.03
2304,11.515,11.515,11.615769,0.002408,0,0,-0.4,-9.9,-1.7,0.85,0.16,-0.03
2305,11.52,11.52,11.619762,0.001401,0,0,-0.4,-10,-1.4,0.85,0.16,-0.03
2306,11.525,11.525,11.624769,0.001407,0,0,-0.5,-10.1,-1.3,0.85,0.15,-0.04
2307,11.53,11.53,11.630702,0.002341,0,0,-0.4,-10,-1.8,0.84,0.15,-0.04
2308,11.535,11.535,11.634702,0.00134,0,0,-0.4,-10,-2.1,0.84,0.16,-0.05
2309,11.54,11.540001,11.639694,0.001332,9.999999992516e-07,0,-0.3,-10,-2.4,0.83,0.16,-0.05
2310,11.545,11.545,11.645674,0.002313,0,0,-0.3,-10,-1.7,0.84,0.15,-0.05
2311,11.55,11.55,11.649705,0.001344,0,0,-0.5,-9.9,-2.5,0.83,0.17,-0.05
2312,11.555,11.555,11.654679,0.001318,0,0,-0.5,-9.8,-2.1,0.83,0.16,-0.04
2313,11.56,11.56,11.660709,0.002347,0,0,-0.5,-9.8,-2.5,0.82,0.16,-0.05
2314,11.565,11.565,11.665685,0.002324,0,0,-0.5,-9.8,-2.5,0.82,0.17,-0.05
2315,11.57,11.57,11.669727,0.001366,0,0,-0.6,-9.8,-2.7,0.82,0.17,-0.05
2316,11.575,11.575001,11.674772,0.00141,9.999999992516e-07,0,-0.6,-9.8,-2.8,0.81,0.17,-0.05
2317,11.58,11.58,11.680696,0.002334,0,0,-0.4,-9.7,-2.4,0.8,0.16,-0.04
2318,11.585,11.585,11.684675,0.001312,0,0,-0.5,-9.8,-2.1,0.8,0.16,-0.05
2319,11.59,11.59,11.68984,0.00148,0,0,-0.5,-9.8,-2.5,0.79,0.17,-0.05
2320,11.595,11.595,11.695718,0.002358,0,0,-0.6,-9.7,-2.7,0.79,0.17,-0.05
2321,11.6,11.6,11.700812,0.00245,0,0,-0.5,-9.7,-2.9,0.78,0.17,-0.05
2322,11.605,11.605,11.704793,0.001433,0,0,-0.4,-9.7,-2.7,0.78,0.17,-0.05
2323,11.61,11.61,11.709814,0.001453,0,0,-0.4,-9.7,-2.7,0.77,0.17,-0.05
2324,11.615,11.615,11.715747,0.002385,0,0,-0.5,-9.7,-3.2,0.76,0.17,-0.05
2325,11.62,11.620001,11.720767,0.002405,9.999999992516e-07,0,-0.5,-9.6,-2.9,0.76,0.17,-0.05
2326,11.625,11.625,11.724755,0.001393,0,0,-0.7,-9.7,-3.3,0.75,0.18,-0.06
2327,11.63,11.63,11.730734,0.002372,0,0,-0.6,-9.6,-3.5,0.74,0.18,-0.06
2328,11.635,11.635,11.73467,0.001309,0,0,-0.4,-9.5,-3.1,0.74,0.17,-0.05
2329,11.64,11.64,11.739679,0.001318,0,0,-0.4,-9.4,-3.1,0.73,0.16,-0.05
2330,11.645,11.645,11.745843,0.002483,0,0,-0.5,-9.4,-3,0.73,0.16,-0.05
2331,11.65,11.65,11.750677,0.002315,0,0,-0.4,-9.4,-3,0.73,0.16,-0.05
2332,11.655,11.655,11.754692,0.001331,0,0,-0.3,-9.5,-2,0.73,0.13,-0.04
2333,11.66,11.66,11.759831,0.00147,0,0,-0.5,-9.4,-1.9,0.73,0.14,-0.05
2334,11.665,11.665001,11.765829,0.002467,9.999999992516e-07,0,-0.5,-9.5,-2.2,0.72,0.14,-0.05
2335,11.67,11.67,11.769695,0.001334,0,0,-0.6,-9.5,-2.8,0.71,0.15,-0.05
2336,11.675,11.675,11.774729,0.001367,0,0,-0.5,-9.4,-2.3,0.71,0.13,-0.06
2337,11.68,11.68,11.780709,0.002348,0,0,-0.5,-9.4,-2.7,0.71,0.14,-0.06
2338,11.685,11.685,11.785749,0.002387,0,0,-0.6,-9.4,-2.4,0.71,0.13,-0.06
2339,11.69,11.69,11.789838,0.001477,0,0,-0.6,-9.4,-2.3,0.71,0.13,-0.06
2340,11.695,11.695,11.79574,0.002377,0,0,-0.5,-9.3,-2.2,0.7,0.12,-0.06
2341,11.7,11.700001,11.799716,0.001353,9.999999992516e-07,0,-0.7,-9.3,-2.4,0.7,0.13,-0.06
2342,11.705,11.705,11.804853,0.001492,0,0,-0.7,-9.4,-2.9,0.69,0.14,-0.06
2343,11.71,11.71,11.810764,0.002403,0,0,-0.7,-9.4,-3,0.69,0.14,-0.06
2344,11.715,11.715,11.815785,0.002423,0,0,-0.5,-9.2,-2.9,0.68,0.14,-0.06
2345,11.72,11.720001,11.819711,0.001349,9.999999992516e-07,0,-0.4,-9.2,-2.2,0.68,0.12,-0.05
2346,11.725,11.725001,11.824767,0.001405,1.00000000102796e-06,0,-0.4,-9.2,-2.1,0.68,0.11,-0.06
2347,11.73,11.73,11.830744,0.002383,0,0,-0.5,-9.3,-1.9,0.68,0.12,-0.05
2348,11.735,11.735,11.835737,0.002377,0,0,-0.6,-9.2,-2,0.68,0.12,-0.05
2349,11.74,11.74,11.839747,0.001385,0,0,-0.6,-9.3,-2,0.68,0.12,-0.05
2350,11.745,11.745001,11.845729,0.002366,9.999999992516e-07,0,-0.4,-9.2,-2.1,0.68,0.12,-0.05
2351,11.75,11.75,11.850713,0.002352,0,0,-0.4,-9.2,-2.1,0.68,0.12,-0.05
2352,11.755,11.755,11.854834,0.001473,0,0,-0.3,-9.2,-1.9,0.69,0.11,-0.06
2353,11.76,11.76,11.859747,0.001387,0,0,-0.4,-9.2,-1.9,0.69,0.11,-0.05
2354,11.765,11.765,11.865684,0.002322,0,0,-0.5,-9.4,-1.8,0.69,0.13,-0.05
2355,11.77,11.77,11.869748,0.001387,0,0,-0.5,-9.3,-2.2,0.69,0.14,-0.05
2356,11.775,11.775,11.874747,0.001386,0,0,-0.6,-9.4,-2.5,0.69,0.15,-0.05
2357,11.78,11.78,11.880743,0.002382,0,0,-0.6,-9.3,-3.2,0.68,0.16,-0.05
2358,11.785,11.785,11.885707,0.002346,0,0,-0.5,-9.3,-3.1,0.68,0.16,-0.05
2359,11.79,11.790001,11.88969,0.001327,9.999999992516e-07,0,-0.5,-9.3,-2.9,0.68,0.17,-0.05
2360,11.795,11.795,11.894825,0.001463,0,0,-0.5,-9.3,-2.5,0.69,0.17,-0.04
2361,11.8,11.8,11.900831,0.002469,0,0,-0.5,-9.3,-2.5,0.69,0.16,-0.04
2362,11.805,11.805,11.904706,0.001345,0,0,-0.4,-9.3,-2.2,0.69,0.16,-0.05
2363,11.81,11.81,11.909799,0.001438,0,0,-0.3,-9.3,-2.3,0.68,0.16,-0.04
2364,11.815,11.815001,11.915845,0.002483,1.00000000102796e-06,0,-0.4,-9.3,-2.7,0.68,0.17,-0.05
2365,11.82,11.82,11.920776,0.002414,0,0,-0.4,-9.2,-2.1,0.69,0.15,-0.04
2366,11.825,11.825001,11.924761,0.001398,9.999999992516e-07,0,-0.4,-9.3,-2.3,0.69,0.16,-0.04
2367,11.83,11.83,11.9299,0.001538,0,0,-0.5,-9.3,-2.9,0.68,0.16,-0.05
2368,11.835,11.835,11.935818,0.002457,0,0,-0.6,-9.3,-3,0.68,0.17,-0.05
2369,11.84,11.84,11.939732,0.00137,0,0,-0.5,-9.3,-2.2,0.69,0.16,-0.05
2370,11.845,11.845,11.944719,0.001357,0,0,-0.7,-9.4,-2.5,0.69,0.17,-0.05
2371,11.85,11.85,11.950795,0.002433,0,0,-0.6,-9.4,-2.3,0.69,0.17,-0.05
2372,11.855,11.855,11.955727,0.002366,0,0,-0.6,-9.4,-2,0.69,0.16,-0.05
2373,11.86,11.86,11.959714,0.001352,0,0,-0.4,-9.4,-1.9,0.69,0.15,-0.04
2374,11.865,11.865,11.96477,0.001409,0,0,-0.3,-9.3,-2,0.69,0.15,-0.04
2375,11.87,11.870001,11.970725,0.002363,9.999999992516e-07,0,-0.2,-9.3,-1.8,0.7,0.16,-0.04
2376,11.875,11.875,11.974713,0.001351,0,0,-0.3,-9.3,-2.1,0.7,0.16,-0.04
2377,11.88,11.88,11.979803,0.001442,0,0,-0.4,-9.3,-1.7,0.7,0.16,-0.04
2378,11.885,11.885,11.985834,0.002473,0,0,-0.3,-9.3,-1.5,0.69,0.17,-0.04
2379,11.89,11.89,11.990771,0.002409,0,0,-0.4,-9.2,-1.5,0.7,0.17,-0.03
2380,11.895,11.895,11.994711,0.001351,0,0,-0.4,-9.3,-1.7,0.7,0.17,-0.04
2381,11.9,11.9,11.999824,0.001462,0,0,-0.3,-9.4,-1.9,0.69,0.17,-0.03
2382,11.905,11.905,12.005765,0.002403,0,0,-0.3,-9.4,-1.8,0.7,0.17,-0.04
2383,11.91,11.91,12.010735,0.002374,0,0,-0.3,-9.4,-2.8,0.69,0.18,-0.04
2384,11.915,11.915001,12.014791,0.001429,9.999999992516e-07,0,-0.4,-9.5,-2.5,0.7,0.18,-0.04
2385,11.92,11.92,12.020793,0.002431,0,0,-0.3,-9.5,-2.6,0.69,0.18,-0.04
2386,11.925,11.925,12.025727,0.002366,0,0,-0.5,-9.4,-2.7,0.69,0.19,-0.04
2387,11.93,11.93,12.029839,0.001478,0,0,-0.5,-9.5,-3,0.69,0.2,-0.05
2388,11.935,11.935,12.03472,0.001358,0,0,-0.5,-9.5,-2.4,0.7,0.19,-0.04
2389,11.94,11.94,12.040751,0.00239,0,0,-0.6,-9.4,-3.2,0.69,0.2,-0.05
2390,11.945,11.945,12.044702,0.001341,0,0,-0.7,-9.4,-3.2,0.69,0.2,-0.05
2391,11.95,11.950001,12.050232,0.001871,9.999999992516e-07,0,-0.5,-9.3,-3.8,0.68,0.21,-0.05
2392,11.955,11.955001,12.055137,0.001775,9.999999992516e-07,0,-0.6,-9.3,-4.1,0.67,0.22,-0.05
2393,11.96,11.96,12.060805,0.002445,0,0,-0.6,-9.4,-3.5,0.68,0.21,-0.05
2394,11.965,11.965,12.064787,0.001426,0,0,-0.5,-9.4,-3.1,0.68,0.21,-0.04
2395,11.97,11.97,12.070091,0.00173,0,0,-0.4,-9.4,-2.8,0.68,0.19,-0.04
2396,11.975,11.975,12.076067,0.002706,0,0,-0.5,-9.4,-2.5,0.68,0.19,-0.04
2397,11.98,11.98,12.079779,0.001418,0,0,-0.6,-9.4,-2.5,0.68,0.19,-0.04
2398,11.985,11.985,12.084727,0.001366,0,0,-0.6,-9.4,-3,0.68,0.2,-0.04
2399,11.99,11.99,12.090717,0.002356,0,0,-0.5,-9.5,-3,0.68,0.21,-0.04
2400,11.995,11.995001,12.094682,0.00132,9.999999992516e-07,0,-0.5,-9.5,-2.5,0.68,0.2,-0.04
2401,12,12,12.099797,0.001435,0,0,-0.3,-9.5,-2.9,0.68,0.19,-0.04
2402,12.005,12.005,12.10571,0.002349,0,0,-0.4,-9.4,-3.2,0.68,0.19,-0.04
2403,12.01,12.01,12.110717,0.002356,0,0,-0.6,-9.5,-3.2,0.69,0.21,-0.05
2404,12.015,12.015,12.114736,0.001374,0,0,-0.6,-9.4,-3.2,0.69,0.21,-0.04
2405,12.02,12.02,12.119783,0.001421,0,0,-0.6,-9.4,-2.8,0.69,0.21,-0.04
2406,12.025,12.025001,12.125941,0.002579,9.999999992516e-07,0,-0.3,-9.3,-3.1,0.69,0.2,-0.04
2407,12.03,12.030001,12.130776,0.002414,9.999999992516e-07,0,-0.4,-9.4,-3.4,0.68,0.21,-0.04
2408,12.035,12.035,12.134726,0.001365,0,0,-0.4,-9.3,-3.2,0.69,0.2,-0.03
2409,12.04,12.040002,12.140778,0.002415,1.9999999985032e-06,0,-0.6,-9.4,-3.2,0.68,0.21,-0.04
2410,12.045,12.045,12.14572,0.002359,0,0,-0.4,-9.4,-2.7,0.68,0.2,-0.03
2411,12.05,12.05,12.149738,0.001377,0,0,-0.3,-9.3,-2.5,0.68,0.19,-0.03
2412,12.055,12.055,12.15578,0.002418,0,0,-0.3,-9.3,-3,0.69,0.19,-0.03
2413,12.06,12.06,12.159688,0.001327,0,0,-0.4,-9.3,-2.6,0.68,0.19,-0.03
2414,12.065,12.065,12.164686,0.001325,0,0,-0.4,-9.2,-2.6,0.68,0.19,-0.03
2415,12.07,12.07,12.170869,0.002508,0,0,-0.4,-9.3,-2.4,0.69,0.18,-0.04
2416,12.075,12.075001,12.17572,0.002358,9.999999992516e-07,0,-0.4,-9.4,-2.4,0.69,0.18,-0.04
2417,12.08,12.08,12.179761,0.0014,0,0,-0.3,-9.4,-2.6,0.69,0.18,-0.04
2418,12.085,12.085,12.185757,0.002396,0,0,-0.5,-9.5,-3,0.69,0.19,-0.04
2419,12.09,12.09,12.190717,0.002355,0,0,-0.3,-9.5,-2.8,0.69,0.18,-0.04
2420,12.095,12.095,12.194679,0.001318,0,0,-0.2,-9.3,-3.3,0.68,0.18,-0.04
2421,12.1,12.1,12.200703,0.002342,0,0,-0.2,-9.2,-2.7,0.68,0.17,-0.04
2422,12.105,12.105,12.20569,0.002329,0,0,-0.4,-9.4,-3.1,0.68,0.18,-0.04
2423,12.11,12.11,12.209682,0.001321,0,0,-0.5,-9.4,-2.9,0.68,0.19,-0.04
2424,12.115,12.115,12.21578,0.002418,0,0,-0.5,-9.4,-3,0.68,0.19,-0.04
2425,12.12,12.120001,12.220724,0.002362,9.999999992516e-07,0,-0.5,-9.3,-3.1,0.68,0.19,-0.04
2426,12.125,12.125,12.224709,0.001348,0,0,-0.4,-9.3,-2.5,0.68,0.17,-0.04
2427,12.13,12.13,12.229904,0.001542,0,0,-0.4,-9.3,-2.8,0.68,0.18,-0.04
2428,12.135,12.135,12.23587,0.002508,0,0,-0.5,-9.3,-3.2,0.67,0.18,-0.04
2429,12.14,12.14,12.239694,0.001334,0,0,-0.4,-9.2,-3.3,0.67,0.17,-0.05
2430,12.145,12.145,12.244768,0.001406,0,0,-0.5,-9.2,-3,0.67,0.17,-0.05
2431,12.15,12.15,12.250767,0.002406,0,0,-0.5,-9.3,-2.7,0.68,0.17,-0.05
2432,12.155,12.155001,12.254879,0.001517,9.999999992516e-07,0,-0.5,-9.4,-2.5,0.68,0.17,-0.05
2433,12.16,12.16,12.259783,0.001422,0,0,-0.4,-9.2,-2.3,0.68,0.16,-0.04
2434,12.165,12.165001,12.265758,0.002396,9.999999992516e-07,0,-0.5,-9.2,-2.7,0.68,0.18,-0.05
2435,12.17,12.17,12.2708,0.002438,0,0,-0.4,-9.3,-2.4,0.68,0.16,-0.04
2436,12.175,12.175,12.274733,0.001371,0,0,-0.4,-9.3,-2.3,0.69,0.16,-0.04
2437,12.18,12.18,12.280792,0.002431,0,0,-0.5,-9.3,-2.8,0.68,0.17,-0.04
2438,12.185,12.185,12.285918,0.002558,0,0,-0.4,-9.3,-2.4,0.68,0.17,-0.04
2439,12.19,12.190001,12.289829,0.001467,1.00000000102796e-06,0,-0.5,-9.2,-2.7,0.68,0.18,-0.04
2440,12.195,12.195,12.294845,0.001483,0,0,-0.4,-9.2,-2.9,0.67,0.18,-0.04
2441,12.2,12.200001,12.300761,0.002398,9.999999992516e-07,0,-0.3,-9.1,-2.2,0.68,0.16,-0.04
2442,12.205,12.205,12.304757,0.001395,0,0,-0.3,-9.2,-2.2,0.67,0.16,-0.03
2443,12.21,12.21,12.309956,0.001595,0,0,-0.3,-9.2,-2.5,0.68,0.16,-0.04
2444,12.215,12.215,12.315923,0.002561,0,0,-0.3,-9.3,-1.8,0.69,0.16,-0.03
2445,12.22,12.22,12.319704,0.001343,0,0,-0.3,-9.3,-2.3,0.68,0.16,-0.04
2446,12.225,12.225,12.324748,0.001387,0,0,-0.4,-9.3,-2.7,0.68,0.17,-0.04
2447,12.23,12.23,12.330747,0.002385,0,0,-0.5,-9.2,-2.6,0.68,0.17,-0.04
2448,12.235,12.235,12.335728,0.002367,0,0,-0.5,-9.2,-2.5,0.68,0.17,-0.04
2449,12.24,12.24,12.339719,0.001358,0,0,-0.5,-9.2,-2.3,0.68,0.16,-0.04
2450,12.245,12.245001,12.345799,0.002437,9.999999992516e-07,0,-0.5,-9.2,-1.8,0.68,0.16,-0.04
2451,12.25,12.25,12.350705,0.002343,0,0,-0.4,-9.3,-2.1,0.67,0.16,-0.04
2452,12.255,12.255,12.354675,0.001314,0,0,-0.3,-9.3,-2.4,0.66,0.16,-0.04
2453,12.26,12.260001,12.360777,0.002415,1.00000000102796e-06,0,-0.4,-9.2,-2.3,0.67,0.16,-0.04
2454,12.265,12.265,12.365675,0.002314,0,0,-0.6,-9.2,-2.9,0.66,0.17,-0.05
2455,12.27,12.27,12.369717,0.001356,0,0,-0.5,-9.3,-3.1,0.66,0.17,-0.05
2456,12.275,12.275,12.374936,0.001575,0,0,-0.5,-9.3,-3.3,0.66,0.17,-0.05
2457,12.28,12.280001,12.380728,0.002366,9.999999992516e-07,0,-0.4,-9.2,-2.2,0.66,0.14,-0.05
2458,12.285,12.285,12.384737,0.001375,0,0,-0.4,-9.2,-2.1,0.65,0.14,-0.04
2459,12.29,12.290001,12.389984,0.001622,9.999999992516e-07,0,-0.4,-9.3,-1.9,0.66,0.14,-0.04
2460,12.295,12.295,12.395726,0.002364,0,0,-0.3,-9.2,-1.8,0.66,0.14,-0.04
2461,12.3,12.3,12.399763,0.001403,0,0,-0.4,-9.2,-2.2,0.66,0.15,-0.04
2462,12.305,12.305,12.404782,0.001421,0,0,-0.4,-9.1,-2.1,0.66,0.15,-0.04
2463,12.31,12.31,12.41084,0.002478,0,0,-0.7,-9.1,-3.1,0.65,0.17,-0.05
2464,12.315,12.315,12.414786,0.001425,0,0,-0.7,-9.2,-3,0.65,0.17,-0.05
2465,12.32,12.32,12.419709,0.001348,0,0,-0.5,-9.1,-3.1,0.64,0.18,-0.05
2466,12.325,12.325002,12.425129,0.001767,1.9999999985032e-06,0,-0.5,-9.2,-3.1,0.65,0.17,-0.05
2467,12.33,12.33,12.430754,0.002392,0,0,-0.5,-9.3,-3,0.65,0.18,-0.05
2468,12.335,12.335,12.434701,0.001339,0,0,-0.7,-9.4,-3.7,0.65,0.2,-0.05
2469,12.34,12.34,12.439983,0.001621,0,0,-0.7,-9.2,-3.7,0.65,0.19,-0.05
2470,12.345,12.345001,12.445895,0.002533,9.999999992516e-07,0,-0.7,-9.2,-3.3,0.65,0.2,-0.04
2471,12.35,12.35,12.449694,0.001332,0,0,-0.6,-9.2,-2.7,0.65,0.18,-0.04
2472,12.355,12.355,12.454793,0.001431,0,0,-0.5,-9.2,-2.9,0.65,0.18,-0.04
2473,12.36,12.36,12.4608,0.002438,0,0,-0.5,-9.1,-3.2,0.65,0.2,-0.04
2474,12.365,12.365,12.464707,0.001345,0,0,-0.7,-9.1,-3,0.66,0.2,-0.04
2475,12.37,12.370001,12.469699,0.001337,9.999999992516e-07,0,-0.5,-9.1,-3,0.65,0.2,-0.04
2476,12.375,12.375,12.475767,0.002407,0,0,-0.5,-9.1,-3.2,0.65,0.2,-0.04
2477,12.38,12.38,12.480699,0.002338,0,0,-0.4,-9.2,-2.8,0.66,0.19,-0.04
2478,12.385,12.385,12.484672,0.001311,0,0,-0.3,-9.2,-2.9,0.66,0.19,-0.04
2479,12.39,12.39,12.489812,0.001451,0,0,-0.3,-9.2,-3,0.66,0.19,-0.04
2480,12.395,12.395,12.495728,0.002367,0,0,-0.1,-9.1,-2.4,0.66,0.17,-0.03
2481,12.4,12.4,12.499678,0.001317,0,0,-0.2,-9.1,-3.1,0.66,0.19,-0.04
2482,12.405,12.405001,12.504721,0.001358,9.999999992516e-07,0,-0.3,-9.1,-3,0.66,0.19,-0.04
2483,12.41,12.41,12.509807,0.001445,0,0,-0.4,-9.2,-2.9,0.67,0.19,-0.03
2484,12.415,12.415001,12.515726,0.002363,9.999999992516e-07,0,-0.5,-9.2,-3,0.67,0.2,-0.04
2485,12.42,12.42,12.519666,0.001305,0,0,-0.4,-9.2,-2.9,0.67,0.19,-0.03
2486,12.425,12.425001,12.524716,0.001354,9.999999992516e-07,0,-0.4,-9.2,-2.6,0.67,0.19,-0.04
2487,12.43,12.430001,12.530837,0.002475,1.00000000102796e-06,0,-0.2,-9.2,-2.4,0.68,0.19,-0.03
2488,12.435,12.435,12.535739,0.002379,0,0,-0.2,-9.3,-2.1,0.68,0.18,-0.03
2489,12.44,12.44,12.539742,0.001381,0,0,-0.2,-9.2,-2.5,0.68,0.19,-0.03
2490,12.445,12.445,12.544781,0.00142,0,0,-0.3,-9.2,-2.7,0.68,0.19,-0.03
2491,12.45,12.450001,12.550809,0.002446,9.999999992516e-07,0,-0.3,-9.2,-2.8,0.69,0.19,-0.03
2492,12.455,12.455,12.554719,0.001358,0,0,-0.3,-9.2,-2.8,0.69,0.19,-0.03
2493,12.46,12.46,12.559682,0.001321,0,0,-0.3,-9.2,-2.8,0.69,0.19,-0.03
2494,12.465,12.465,12.565786,0.002424,0,0,-0.3,-9.3,-2.3,0.7,0.19,-0.03
2495,12.47,12.47,12.570796,0.002435,0,0,-0.3,-9.4,-2.2,0.7,0.19,-0.03
2496,12.475,12.475,12.574806,0.001444,0,0,-0.2,-9.3,-2.7,0.69,0.19,-0.03
2497,12.48,12.48,12.579861,0.001499,0,0,-0.2,-9.3,-2.5,0.7,0.19,-0.03
2498,12.485,12.485,12.58573,0.002368,0,0,-0.2,-9.3,-2.7,0.7,0.19,-0.03
2499,12.49,12.49,12.589726,0.001364,0,0,-0.3,-9.3,-2.4,0.71,0.2,-0.03
2500,12.495,12.495001,12.594768,0.001405,9.999999992516e-07,0,-0.3,-9.4,-1.9,0.72,0.19,-0.03
2501,12.5,12.5,12.600701,0.00234,0,0,-0.3,-9.4,-2.3,0.72,0.19,-0.03
2502,12.505,12.505,12.604684,0.001323,0,0,-0.3,-9.3,-2.7,0.72,0.2,-0.03
2503,12.51,12.51,12.609772,0.00141,0,0,-0.3,-9.4,-2.6,0.72,0.2,-0.03
2504,12.515,12.515,12.615712,0.002351,0,0,-0.5,-9.5,-3.2,0.72,0.22,-0.03
2505,12.52,12.52,12.620688,0.002327,0,0,-0.5,-9.5,-2.6,0.73,0.22,-0.03
2506,12.525,12.525,12.624685,0.001324,0,0,-0.4,-9.5,-2.5,0.72,0.21,-0.03
2507,12.53,12.530001,12.629782,0.001419,9.999999992516e-07,0,-0.5,-9.5,-2.9,0.72,0.22,-0.03
2508,12.535,12.535,12.635772,0.00241,0,0,-0.4,-9.5,-3.2,0.72,0.22,-0.03
2509,12.54,12.540001,12.639705,0.001343,9.999999992516e-07,0,-0.3,-9.4,-3,0.72,0.22,-0.03
2510,12.545,12.545,12.644685,0.001324,0,0,-0.3,-9.5,-3.1,0.73,0.22,-0.03
2511,12.55,12.55,12.650714,0.002353,0,0,-0.4,-9.4,-2.7,0.74,0.21,-0.03
2512,12.555,12.555,12.655818,0.002457,0,0,-0.3,-9.4,-2.8,0.74,0.21,-0.03
2513,12.56,12.560001,12.65973,0.001372,9.999999992516e-07,0,-0.4,-9.5,-2.3,0.75,0.21,-0.02
2514,12.565,12.565,12.664979,0.001617,0,0,-0.2,-9.5,-2.4,0.75,0.21,-0.03
2515,12.57,12.57,12.670791,0.00243,0,0,-0.5,-9.6,-2.2,0.77,0.21,-0.03
2516,12.575,12.575001,12.674731,0.001368,9.999999992516e-07,0,-0.4,-9.6,-2.1,0.77,0.2,-0.03
2517,12.58,12.58,12.680715,0.002354,0,0,-0.4,-9.5,-2.5,0.77,0.22,-0.03
2518,12.585,12.585,12.685731,0.002369,0,0,-0.3,-9.5,-3.4,0.76,0.22,-0.04
2519,12.59,12.59,12.689879,0.001518,0,0,-0.3,-9.7,-3.1,0.76,0.21,-0.03
2520,12.595,12.595,12.694882,0.00152,0,0,-0.4,-9.7,-3.4,0.76,0.22,-0.04
2521,12.6,12.6,12.700794,0.002433,0,0,-0.4,-9.7,-3.1,0.77,0.22,-0.03
2522,12.605,12.605,12.704825,0.001465,0,0,-0.4,-9.7,-3.5,0.77,0.22,-0.04
2523,12.61,12.610001,12.709738,0.001376,1.00000000102796e-06,0,-0.3,-9.6,-2.9,0.78,0.2,-0.03
2524,12.615,12.615,12.715696,0.002334,0,0,-0.3,-9.6,-2.9,0.78,0.21,-0.03
2525,12.62,12.620001,12.720705,0.002344,9.999999992516e-07,0,-0.2,-9.6,-2.8,0.78,0.21,-0.02
2526,12.625,12.625,12.724737,0.001376,0,0,-0.3,-9.7,-2.8,0.78,0.21,-0.02
2527,12.63,12.63,12.730765,0.002403,0,0,-0.3,-9.7,-2.7,0.78,0.22,-0.02
2528,12.635,12.635,12.735736,0.002374,0,0,-0.3,-9.7,-3.1,0.79,0.22,-0.03
2529,12.64,12.640001,12.740023,0.001662,9.999999992516e-07,0,-0.4,-9.7,-3.6,0.78,0.23,-0.03
2530,12.645,12.645,12.744794,0.001433,0,0,-0.6,-9.7,-3.5,0.78,0.24,-0.03
2531,12.65,12.65,12.750734,0.002373,0,0,-0.5,-9.7,-3.8,0.79,0.24,-0.03
2532,12.655,12.655001,12.754693,0.001331,9.999999992516e-07,0,-0.6,-9.7,-3.4,0.79,0.24,-0.03
2533,12.66,12.66,12.759759,0.001397,0,0,-0.6,-9.6,-3.6,0.78,0.24,-0.03
2534,12.665,12.665001,12.765772,0.002411,9.999999992516e-07,0,-0.5,-9.6,-3.2,0.78,0.23,-0.03
2535,12.67,12.67,12.770898,0.002537,0,0,-0.5,-9.6,-3.3,0.78,0.22,-0.03
2536,12.675,12.675,12.77477,0.001408,0,0,-0.4,-9.6,-3,0.78,0.22,-0.03
2537,12.68,12.68,12.780792,0.002431,0,0,-0.3,-9.6,-2.7,0.78,0.21,-0.03
2538,12.685,12.685001,12.78575,0.002387,9.999999992516e-07,0,-0.3,-9.6,-3,0.77,0.21,-0.03
2539,12.69,12.69,12.78978,0.001418,0,0,-0.2,-9.6,-2.6,0.76,0.2,-0.03
2540,12.695,12.695,12.795768,0.002406,0,0,-0.1,-9.5,-3.4,0.76,0.21,-0.03
2541,12.7,12.700001,12.800699,0.002337,9.999999992516e-07,0,-0.4,-9.5,-3.5,0.75,0.21,-0.03
2542,12.705,12.705001,12.804971,0.001609,9.999999992516e-07,0,-0.3,-9.4,-3.1,0.75,0.21,-0.03
2543,12.71,12.71,12.809788,0.001427,0,0,-0.2,-9.4,-1.9,0.76,0.2,-0.02
2544,12.715,12.715,12.815785,0.002424,0,0,-0.1,-9.4,-1.9,0.76,0.2,-0.02
2545,12.72,12.72,12.819696,0.001335,0,0,-0.1,-9.5,-2.5,0.74,0.22,-0.02
2546,12.725,12.725,12.824801,0.001439,0,0,-0.2,-9.5,-2.8,0.74,0.22,-0.02
2547,12.73,12.73,12.830774,0.002413,0,0,-0.3,-9.5,-2.6,0.74,0.23,-0.02
2548,12.735,12.735,12.834703,0.001342,0,0,-0.3,-9.5,-2.9,0.73,0.23,-0.02
2549,12.74,12.74,12.83976,0.001398,0,0,-0.1,-9.5,-2.6,0.73,0.21,-0.02
2550,12.745,12.745001,12.84578,0.002418,9.999999992516e-07,0,-0.1,-9.5,-2.5,0.74,0.21,-0.02
2551,12.75,12.75,12.850691,0.00233,0,0,-0.1,-9.4,-2.3,0.74,0.21,-0.01
2552,12.755,12.755,12.855066,0.001706,0,0,-0.1,-9.4,-2.7,0.73,0.21,-0.02
2553,12.76,12.76,12.860802,0.002436,0,0,0,-9.5,-2.7,0.73,0.21,-0.02
2554,12.765,12.765,12.865741,0.00238,0,0,-0.1,-9.5,-3.1,0.73,0.22,-0.02
2555,12.77,12.77,12.869674,0.001313,0,0,-0.3,-9.5,-3.3,0.72,0.23,-0.02
2556,12.775,12.775,12.874823,0.001461,0,0,-0.2,-9.5,-3.3,0.73,0.22,-0.02
2557,12.78,12.780001,12.880752,0.00239,9.999999992516e-07,0,-0.2,-9.4,-2.6,0.74,0.21,-0.02
2558,12.785,12.785,12.884686,0.001325,0,0,-0.3,-9.4,-3.2,0.73,0.21,-0.03
2559,12.79,12.790001,12.889819,0.001456,9.999999992516e-07,0,-0.2,-9.5,-3,0.73,0.21,-0.03
2560,12.795,12.795,12.89571,0.002349,0,0,-0.2,-9.4,-3.1,0.73,0.2,-0.03
2561,12.8,12.8,12.899686,0.001325,0,0,-0.2,-9.5,-2.9,0.73,0.2,-0.03
2562,12.805,12.805,12.904703,0.001342,0,0,-0.2,-9.5,-3.3,0.73,0.2,-0.03
2563,12.81,12.81,12.910712,0.002351,0,0,-0.2,-9.5,-3.3,0.73,0.2,-0.03
2564,12.815,12.815,12.914819,0.001459,0,0,-0.1,-9.5,-3.7,0.73,0.2,-0.03
2565,12.82,12.82,12.919675,0.001314,0,0,-0.2,-9.4,-3.3,0.73,0.2,-0.03
2566,12.825,12.825001,12.925721,0.002359,9.999999992516e-07,0,-0.2,-9.4,-2.6,0.74,0.19,-0.03
2567,12.83,12.83,12.929766,0.001405,0,0,-0.2,-9.4,-1.8,0.74,0.18,-0.03
2568,12.835,12.835,12.934708,0.001347,0,0,-0.2,-9.4,-2.1,0.74,0.19,-0.03
2569,12.84,12.84,12.940755,0.002395,0,0,-0.2,-9.5,-2.2,0.73,0.2,-0.03
2570,12.845,12.845,12.945697,0.002336,0,0,-0.2,-9.5,-2.5,0.72,0.21,-0.03
2571,12.85,12.85,12.949685,0.001324,0,0,-0.1,-9.5,-2.6,0.72,0.21,-0.03
2572,12.855,12.855,12.954982,0.00162,0,0,-0.2,-9.4,-2,0.73,0.21,-0.02
2573,12.86,12.86,12.960763,0.002401,0,0,-0.1,-9.3,-2.2,0.72,0.21,-0.01
2574,12.865,12.865,12.964676,0.001315,0,0,-0.1,-9.3,-2.1,0.72,0.21,-0.01
2575,12.87,12.870001,12.969746,0.001384,9.999999992516e-07,0,-0.1,-9.4,-2.5,0.72,0.22,-0.02
2576,12.875,12.875,12.975759,0.002398,0,0,-0.1,-9.4,-2.6,0.71,0.23,-0.02
2577,12.88,12.88,12.979695,0.001334,0,0,-0.1,-9.4,-2.5,0.72,0.22,-0.02
2578,12.885,12.885,12.984743,0.001382,0,0,-0.1,-9.4,-1.8,0.72,0.21,-0.02
2579,12.89,12.89,12.990135,0.001774,0,0,-0.2,-9.5,-3,0.71,0.23,-0.02
2580,12.895,12.895,12.995846,0.002484,0,0,-0.4,-9.6,-3.2,0.71,0.25,-0.02
2581,12.9,12.9,12.999702,0.001341,0,0,-0.4,-9.5,-3.4,0.71,0.25,-0.02
2582,12.905,12.905001,13.004993,0.001631,9.999999992516e-07,0,-0.2,-9.4,-3.1,0.72,0.24,-0.02
2583,12.91,12.91,13.010843,0.002481,0,0,-0.2,-9.5,-3,0.73,0.24,-0.01
2584,12.915,12.915001,13.015779,0.002418,9.999999992516e-07,0,-0.2,-9.5,-3,0.73,0.24,-0.01
2585,12.92,12.92,13.019715,0.001354,0,0,-0.1,-9.4,-2.6,0.74,0.23,-0.02
2586,12.925,12.925,13.025894,0.002532,0,0,-0.2,-9.4,-3.2,0.73,0.23,-0.02
2587,12.93,12.93,13.030772,0.002411,0,0,-0.1,-9.5,-2.4,0.75,0.21,-0.02
2588,12.935,12.935,13.03471,0.001349,0,0,-0.2,-9.5,-2.4,0.74,0.22,-0.01
2589,12.94,12.94,13.040833,0.002471,0,0,-0.2,-9.5,-2,0.75,0.22,-0.01
2590,12.945,12.945,13.045723,0.002361,0,0,-0.2,-9.6,-2.1,0.75,0.22,-0.02
2591,12.95,12.950001,13.049833,0.001471,9.999999992516e-07,0,-0.2,-9.6,-2.9,0.75,0.23,-0.02
2592,12.955,12.955,13.055783,0.002422,0,0,-0.2,-9.6,-3.3,0.75,0.23,-0.03
2593,12.96,12.96,13.060734,0.002372,0,0,-0.2,-9.6,-2.3,0.76,0.22,-0.02
2594,12.965,12.965,13.064676,0.001314,0,0,-0.3,-9.6,-2.9,0.76,0.23,-0.03
2595,12.97,12.97,13.069836,0.001476,0,0,-0.3,-9.6,-2.5,0.77,0.21,-0.03
2596,12.975,12.975,13.075873,0.002512,0,0,-0.2,-9.7,-2.8,0.77,0.21,-0.03
2597,12.98,12.98,13.079731,0.001371,0,0,-0.1,-9.7,-2.6,0.78,0.21,-0.03
2598,12.985,12.985,13.084739,0.001378,0,0,-0.2,-9.5,-2.3,0.78,0.2,-0.03
2599,12.99,12.99,13.090851,0.002489,0,0,-0.4,-9.6,-2.9,0.78,0.22,-0.03
2600,12.995,12.995001,13.095736,0.002374,9.999999992516e-07,0,-0.4,-9.7,-2.9,0.79,0.21,-0.03
2601,13,13,13.099747,0.001385,0,0,-0.5,-9.7,-3.8,0.79,0.22,-0.03
2602,13.005,13.005,13.105838,0.002477,0,0,-0.3,-9.8,-3.1,0.8,0.21,-0.03
2603,13.01,13.01,13.110775,0.002413,0,0,-0.1,-9.7,-2.2,0.81,0.19,-0.03
2604,13.015,13.015,13.114741,0.00138,0,0,0,-9.7,-2.4,0.81,0.18,-0.04
2605,13.02,13.02,13.119815,0.001453,0,0,-0.2,-9.7,-2.5,0.82,0.19,-0.04
2606,13.025,13.025,13.125806,0.002445,0,0,-0.4,-9.8,-2.8,0.82,0.2,-0.04
2607,13.03,13.030001,13.129726,0.001364,9.999999992516e-07,0,-0.3,-9.7,-2.6,0.82,0.19,-0.03
2608,13.035,13.035,13.134809,0.001447,0,0,-0.1,-9.7,-1.8,0.81,0.18,-0.03
2609,13.04,13.040001,13.140816,0.002453,9.999999992516e-07,0,-0.2,-9.6,-2.4,0.81,0.18,-0.02
2610,13.045,13.045,13.144676,0.001315,0,0,-0.1,-9.6,-1.8,0.82,0.17,-0.02
2611,13.05,13.05,13.1498,0.001439,0,0,-0.2,-9.6,-1.9,0.81,0.17,-0.03
2612,13.055,13.055,13.155785,0.002423,0,0,-0.3,-9.7,-2.6,0.81,0.19,-0.03
2613,13.06,13.06,13.159715,0.001354,0,0,-0.4,-9.8,-2.7,0.81,0.19,-0.04
2614,13.065,13.065,13.164792,0.00143,0,0,-0.5,-9.8,-2.3,0.82,0.18,-0.03
2615,13.07,13.07,13.170824,0.002463,0,0,-0.4,-9.9,-2.4,0.82,0.17,-0.04
2616,13.075,13.075002,13.174723,0.00136,1.9999999985032e-06,0,-0.4,-9.8,-2.7,0.83,0.18,-0.04
2617,13.08,13.08,13.17978,0.001419,0,0,-0.5,-9.8,-3.2,0.83,0.19,-0.05
2618,13.085,13.085,13.1858,0.002439,0,0,-0.6,-9.8,-2.6,0.83,0.18,-0.04
2619,13.09,13.09,13.190724,0.002363,0,0,-0.3,-9.9,-2.2,0.84,0.17,-0.03
2620,13.095,13.095,13.194761,0.0014,0,0,-0.2,-9.9,-2.6,0.84,0.17,-0.04
2621,13.1,13.1,13.200785,0.002424,0,0,-0.3,-9.8,-2.4,0.85,0.17,-0.03
2622,13.105,13.105,13.205759,0.002398,0,0,-0.3,-9.9,-2.7,0.84,0.18,-0.03
2623,13.11,13.11,13.209884,0.001523,0,0,-0.4,-10,-2,0.86,0.17,-0.03
2624,13.115,13.115001,13.214823,0.001461,9.999999992516e-07,0,-0.4,-9.9,-2.2,0.86,0.17,-0.03
2625,13.12,13.120001,13.220763,0.002401,9.999999992516e-07,0,-0.4,-9.9,-3.1,0.86,0.19,-0.04
2626,13.125,13.125,13.224685,0.001323,0,0,-0.4,-9.9,-2.5,0.86,0.18,-0.03
2627,13.13,13.13,13.230161,0.0018,0,0,-0.3,-10,-2.8,0.87,0.18,-0.04
2628,13.135,13.135,13.235851,0.002489,0,0,-0.1,-9.9,-3,0.88,0.17,-0.04
2629,13.14,13.14,13.23972,0.001359,0,0,-0.2,-10,-2.8,0.88,0.17,-0.04
2630,13.145,13.145,13.24487,0.001509,0,0,-0.4,-10,-3.3,0.88,0.18,-0.04
2631,13.15,13.15,13.250897,0.002535,0,0,-0.5,-10.1,-2.9,0.89,0.18,-0.04
2632,13.155,13.155001,13.254783,0.001421,9.999999992516e-07,0,-0.5,-10.3,-2.4,0.91,0.17,-0.04
2633,13.16,13.16,13.259987,0.001625,0,0,-0.5,-10.3,-2.7,0.92,0.18,-0.04
2634,13.165,13.165001,13.265763,0.002401,9.999999992516e-07,0,-0.5,-10.3,-2.9,0.93,0.19,-0.04
2635,13.17,13.17,13.269766,0.001404,0,0,-0.5,-10.3,-2.7,0.93,0.18,-0.04
2636,13.175,13.175,13.274896,0.001534,0,0,-0.5,-10.3,-2.3,0.95,0.18,-0.03
2637,13.18,13.18,13.280797,0.002435,0,0,-0.5,-10.5,-3,0.95,0.19,-0.04
2638,13.185,13.185,13.285741,0.002379,0,0,-0.6,-10.6,-2.6,0.97,0.19,-0.04
2639,13.19,13.190001,13.289975,0.001613,1.00000000102796e-06,0,-0.6,-10.6,-2.4,0.99,0.19,-0.04
2640,13.195,13.195,13.294864,0.001503,0,0,-0.4,-10.5,-2.7,0.99,0.19,-0.03
2641,13.2,13.200001,13.300755,0.002393,9.999999992516e-07,0,-0.4,-10.5,-2.5,1,0.18,-0.04
2642,13.205,13.205,13.304716,0.001355,0,0,-0.5,-10.6,-2.8,1,0.2,-0.04
2643,13.21,13.21,13.309755,0.001394,0,0,-0.4,-10.6,-3.1,1,0.19,-0.04
2644,13.215,13.215,13.315761,0.002398,0,0,-0.7,-10.8,-3.2,1.01,0.21,-0.04
2645,13.22,13.22,13.319681,0.00132,0,0,-0.6,-10.8,-3.6,1.01,0.22,-0.04
2646,13.225,13.225,13.324928,0.001566,0,0,-0.4,-10.7,-3.6,1.01,0.21,-0.04
2647,13.23,13.23,13.330967,0.002605,0,0,-0.5,-10.7,-3.6,1.01,0.21,-0.04
2648,13.235,13.235,13.335744,0.002383,0,0,-0.5,-10.7,-2.6,1.02,0.2,-0.03
2649,13.24,13.24,13.339711,0.001349,0,0,-0.4,-10.8,-2.1,1.03,0.18,-0.03
2650,13.245,13.245001,13.345774,0.002412,9.999999992516e-07,0,-0.4,-10.7,-2.2,1.05,0.18,-0.04
2651,13.25,13.25,13.350767,0.002406,0,0,-0.3,-10.8,-2.7,1.04,0.19,-0.03
2652,13.255,13.255,13.354904,0.001544,0,0,-0.4,-10.8,-3,1.04,0.19,-0.04
2653,13.26,13.26,13.359769,0.001408,0,0,-0.3,-10.7,-3.2,1.03,0.19,-0.04
2654,13.265,13.265,13.365752,0.00239,0,0,-0.3,-10.7,-2.9,1.03,0.19,-0.03
2655,13.27,13.27,13.370706,0.002345,0,0,-0.3,-10.7,-2.5,1.03,0.19,-0.04
2656,13.275,13.275,13.374693,0.001332,0,0,-0.4,-10.7,-2.3,1.04,0.19,-0.04
2657,13.28,13.280001,13.380768,0.002406,9.999999992516e-07,0,-0.5,-10.7,-2.2,1.05,0.19,-0.04
2658,13.285,13.285,13.38569,0.002329,0,0,-0.6,-10.8,-3,1.05,0.2,-0.04
2659,13.29,13.290001,13.389677,0.001315,9.999999992516e-07,0,-0.6,-10.7,-2.8,1.04,0.19,-0.04
2660,13.295,13.295,13.395758,0.002396,0,0,-0.6,-10.7,-2.9,1.04,0.2,-0.04
2661,13.3,13.3,13.400706,0.002345,0,0,-0.4,-10.8,-2.7,1.04,0.19,-0.04
2662,13.305,13.305,13.404807,0.001447,0,0,-0.5,-10.8,-3.2,1.04,0.19,-0.04
2663,13.31,13.31,13.41077,0.002409,0,0,-0.5,-10.8,-2.8,1.04,0.19,-0.04
2664,13.315,13.315,13.415873,0.002512,0,0,-0.5,-10.8,-2.5,1.04,0.18,-0.03
2665,13.32,13.32,13.419672,0.001311,0,0,-0.5,-10.8,-2.7,1.04,0.19,-0.03
2666,13.325,13.325001,13.424829,0.001466,9.999999992516e-07,0,-0.4,-10.8,-2.9,1.05,0.19,-0.04
2667,13.33,13.33,13.430909,0.002548,0,0,-0.4,-10.8,-2.4,1.05,0.18,-0.04
2668,13.335,13.335,13.43473,0.001368,0,0,-0.4,-10.8,-2.9,1.04,0.19,-0.04
2669,13.34,13.34,13.440051,0.001689,0,0,-0.4,-10.8,-3.1,1.04,0.2,-0.04
2670,13.345,13.345,13.445835,0.002473,0,0,-0.5,-10.7,-2.7,1.04,0.19,-0.04
2671,13.35,13.35,13.450698,0.002337,0,0,-0.5,-10.7,-2.3,1.04,0.19,-0.04
2672,13.355,13.355,13.454759,0.001398,0,0,-0.5,-10.6,-2.7,1.03,0.19,-0.04
2673,13.36,13.36,13.46008,0.001719,0,0,-0.4,-10.6,-2.3,1.04,0.19,-0.04
2674,13.365,13.365,13.465789,0.002428,0,0,-0.3,-10.8,-3.2,1.04,0.2,-0.04
2675,13.37,13.370001,13.469676,0.001314,9.999999992516e-07,0,-0.3,-10.7,-2.6,1.04,0.19,-0.04
2676,13.375,13.375001,13.474822,0.00146,9.999999992516e-07,0,-0.3,-10.7,-2.8,1.04,0.19,-0.04
2677,13.38,13.38,13.480722,0.002362,0,0,-0.4,-10.7,-3.5,1.04,0.2,-0.04
2678,13.385,13.385,13.48473,0.001368,0,0,-0.4,-10.7,-3.1,1.04,0.19,-0.04
2679,13.39,13.390001,13.490034,0.001672,9.999999992516e-07,0,-0.5,-10.8,-2.8,1.04,0.2,-0.04
2680,13.395,13.395,13.495911,0.002549,0,0,-0.4,-10.8,-1.9,1.05,0.19,-0.03
2681,13.4,13.4,13.499711,0.001349,0,0,-0.5,-10.8,-2.7,1.04,0.19,-0.03
2682,13.405,13.405001,13.504717,0.001355,9.999999992516e-07,0,-0.6,-10.7,-3.1,1.04,0.2,-0.04
2683,13.41,13.41,13.510786,0.002425,0,0,-0.5,-10.6,-2.9,1.04,0.19,-0.04
2684,13.415,13.415001,13.515778,0.002416,9.999999992516e-07,0,-0.5,-10.7,-2.9,1.04,0.19,-0.04
2685,13.42,13.42,13.519679,0.001317,0,0,-0.5,-10.7,-2.5,1.04,0.19,-0.04
2686,13.425,13.425,13.524832,0.00147,0,0,-0.6,-10.7,-2.6,1.04,0.2,-0.04
2687,13.43,13.43,13.530697,0.002336,0,0,-0.6,-10.6,-2.5,1.05,0.2,-0.04
2688,13.435,13.435,13.534687,0.001327,0,0,-0.7,-10.8,-2.6,1.04,0.2,-0.04
2689,13.44,13.44,13.53973,0.001369,0,0,-0.6,-10.7,-3.1,1.04,0.21,-0.04
2690,13.445,13.445,13.545752,0.00239,0,0,-0.6,-10.8,-3.4,1.04,0.21,-0.05
2691,13.45,13.450001,13.550778,0.002417,9.999999992516e-07,0,-0.5,-10.7,-3.3,1.04,0.2,-0.04
2692,13.455,13.455,13.554692,0.001331,0,0,-0.5,-10.8,-3.7,1.04,0.21,-0.04
2693,13.46,13.46,13.559814,0.001452,0,0,-0.6,-10.8,-3.4,1.04,0.21,-0.04
2694,13.465,13.465001,13.565864,0.002502,1.00000000102796e-06,0,-0.5,-10.7,-3.5,1.04,0.21,-0.04
2695,13.47,13.47,13.569682,0.001321,0,0,-0.4,-10.7,-3.4,1.04,0.2,-0.05
2696,13.475,13.475,13.574796,0.001434,0,0,-0.4,-10.7,-2.9,1.05,0.19,-0.04
2697,13.48,13.48,13.580737,0.002376,0,0,-0.4,-10.7,-2.6,1.05,0.18,-0.04
2698,13.485,13.485,13.584743,0.001381,0,0,-0.4,-10.8,-2.9,1.05,0.2,-0.04
2699,13.49,13.49,13.589905,0.001545,0,0,-0.3,-10.8,-2.4,1.05,0.19,-0.04
2700,13.495,13.495001,13.595779,0.002416,9.999999992516e-07,0,-0.4,-10.7,-2.6,1.04,0.2,-0.03
2701,13.5,13.5,13.600719,0.002358,0,0,-0.2,-10.7,-3.2,1.04,0.2,-0.03
2702,13.505,13.505,13.604707,0.001345,0,0,-0.2,-10.6,-3.5,1.03,0.2,-0.03
2703,13.51,13.51,13.610758,0.002397,0,0,-0.2,-10.6,-2.7,1.04,0.19,-0.03
2704,13.515,13.515,13.615733,0.002372,0,0,-0.2,-10.7,-2.7,1.04,0.19,-0.04
2705,13.52,13.52,13.619711,0.001349,0,0,-0.2,-10.6,-2,1.05,0.17,-0.03
2706,13.525,13.525,13.6248,0.001439,0,0,-0.1,-10.7,-2.1,1.05,0.17,-0.04
2707,13.53,13.530001,13.630779,0.002417,9.999999992516e-07,0,-0.2,-10.7,-2,1.05,0.17,-0.04
2708,13.535,13.535,13.634678,0.001317,0,0,-0.2,-10.7,-2.4,1.04,0.19,-0.03
2709,13.54,13.540001,13.639727,0.001364,9.999999992516e-07,0,-0.4,-10.7,-2.6,1.04,0.19,-0.03
2710,13.545,13.545,13.645768,0.002407,0,0,-0.4,-10.7,-2.5,1.04,0.18,-0.04
2711,13.55,13.550001,13.650705,0.002343,9.999999992516e-07,0,-0.3,-10.7,-2.5,1.04,0.18,-0.04
2712,13.555,13.555,13.654683,0.001322,0,0,-0.3,-10.6,-2.1,1.04,0.17,-0.03
2713,13.56,13.56,13.659863,0.001501,0,0,-0.3,-10.6,-2.6,1.04,0.18,-0.03
2714,13.565,13.565,13.665697,0.002336,0,0,-0.3,-10.6,-2.6,1.04,0.18,-0.04
2715,13.57,13.57,13.669675,0.001314,0,0,-0.4,-10.7,-2.5,1.04,0.18,-0.03
2716,13.575,13.575001,13.674816,0.001453,9.999999992516e-07,0,-0.4,-10.6,-1.6,1.05,0.18,-0.03
2717,13.58,13.58,13.680794,0.002432,0,0,-0.4,-10.7,-2.1,1.05,0.18,-0.04
2718,13.585,13.585,13.684708,0.001347,0,0,-0.2,-10.5,-2.4,1.04,0.18,-0.04
2719,13.59,13.59,13.689752,0.001391,0,0,-0.2,-10.6,-2.5,1.04,0.18,-0.04
2720,13.595,13.595,13.695796,0.002434,0,0,-0.2,-10.6,-2.6,1.03,0.17,-0.03
2721,13.6,13.6,13.699698,0.001337,0,0,-0.3,-10.6,-2.6,1.04,0.18,-0.04
2722,13.605,13.605001,13.704818,0.001456,9.999999992516e-07,0,-0.5,-10.6,-3.4,1.03,0.2,-0.04
2723,13.61,13.61,13.710908,0.002547,0,0,-0.5,-10.6,-3.1,1.03,0.2,-0.04
2724,13.615,13.615,13.715765,0.002404,0,0,-0.5,-10.7,-3.1,1.04,0.21,-0.04
2725,13.62,13.620001,13.719694,0.001331,9.999999992516e-07,0,-0.4,-10.6,-3,1.04,0.2,-0.04
2726,13.625,13.625,13.724724,0.001363,0,0,-0.2,-10.7,-2.8,1.04,0.18,-0.04
2727,13.63,13.63,13.73073,0.002369,0,0,-0.2,-10.7,-2.9,1.04,0.19,-0.04
2728,13.635,13.635,13.734713,0.001351,0,0,-0.2,-10.7,-2.3,1.04,0.18,-0.04
2729,13.64,13.640001,13.73974,0.001379,9.999999992516e-07,0,-0.2,-10.7,-2.5,1.04,0.19,-0.04
2730,13.645,13.645,13.745741,0.002379,0,0,-0.4,-10.7,-3.4,1.04,0.21,-0.04
2731,13.65,13.65,13.750726,0.002365,0,0,-0.4,-10.7,-3.2,1.04,0.2,-0.04
2732,13.655,13.655001,13.754693,0.001332,9.999999992516e-07,0,-0.4,-10.8,-2.9,1.04,0.2,-0.04
2733,13.66,13.66,13.760702,0.00234,0,0,-0.3,-10.8,-2.9,1.04,0.2,-0.04
2734,13.665,13.665001,13.765713,0.00235,9.999999992516e-07,0,-0.3,-10.7,-2.1,1.05,0.18,-0.03
2735,13.67,13.67,13.769756,0.001395,0,0,-0.3,-10.7,-2.5,1.04,0.19,-0.04
2736,13.675,13.675,13.774831,0.00147,0,0,-0.4,-10.7,-2.8,1.04,0.2,-0.04
2737,13.68,13.68,13.780684,0.002323,0,0,-0.3,-10.7,-2.9,1.04,0.2,-0.04
2738,13.685,13.685,13.784659,0.001298,0,0,-0.2,-10.5,-2.6,1.04,0.18,-0.04
2739,13.69,13.69,13.789684,0.001323,0,0,-0.3,-10.6,-2.5,1.04,0.18,-0.04
2740,13.695,13.695,13.795708,0.002347,0,0,-0.3,-10.6,-3,1.04,0.18,-0.04
2741,13.7,13.700001,13.80069,0.002328,9.999999992516e-07,0,-0.3,-10.6,-3.2,1.04,0.19,-0.04
2742,13.705,13.705,13.804667,0.001306,0,0,-0.2,-10.6,-3,1.04,0.19,-0.05
2743,13.71,13.71,13.80965,0.001287,0,0,-0.3,-10.6,-2.8,1.04,0.19,-0.04
2744,13.715,13.715,13.815714,0.002352,0,0,-0.2,-10.6,-2.4,1.04,0.18,-0.04
2745,13.72,13.72,13.819753,0.001393,0,0,-0.3,-10.6,-2.2,1.04,0.18,-0.03
2746,13.725,13.725,13.824803,0.001442,0,0,-0.2,-10.7,-2.1,1.04,0.18,-0.03
2747,13.73,13.73,13.830779,0.002418,0,0,-0.2,-10.7,-2.5,1.04,0.18,-0.03
2748,13.735,13.735,13.834678,0.001317,0,0,-0.2,-10.6,-2.2,1.05,0.18,-0.03
2749,13.74,13.74,13.839885,0.001525,0,0,-0.4,-10.6,-2.9,1.04,0.19,-0.04
2750,13.745,13.745001,13.845708,0.002346,9.999999992516e-07,0,-0.4,-10.7,-2.4,1.05,0.18,-0.03
2751,13.75,13.75,13.849669,0.001307,0,0,-0.3,-10.8,-2,1.05,0.18,-0.03
2752,13.755,13.755,13.855692,0.002331,0,0,-0.3,-10.7,-2.6,1.04,0.19,-0.03
2753,13.76,13.76,13.86068,0.002319,0,0,-0.2,-10.8,-2.4,1.05,0.18,-0.03
2754,13.765,13.765,13.864661,0.0013,0,0,-0.2,-10.7,-2.2,1.05,0.18,-0.03
2755,13.77,13.77,13.869806,0.001444,0,0,-0.2,-10.8,-2.1,1.05,0.17,-0.03
2756,13.775,13.775001,13.875771,0.002409,9.999999992516e-07,0,-0.3,-10.8,-2.4,1.04,0.18,-0.03
2757,13.78,13.780001,13.880712,0.00235,9.999999992516e-07,0,-0.3,-10.7,-3,1.04,0.19,-0.04
2758,13.785,13.785,13.88469,0.001328,0,0,-0.4,-10.8,-3.2,1.05,0.2,-0.04
2759,13.79,13.790001,13.889854,0.00149,9.999999992516e-07,0,-0.5,-10.8,-3.3,1.04,0.2,-0.04
2760,13.795,13.795,13.895731,0.002369,0,0,-0.4,-10.7,-2.7,1.04,0.19,-0.04
2761,13.8,13.8,13.899686,0.001324,0,0,-0.4,-10.6,-2.8,1.04,0.19,-0.04
2762,13.805,13.805,13.904735,0.001373,0,0,-0.5,-10.7,-2.3,1.05,0.18,-0.04
2763,13.81,13.81,13.91075,0.002388,0,0,-0.4,-10.7,-2.4,1.04,0.18,-0.03
2764,13.815,13.815,13.915714,0.002353,0,0,-0.4,-10.8,-2.4,1.05,0.19,-0.04
2765,13.82,13.82,13.919692,0.001331,0,0,-0.5,-10.8,-3.1,1.05,0.2,-0.04
2766,13.825,13.825003,13.925365,0.002001,2.99999999953116e-06,0,-0.5,-10.7,-3.2,1.04,0.2,-0.04
2767,13.83,13.830002,13.930145,0.001782,2.00000000027956e-06,0,-0.4,-10.7,-2.9,1.04,0.2,-0.04
2768,13.835,13.835001,13.936018,0.002655,9.999999992516e-07,0,-0.4,-10.7,-2.6,1.05,0.19,-0.04
2769,13.84,13.840001,13.939828,0.001467,1.00000000102796e-06,0,-0.4,-10.7,-2.5,1.05,0.19,-0.04
2770,13.845,13.845,13.945171,0.00181,0,0,-0.4,-10.7,-2.8,1.05,0.19,-0.04
2771,13.85,13.85,13.951052,0.002691,0,0,-0.4,-10.8,-2.8,1.04,0.2,-0.04
2772,13.855,13.855001,13.954861,0.001499,9.999999992516e-07,0,-0.3,-10.8,-2.4,1.04,0.19,-0.04
2773,13.86,13.860001,13.959862,0.001501,1.00000000102796e-06,0,-0.2,-10.7,-2,1.05,0.18,-0.03
2774,13.865,13.865001,13.965711,0.002349,9.999999992516e-07,0,-0.2,-10.7,-2.2,1.04,0.19,-0.04
2775,13.87,13.870001,13.969681,0.001318,9.999999992516e-07,0,-0.4,-10.8,-2.1,1.04,0.2,-0.03
2776,13.875,13.875001,13.974809,0.001447,9.999999992516e-07,0,-0.2,-10.7,-1.7,1.05,0.18,-0.03
2777,13.88,13.88,13.980732,0.00237,0,0,-0.4,-10.8,-2.2,1.05,0.19,-0.04
2778,13.885,13.885,13.984694,0.001332,0,0,-0.2,-10.8,-2.7,1.04,0.19,-0.04
2779,13.89,13.89,13.989672,0.001311,0,0,-0.2,-10.8,-2.9,1.04,0.19,-0.04
2780,13.895,13.895,13.995683,0.002322,0,0,-0.2,-10.7,-1.6,1.05,0.17,-0.03
2781,13.9,13.9,13.999667,0.001306,0,0,-0.2,-10.6,-2.7,1.04,0.18,-0.04
2782,13.905,13.905001,14.004718,0.001356,9.999999992516e-07,0,-0.2,-10.7,-3.1,1.04,0.18,-0.04
2783,13.91,13.91,14.0107,0.002339,0,0,-0.1,-10.6,-3,1.04,0.18,-0.04
2784,13.915,13.915001,14.015706,0.002344,9.999999992516e-07,0,-0.1,-10.6,-2.3,1.04,0.18,-0.04
2785,13.92,13.92,14.019736,0.001375,0,0,-0.2,-10.7,-2.2,1.05,0.18,-0.03
2786,13.925,13.925002,14.025347,0.001986,1.9999999985032e-06,0,-0.2,-10.6,-2.4,1.04,0.18,-0.03
2787,13.93,13.930001,14.031164,0.002803,1.00000000102796e-06,0,-0.3,-10.6,-2.2,1.04,0.18,-0.03
2788,13.935,13.935002,14.035124,0.001762,2.00000000027956e-06,0,-0.3,-10.5,-2.6,1.04,0.19,-0.03
2789,13.94,13.940005,14.04004,0.001673,4.99999999981071e-06,0,-0.3,-10.6,-3.3,1.04,0.19,-0.04
2790,13.945,13.945,14.045873,0.002512,0,0,-0.3,-10.6,-2.9,1.04,0.2,-0.04
2791,13.95,13.950001,14.050973,0.00261,9.999999992516e-07,0,-0.4,-10.7,-3.2,1.03,0.21,-0.04
2792,13.955,13.955001,14.05503,0.001669,9.999999992516e-07,0,-0.5,-10.7,-2.8,1.04,0.2,-0.03
2793,13.96,13.96,14.060771,0.002409,0,0,-0.4,-10.7,-2.6,1.04,0.19,-0.03
2794,13.965,13.965,14.064696,0.001335,0,0,-0.5,-10.7,-2.9,1.04,0.2,-0.04
2795,13.97,13.97,14.069759,0.001398,0,0,-0.5,-10.6,-2.9,1.05,0.19,-0.04
2796,13.975,13.975,14.075818,0.002456,0,0,-0.4,-10.7,-2.6,1.05,0.19,-0.04
2797,13.98,13.98,14.079713,0.001351,0,0,-0.4,-10.6,-2.1,1.05,0.18,-0.03
2798,13.985,13.985,14.084686,0.001325,0,0,-0.4,-10.5,-2.6,1.04,0.19,-0.04
2799,13.99,13.99,14.09079,0.002429,0,0,-0.4,-10.6,-2.7,1.04,0.19,-0.04
2800,13.995,13.995001,14.095706,0.002344,9.999999992516e-07,0,-0.4,-10.6,-2.2,1.04,0.19,-0.04
2801,14,14,14.099752,0.001391,0,0,-0.4,-10.7,-2.4,1.04,0.19,-0.04
2802,14.005,14.005,14.104902,0.00154,0,0,-0.5,-10.7,-3.3,1.04,0.2,-0.05
2803,14.01,14.01,14.110802,0.002441,0,0,-0.3,-10.7,-3,1.04,0.19,-0.04
2804,14.015,14.015,14.114707,0.001346,0,0,-0.2,-10.6,-3.1,1.04,0.19,-0.05
2805,14.02,14.02,14.119786,0.001425,0,0,-0.3,-10.6,-2.6,1.04,0.19,-0.04
2806,14.025,14.025,14.125804,0.002442,0,0,-0.3,-10.7,-2.5,1.04,0.18,-0.04
2807,14.03,14.030001,14.129709,0.001346,9.999999992516e-07,0,-0.3,-10.6,-2.5,1.04,0.18,-0.04
2808,14.035,14.035,14.134721,0.00136,0,0,-0.3,-10.6,-2.6,1.04,0.18,-0.04
2809,14.04,14.040001,14.14085,0.002488,9.999999992516e-07,0,-0.3,-10.7,-2.4,1.05,0.18,-0.04
2810,14.045,14.045,14.144696,0.001335,0,0,-0.3,-10.7,-3,1.04,0.19,-0.04
2811,14.05,14.050001,14.149837,0.001475,9.999999992516e-07,0,-0.3,-10.8,-2.5,1.04,0.18,-0.04
2812,14.055,14.055,14.155741,0.002381,0,0,-0.2,-10.7,-2.4,1.04,0.18,-0.04
2813,14.06,14.06,14.160759,0.002397,0,0,-0.3,-10.7,-2.9,1.04,0.19,-0.04
2814,14.065,14.065,14.164722,0.00136,0,0,-0.2,-10.6,-2.9,1.03,0.19,-0.04
2815,14.07,14.07,14.170704,0.002343,0,0,-0.3,-10.6,-3,1.03,0.19,-0.04
2816,14.075,14.075001,14.175726,0.002364,9.999999992516e-07,0,-0.4,-10.6,-3.2,1.04,0.2,-0.04
2817,14.08,14.08,14.179708,0.001347,0,0,-0.3,-10.7,-3,1.04,0.2,-0.04
2818,14.085,14.085,14.184797,0.001435,0,0,-0.3,-10.6,-2.5,1.04,0.19,-0.04
2819,14.09,14.09,14.190755,0.002394,0,0,-0.1,-10.6,-2.8,1.04,0.18,-0.04
2820,14.095,14.095,14.194676,0.001314,0,0,-0.3,-10.6,-2.5,1.04,0.19,-0.03
2821,14.1,14.1,14.199718,0.001356,0,0,-0.3,-10.7,-2.8,1.04,0.19,-0.04
2822,14.105,14.105,14.205726,0.002364,0,0,-0.5,-10.8,-2.2,1.05,0.19,-0.04
2823,14.11,14.11,14.2107,0.002338,0,0,-0.3,-10.7,-2.9,1.04,0.19,-0.04
2824,14.115,14.115,14.214703,0.001342,0,0,-0.3,-10.7,-2.4,1.04,0.19,-0.03
2825,14.12,14.120001,14.220813,0.002451,9.999999992516e-07,0,-0.3,-10.6,-2.7,1.04,0.19,-0.03
2826,14.125,14.125,14.225783,0.002421,0,0,-0.3,-10.6,-3,1.03,0.2,-0.04
2827,14.13,14.13,14.229709,0.001347,0,0,-0.2,-10.6,-3.1,1.03,0.19,-0.04
2828,14.135,14.135,14.234828,0.001467,0,0,-0.5,-10.6,-3.2,1.04,0.2,-0.04
2829,14.14,14.14,14.240825,0.002463,0,0,-0.5,-10.7,-3,1.04,0.2,-0.04
2830,14.145,14.145,14.244689,0.001329,0,0,-0.5,-10.7,-3.2,1.04,0.2,-0.04
2831,14.15,14.15,14.249771,0.00141,0,0,-0.3,-10.7,-2.5,1.04,0.19,-0.04
2832,14.155,14.155001,14.255754,0.002392,9.999999992516e-07,0,-0.2,-10.7,-2.7,1.04,0.18,-0.03
2833,14.16,14.16,14.260742,0.00238,0,0,-0.2,-10.7,-2.1,1.05,0.18,-0.03
2834,14.165,14.165002,14.264901,0.001538,1.9999999985032e-06,0,-0.3,-10.8,-1.4,1.05,0.17,-0.03
2835,14.17,14.17,14.270751,0.00239,0,0,-0.3,-10.7,-1.4,1.05,0.17,-0.03
2836,14.175,14.175,14.275727,0.002366,0,0,-0.4,-10.8,-2.1,1.05,0.19,-0.04
2837,14.18,14.18,14.279727,0.001365,0,0,-0.4,-10.8,-2.2,1.05,0.19,-0.04
2838,14.185,14.185,14.284945,0.001584,0,0,-0.4,-10.8,-1.9,1.05,0.18,-0.04
2839,14.19,14.19,14.290875,0.002513,0,0,-0.4,-10.8,-2.1,1.05,0.18,-0.04
2840,14.195,14.195,14.294706,0.001345,0,0,-0.4,-10.8,-2.2,1.04,0.18,-0.04
2841,14.2,14.200001,14.299819,0.001457,9.999999992516e-07,0,-0.5,-10.7,-1.9,1.05,0.19,-0.04
2842,14.205,14.205,14.305739,0.002377,0,0,-0.4,-10.6,-2.5,1.05,0.19,-0.04
2843,14.21,14.21,14.31069,0.002329,0,0,-0.5,-10.7,-2.2,1.05,0.19,-0.04
2844,14.215,14.215,14.314884,0.001523,0,0,-0.6,-10.7,-2.4,1.05,0.19,-0.04
2845,14.22,14.22,14.319861,0.0015,0,0,-0.6,-10.8,-2.9,1.04,0.2,-0.04
2846,14.225,14.225,14.325742,0.002381,0,0,-0.4,-10.8,-2.5,1.04,0.19,-0.04
2847,14.23,14.23,14.329747,0.001386,0,0,-0.3,-10.7,-3.1,1.03,0.19,-0.04
2848,14.235,14.235,14.334736,0.001374,0,0,-0.4,-10.6,-3.1,1.03,0.2,-0.04
2849,14.24,14.24,14.34084,0.002479,0,0,-0.3,-10.7,-2.7,1.04,0.19,-0.04
2850,14.245,14.245001,14.344696,0.001333,9.999999992516e-07,0,-0.4,-10.7,-2.7,1.04,0.2,-0.04
2851,14.25,14.25,14.3497,0.001338,0,0,-0.4,-10.7,-2.2,1.04,0.2,-0.04
2852,14.255,14.255,14.355747,0.002386,0,0,-0.4,-10.7,-2.4,1.05,0.2,-0.04
2853,14.26,14.26,14.360704,0.002342,0,0,-0.4,-10.6,-2.4,1.05,0.19,-0.04
2854,14.265,14.265,14.364805,0.001444,0,0,-0.5,-10.8,-2.7,1.05,0.2,-0.04
2855,14.27,14.27,14.369661,0.0013,0,0,-0.5,-10.8,-2.3,1.05,0.2,-0.04
2856,14.275,14.275,14.375829,0.002467,0,0,-0.7,-10.7,-2.6,1.05,0.21,-0.04
2857,14.28,14.280001,14.379782,0.00142,9.999999992516e-07,0,-0.6,-10.7,-2.8,1.05,0.21,-0.04
2858,14.285,14.285,14.384683,0.001322,0,0,-0.6,-10.8,-2.7,1.05,0.21,-0.04
2859,14.29,14.290001,14.390904,0.002542,9.999999992516e-07,0,-0.7,-10.8,-3.3,1.04,0.21,-0.05
2860,14.295,14.295,14.395714,0.002353,0,0,-0.5,-10.8,-2.7,1.05,0.2,-0.04
2861,14.3,14.3,14.399699,0.001339,0,0,-0.5,-10.8,-2.5,1.05,0.2,-0.04
2862,14.305,14.305,14.405748,0.002387,0,0,-0.6,-10.7,-2.9,1.04,0.2,-0.04
2863,14.31,14.31,14.410755,0.002394,0,0,-0.6,-10.7,-3.1,1.04,0.2,-0.04
2864,14.315,14.315,14.415729,0.002368,0,0,-0.6,-10.7,-2.9,1.04,0.2,-0.04
2865,14.32,14.32,14.419762,0.001401,0,0,-0.6,-10.7,-3.4,1.04,0.2,-0.04
2866,14.325,14.325001,14.425804,0.002441,9.999999992516e-07,0,-0.5,-10.7,-2.9,1.05,0.19,-0.04
2867,14.33,14.33,14.429738,0.001377,0,0,-0.5,-10.7,-2.9,1.05,0.2,-0.04
2868,14.335,14.335,14.434855,0.001493,0,0,-0.5,-10.6,-3.4,1.05,0.2,-0.05
2869,14.34,14.34,14.440757,0.002396,0,0,-0.4,-10.7,-2.8,1.05,0.19,-0.04
2870,14.345,14.345,14.444697,0.001336,0,0,-0.4,-10.7,-3.4,1.05,0.19,-0.04
2871,14.35,14.35,14.449738,0.001377,0,0,-0.3,-10.6,-3,1.04,0.18,-0.04
2872,14.355,14.355,14.454998,0.001638,0,0,-0.4,-10.7,-3.1,1.04,0.19,-0.04
2873,14.36,14.36,14.460764,0.002402,0,0,-0.5,-10.7,-3.8,1.04,0.2,-0.05
2874,14.365,14.365,14.464726,0.001364,0,0,-0.3,-10.7,-2.8,1.05,0.18,-0.04
2875,14.37,14.370001,14.469685,0.001323,9.999999992516e-07,0,-0.4,-10.8,-2.5,1.06,0.18,-0.04
2876,14.375,14.375,14.475756,0.002394,0,0,-0.3,-10.7,-2.7,1.05,0.19,-0.04
2877,14.38,14.38,14.480689,0.002328,0,0,-0.4,-10.7,-2.8,1.05,0.19,-0.04
2878,14.385,14.385,14.484696,0.001335,0,0,-0.4,-10.7,-3,1.04,0.2,-0.04
2879,14.39,14.39,14.489947,0.001586,0,0,-0.4,-10.7,-3,1.04,0.2,-0.04
2880,14.395,14.395,14.495781,0.00242,0,0,-0.2,-10.7,-2.6,1.04,0.18,-0.04
2881,14.4,14.4,14.499741,0.001379,0,0,-0.3,-10.7,-2.3,1.05,0.18,-0.04
2882,14.405,14.405016,14.50484,0.001463,1.59999999986837e-05,0,-0.1,-10.7,-2.1,1.05,0.17,-0.03
2883,14.41,14.410007,14.510766,0.002397,7.00000000009027e-06,0,-0.2,-10.7,-2.4,1.05,0.17,-0.04
2884,14.415,14.415001,14.51475,0.001388,9.999999992516e-07,0,-0.2,-10.6,-2.6,1.05,0.18,-0.04
2885,14.42,14.42,14.51968,0.001319,0,0,-0.4,-10.7,-3.6,1.04,0.2,-0.04
2886,14.425,14.425,14.52575,0.002389,0,0,-0.4,-10.6,-3.4,1.04,0.19,-0.04
2887,14.43,14.43,14.530794,0.002434,0,0,-0.3,-10.6,-3.2,1.05,0.19,-0.05
2888,14.435,14.435,14.534681,0.001321,0,0,-0.5,-10.7,-3.3,1.05,0.2,-0.05
2889,14.44,14.44,14.539948,0.001586,0,0,-0.5,-10.8,-2.9,1.05,0.2,-0.04
2890,14.445,14.445,14.54574,0.002379,0,0,-0.5,-10.8,-2.7,1.05,0.2,-0.04
2891,14.45,14.450001,14.550713,0.002351,9.999999992516e-07,0,-0.4,-10.9,-2.2,1.05,0.2,-0.04
2892,14.455,14.455,14.554889,0.001529,0,0,-0.4,-10.9,-2.1,1.05,0.19,-0.04
2893,14.46,14.46,14.560784,0.002422,0,0,-0.3,-10.8,-2.8,1.05,0.19,-0.04
2894,14.465,14.465,14.565764,0.002402,0,0,-0.4,-10.8,-2.8,1.05,0.19,-0.04
2895,14.47,14.47,14.569667,0.001306,0,0,-0.3,-10.7,-2.6,1.05,0.18,-0.04
2896,14.475,14.475,14.575779,0.002418,0,0,-0.3,-10.7,-2.8,1.04,0.18,-0.04
2897,14.48,14.48,14.580705,0.002344,0,0,-0.3,-10.8,-2.4,1.05,0.18,-0.04
2898,14.485,14.485,14.584715,0.001354,0,0,-0.3,-10.8,-2.4,1.05,0.19,-0.04
2899,14.49,14.49,14.589831,0.001471,0,0,-0.3,-10.7,-2.3,1.05,0.18,-0.04
2900,14.495,14.495001,14.595879,0.002517,9.999999992516e-07,0,-0.3,-10.7,-2.1,1.05,0.18,-0.03
2901,14.5,14.5,14.599697,0.001336,0,0,-0.4,-10.7,-2.7,1.05,0.19,-0.03
2902,14.505,14.505,14.604712,0.001351,0,0,-0.4,-10.7,-2.3,1.05,0.19,-0.03
2903,14.51,14.51,14.610774,0.002413,0,0,-0.4,-10.7,-1.8,1.05,0.19,-0.04
2904,14.515,14.515,14.615704,0.002343,0,0,-0.3,-10.6,-2.1,1.04,0.18,-0.04
2905,14.52,14.52,14.619739,0.001378,0,0,-0.5,-10.7,-2.2,1.05,0.19,-0.03
2906,14.525,14.525,14.624853,0.001491,0,0,-0.5,-10.7,-2.4,1.05,0.19,-0.03
2907,14.53,14.530001,14.630717,0.002355,9.999999992516e-07,0,-0.5,-10.8,-2.8,1.05,0.19,-0.04
2908,14.535,14.535,14.634696,0.001336,0,0,-0.5,-10.7,-2.6,1.05,0.19,-0.04
2909,14.54,14.540001,14.639761,0.001399,9.999999992516e-07,0,-0.5,-10.8,-3,1.05,0.2,-0.04
2910,14.545,14.545,14.645726,0.002364,0,0,-0.5,-10.8,-2.9,1.05,0.19,-0.04
2911,14.55,14.55,14.650685,0.002324,0,0,-0.5,-10.8,-2.4,1.06,0.19,-0.04
2912,14.555,14.555,14.654807,0.001446,0,0,-0.6,-10.8,-2.2,1.06,0.19,-0.04
2913,14.56,14.56,14.659838,0.001477,0,0,-0.6,-10.7,-2.7,1.05,0.19,-0.04
2914,14.565,14.565,14.665706,0.002345,0,0,-0.5,-10.7,-3,1.05,0.2,-0.04
2915,14.57,14.57,14.669678,0.001317,0,0,-0.6,-10.7,-3.3,1.04,0.21,-0.04
2916,14.575,14.575001,14.67476,0.001398,9.999999992516e-07,0,-0.5,-10.7,-3.5,1.04,0.2,-0.04
2917,14.58,14.58,14.680753,0.002393,0,0,-0.5,-10.7,-3.9,1.04,0.21,-0.05
2918,14.585,14.585,14.685725,0.002363,0,0,-0.5,-10.7,-3.7,1.04,0.21,-0.05
2919,14.59,14.59,14.689702,0.001341,0,0,-0.5,-10.8,-3.2,1.05,0.2,-0.04
2920,14.595,14.595,14.695723,0.002362,0,0,-0.4,-10.7,-2.7,1.05,0.19,-0.04
2921,14.6,14.6,14.700729,0.002367,0,0,-0.5,-10.7,-2.5,1.05,0.18,-0.04
2922,14.605,14.605,14.704737,0.001376,0,0,-0.5,-10.7,-2.5,1.05,0.19,-0.04
2923,14.61,14.61,14.70987,0.001509,0,0,-0.4,-10.7,-2.2,1.05,0.18,-0.03
2924,14.615,14.615,14.71574,0.002379,0,0,-0.4,-10.7,-2.1,1.05,0.19,-0.03
2925,14.62,14.620001,14.71974,0.001378,9.999999992516e-07,0,-0.4,-10.7,-2.2,1.05,0.18,-0.03
2926,14.625,14.625,14.724786,0.001424,0,0,-0.3,-10.6,-2.2,1.04,0.18,-0.03
2927,14.63,14.63,14.730803,0.002441,0,0,-0.4,-10.8,-2.7,1.03,0.19,-0.04
2928,14.635,14.635,14.735743,0.002381,0,0,-0.2,-10.8,-2.4,1.04,0.18,-0.04
2929,14.64,14.64,14.739772,0.001411,0,0,-0.2,-10.8,-2.1,1.05,0.18,-0.04
2930,14.645,14.645,14.745745,0.002384,0,0,-0.4,-10.7,-2.6,1.04,0.19,-0.04
2931,14.65,14.65,14.750723,0.002361,0,0,-0.4,-10.7,-2.3,1.05,0.19,-0.03
2932,14.655,14.655001,14.754703,0.001341,9.999999992516e-07,0,-0.4,-10.7,-2.4,1.05,0.19,-0.04
2933,14.66,14.66,14.759905,0.001544,0,0,-0.4,-10.7,-2.8,1.04,0.2,-0.04
2934,14.665,14.665001,14.765884,0.002522,9.999999992516e-07,0,-0.4,-10.8,-2.2,1.05,0.18,-0.04
2935,14.67,14.67,14.76978,0.001419,0,0,-0.5,-10.8,-2.1,1.06,0.19,-0.04
2936,14.675,14.675,14.774792,0.00143,0,0,-0.5,-10.7,-2.4,1.05,0.18,-0.04
2937,14.68,14.68,14.78076,0.002398,0,0,-0.2,-10.6,-2.7,1.05,0.18,-0.04
2938,14.685,14.685,14.785803,0.002443,0,0,-0.1,-10.7,-2.4,1.05,0.17,-0.04
2939,14.69,14.69,14.789817,0.001455,0,0,-0.3,-10.7,-1.9,1.06,0.17,-0.03
2940,14.695,14.695,14.794818,0.001457,0,0,-0.1,-10.7,-2.1,1.05,0.17,-0.03
2941,14.7,14.700001,14.800719,0.002357,9.999999992516e-07,0,-0.2,-10.7,-2.4,1.05,0.18,-0.03
2942,14.705,14.705,14.804678,0.001317,0,0,-0.3,-10.8,-2.3,1.05,0.19,-0.04
2943,14.71,14.71,14.809697,0.001336,0,0,-0.3,-10.8,-2.8,1.05,0.19,-0.04
2944,14.715,14.715,14.815741,0.00238,0,0,-0.4,-10.9,-2.6,1.05,0.2,-0.04
2945,14.72,14.72,14.81968,0.001319,0,0,-0.4,-10.7,-2.8,1.04,0.2,-0.04
2946,14.725,14.725,14.824677,0.001315,0,0,-0.5,-10.8,-2.4,1.05,0.19,-0.04
2947,14.73,14.73,14.830789,0.002428,0,0,-0.4,-10.8,-2.8,1.04,0.19,-0.04
2948,14.735,14.735,14.835793,0.002432,0,0,-0.3,-10.8,-3.4,1.03,0.19,-0.04
2949,14.74,14.74,14.839686,0.001325,0,0,-0.3,-10.8,-3.7,1.04,0.19,-0.04
2950,14.745,14.745001,14.844725,0.001363,9.999999992516e-07,0,-0.3,-10.8,-3.3,1.04,0.19,-0.04
2951,14.75,14.75,14.850735,0.002373,0,0,-0.3,-10.8,-3.5,1.04,0.19,-0.05
2952,14.755,14.755,14.854684,0.001323,0,0,-0.5,-10.7,-3.6,1.04,0.2,-0.05
2953,14.76,14.76,14.859693,0.001332,0,0,-0.5,-10.7,-3.2,1.04,0.2,-0.04
2954,14.765,14.765,14.865687,0.002326,0,0,-0.6,-10.7,-3.8,1.04,0.22,-0.04
2955,14.77,14.77,14.87068,0.002319,0,0,-0.6,-10.8,-3.1,1.05,0.21,-0.04
2956,14.775,14.775,14.87469,0.001329,0,0,-0.6,-10.9,-3.2,1.04,0.21,-0.04
2957,14.78,14.780001,14.87979,0.001428,9.999999992516e-07,0,-0.5,-10.8,-2.9,1.04,0.21,-0.04
2958,14.785,14.785,14.88569,0.002329,0,0,-0.6,-10.8,-2.9,1.04,0.21,-0.04
2959,14.79,14.790001,14.889666,0.001304,9.999999992516e-07,0,-0.4,-10.7,-2.9,1.04,0.19,-0.04
2960,14.795,14.795,14.894688,0.001327,0,0,-0.6,-10.8,-2.9,1.05,0.2,-0.04
2961,14.8,14.8,14.900707,0.002346,0,0,-0.7,-10.8,-2.5,1.06,0.2,-0.04
2962,14.805,14.805,14.905738,0.002377,0,0,-0.4,-10.6,-3.1,1.05,0.19,-0.04
2963,14.81,14.81,14.909703,0.001342,0,0,-0.4,-10.8,-2.8,1.05,0.19,-0.04
2964,14.815,14.815,14.915695,0.002334,0,0,-0.5,-10.8,-3.1,1.05,0.2,-0.04
2965,14.82,14.82,14.920787,0.002426,0,0,-0.5,-10.7,-3.1,1.05,0.2,-0.04
2966,14.825,14.825001,14.924739,0.001377,9.999999992516e-07,0,-0.4,-10.8,-2.9,1.05,0.2,-0.04
2967,14.83,14.83,14.929668,0.001307,0,0,-0.4,-10.8,-2.9,1.04,0.2,-0.04
2968,14.835,14.835,14.935731,0.00237,0,0,-0.5,-10.8,-3.4,1.04,0.21,-0.05
2969,14.84,14.84,14.939733,0.001372,0,0,-0.5,-10.7,-3.9,1.04,0.22,-0.04
2970,14.845,14.845,14.944686,0.001325,0,0,-0.5,-10.8,-3.7,1.04,0.21,-0.05
2971,14.85,14.85,14.950771,0.00241,0,0,-0.4,-10.6,-3.1,1.04,0.2,-0.04
2972,14.855,14.855,14.954705,0.001344,0,0,-0.4,-10.7,-3.1,1.04,0.19,-0.04
2973,14.86,14.86,14.959694,0.001333,0,0,-0.4,-10.6,-3.4,1.04,0.2,-0.05
2974,14.865,14.865,14.965845,0.002484,0,0,-0.5,-10.7,-3.4,1.04,0.21,-0.04
2975,14.87,14.870001,14.970798,0.002437,9.999999992516e-07,0,-0.4,-10.6,-3.3,1.04,0.2,-0.04
2976,14.875,14.875,14.97475,0.001389,0,0,-0.3,-10.6,-2.3,1.05,0.18,-0.04
2977,14.88,14.88,14.980713,0.002352,0,0,-0.5,-10.8,-3.1,1.05,0.2,-0.04
2978,14.885,14.885,14.985828,0.002467,0,0,-0.5,-10.7,-3.4,1.04,0.2,-0.04
2979,14.89,14.89,14.989697,0.001335,0,0,-0.5,-10.8,-3.4,1.04,0.21,-0.04
2980,14.895,14.895,14.994848,0.001487,0,0,-0.5,-10.8,-3.3,1.03,0.2,-0.04
2981,14.9,14.9,15.000767,0.002405,0,0,-0.4,-10.7,-2.8,1.04,0.19,-0.04
2982,14.905,14.905001,15.004846,0.001485,9.999999992516e-07,0,-0.4,-10.8,-2.8,1.04,0.19,-0.04
2983,14.91,14.91,15.009846,0.001484,0,0,-0.4,-10.7,-2.8,1.04,0.19,-0.04
2984,14.915,14.915001,15.015828,0.002465,9.999999992516e-07,0,-0.3,-10.7,-2.9,1.04,0.19,-0.04
2985,14.92,14.92,15.019726,0.001366,0,0,-0.5,-10.7,-2.7,1.04,0.2,-0.04
2986,14.925,14.925,15.024815,0.001453,0,0,-0.4,-10.7,-2.6,1.04,0.2,-0.04
2987,14.93,14.93,15.030736,0.002374,0,0,-0.4,-10.7,-2.8,1.04,0.2,-0.04
2988,14.935,14.935,15.03471,0.001348,0,0,-0.3,-10.7,-3,1.04,0.2,-0.04
2989,14.94,14.94,15.039943,0.001582,0,0,-0.2,-10.7,-3.2,1.03,0.19,-0.04
2990,14.945,14.945,15.04575,0.002388,0,0,-0.3,-10.6,-2.8,1.04,0.19,-0.04
2991,14.95,14.950001,15.04972,0.001357,9.999999992516e-07,0,-0.4,-10.6,-2.1,1.05,0.18,-0.04
2992,14.955,14.955,15.054942,0.001583,0,0,-0.3,-10.6,-2.4,1.05,0.19,-0.03
2993,14.96,14.96,15.060698,0.002337,0,0,-0.3,-10.6,-1.7,1.05,0.18,-0.03
2994,14.965,14.965,15.064703,0.001343,0,0,-0.2,-10.6,-1.5,1.05,0.18,-0.02
2995,14.97,14.97,15.069675,0.001314,0,0,-0.1,-10.6,-2.4,1.04,0.18,-0.03
2996,14.975,14.975,15.075708,0.002346,0,0,-0.2,-10.6,-2.7,1.04,0.19,-0.03
2997,14.98,14.98,15.080689,0.002328,0,0,-0.5,-10.7,-2.7,1.04,0.2,-0.04
2998,14.985,14.985,15.084672,0.00131,0,0,-0.5,-10.7,-2.8,1.05,0.2,-0.04
2999,14.99,14.99,15.090705,0.002344,0,0,-0.6,-10.7,-2.9,1.05,0.2,-0.04
3000,14.995,14.995001,15.095694,0.002331,9.999999992516e-07,0,-0.4,-10.7,-2.9,1.04,0.19,-0.04
3001,15,15,15.099671,0.00131,0,0,-0.4,-10.7,-2.9,1.04,0.19,-0.04
3002,15.005,15.005,15.104915,0.001555,0,0,-0.5,-10.7,-2.8,1.04,0.19,-0.04
3003,15.01,15.01,15.110749,0.002388,0,0,-0.4,-10.8,-2.2,1.04,0.19,-0.03
3004,15.015,15.015,15.114777,0.001416,0,0,-0.4,-10.7,-2.2,1.05,0.18,-0.03
3005,15.02,15.02,15.119694,0.001333,0,0,-0.4,-10.7,-2.4,1.05,0.19,-0.04
3006,15.025,15.025001,15.125887,0.002525,9.999999992516e-07,0,-0.4,-10.7,-2.5,1.05,0.19,-0.04
3007,15.03,15.030001,15.130749,0.002387,9.999999992516e-07,0,-0.4,-10.7,-2.7,1.04,0.2,-0.04
3008,15.035,15.035,15.134841,0.001481,0,0,-0.5,-10.8,-3.3,1.04,0.21,-0.04
3009,15.04,15.040001,15.140707,0.002345,9.999999992516e-07,0,-0.5,-10.9,-3.5,1.04,0.21,-0.04
3010,15.045,15.045,15.145695,0.002334,0,0,-0.3,-10.9,-3.5,1.04,0.2,-0.05
3011,15.05,15.05,15.149694,0.001337,0,0,-0.4,-10.7,-2.8,1.04,0.19,-0.04
3012,15.055,15.055,15.154874,0.001512,0,0,-0.5,-10.7,-2.7,1.04,0.19,-0.04
3013,15.06,15.06,15.160728,0.002367,0,0,-0.4,-10.7,-3.9,1.03,0.2,-0.04
3014,15.065,15.065,15.164708,0.001347,0,0,-0.3,-10.6,-3.4,1.04,0.19,-0.04
3015,15.07,15.07,15.169783,0.001422,0,0,-0.3,-10.7,-2.9,1.04,0.19,-0.04
3016,15.075,15.075001,15.175803,0.002441,9.999999992516e-07,0,-0.4,-10.7,-3.1,1.05,0.2,-0.04
3017,15.08,15.08,15.18087,0.002509,0,0,-0.4,-10.6,-3.2,1.05,0.19,-0.04
3018,15.085,15.085,15.184682,0.001321,0,0,-0.3,-10.7,-3,1.05,0.19,-0.04
3019,15.09,15.09,15.190725,0.002364,0,0,-0.4,-10.7,-3.1,1.05,0.19,-0.05
3020,15.095,15.095,15.194688,0.001327,0,0,-0.4,-10.6,-2.7,1.04,0.19,-0.04
3021,15.1,15.1,15.199696,0.001335,0,0,-0.5,-10.7,-3,1.05,0.2,-0.04
3022,15.105,15.105,15.204846,0.001485,0,0,-0.5,-10.8,-2.7,1.05,0.19,-0.04
3023,15.11,15.11,15.210749,0.002389,0,0,-0.5,-10.8,-2.7,1.05,0.19,-0.04
3024,15.115,15.115,15.214769,0.001408,0,0,-0.4,-10.7,-2.2,1.05,0.18,-0.03
3025,15.12,15.120001,15.219846,0.001485,9.999999992516e-07,0,-0.4,-10.7,-2.8,1.04,0.19,-0.04
3026,15.125,15.125,15.225792,0.002431,0,0,-0.4,-10.8,-2.8,1.04,0.19,-0.04
3027,15.13,15.13,15.229686,0.001325,0,0,-0.6,-10.8,-3,1.04,0.2,-0.04
3028,15.135,15.135,15.234671,0.00131,0,0,-0.5,-10.8,-2.7,1.05,0.19,-0.04
3029,15.14,15.14,15.240733,0.002373,0,0,-0.4,-10.7,-2,1.04,0.19,-0.03
3030,15.145,15.145,15.244706,0.001344,0,0,-0.2,-10.6,-2.1,1.05,0.18,-0.04
3031,15.15,15.15,15.249771,0.00141,0,0,-0.1,-10.7,-2.5,1.04,0.18,-0.04
3032,15.155,15.155001,15.255755,0.002393,9.999999992516e-07,0,-0.1,-10.7,-2.6,1.04,0.18,-0.04
3033,15.16,15.16,15.259705,0.001344,0,0,-0.4,-10.7,-2.4,1.05,0.2,-0.04
3034,15.165,15.165001,15.264704,0.001341,9.999999992516e-07,0,-0.5,-10.7,-2.6,1.04,0.2,-0.04
3035,15.17,15.17,15.27069,0.002329,0,0,-0.4,-10.7,-2.4,1.05,0.19,-0.04
3036,15.175,15.175,15.275766,0.002405,0,0,-0.4,-10.7,-2.6,1.04,0.2,-0.03
3037,15.18,15.18,15.279805,0.001444,0,0,-0.5,-10.9,-2.4,1.05,0.2,-0.03
3038,15.185,15.185,15.285785,0.002423,0,0,-0.4,-10.8,-2.7,1.04,0.2,-0.04
3039,15.19,15.19,15.290765,0.002404,0,0,-0.6,-10.8,-2.8,1.04,0.21,-0.04
3040,15.195,15.195,15.294682,0.001321,0,0,-0.5,-10.7,-2.2,1.04,0.19,-0.03
3041,15.2,15.200001,15.300778,0.002416,9.999999992516e-07,0,-0.5,-10.8,-2.9,1.05,0.2,-0.04
3042,15.205,15.205,15.305711,0.002351,0,0,-0.6,-10.8,-2.6,1.05,0.2,-0.04
3043,15.21,15.21,15.309691,0.001329,0,0,-0.5,-10.7,-2.9,1.04,0.2,-0.04
3044,15.215,15.215,15.314809,0.001448,0,0,-0.5,-10.6,-2.7,1.04,0.2,-0.04
3045,15.22,15.22,15.320706,0.002344,0,0,-0.7,-10.7,-2.7,1.05,0.21,-0.04
3046,15.225,15.225,15.324727,0.001365,0,0,-0.7,-10.7,-3,1.04,0.21,-0.04
3047,15.23,15.23,15.329689,0.001328,0,0,-0.5,-10.8,-2.2,1.05,0.2,-0.04
3048,15.235,15.235,15.335695,0.002334,0,0,-0.7,-10.8,-2.5,1.05,0.2,-0.04
3049,15.24,15.24,15.340888,0.002527,0,0,-0.6,-10.8,-3,1.04,0.21,-0.04
3050,15.245,15.245001,15.34482,0.001458,9.999999992516e-07,0,-0.8,-10.8,-3.7,1.03,0.22,-0.05
3051,15.25,15.25,15.350831,0.002469,0,0,-0.6,-10.8,-3.3,1.04,0.21,-0.04
3052,15.255,15.255,15.354695,0.001334,0,0,-0.2,-10.7,-2.5,1.05,0.19,-0.04
3053,15.26,15.26,15.359689,0.001328,0,0,-0.4,-10.7,-2.9,1.04,0.19,-0.04
3054,15.265,15.265,15.365703,0.002341,0,0,-0.4,-10.6,-3.6,1.03,0.2,-0.04
3055,15.27,15.27,15.370693,0.002332,0,0,-0.4,-10.6,-3.6,1.03,0.2,-0.05
3056,15.275,15.275,15.374679,0.001318,0,0,-0.5,-10.8,-3.4,1.04,0.2,-0.05
3057,15.28,15.280001,15.379952,0.001591,9.999999992516e-07,0,-0.4,-10.8,-3,1.04,0.19,-0.04
3058,15.285,15.285,15.385724,0.002363,0,0,-0.4,-10.8,-2.9,1.04,0.19,-0.04
3059,15.29,15.290001,15.389723,0.00136,9.999999992516e-07,0,-0.4,-10.8,-3.1,1.04,0.19,-0.04
3060,15.295,15.295,15.394709,0.001348,0,0,-0.5,-10.8,-3.1,1.04,0.2,-0.04
3061,15.3,15.3,15.400734,0.002373,0,0,-0.3,-10.7,-3,1.04,0.19,-0.04
3062,15.305,15.305,15.404695,0.001334,0,0,-0.3,-10.6,-3,1.04,0.18,-0.04
3063,15.31,15.31,15.409721,0.00136,0,0,-0.2,-10.6,-2.9,1.04,0.19,-0.04
3064,15.315,15.315,15.415861,0.002501,0,0,-0.2,-10.7,-2.9,1.04,0.19,-0.04
3065,15.32,15.32,15.420751,0.002363,0,0,-0.2,-10.8,-2.8,1.04,0.18,-0.03
3066,15.325,15.325001,15.424796,0.001434,9.999999992516e-07,0,-0.3,-10.8,-2.7,1.04,0.19,-0.04
3067,15.33,15.33,15.43077,0.00241,0,0,-0.2,-10.7,-2.3,1.04,0.17,-0.03
3068,15.335,15.335,15.435728,0.002367,0,0,-0.4,-10.6,-2.9,1.03,0.19,-0.04
3069,15.34,15.34,15.439711,0.00135,0,0,-0.4,-10.7,-2.8,1.04,0.19,-0.04
3070,15.345,15.345,15.445714,0.002353,0,0,-0.4,-10.7,-3,1.04,0.19,-0.04
3071,15.35,15.35,15.450682,0.002321,0,0,-0.3,-10.6,-2.3,1.05,0.18,-0.03
3072,15.355,15.355,15.454894,0.001534,0,0,-0.3,-10.7,-1.7,1.05,0.17,-0.03
3073,15.36,15.36,15.460865,0.002503,0,0,-0.4,-10.7,-2,1.05,0.18,-0.03
3074,15.365,15.365,15.465702,0.00234,0,0,-0.4,-10.7,-2.4,1.05,0.18,-0.04
3075,15.37,15.370001,15.469796,0.001435,9.999999992516e-07,0,-0.2,-10.7,-1.7,1.05,0.17,-0.03
3076,15.375,15.375,15.475854,0.002492,0,0,-0.3,-10.7,-2.4,1.04,0.18,-0.04
3077,15.38,15.38,15.479719,0.001358,0,0,-0.2,-10.7,-2.4,1.05,0.18,-0.04
3078,15.385,15.385,15.484783,0.001422,0,0,-0.2,-10.8,-2.5,1.05,0.17,-0.04
3079,15.39,15.39,15.48985,0.001489,0,0,-0.3,-10.8,-2.8,1.04,0.19,-0.04
3080,15.395,15.395,15.495799,0.002438,0,0,-0.4,-10.8,-2.7,1.05,0.2,-0.04
3081,15.4,15.4,15.499726,0.001365,0,0,-0.3,-10.8,-2.7,1.04,0.19,-0.04
3082,15.405,15.405001,15.504859,0.001497,9.999999992516e-07,0,-0.4,-10.8,-2.7,1.04,0.19,-0.04
3083,15.41,15.41,15.510909,0.002547,0,0,-0.5,-10.8,-2.6,1.04,0.2,-0.04
3084,15.415,15.415001,15.514708,0.001346,9.999999992516e-07,0,-0.5,-10.8,-2.9,1.04,0.21,-0.04
3085,15.42,15.42,15.519706,0.001345,0,0,-0.5,-10.8,-2.9,1.04,0.2,-0.04
3086,15.425,15.425,15.525724,0.002362,0,0,-0.3,-10.7,-2.7,1.03,0.19,-0.03
3087,15.43,15.43,15.530691,0.00233,0,0,-0.4,-10.7,-1.9,1.04,0.18,-0.03
3088,15.435,15.435,15.534677,0.001316,0,0,-0.6,-10.7,-2.8,1.04,0.2,-0.04
3089,15.44,15.44,15.54075,0.002389,0,0,-0.5,-10.7,-3.4,1.03,0.21,-0.04
3090,15.445,15.445,15.545713,0.002352,0,0,-0.7,-10.7,-3.7,1.03,0.21,-0.05
3091,15.45,15.450001,15.549839,0.001477,9.999999992516e-07,0,-0.7,-10.8,-3.1,1.04,0.21,-0.04
3092,15.455,15.455,15.55577,0.002409,0,0,-0.6,-10.8,-3.4,1.04,0.21,-0.04
3093,15.46,15.46,15.5607,0.002339,0,0,-0.3,-10.8,-2.1,1.05,0.19,-0.03
3094,15.465,15.465001,15.564884,0.001522,1.00000000102796e-06,0,-0.3,-10.8,-2.3,1.04,0.18,-0.04
3095,15.47,15.47,15.569851,0.00149,0,0,-0.3,-10.7,-2.3,1.04,0.18,-0.03
3096,15.475,15.475,15.57591,0.002548,0,0,-0.2,-10.7,-1.7,1.04,0.17,-0.03
3097,15.48,15.48,15.579779,0.001418,0,0,-0.5,-10.7,-2.5,1.04,0.19,-0.04
3098,15.485,15.485001,15.584729,0.001367,9.999999992516e-07,0,-0.5,-10.8,-2.3,1.04,0.19,-0.04
3099,15.49,15.49,15.590762,0.002401,0,0,-0.3,-10.8,-2.7,1.04,0.19,-0.04
3100,15.495,15.495001,15.594685,0.001323,9.999999992516e-07,0,-0.3,-10.8,-2.6,1.04,0.19,-0.04
3101,15.5,15.5,15.599679,0.001318,0,0,-0.4,-10.8,-2.5,1.04,0.18,-0.04
3102,15.505,15.505,15.604919,0.001558,0,0,-0.3,-10.8,-2.8,1.04,0.18,-0.04
3103,15.51,15.51,15.610784,0.002423,0,0,-0.2,-10.7,-2.2,1.04,0.17,-0.04
3104,15.515,15.515,15.614793,0.001432,0,0,-0.3,-10.7,-2.5,1.05,0.18,-0.04
3105,15.52,15.52,15.619765,0.001404,0,0,-0.4,-10.8,-3.2,1.04,0.19,-0.04
3106,15.525,15.525,15.625762,0.0024,0,0,-0.4,-10.8,-3.2,1.05,0.2,-0.04
3107,15.53,15.530001,15.629861,0.0015,9.999999992516e-07,0,-0.3,-10.8,-2.6,1.05,0.19,-0.04
3108,15.535,15.535,15.634712,0.001351,0,0,-0.3,-10.7,-2.6,1.04,0.19,-0.04
3109,15.54,15.540001,15.640734,0.002372,9.999999992516e-07,0,-0.4,-10.8,-2.5,1.04,0.2,-0.04
3110,15.545,15.545,15.645774,0.002413,0,0,-0.3,-10.8,-2.5,1.04,0.2,-0.04
3111,15.55,15.55,15.649774,0.001412,0,0,-0.3,-10.6,-2.2,1.05,0.19,-0.04
3112,15.555,15.555,15.654885,0.001525,0,0,-0.4,-10.7,-3.3,1.04,0.21,-0.04
3113,15.56,15.56,15.660726,0.002365,0,0,-0.4,-10.7,-2.5,1.04,0.19,-0.04
3114,15.565,15.565,15.664741,0.00138,0,0,-0.3,-10.7,-2.6,1.04,0.19,-0.04
3115,15.57,15.57,15.669765,0.001404,0,0,-0.4,-10.8,-2.7,1.04,0.2,-0.04
3116,15.575,15.575001,15.67578,0.002418,9.999999992516e-07,0,-0.4,-10.7,-2.3,1.04,0.19,-0.03
3117,15.58,15.58,15.679684,0.001323,0,0,-0.3,-10.7,-1.8,1.05,0.18,-0.03
3118,15.585,15.585,15.684679,0.001318,0,0,-0.3,-10.7,-2,1.05,0.18,-0.03
3119,15.59,15.59,15.690704,0.002343,0,0,-0.3,-10.7,-1.8,1.05,0.18,-0.03
3120,15.595,15.595,15.695681,0.00232,0,0,-0.3,-10.7,-2,1.05,0.18,-0.03
3121,15.6,15.6,15.699804,0.001443,0,0,-0.4,-10.6,-2.3,1.04,0.18,-0.03
3122,15.605,15.605,15.704843,0.001482,0,0,-0.5,-10.6,-2.8,1.04,0.19,-0.03
3123,15.61,15.610001,15.71072,0.002358,9.999999992516e-07,0,-0.4,-10.7,-2.9,1.04,0.2,-0.04
3124,15.615,15.615,15.714698,0.001338,0,0,-0.4,-10.7,-2.5,1.04,0.19,-0.04
3125,15.62,15.620001,15.719725,0.001363,9.999999992516e-07,0,-0.3,-10.7,-2.9,1.04,0.2,-0.04
3126,15.625,15.625,15.725705,0.002344,0,0,-0.4,-10.8,-3,1.04,0.2,-0.04
3127,15.63,15.63,15.730731,0.00237,0,0,-0.4,-10.8,-3,1.04,0.2,-0.04
3128,15.635,15.635,15.734749,0.001387,0,0,-0.4,-10.7,-2.8,1.04,0.19,-0.04
3129,15.64,15.64,15.739929,0.001569,0,0,-0.3,-10.7,-2.6,1.05,0.19,-0.03
3130,15.645,15.645,15.745775,0.002414,0,0,-0.2,-10.7,-2.8,1.04,0.19,-0.04
3131,15.65,15.65,15.749763,0.001402,0,0,-0.3,-10.7,-2.9,1.04,0.19,-0.04
3132,15.655,15.655001,15.754808,0.001446,9.999999992516e-07,0,-0.3,-10.6,-3.1,1.04,0.19,-0.04
3133,15.66,15.66,15.760712,0.002352,0,0,-0.3,-10.6,-2.8,1.04,0.18,-0.04
3134,15.665,15.665001,15.764814,0.001452,9.999999992516e-07,0,-0.4,-10.7,-2.9,1.04,0.19,-0.04
3135,15.67,15.67,15.770809,0.002449,0,0,-0.3,-10.6,-2.1,1.05,0.18,-0.03
3136,15.675,15.675001,15.775741,0.00238,9.999999992516e-07,0,-0.3,-10.5,-2.1,1.05,0.18,-0.03
3137,15.68,15.68,15.779706,0.001346,0,0,-0.5,-10.6,-2.8,1.04,0.2,-0.03
3138,15.685,15.685,15.785709,0.002348,0,0,-0.3,-10.6,-3.3,1.04,0.19,-0.04
3139,15.69,15.69,15.790762,0.002401,0,0,-0.5,-10.6,-3,1.04,0.2,-0.04
3140,15.695,15.695,15.794689,0.001328,0,0,-0.5,-10.7,-2.8,1.04,0.2,-0.04
3141,15.7,15.700001,15.799843,0.00148,9.999999992516e-07,0,-0.4,-10.7,-2.5,1.04,0.2,-0.04
3142,15.705,15.705,15.805722,0.002361,0,0,-0.4,-10.7,-2.8,1.04,0.2,-0.04
3143,15.71,15.71,15.809683,0.001321,0,0,-0.5,-10.7,-2.6,1.05,0.19,-0.04
3144,15.715,15.715,15.814752,0.001391,0,0,-0.4,-10.8,-2.5,1.05,0.18,-0.04
3145,15.72,15.72,15.820775,0.002414,0,0,-0.4,-10.8,-2.6,1.04,0.19,-0.04
3146,15.725,15.725,15.824788,0.001427,0,0,-0.4,-10.6,-2.5,1.04,0.18,-0.04
3147,15.73,15.73,15.82982,0.001459,0,0,-0.5,-10.6,-2.1,1.04,0.19,-0.04
3148,15.735,15.735001,15.835722,0.002361,9.999999992516e-07,0,-0.4,-10.6,-2.3,1.04,0.2,-0.03
3149,15.74,15.74,15.840703,0.002342,0,0,-0.4,-10.7,-2.1,1.05,0.18,-0.03
3150,15.745,15.745001,15.844857,0.001495,9.999999992516e-07,0,-0.5,-10.7,-1.8,1.05,0.18,-0.03
3151,15.75,15.75,15.850754,0.002394,0,0,-0.5,-10.7,-2.4,1.05,0.19,-0.03
3152,15.755,15.755,15.856002,0.002642,0,0,-0.5,-10.7,-2.7,1.04,0.2,-0.04
3153,15.76,15.76,15.859722,0.00136,0,0,-0.5,-10.7,-2.9,1.04,0.2,-0.04
3154,15.765,15.765,15.864785,0.001423,0,0,-0.5,-10.7,-2.7,1.04,0.2,-0.04
3155,15.77,15.77,15.87071,0.002349,0,0,-0.5,-10.7,-2.6,1.04,0.2,-0.03
3156,15.775,15.775,15.87468,0.001319,0,0,-0.4,-10.6,-2.6,1.05,0.2,-0.04
3157,15.78,15.780001,15.87976,0.001398,9.999999992516e-07,0,-0.5,-10.7,-2.8,1.05,0.2,-0.04
3158,15.785,15.785,15.885703,0.002342,0,0,-0.4,-10.6,-2.7,1.05,0.19,-0.04
3159,15.79,15.790001,15.890728,0.002365,9.999999992516e-07,0,-0.3,-10.7,-2.6,1.05,0.18,-0.05
3160,15.795,15.795,15.894706,0.001345,0,0,-0.4,-10.7,-2.5,1.04,0.18,-0.05
3161,15.8,15.8,15.90075,0.002388,0,0,-0.3,-10.7,-3.1,1.04,0.19,-0.05
3162,15.805,15.805,15.905827,0.002466,0,0,-0.3,-10.8,-3.3,1.04,0.19,-0.05
3163,15.81,15.81,15.909696,0.001335,0,0,-0.4,-10.7,-2.9,1.05,0.19,-0.04
3164,15.815,15.815,15.914821,0.00146,0,0,-0.4,-10.8,-3.5,1.04,0.2,-0.05
3165,15.82,15.82,15.920727,0.002366,0,0,-0.5,-10.8,-2.7,1.04,0.19,-0.04
3166,15.825,15.825001,15.924707,0.001344,9.999999992516e-07,0,-0.6,-10.7,-2.6,1.05,0.19,-0.04
3167,15.83,15.83,15.929894,0.001533,0,0,-0.6,-10.9,-2.1,1.04,0.19,-0.03
3168,15.835,15.835,15.935724,0.002362,0,0,-0.5,-10.8,-1.8,1.05,0.18,-0.03
3169,15.84,15.840001,15.93974,0.001378,1.00000000102796e-06,0,-0.6,-10.8,-2.3,1.04,0.2,-0.04
3170,15.845,15.845,15.944736,0.001375,0,0,-0.6,-10.9,-2.3,1.04,0.19,-0.04
3171,15.85,15.85,15.949874,0.001513,0,0,-0.5,-10.8,-3.1,1.04,0.2,-0.04
3172,15.855,15.855,15.955858,0.002496,0,0,-0.6,-10.8,-2.5,1.04,0.2,-0.04
3173,15.86,15.860001,15.959712,0.00135,9.999999992516e-07,0,-0.6,-10.8,-2.8,1.05,0.21,-0.04
3174,15.865,15.865,15.964786,0.001425,0,0,-0.6,-10.9,-3.1,1.04,0.21,-0.04
3175,15.87,15.870001,15.970783,0.002422,9.999999992516e-07,0,-0.5,-10.8,-3,1.04,0.21,-0.04
3176,15.875,15.875001,15.975883,0.002521,9.999999992516e-07,0,-0.6,-10.8,-3.2,1.04,0.2,-0.04
3177,15.88,15.88,15.979751,0.001389,0,0,-0.5,-10.8,-3.3,1.04,0.2,-0.04
3178,15.885,15.885,15.985783,0.002421,0,0,-0.6,-10.7,-2.9,1.04,0.2,-0.04
3179,15.89,15.89,15.990798,0.002436,0,0,-0.5,-10.7,-2.3,1.05,0.19,-0.03
3180,15.895,15.895,15.994893,0.001533,0,0,-0.5,-10.7,-2.5,1.04,0.19,-0.03
3181,15.9,15.9,16.000815,0.002454,0,0,-0.4,-10.7,-2.4,1.04,0.19,-0.03
3182,15.905,15.905001,16.004734,0.001372,9.999999992516e-07,0,-0.3,-10.6,-2.8,1.04,0.19,-0.04
3183,15.91,15.91,16.010745,0.002383,0,0,-0.4,-10.7,-2.6,1.04,0.19,-0.04
3184,15.915,15.915001,16.015695,0.002333,9.999999992516e-07,0,-0.3,-10.7,-2,1.04,0.17,-0.04
3185,15.92,15.92,16.0198,0.001439,0,0,-0.4,-10.7,-1.8,1.05,0.17,-0.03
3186,15.925,15.925,16.025775,0.002413,0,0,-0.4,-10.7,-1.2,1.06,0.17,-0.03
3187,15.93,15.93,16.030846,0.002486,0,0,-0.4,-10.7,-1.7,1.05,0.18,-0.03
3188,15.935,15.935,16.034783,0.001423,0,0,-0.3,-10.7,-2.2,1.04,0.18,-0.03
3189,15.94,15.94,16.039934,0.001572,0,0,-0.4,-10.7,-2.7,1.04,0.2,-0.04
3190,15.945,15.945,16.04588,0.002519,0,0,-0.3,-10.7,-2.6,1.04,0.19,-0.04
3191,15.95,15.950001,16.049736,0.001373,9.999999992516e-07,0,-0.3,-10.7,-2.5,1.04,0.19,-0.04
3192,15.955,15.955,16.054838,0.001476,0,0,-0.4,-10.8,-2.6,1.04,0.19,-0.04
3193,15.96,15.96,16.060773,0.002411,0,0,-0.4,-10.7,-3.1,1.04,0.19,-0.04
3194,15.965,15.965,16.065718,0.002358,0,0,-0.4,-10.7,-3.1,1.04,0.19,-0.04
3195,15.97,15.97,16.069811,0.00145,0,0,-0.4,-10.7,-3.4,1.03,0.19,-0.04
3196,15.975,15.975,16.074892,0.00153,0,0,-0.4,-10.6,-2.6,1.04,0.18,-0.03
3197,15.98,15.98,16.080764,0.002402,0,0,-0.3,-10.7,-3.3,1.04,0.19,-0.04
3198,15.985,15.985001,16.084686,0.001324,9.999999992516e-07,0,-0.4,-10.7,-2.6,1.05,0.19,-0.04
3199,15.99,15.99,16.089827,0.001465,0,0,-0.5,-10.7,-2.9,1.05,0.2,-0.04
3200,15.995,15.995001,16.095811,0.002449,9.999999992516e-07,0,-0.4,-10.7,-3.1,1.04,0.2,-0.04
3201,16,16,16.099697,0.001335,0,0,-0.4,-10.7,-3,1.04,0.2,-0.04
3202,16.005,16.005,16.104871,0.00151,0,0,-0.5,-10.8,-2.6,1.05,0.2,-0.04
3203,16.01,16.01,16.110825,0.002465,0,0,-0.4,-10.8,-2.4,1.05,0.2,-0.04
3204,16.015,16.015,16.114757,0.001396,0,0,-0.3,-10.7,-2,1.04,0.18,-0.03
3205,16.02,16.02,16.119756,0.001395,0,0,-0.2,-10.8,-2.5,1.04,0.18,-0.04
3206,16.025,16.025,16.125817,0.002456,0,0,-0.5,-10.8,-2.6,1.04,0.19,-0.04
3207,16.03,16.03,16.130719,0.002358,0,0,-0.4,-10.7,-2.4,1.04,0.19,-0.04
3208,16.035,16.035,16.134699,0.001338,0,0,-0.5,-10.8,-2.4,1.04,0.19,-0.04
3209,16.04,16.04,16.139952,0.00159,0,0,-0.5,-10.8,-2,1.05,0.19,-0.04
3210,16.045,16.045,16.145752,0.002391,0,0,-0.5,-10.8,-2.3,1.05,0.19,-0.04
3211,16.05,16.05,16.149765,0.001404,0,0,-0.6,-10.7,-2.7,1.05,0.19,-0.05
3212,16.055,16.055,16.154934,0.001573,0,0,-0.4,-10.6,-2.4,1.05,0.19,-0.04
3213,16.06,16.06,16.160786,0.002424,0,0,-0.5,-10.7,-2.8,1.05,0.19,-0.04
3214,16.065,16.065,16.164786,0.001426,0,0,-0.4,-10.8,-2.9,1.05,0.19,-0.04
3215,16.07,16.07,16.169752,0.001392,0,0,-0.4,-10.7,-2.8,1.05,0.18,-0.05
3216,16.075,16.075,16.175815,0.002453,0,0,-0.4,-10.7,-3,1.05,0.19,-0.04
3217,16.08,16.080001,16.180758,0.002397,9.99999997475243e-07,0,-0.4,-10.7,-2.9,1.05,0.19,-0.04
3218,16.085,16.085,16.184686,0.001325,0,0,-0.5,-10.7,-2.8,1.04,0.2,-0.04
3219,16.09,16.09,16.189916,0.001555,0,0,-0.4,-10.6,-2.4,1.05,0.19,-0.04
3220,16.095,16.095,16.19578,0.002418,0,0,-0.3,-10.6,-2.7,1.04,0.19,-0.04
3221,16.1,16.1,16.19971,0.00135,0,0,-0.2,-10.7,-2.5,1.04,0.19,-0.03
3222,16.105,16.105,16.204802,0.001441,0,0,-0.2,-10.7,-2.3,1.04,0.18,-0.04
3223,16.11,16.11,16.210753,0.002392,0,0,-0.3,-10.7,-2.6,1.04,0.19,-0.04
3224,16.115,16.115001,16.214855,0.001493,9.99999997475243e-07,0,-0.3,-10.7,-3.1,1.03,0.19,-0.04
3225,16.12,16.12,16.219808,0.001448,0,0,-0.5,-10.7,-3.7,1.03,0.2,-0.04
3226,16.125,16.125,16.224995,0.001634,0,0,-0.6,-10.7,-3.3,1.04,0.2,-0.05
3227,16.13,16.13,16.230793,0.002433,0,0,-0.5,-10.7,-2.8,1.04,0.19,-0.04
3228,16.135,16.135,16.234708,0.001346,0,0,-0.5,-10.8,-2.3,1.05,0.19,-0.04
3229,16.14,16.14,16.240786,0.002424,0,0,-0.5,-10.8,-3,1.04,0.2,-0.04
3230,16.145,16.145,16.245717,0.002356,0,0,-0.3,-10.9,-2.3,1.05,0.18,-0.04
3231,16.15,16.15,16.249676,0.001315,0,0,-0.2,-10.7,-2.3,1.05,0.18,-0.04
3232,16.155,16.155,16.254763,0.001401,0,0,-0.2,-10.7,-2.6,1.04,0.18,-0.03
3233,16.16,16.16,16.26078,0.002419,0,0,-0.2,-10.7,-2.4,1.05,0.18,-0.03
3234,16.165,16.165,16.264776,0.001415,0,0,-0.2,-10.7,-2.6,1.04,0.18,-0.03
3235,16.17,16.17,16.269796,0.001434,0,0,-0.3,-10.7,-2.8,1.04,0.19,-0.04
3236,16.175,16.175,16.275756,0.002394,0,0,-0.3,-10.7,-3,1.04,0.19,-0.04
3237,16.18,16.18,16.279678,0.001317,0,0,-0.3,-10.7,-3.2,1.03,0.19,-0.04
3238,16.185,16.185,16.284773,0.001412,0,0,-0.5,-10.7,-3.1,1.04,0.2,-0.04
3239,16.19,16.19,16.290795,0.002434,0,0,-0.7,-10.7,-3.3,1.04,0.2,-0.04
3240,16.195,16.195,16.294686,0.001325,0,0,-0.5,-10.7,-3.1,1.04,0.19,-0.04
3241,16.2,16.2,16.299748,0.001387,0,0,-0.6,-10.7,-3.3,1.04,0.2,-0.04
3242,16.205,16.205001,16.305745,0.002383,9.99999997475243e-07,0,-0.5,-10.7,-2.3,1.04,0.19,-0.03
3243,16.21,16.21,16.310758,0.002396,0,0,-0.5,-10.7,-2.4,1.04,0.19,-0.03
3244,16.215,16.215,16.314754,0.001392,0,0,-0.3,-10.7,-2.5,1.04,0.19,-0.03
3245,16.22,16.22,16.320768,0.002406,0,0,-0.3,-10.7,-1.9,1.05,0.18,-0.03
3246,16.225,16.225,16.325714,0.002353,0,0,-0.3,-10.6,-2.7,1.05,0.19,-0.04
3247,16.23,16.23,16.329679,0.001318,0,0,-0.4,-10.7,-3,1.04,0.2,-0.04
3248,16.235,16.235,16.335764,0.002402,0,0,-0.5,-10.7,-3.4,1.04,0.21,-0.04
3249,16.24,16.240001,16.340833,0.002472,9.99999997475243e-07,0,-0.5,-10.7,-3,1.04,0.2,-0.04
3250,16.245,16.245,16.344686,0.001325,0,0,-0.6,-10.8,-3.8,1.03,0.21,-0.04
3251,16.25,16.25,16.349861,0.0015,0,0,-0.5,-10.8,-3.5,1.03,0.21,-0.04
3252,16.255,16.255,16.355819,0.002458,0,0,-0.4,-10.8,-2.6,1.04,0.19,-0.04
3253,16.26,16.26,16.359717,0.001355,0,0,-0.4,-10.9,-2.4,1.04,0.2,-0.04
3254,16.265,16.265,16.364776,0.001414,0,0,-0.5,-10.8,-2.8,1.04,0.2,-0.04
3255,16.27,16.27,16.370923,0.002562,0,0,-0.6,-10.8,-3.1,1.04,0.21,-0.04
3256,16.275,16.275,16.374724,0.001363,0,0,-0.5,-10.8,-2.6,1.05,0.19,-0.04
3257,16.28,16.28,16.379693,0.001332,0,0,-0.4,-10.7,-2.5,1.05,0.19,-0.04
3258,16.285,16.285,16.385687,0.002326,0,0,-0.3,-10.7,-2.4,1.05,0.18,-0.04
3259,16.29,16.29,16.390704,0.002343,0,0,-0.3,-10.7,-2.5,1.05,0.18,-0.04
3260,16.295,16.295,16.394679,0.001318,0,0,-0.3,-10.7,-3.4,1.04,0.19,-0.04
3261,16.3,16.3,16.399848,0.001486,0,0,-0.4,-10.7,-3,1.04,0.2,-0.04
3262,16.305,16.305,16.405889,0.002529,0,0,-0.5,-10.6,-3.4,1.05,0.2,-0.05
3263,16.31,16.31,16.409709,0.001349,0,0,-0.4,-10.7,-3.1,1.05,0.19,-0.05
3264,16.315,16.315,16.414851,0.00149,0,0,-0.3,-10.8,-3.3,1.05,0.19,-0.05
3265,16.32,16.32,16.420787,0.002426,0,0,-0.3,-10.8,-3.3,1.04,0.19,-0.05
3266,16.325,16.325,16.424819,0.001459,0,0,-0.1,-10.6,-3.6,1.03,0.18,-0.04
3267,16.33,16.330001,16.430775,0.002413,9.99999997475243e-07,0,-0.3,-10.8,-3.1,1.04,0.18,-0.04
3268,16.335,16.335,16.43576,0.002399,0,0,-0.4,-10.7,-3.7,1.03,0.19,-0.04
3269,16.34,16.34,16.439726,0.001365,0,0,-0.4,-10.7,-3,1.04,0.19,-0.04
3270,16.345,16.345,16.444823,0.001461,0,0,-0.5,-10.8,-2.8,1.03,0.19,-0.04
3271,16.35,16.35,16.450767,0.002406,0,0,-0.4,-10.7,-2.9,1.03,0.18,-0.04
3272,16.355,16.355,16.455868,0.002507,0,0,-0.3,-10.7,-2.7,1.03,0.17,-0.04
3273,16.36,16.36,16.459731,0.001371,0,0,-0.3,-10.7,-2.1,1.03,0.16,-0.04
3274,16.365,16.365001,16.465774,0.002412,9.99999997475243e-07,0,-0.4,-10.8,-1.9,1.03,0.15,-0.04
3275,16.37,16.37,16.470706,0.002345,0,0,-0.3,-10.7,-1.9,1.03,0.15,-0.04
3276,16.375,16.375,16.474706,0.001344,0,0,-0.2,-10.6,-2,1.02,0.14,-0.04
3277,16.38,16.38,16.480705,0.002344,0,0,-0.3,-10.6,-1.8,1.01,0.14,-0.04
3278,16.385,16.385,16.485689,0.002329,0,0,-0.5,-10.6,-2.4,1,0.15,-0.05
3279,16.39,16.39,16.490817,0.002457,0,0,-0.6,-10.6,-2.2,1,0.14,-0.05
3280,16.395,16.395,16.494719,0.001357,0,0,-0.6,-10.5,-2.1,0.99,0.13,-0.06
3281,16.4,16.4,16.500801,0.002441,0,0,-0.6,-10.5,-2.9,0.99,0.13,-0.07
3282,16.405,16.405,16.504705,0.001344,0,0,-0.8,-10.5,-3.1,0.97,0.14,-0.06
3283,16.41,16.41,16.509936,0.001576,0,0,-0.9,-10.5,-3.1,0.97,0.13,-0.07
3284,16.415,16.415,16.515751,0.00239,0,0,-0.8,-10.5,-2.8,0.96,0.13,-0.07
3285,16.42,16.42,16.519681,0.00132,0,0,-0.8,-10.4,-3.5,0.95,0.14,-0.07
3286,16.425,16.425,16.524814,0.001452,0,0,-0.8,-10.4,-3.3,0.95,0.14,-0.07
3287,16.43,16.43,16.530714,0.002353,0,0,-0.7,-10.4,-2.8,0.95,0.13,-0.07
3288,16.435,16.435,16.534684,0.001323,0,0,-0.6,-10.3,-3.1,0.94,0.13,-0.06
3289,16.44,16.44,16.539897,0.001536,0,0,-0.6,-10.4,-3,0.94,0.13,-0.07
3290,16.445,16.445,16.545788,0.002427,0,0,-0.8,-10.3,-3,0.93,0.13,-0.07
3291,16.45,16.45,16.549708,0.001347,0,0,-0.6,-10.3,-2.2,0.93,0.11,-0.06
3292,16.455,16.455001,16.554713,0.001351,9.99999997475243e-07,0,-0.6,-10.3,-2.2,0.93,0.11,-0.06
3293,16.46,16.46,16.560776,0.002415,0,0,-0.6,-10.2,-2.5,0.92,0.11,-0.06
3294,16.465,16.465,16.565837,0.002475,0,0,-0.6,-10.3,-2,0.93,0.11,-0.06
3295,16.47,16.47,16.569815,0.001454,0,0,-0.6,-10.4,-2.8,0.92,0.13,-0.06
3296,16.475,16.475,16.574834,0.001472,0,0,-0.7,-10.3,-2.7,0.91,0.12,-0.06
3297,16.48,16.48,16.580787,0.002426,0,0,-0.8,-10.3,-2.7,0.91,0.12,-0.07
3298,16.485,16.485,16.584729,0.001368,0,0,-0.7,-10.2,-2.7,0.9,0.1,-0.07
3299,16.49,16.490001,16.589799,0.001437,9.99999997475243e-07,0,-0.7,-10.3,-3.1,0.9,0.11,-0.07
3300,16.495,16.495,16.595784,0.002424,0,0,-0.8,-10.4,-2.5,0.91,0.1,-0.07
3301,16.5,16.5,16.59979,0.001428,0,0,-0.8,-10.3,-2.6,0.91,0.1,-0.07
3302,16.505,16.505001,16.605018,0.001657,1.00000000102796e-06,0,-0.9,-10.3,-3.5,0.9,0.11,-0.08
3303,16.51,16.51,16.610779,0.002417,0,0,-0.9,-10.3,-3.3,0.89,0.11,-0.08
3304,16.515,16.515,16.615864,0.002503,0,0,-0.7,-10.1,-2.7,0.89,0.08,-0.08
3305,16.52,16.52,16.619698,0.001337,0,0,-0.8,-10.2,-2.7,0.89,0.09,-0.08
3306,16.525,16.525,16.624827,0.001465,0,0,-0.7,-10.1,-3.3,0.88,0.09,-0.09
3307,16.53,16.53,16.630773,0.002412,0,0,-0.9,-10.2,-3.5,0.88,0.1,-0.09
3308,16.535,16.535,16.634757,0.001395,0,0,-0.9,-10.1,-3.1,0.88,0.09,-0.09
3309,16.54,16.54,16.639793,0.001432,0,0,-0.9,-10.1,-3.4,0.87,0.1,-0.09
3310,16.545,16.545,16.645762,0.0024,0,0,-0.8,-10.1,-2.8,0.87,0.08,-0.09
3311,16.55,16.55,16.64971,0.001348,0,0,-0.8,-10.1,-3.2,0.86,0.09,-0.08
3312,16.555,16.555001,16.654882,0.00152,1.00000000102796e-06,0,-0.7,-10,-3.2,0.86,0.08,-0.09
3313,16.56,16.56,16.660765,0.002404,0,0,-0.8,-10,-3.3,0.86,0.09,-0.08
3314,16.565,16.565,16.665856,0.002496,0,0,-0.8,-10,-3.3,0.86,0.09,-0.09
3315,16.57,16.57,16.669708,0.001347,0,0,-0.8,-10,-3.1,0.85,0.08,-0.09
3316,16.575,16.575,16.674832,0.001472,0,0,-0.9,-9.9,-3.6,0.85,0.09,-0.09
3317,16.58,16.580001,16.680728,0.002366,9.99999997475243e-07,0,-0.9,-9.9,-3.6,0.85,0.09,-0.09
3318,16.585,16.585,16.684706,0.001345,0,0,-1,-10,-3.4,0.86,0.11,-0.08
3319,16.59,16.59,16.689813,0.001452,0,0,-1,-10,-3.7,0.85,0.12,-0.08
3320,16.595,16.595,16.695759,0.002398,0,0,-1,-10,-3.3,0.86,0.11,-0.08
3321,16.6,16.6,16.700703,0.002342,0,0,-1,-9.9,-2.9,0.86,0.11,-0.07
3322,16.605,16.605,16.704757,0.001397,0,0,-0.9,-9.9,-3.2,0.87,0.11,-0.08
3323,16.61,16.61,16.710006,0.001645,0,0,-1,-10.1,-3.1,0.87,0.12,-0.08
3324,16.615,16.615001,16.715765,0.002403,9.99999997475243e-07,0,-1,-10.2,-2.8,0.89,0.12,-0.08
3325,16.62,16.62,16.719698,0.001337,0,0,-0.8,-10.1,-2.9,0.89,0.11,-0.07
3326,16.625,16.625,16.724852,0.001491,0,0,-0.7,-10.1,-3.5,0.89,0.12,-0.07
3327,16.63,16.63,16.730704,0.002343,0,0,-0.5,-10,-3.6,0.89,0.12,-0.07
3328,16.635,16.635,16.734682,0.001321,0,0,-0.7,-10.1,-3.5,0.89,0.13,-0.08
3329,16.64,16.64,16.739704,0.001343,0,0,-0.7,-10.2,-3.2,0.91,0.13,-0.07
3330,16.645,16.645,16.74585,0.002489,0,0,-0.6,-10.3,-3.1,0.92,0.13,-0.07
3331,16.65,16.65,16.74969,0.001328,0,0,-0.6,-10.4,-2.5,0.95,0.13,-0.06
3332,16.655,16.655,16.754842,0.001481,0,0,-0.5,-10.3,-2.7,0.96,0.14,-0.06
3333,16.66,16.66,16.760714,0.002353,0,0,-0.5,-10.5,-3,0.97,0.16,-0.05
3334,16.665,16.665,16.765777,0.002415,0,0,-0.7,-10.5,-3,0.99,0.18,-0.05
3335,16.67,16.67,16.769765,0.001405,0,0,-0.5,-10.5,-3,0.99,0.18,-0.04
3336,16.675,16.675,16.77474,0.001379,0,0,-0.4,-10.5,-1.9,1.01,0.18,-0.03
3337,16.68,16.68,16.780706,0.002345,0,0,-0.3,-10.5,-2.8,1.02,0.18,-0.03
3338,16.685,16.685,16.784697,0.001336,0,0,-0.3,-10.6,-2.7,1.03,0.19,-0.03
3339,16.69,16.69,16.789733,0.001372,0,0,-0.3,-10.6,-3.2,1.03,0.19,-0.04
3340,16.695,16.695,16.795762,0.002402,0,0,-0.2,-10.6,-3.5,1.03,0.18,-0.04
3341,16.7,16.7,16.799701,0.001341,0,0,-0.4,-10.7,-3.5,1.02,0.18,-0.05
3342,16.705,16.705001,16.804816,0.001453,9.99999997475243e-07,0,-0.4,-10.8,-2.7,1.04,0.18,-0.05
3343,16.71,16.71,16.810728,0.002367,0,0,-0.4,-10.8,-2.5,1.04,0.18,-0.04
3344,16.715,16.715,16.815683,0.002322,0,0,-0.2,-10.8,-2.4,1.05,0.18,-0.03
3345,16.72,16.72,16.819765,0.001405,0,0,-0.1,-10.8,-2.4,1.05,0.18,-0.03
3346,16.725,16.725,16.824798,0.001436,0,0,-0.1,-10.8,-2.5,1.04,0.19,-0.03
3347,16.73,16.73,16.830835,0.002474,0,0,-0.1,-10.8,-2.6,1.04,0.19,-0.03
3348,16.735,16.735,16.834679,0.001318,0,0,-0.3,-10.8,-2.9,1.04,0.2,-0.04
3349,16.74,16.740001,16.839756,0.001393,9.99999997475243e-07,0,-0.3,-10.6,-3.4,1.03,0.19,-0.04
3350,16.745,16.745,16.845719,0.002358,0,0,-0.4,-10.8,-3.4,1.04,0.19,-0.05
3351,16.75,16.75,16.850696,0.002335,0,0,-0.4,-10.7,-3,1.04,0.19,-0.05
3352,16.755,16.755,16.854683,0.001322,0,0,-0.2,-10.7,-2.3,1.04,0.17,-0.04
3353,16.76,16.76,16.860727,0.002366,0,0,-0.3,-10.7,-2.9,1.04,0.18,-0.04
3354,16.765,16.765,16.865708,0.002348,0,0,-0.3,-10.7,-2.6,1.04,0.18,-0.04
3355,16.77,16.77,16.869833,0.001473,0,0,-0.4,-10.7,-2.2,1.05,0.18,-0.04
3356,16.775,16.775,16.874855,0.001493,0,0,-0.3,-10.7,-1.8,1.05,0.17,-0.04
3357,16.78,16.78,16.880726,0.002365,0,0,-0.3,-10.7,-2.1,1.05,0.17,-0.04
3358,16.785,16.785,16.884685,0.001324,0,0,-0.2,-10.7,-2.6,1.04,0.17,-0.04
3359,16.79,16.790001,16.890073,0.001711,1.00000000102796e-06,0,-0.2,-10.7,-2.9,1.03,0.18,-0.05
3360,16.795,16.795,16.895741,0.00238,0,0,-0.2,-10.6,-2.8,1.04,0.18,-0.05
3361,16.8,16.8,16.900707,0.002346,0,0,-0.1,-10.6,-3.1,1.04,0.18,-0.05
3362,16.805,16.805,16.905092,0.001732,0,0,-0.2,-10.6,-2.8,1.04,0.18,-0.04
3363,16.81,16.81,16.910759,0.002398,0,0,-0.3,-10.7,-2.8,1.04,0.18,-0.05
3364,16.815,16.815,16.915742,0.002381,0,0,-0.3,-10.7,-2.9,1.04,0.18,-0.05
3365,16.82,16.82,16.919698,0.001337,0,0,-0.3,-10.7,-2.4,1.04,0.18,-0.04
3366,16.825,16.825,16.924702,0.00134,0,0,-0.2,-10.8,-2.6,1.04,0.18,-0.04
3367,16.83,16.830001,16.93084,0.002477,9.99999997475243e-07,0,-0.1,-10.8,-2.6,1.04,0.18,-0.04
3368,16.835,16.835,16.935715,0.002354,0,0,-0.1,-10.8,-2.5,1.04,0.18,-0.04
3369,16.84,16.84,16.939835,0.001474,0,0,-0.3,-10.9,-2.4,1.05,0.18,-0.04
3370,16.845,16.845,16.945727,0.002366,0,0,-0.2,-10.8,-2.1,1.04,0.18,-0.04
3371,16.85,16.85,16.950696,0.002335,0,0,-0.2,-10.8,-2.4,1.04,0.19,-0.04
3372,16.855,16.855,16.954673,0.001312,0,0,-0.3,-10.8,-2.5,1.04,0.19,-0.04
3373,16.86,16.86,16.959777,0.001415,0,0,-0.4,-10.8,-2.8,1.04,0.19,-0.04
3374,16.865,16.865001,16.965822,0.002459,9.99999997475243e-07,0,-0.4,-10.8,-4,1.03,0.21,-0.05
3375,16.87,16.87,16.969744,0.001383,0,0,-0.3,-10.7,-3.9,1.03,0.2,-0.05
3376,16.875,16.875,16.974886,0.001525,0,0,-0.3,-10.8,-3.2,1.04,0.19,-0.05
3377,16.88,16.88,16.980799,0.002438,0,0,-0.4,-10.7,-3,1.04,0.19,-0.05
3378,16.885,16.885,16.985705,0.002344,0,0,-0.3,-10.6,-1.7,1.05,0.16,-0.04
3379,16.89,16.89,16.989773,0.001412,0,0,-0.2,-10.6,-1.6,1.05,0.16,-0.04
3380,16.895,16.895,16.994907,0.001545,0,0,-0.4,-10.7,-2,1.04,0.17,-0.04
3381,16.9,16.9,17.000752,0.002391,0,0,-0.2,-10.7,-1.8,1.04,0.16,-0.04
3382,16.905,16.905,17.004685,0.001324,0,0,-0.3,-10.7,-2.5,1.04,0.18,-0.05
3383,16.91,16.91,17.010706,0.002345,0,0,-0.2,-10.6,-2.3,1.04,0.17,-0.05
3384,16.915,16.915,17.015794,0.002433,0,0,-0.4,-10.6,-1.7,1.04,0.18,-0.04
3385,16.92,16.92,17.019691,0.00133,0,0,-0.3,-10.6,-2.2,1.04,0.18,-0.04
3386,16.925,16.925,17.024852,0.00149,0,0,-0.2,-10.7,-1.9,1.05,0.17,-0.04
3387,16.93,16.93,17.030782,0.00242,0,0,-0.3,-10.7,-1.4,1.05,0.17,-0.04
3388,16.935,16.935,17.034714,0.001353,0,0,-0.2,-10.6,-2.2,1.04,0.18,-0.04
3389,16.94,16.94,17.039765,0.001405,0,0,-0.4,-10.7,-2.3,1.04,0.18,-0.04
3390,16.945,16.945,17.045753,0.002391,0,0,-0.4,-10.7,-2.2,1.04,0.18,-0.03
3391,16.95,16.95,17.049739,0.001378,0,0,-0.3,-10.7,-2.4,1.04,0.18,-0.04
3392,16.955,16.955001,17.0547,0.001338,9.99999997475243e-07,0,-0.2,-10.7,-2.7,1.05,0.18,-0.04
3393,16.96,16.96,17.060711,0.00235,0,0,-0.4,-10.8,-3.1,1.04,0.2,-0.04
3394,16.965,16.965,17.064673,0.001312,0,0,-0.3,-10.8,-3.4,1.04,0.2,-0.05
3395,16.97,16.97,17.069674,0.001313,0,0,-0.4,-10.7,-3,1.04,0.19,-0.04
3396,16.975,16.975,17.075708,0.002346,0,0,-0.3,-10.7,-3,1.04,0.19,-0.04
3397,16.98,16.98,17.079682,0.001322,0,0,-0.4,-10.8,-3.3,1.04,0.19,-0.05
3398,16.985,16.985,17.084667,0.001306,0,0,-0.2,-10.8,-3.4,1.04,0.19,-0.05
3399,16.99,16.990002,17.090053,0.001691,1.9999999985032e-06,0,-0.4,-10.8,-3.5,1.04,0.2,-0.05
3400,16.995,16.995,17.095716,0.002354,0,0,-0.4,-10.8,-3.4,1.04,0.19,-0.05
3401,17,17,17.099778,0.001417,0,0,-0.3,-10.7,-3.7,1.03,0.19,-0.05
3402,17.005,17.005,17.105706,0.002345,0,0,-0.4,-10.7,-3.7,1.03,0.2,-0.04
3403,17.01,17.01,17.110696,0.002335,0,0,-0.4,-10.7,-2.9,1.04,0.18,-0.04
3404,17.015,17.015,17.114813,0.001452,0,0,-0.4,-10.6,-3.7,1.04,0.19,-0.05
3405,17.02,17.02,17.120729,0.002368,0,0,-0.6,-10.7,-4,1.03,0.2,-0.05
3406,17.025,17.025,17.125761,0.0024,0,0,-0.3,-10.7,-3.8,1.04,0.19,-0.05
3407,17.03,17.03,17.129869,0.001509,0,0,-0.4,-10.6,-3.8,1.03,0.2,-0.05
3408,17.035,17.035,17.134916,0.001555,0,0,-0.4,-10.6,-3.1,1.04,0.19,-0.05
3409,17.04,17.04,17.140752,0.002391,0,0,-0.4,-10.7,-2.5,1.05,0.18,-0.04
3410,17.045,17.045,17.144721,0.00136,0,0,-0.3,-10.7,-2.1,1.05,0.17,-0.04
3411,17.05,17.05,17.14982,0.001459,0,0,-0.4,-10.8,-2.1,1.05,0.17,-0.04
3412,17.055,17.055,17.155938,0.002576,0,0,-0.5,-10.8,-3.1,1.04,0.19,-0.05
3413,17.06,17.06,17.159705,0.001344,0,0,-0.6,-10.7,-2.9,1.05,0.19,-0.04
3414,17.065,17.065,17.164826,0.001464,0,0,-0.5,-10.7,-3.2,1.04,0.19,-0.04
3415,17.07,17.07,17.170783,0.002422,0,0,-0.5,-10.7,-3.4,1.05,0.2,-0.04
3416,17.075,17.075,17.17578,0.002418,0,0,-0.4,-10.6,-3.2,1.04,0.2,-0.04
3417,17.08,17.080001,17.17974,0.001377,9.99999997475243e-07,0,-0.3,-10.6,-3.4,1.04,0.2,-0.04
3418,17.085,17.085,17.184842,0.001481,0,0,-0.5,-10.7,-3.7,1.04,0.21,-0.04
3419,17.09,17.09,17.19105,0.002689,0,0,-0.3,-10.7,-3.6,1.04,0.2,-0.04
3420,17.095,17.095,17.194739,0.001379,0,0,-0.4,-10.7,-3.4,1.04,0.2,-0.05
3421,17.1,17.1,17.200793,0.002432,0,0,-0.3,-10.7,-2.3,1.05,0.19,-0.04
3422,17.105,17.105,17.205738,0.002377,0,0,-0.2,-10.7,-2.6,1.04,0.18,-0.04
3423,17.11,17.11,17.209707,0.001346,0,0,-0.4,-10.7,-2.9,1.04,0.19,-0.04
3424,17.115,17.115001,17.21577,0.002409,9.99999997475243e-07,0,-0.3,-10.7,-2.6,1.04,0.18,-0.04
3425,17.12,17.12,17.219746,0.001385,0,0,-0.4,-10.7,-2.8,1.04,0.18,-0.04
3426,17.125,17.125,17.224787,0.001425,0,0,-0.4,-10.8,-2.8,1.04,0.19,-0.04
3427,17.13,17.13,17.230824,0.002463,0,0,-0.3,-10.6,-2.5,1.04,0.18,-0.04
3428,17.135,17.135,17.234719,0.001358,0,0,-0.4,-10.7,-2.9,1.04,0.19,-0.04
3429,17.14,17.14,17.23978,0.001419,0,0,-0.3,-10.8,-2.6,1.04,0.18,-0.04
3430,17.145,17.145,17.245745,0.002384,0,0,-0.3,-10.8,-3.1,1.03,0.18,-0.04
3431,17.15,17.150001,17.249709,0.001347,9.99999997475243e-07,0,-0.3,-10.8,-2.8,1.04,0.19,-0.04
3432,17.155,17.155,17.254772,0.001409,0,0,-0.2,-10.8,-2.9,1.04,0.19,-0.04
3433,17.16,17.16,17.260734,0.002373,0,0,-0.4,-10.8,-2.3,1.04,0.18,-0.04
3434,17.165,17.165,17.264716,0.001354,0,0,-0.3,-10.8,-2,1.04,0.18,-0.04
3435,17.17,17.17,17.269847,0.001486,0,0,-0.4,-10.8,-3.1,1.04,0.19,-0.05
3436,17.175,17.175,17.275753,0.002392,0,0,-0.3,-10.8,-2.6,1.04,0.18,-0.04
3437,17.18,17.18,17.279678,0.001317,0,0,-0.4,-10.8,-2.8,1.04,0.18,-0.05
3438,17.185,17.185,17.284861,0.001501,0,0,-0.3,-10.8,-2.8,1.04,0.18,-0.04
3439,17.19,17.19,17.290777,0.002415,0,0,-0.2,-10.7,-2.8,1.04,0.18,-0.04
3440,17.195,17.195001,17.294751,0.001389,1.00000000102796e-06,0,-0.2,-10.7,-3,1.04,0.19,-0.04
3441,17.2,17.2,17.299774,0.001414,0,0,-0.4,-10.7,-2.9,1.04,0.19,-0.04
3442,17.205,17.205001,17.305836,0.002474,9.99999997475243e-07,0,-0.3,-10.7,-2.8,1.04,0.19,-0.04
3443,17.21,17.21,17.309686,0.001325,0,0,-0.2,-10.7,-2.9,1.04,0.18,-0.04
3444,17.215,17.215,17.314831,0.00147,0,0,-0.3,-10.7,-2.5,1.05,0.17,-0.04
3445,17.22,17.22,17.320713,0.002352,0,0,-0.2,-10.7,-2.5,1.05,0.17,-0.04
3446,17.225,17.225,17.325832,0.00247,0,0,-0.3,-10.7,-2.4,1.05,0.18,-0.04
3447,17.23,17.23,17.329851,0.001489,0,0,-0.4,-10.7,-2.2,1.05,0.18,-0.04
3448,17.235,17.235,17.335715,0.002354,0,0,-0.5,-10.8,-2.3,1.05,0.18,-0.04
3449,17.24,17.240001,17.339767,0.001405,9.99999997475243e-07,0,-0.5,-10.7,-3.1,1.04,0.19,-0.05
3450,17.245,17.245,17.344814,0.001452,0,0,-0.6,-10.7,-2.9,1.05,0.19,-0.05
3451,17.25,17.25,17.350808,0.002446,0,0,-0.7,-10.8,-2.7,1.04,0.19,-0.04
3452,17.255,17.255,17.354903,0.001543,0,0,-0.5,-10.7,-3,1.04,0.18,-0.04
3453,17.26,17.26,17.360797,0.002437,0,0,-0.5,-10.7,-3.3,1.04,0.19,-0.04
3454,17.265,17.265,17.365767,0.002406,0,0,-0.4,-10.6,-3.1,1.04,0.18,-0.05
3455,17.27,17.27,17.369711,0.001349,0,0,-0.4,-10.7,-2.7,1.04,0.18,-0.04
3456,17.275,17.275001,17.374876,0.001515,9.99999997475243e-07,0,-0.5,-10.8,-3.3,1.04,0.19,-0.05
3457,17.28,17.28,17.380747,0.002385,0,0,-0.4,-10.7,-3.7,1.03,0.19,-0.05
3458,17.285,17.285,17.384691,0.00133,0,0,-0.4,-10.8,-3.4,1.04,0.19,-0.05
3459,17.29,17.29,17.389801,0.00144,0,0,-0.4,-10.7,-3.2,1.04,0.19,-0.05
3460,17.295,17.295,17.395724,0.002364,0,0,-0.4,-10.7,-3.5,1.04,0.2,-0.05
3461,17.3,17.3,17.399809,0.001448,0,0,-0.5,-10.7,-3.4,1.04,0.19,-0.05
3462,17.305,17.305,17.405857,0.002496,0,0,-0.4,-10.7,-3.3,1.04,0.19,-0.05
3463,17.31,17.31,17.409741,0.00138,0,0,-0.3,-10.6,-3.6,1.04,0.19,-0.05
3464,17.315,17.315,17.415774,0.002412,0,0,-0.3,-10.6,-3.7,1.04,0.19,-0.05
3465,17.32,17.32,17.420776,0.002415,0,0,-0.3,-10.7,-3.1,1.04,0.18,-0.05
3466,17.325,17.325001,17.424863,0.001501,1.00000000102796e-06,0,-0.5,-10.8,-3.3,1.04,0.2,-0.05
3467,17.33,17.330001,17.430848,0.002485,9.99999997475243e-07,0,-0.4,-10.8,-3,1.04,0.2,-0.05
3468,17.335,17.335,17.434761,0.001399,0,0,-0.3,-10.7,-2.5,1.05,0.19,-0.04
3469,17.34,17.34,17.439848,0.001487,0,0,-0.4,-10.7,-3.3,1.04,0.19,-0.05
3470,17.345,17.345,17.445745,0.002383,0,0,-0.4,-10.7,-3.1,1.04,0.19,-0.04
3471,17.35,17.35,17.449684,0.001323,0,0,-0.3,-10.8,-2.7,1.05,0.18,-0.04
3472,17.355,17.355,17.454754,0.001393,0,0,-0.3,-10.8,-3.3,1.04,0.19,-0.05
3473,17.36,17.36,17.460704,0.002343,0,0,-0.4,-10.8,-3.2,1.05,0.19,-0.05
3474,17.365,17.365001,17.464694,0.001332,9.99999997475243e-07,0,-0.4,-10.8,-3,1.05,0.19,-0.05
3475,17.37,17.37,17.469741,0.00138,0,0,-0.4,-10.8,-3,1.05,0.19,-0.05
3476,17.375,17.375,17.475711,0.00235,0,0,-0.4,-10.8,-3.1,1.04,0.2,-0.04
3477,17.38,17.38,17.479671,0.00131,0,0,-0.6,-10.8,-3.1,1.04,0.2,-0.05
3478,17.385,17.385,17.484743,0.001382,0,0,-0.5,-10.8,-2.6,1.05,0.19,-0.05
3479,17.39,17.39,17.490808,0.002448,0,0,-0.5,-10.8,-2.3,1.05,0.19,-0.04
3480,17.395,17.395,17.494702,0.001341,0,0,-0.4,-10.8,-2.4,1.04,0.19,-0.04
3481,17.4,17.400001,17.50076,0.002397,9.99999997475243e-07,0,-0.2,-10.7,-2.5,1.05,0.17,-0.04
3482,17.405,17.405,17.505768,0.002407,0,0,-0.2,-10.7,-2.5,1.05,0.17,-0.04
3483,17.41,17.41,17.509717,0.001355,0,0,-0.2,-10.6,-2.1,1.05,0.17,-0.04
3484,17.415,17.415,17.514809,0.001448,0,0,-0.4,-10.7,-2.6,1.05,0.19,-0.04
3485,17.42,17.42,17.520711,0.00235,0,0,-0.4,-10.7,-2.6,1.05,0.19,-0.04
3486,17.425,17.425,17.524723,0.001362,0,0,-0.6,-10.8,-2.8,1.05,0.2,-0.04
3487,17.43,17.43,17.529829,0.001468,0,0,-0.5,-10.7,-2.8,1.05,0.2,-0.04
3488,17.435,17.435,17.535745,0.002383,0,0,-0.4,-10.7,-2.6,1.05,0.19,-0.04
3489,17.44,17.44,17.539712,0.001351,0,0,-0.5,-10.7,-2.8,1.05,0.19,-0.04
3490,17.445,17.445,17.544742,0.001381,0,0,-0.4,-10.7,-3.1,1.04,0.19,-0.04
3491,17.45,17.45,17.550785,0.002423,0,0,-0.4,-10.8,-3.3,1.04,0.19,-0.05
3492,17.455,17.455001,17.555751,0.00239,9.99999997475243e-07,0,-0.5,-10.8,-3.5,1.04,0.2,-0.05
3493,17.46,17.46,17.55977,0.001408,0,0,-0.5,-10.8,-3.5,1.04,0.2,-0.05
3494,17.465,17.465,17.565727,0.002365,0,0,-0.6,-10.9,-3.5,1.05,0.2,-0.05
3495,17.47,17.47,17.569724,0.001363,0,0,-0.6,-10.9,-3.5,1.05,0.2,-0.05
3496,17.475,17.475,17.574729,0.001367,0,0,-0.6,-10.9,-3.3,1.04,0.2,-0.05
3497,17.48,17.48,17.580705,0.002344,0,0,-0.5,-10.7,-3.4,1.05,0.19,-0.05
3498,17.485,17.485,17.585679,0.002318,0,0,-0.5,-10.8,-2.7,1.06,0.18,-0.05
3499,17.49,17.490001,17.589676,0.001314,9.99999997475243e-07,0,-0.4,-10.7,-3.1,1.05,0.18,-0.04
3500,17.495,17.495,17.595763,0.002402,0,0,-0.5,-10.7,-3.1,1.05,0.19,-0.05
3501,17.5,17.5,17.600701,0.002341,0,0,-0.4,-10.8,-3,1.05,0.19,-0.04
3502,17.505,17.505,17.604671,0.00131,0,0,-0.3,-10.8,-2.9,1.05,0.19,-0.04
3503,17.51,17.51,17.610734,0.002373,0,0,-0.6,-10.8,-2.7,1.05,0.2,-0.05
3504,17.515,17.515,17.614673,0.001312,0,0,-0.6,-10.7,-2.6,1.05,0.19,-0.04
3505,17.52,17.52,17.619745,0.001384,0,0,-0.7,-10.8,-2.6,1.04,0.2,-0.04
3506,17.525,17.525001,17.62579,0.002427,9.99999997475243e-07,0,-0.4,-10.7,-2.1,1.05,0.18,-0.04
3507,17.53,17.53,17.6307,0.002339,0,0,-0.5,-10.7,-2.7,1.04,0.18,-0.04
3508,17.535,17.535,17.634692,0.001331,0,0,-0.4,-10.6,-2.3,1.05,0.18,-0.04
3509,17.54,17.54,17.640819,0.002458,0,0,-0.5,-10.6,-2.7,1.05,0.18,-0.04
3510,17.545,17.545,17.645732,0.00237,0,0,-0.5,-10.6,-2.2,1.05,0.18,-0.04
3511,17.55,17.55,17.6497,0.00134,0,0,-0.4,-10.7,-3.1,1.05,0.19,-0.05
3512,17.555,17.555,17.655731,0.002371,0,0,-0.3,-10.6,-2.9,1.05,0.18,-0.04
3513,17.56,17.56,17.660736,0.002375,0,0,-0.3,-10.6,-2.2,1.06,0.17,-0.04
3514,17.565,17.565,17.664698,0.001337,0,0,-0.4,-10.7,-2.9,1.05,0.18,-0.04
3515,17.57,17.57,17.669888,0.001527,0,0,-0.4,-10.8,-2.5,1.05,0.18,-0.04
3516,17.575,17.575,17.675787,0.002425,0,0,-0.5,-10.8,-3,1.05,0.19,-0.04
3517,17.58,17.580001,17.679699,0.001337,9.99999997475243e-07,0,-0.4,-10.8,-2.7,1.05,0.19,-0.04
3518,17.585,17.585,17.684764,0.001403,0,0,-0.5,-10.7,-3,1.05,0.19,-0.04
3519,17.59,17.59,17.690829,0.002469,0,0,-0.5,-10.7,-2.5,1.05,0.19,-0.04
3520,17.595,17.595,17.694695,0.001334,0,0,-0.4,-10.7,-2.4,1.05,0.18,-0.04
3521,17.6,17.6,17.699715,0.001353,0,0,-0.4,-10.7,-2.6,1.05,0.18,-0.05
3522,17.605,17.605,17.705722,0.002361,0,0,-0.5,-10.8,-2.6,1.05,0.18,-0.04
3523,17.61,17.61,17.709724,0.001362,0,0,-0.5,-10.8,-2.8,1.05,0.19,-0.05
3524,17.615,17.615001,17.714734,0.001372,9.99999997475243e-07,0,-0.5,-10.8,-2.4,1.05,0.19,-0.04
3525,17.62,17.62,17.720739,0.002379,0,0,-0.6,-10.7,-2.6,1.05,0.19,-0.05
3526,17.625,17.625,17.725685,0.002324,0,0,-0.4,-10.8,-2.3,1.05,0.18,-0.04
3527,17.63,17.63,17.729839,0.001478,0,0,-0.4,-10.7,-2.2,1.05,0.19,-0.04
3528,17.635,17.635,17.734821,0.001461,0,0,-0.4,-10.7,-2,1.05,0.18,-0.04
3529,17.64,17.64,17.741165,0.002803,0,0,-0.4,-10.7,-2.9,1.05,0.19,-0.04
3530,17.645,17.645,17.744783,0.001421,0,0,-0.3,-10.7,-3,1.04,0.18,-0.04
3531,17.65,17.650002,17.750012,0.001649,1.9999999985032e-06,0,-0.3,-10.7,-2.6,1.05,0.18,-0.04
3532,17.655,17.655,17.755797,0.002436,0,0,-0.5,-10.7,-2.6,1.05,0.19,-0.04
3533,17.66,17.66,17.759712,0.001351,0,0,-0.4,-10.7,-3.1,1.04,0.19,-0.05
3534,17.665,17.665,17.764789,0.001427,0,0,-0.5,-10.7,-3.3,1.04,0.2,-0.05
3535,17.67,17.67,17.770726,0.002364,0,0,-0.5,-10.7,-3.6,1.03,0.2,-0.04
3536,17.675,17.675,17.774719,0.001357,0,0,-0.5,-10.8,-3.3,1.04,0.2,-0.05
3537,17.68,17.68,17.779844,0.001483,0,0,-0.4,-10.8,-2.7,1.04,0.19,-0.04
3538,17.685,17.685,17.785726,0.002364,0,0,-0.5,-10.8,-3.2,1.04,0.2,-0.05
3539,17.69,17.690001,17.789733,0.001372,9.99999997475243e-07,0,-0.4,-10.7,-3.1,1.05,0.19,-0.05
3540,17.695,17.695,17.794818,0.001456,0,0,-0.5,-10.8,-3.3,1.05,0.2,-0.05
3541,17.7,17.7,17.800738,0.002377,0,0,-0.6,-10.8,-3.4,1.04,0.2,-0.05
3542,17.705,17.705001,17.804699,0.001336,9.99999997475243e-07,0,-0.6,-10.8,-3.6,1.04,0.2,-0.05
3543,17.71,17.71,17.809772,0.001412,0,0,-0.4,-10.7,-2.8,1.05,0.19,-0.05
3544,17.715,17.715,17.815758,0.002396,0,0,-0.4,-10.7,-3.2,1.05,0.2,-0.05
3545,17.72,17.72,17.819681,0.00132,0,0,-0.4,-10.8,-2.9,1.05,0.2,-0.05
3546,17.725,17.725,17.824785,0.001424,0,0,-0.4,-10.8,-2.5,1.05,0.19,-0.04
3547,17.73,17.73,17.830701,0.002339,0,0,-0.5,-10.8,-2.6,1.05,0.2,-0.04
3548,17.735,17.735,17.83467,0.001309,0,0,-0.5,-10.7,-3.2,1.05,0.2,-0.04
3549,17.74,17.740001,17.839717,0.001355,9.99999997475243e-07,0,-0.6,-10.7,-3,1.05,0.2,-0.04
3550,17.745,17.745,17.84571,0.002349,0,0,-0.4,-10.6,-2.8,1.05,0.19,-0.04
3551,17.75,17.75,17.850692,0.002331,0,0,-0.4,-10.6,-2.5,1.05,0.18,-0.04
3552,17.755,17.755,17.854742,0.001381,0,0,-0.3,-10.7,-2.4,1.05,0.18,-0.04
3553,17.76,17.76,17.860753,0.002392,0,0,-0.4,-10.7,-3,1.04,0.2,-0.05
3554,17.765,17.765,17.864697,0.001336,0,0,-0.4,-10.6,-3.2,1.04,0.19,-0.05
3555,17.77,17.77,17.869834,0.001472,0,0,-0.4,-10.5,-3.1,1.04,0.19,-0.04
3556,17.775,17.775001,17.875809,0.002447,9.99999997475243e-07,0,-0.4,-10.6,-3,1.04,0.19,-0.04
3557,17.78,17.78,17.879716,0.001355,0,0,-0.4,-10.6,-3.5,1.04,0.2,-0.04
3558,17.785,17.785,17.884847,0.001486,0,0,-0.4,-10.6,-2.9,1.05,0.19,-0.04
3559,17.79,17.79,17.890814,0.002453,0,0,-0.4,-10.7,-2.5,1.05,0.19,-0.04
3560,17.795,17.795,17.894719,0.001358,0,0,-0.3,-10.6,-2.4,1.05,0.18,-0.04
3561,17.8,17.8,17.899928,0.001566,0,0,-0.3,-10.6,-2.8,1.04,0.18,-0.04
3562,17.805,17.805,17.905792,0.002431,0,0,-0.2,-10.6,-2.8,1.04,0.18,-0.04
3563,17.81,17.81,17.909733,0.001371,0,0,-0.3,-10.7,-3,1.04,0.19,-0.04
3564,17.815,17.815,17.915789,0.002427,0,0,-0.5,-10.7,-2.6,1.04,0.19,-0.04
3565,17.82,17.82,17.920748,0.002387,0,0,-0.4,-10.7,-2.6,1.05,0.19,-0.03
3566,17.825,17.825,17.924723,0.001361,0,0,-0.3,-10.7,-2.8,1.05,0.19,-0.04
3567,17.83,17.830001,17.929851,0.001488,9.99999997475243e-07,0,-0.4,-10.7,-3.2,1.04,0.19,-0.04
3568,17.835,17.835,17.935749,0.002387,0,0,-0.5,-10.7,-3.1,1.05,0.19,-0.04
3569,17.84,17.84,17.939714,0.001352,0,0,-0.4,-10.7,-3.5,1.04,0.2,-0.04
3570,17.845,17.845,17.944799,0.001438,0,0,-0.5,-10.8,-3.4,1.04,0.21,-0.04
3571,17.85,17.85,17.950804,0.002442,0,0,-0.5,-10.9,-3,1.05,0.2,-0.04
3572,17.855,17.855,17.954721,0.00136,0,0,-0.6,-10.9,-3.1,1.05,0.21,-0.05
3573,17.86,17.86,17.959737,0.001375,0,0,-0.5,-10.8,-3,1.05,0.2,-0.04
3574,17.865,17.865001,17.965758,0.002395,9.99999997475243e-07,0,-0.6,-10.8,-3,1.05,0.21,-0.04
3575,17.87,17.87,17.969694,0.001333,0,0,-0.5,-10.8,-2.3,1.06,0.19,-0.04
3576,17.875,17.875,17.974714,0.001353,0,0,-0.5,-10.8,-2.2,1.06,0.19,-0.04
3577,17.88,17.88,17.980736,0.002369,0,0,-0.4,-10.7,-2.3,1.05,0.18,-0.03
3578,17.885,17.885,17.984689,0.001328,0,0,-0.4,-10.5,-2.4,1.05,0.18,-0.03
3579,17.89,17.89,17.989726,0.001365,0,0,-0.3,-10.7,-2.9,1.04,0.18,-0.04
3580,17.895,17.895,17.995697,0.002336,0,0,-0.3,-10.7,-3.1,1.04,0.18,-0.04
3581,17.9,17.900001,18.000741,0.002379,9.99999997475243e-07,0,-0.2,-10.7,-3.4,1.04,0.19,-0.04
3582,17.905,17.905,18.0047,0.001339,0,0,-0.4,-10.6,-3.7,1.04,0.2,-0.05
3583,17.91,17.91,18.01081,0.002448,0,0,-0.4,-10.7,-3.2,1.04,0.2,-0.05
3584,17.915,17.915,18.015777,0.002415,0,0,-0.3,-10.7,-2.8,1.04,0.19,-0.04
3585,17.92,17.92,18.019697,0.001335,0,0,-0.3,-10.6,-3.3,1.04,0.19,-0.05
3586,17.925,17.925,18.024932,0.001572,0,0,-0.5,-10.7,-3.6,1.05,0.21,-0.05
3587,17.93,17.93,18.030806,0.002444,0,0,-0.5,-10.8,-3.3,1.05,0.21,-0.04
3588,17.935,17.935,18.034723,0.001363,0,0,-0.4,-10.8,-3.2,1.05,0.2,-0.04
3589,17.94,17.94,18.039895,0.001533,0,0,-0.4,-10.8,-3.2,1.04,0.19,-0.04
3590,17.945,17.945,18.045782,0.00242,0,0,-0.4,-10.8,-2.8,1.05,0.19,-0.04
3591,17.95,17.95,18.049713,0.001352,0,0,-0.2,-10.8,-2.8,1.04,0.19,-0.04
3592,17.955,17.955001,18.054857,0.001495,9.99999997475243e-07,0,-0.3,-10.7,-2.5,1.05,0.19,-0.03
3593,17.96,17.96,18.060743,0.002382,0,0,-0.3,-10.8,-3.2,1.05,0.2,-0.04
3594,17.965,17.965,18.064713,0.001353,0,0,-0.4,-10.7,-3.6,1.04,0.2,-0.04
3595,17.97,17.97,18.069693,0.001332,0,0,-0.5,-10.7,-3.4,1.04,0.19,-0.04
3596,17.975,17.975,18.075837,0.002476,0,0,-0.4,-10.6,-3,1.04,0.18,-0.04
3597,17.98,17.98,18.080759,0.002398,0,0,-0.4,-10.6,-2.6,1.05,0.17,-0.04
3598,17.985,17.985,18.084702,0.001341,0,0,-0.3,-10.6,-2.4,1.05,0.16,-0.04
3599,17.99,17.990001,18.089947,0.001585,9.99999997475243e-07,0,-0.5,-10.6,-2.6,1.05,0.18,-0.05
3600,17.995,17.995,18.095771,0.00241,0,0,-0.6,-10.6,-2.8,1.05,0.18,-0.06
3601,18,18,18.099707,0.001346,0,0,-0.5,-10.7,-2.6,1.05,0.16,-0.05
3602,18.005,18.005,18.104776,0.001414,0,0,-0.5,-10.6,-2.9,1.05,0.15,-0.05
3603,18.01,18.01,18.110767,0.002406,0,0,-0.4,-10.6,-3.2,1.05,0.16,-0.06
3604,18.015,18.015,18.114725,0.001364,0,0,-0.7,-10.6,-3.3,1.05,0.17,-0.06
3605,18.02,18.02,18.119725,0.001364,0,0,-0.4,-10.7,-2.7,1.06,0.15,-0.06
3606,18.025,18.025001,18.125744,0.002382,9.99999997475243e-07,0,-0.5,-10.7,-3.3,1.05,0.16,-0.06
3607,18.03,18.03,18.130715,0.002353,0,0,-0.6,-10.7,-2.3,1.05,0.15,-0.05
3608,18.035,18.035,18.134678,0.001317,0,0,-0.6,-10.6,-2.7,1.06,0.15,-0.05
3609,18.04,18.04,18.140712,0.00235,0,0,-0.5,-10.7,-2.2,1.06,0.14,-0.06
3610,18.045,18.045,18.145682,0.002321,0,0,-0.5,-10.7,-2.5,1.06,0.14,-0.06
3611,18.05,18.05,18.149681,0.00132,0,0,-0.6,-10.8,-3.4,1.06,0.15,-0.06
3612,18.055,18.055,18.155743,0.002382,0,0,-0.6,-10.8,-2.9,1.06,0.14,-0.06
3613,18.06,18.06,18.160729,0.002367,0,0,-0.8,-10.8,-3.5,1.06,0.15,-0.06
3614,18.065,18.065,18.164687,0.001326,0,0,-0.6,-10.8,-3.1,1.06,0.15,-0.07
3615,18.07,18.07,18.170871,0.00251,0,0,-0.8,-10.8,-3,1.06,0.15,-0.07
3616,18.075,18.075,18.175791,0.002429,0,0,-0.7,-10.8,-2.9,1.06,0.13,-0.07
3617,18.08,18.080001,18.179713,0.001352,9.99999997475243e-07,0,-0.6,-10.6,-2.6,1.07,0.11,-0.07
3618,18.085,18.085,18.185772,0.00241,0,0,-0.5,-10.6,-2.7,1.06,0.1,-0.07
3619,18.09,18.09,18.19071,0.002348,0,0,-0.5,-10.7,-2.9,1.05,0.1,-0.07
3620,18.095,18.095,18.194668,0.001307,0,0,-0.5,-10.7,-2.8,1.06,0.1,-0.07
3621,18.1,18.1,18.199812,0.001451,0,0,-0.6,-10.8,-3.2,1.05,0.1,-0.08
3622,18.105,18.105,18.205759,0.002398,0,0,-0.4,-10.6,-3.4,1.05,0.1,-0.08
3623,18.11,18.11,18.209692,0.001331,0,0,-0.6,-10.7,-3.3,1.05,0.1,-0.08
3624,18.115,18.115001,18.214761,0.001399,9.99999997475243e-07,0,-0.5,-10.7,-3.1,1.05,0.1,-0.07
3625,18.12,18.12,18.220762,0.0024,0,0,-0.6,-10.7,-2.7,1.06,0.1,-0.07
3626,18.125,18.125,18.224696,0.001334,0,0,-0.7,-10.7,-2.8,1.05,0.11,-0.07
3627,18.13,18.13,18.229741,0.001379,0,0,-0.8,-10.7,-2.5,1.05,0.11,-0.07
3628,18.135,18.135,18.235771,0.00241,0,0,-0.8,-10.6,-2.4,1.05,0.11,-0.07
3629,18.14,18.14,18.240697,0.002335,0,0,-0.8,-10.7,-3.2,1.04,0.12,-0.07
3630,18.145,18.145,18.244688,0.001326,0,0,-0.8,-10.6,-3.3,1.03,0.12,-0.07
3631,18.15,18.150001,18.249845,0.001483,9.99999997475243e-07,0,-0.9,-10.7,-2.9,1.04,0.12,-0.08
3632,18.155,18.155,18.255781,0.00242,0,0,-0.8,-10.7,-2.6,1.04,0.12,-0.07
3633,18.16,18.16,18.259685,0.001324,0,0,-0.8,-10.7,-2.6,1.04,0.12,-0.07
3634,18.165,18.165,18.264843,0.001482,0,0,-0.9,-10.7,-2.7,1.03,0.12,-0.07
3635,18.17,18.17,18.270782,0.002421,0,0,-0.9,-10.7,-2.4,1.03,0.12,-0.07
3636,18.175,18.175,18.274673,0.001312,0,0,-0.9,-10.8,-2.5,1.03,0.12,-0.07
3637,18.18,18.18,18.2797,0.001339,0,0,-0.7,-10.6,-3,1.02,0.12,-0.07
3638,18.185,18.185,18.285709,0.002348,0,0,-0.9,-10.6,-2.9,1.03,0.11,-0.08
3639,18.19,18.19,18.289732,0.00137,0,0,-0.8,-10.5,-2.8,1.03,0.11,-0.08
3640,18.195,18.195,18.294743,0.001382,0,0,-0.7,-10.6,-2.2,1.03,0.1,-0.07
3641,18.2,18.2,18.300712,0.002351,0,0,-0.7,-10.5,-2.5,1.03,0.09,-0.08
3642,18.205,18.205001,18.305701,0.002339,9.99999997475243e-07,0,-0.6,-10.5,-2.2,1.02,0.09,-0.07
3643,18.21,18.21,18.309667,0.001306,0,0,-0.5,-10.5,-2.6,1.03,0.09,-0.08
3644,18.215,18.215,18.315718,0.002357,0,0,-0.6,-10.6,-2.7,1.03,0.09,-0.08
3645,18.22,18.22,18.320682,0.002321,0,0,-0.5,-10.6,-2.7,1.03,0.09,-0.07
3646,18.225,18.225,18.324704,0.001343,0,0,-0.5,-10.7,-2.7,1.03,0.09,-0.07
3647,18.23,18.23,18.330693,0.002332,0,0,-0.7,-10.7,-3,1.03,0.11,-0.07
3648,18.235,18.235,18.335752,0.002391,0,0,-0.7,-10.7,-3.1,1.03,0.1,-0.08
3649,18.24,18.240001,18.339677,0.001315,9.99999997475243e-07,0,-0.8,-10.7,-2.6,1.03,0.09,-0.08
3650,18.245,18.245,18.344825,0.001464,0,0,-0.8,-10.6,-2.3,1.03,0.09,-0.08
3651,18.25,18.25,18.35069,0.002329,0,0,-0.7,-10.7,-2.1,1.03,0.08,-0.08
3652,18.255,18.255,18.354694,0.001333,0,0,-0.7,-10.6,-2.5,1.03,0.09,-0.08
3653,18.26,18.26,18.359995,0.001633,0,0,-0.8,-10.8,-1.8,1.04,0.08,-0.08
3654,18.265,18.265,18.365739,0.002378,0,0,-1,-10.8,-2.6,1.03,0.09,-0.08
3655,18.27,18.27,18.369777,0.001416,0,0,-0.9,-10.7,-3.1,1.03,0.09,-0.08
3656,18.275,18.275001,18.374837,0.001474,9.99999997475243e-07,0,-1,-10.8,-2.5,1.03,0.09,-0.08
3657,18.28,18.28,18.380786,0.002425,0,0,-0.8,-10.7,-2.2,1.03,0.08,-0.08
3658,18.285,18.285,18.384709,0.001348,0,0,-0.8,-10.7,-3.2,1.03,0.09,-0.09
3659,18.29,18.29,18.38971,0.001349,0,0,-0.7,-10.7,-2.8,1.04,0.08,-0.08
3660,18.295,18.295,18.395723,0.002361,0,0,-0.7,-10.8,-2.8,1.03,0.08,-0.08
3661,18.3,18.3,18.400691,0.00233,0,0,-0.8,-10.7,-3.4,1.03,0.09,-0.08
3662,18.305,18.305,18.404697,0.001336,0,0,-0.9,-10.8,-4.1,1.03,0.1,-0.09
3663,18.31,18.31,18.410756,0.002395,0,0,-1,-10.9,-3.3,1.03,0.09,-0.08
3664,18.315,18.315,18.415766,0.002405,0,0,-0.9,-10.9,-3.4,1.03,0.08,-0.09
3665,18.32,18.32,18.419751,0.001389,0,0,-1,-10.8,-3.3,1.04,0.09,-0.09
3666,18.325,18.325,18.424891,0.001529,0,0,-1,-10.9,-2.5,1.04,0.08,-0.09
3667,18.33,18.330001,18.430792,0.00243,9.99999997475243e-07,0,-1.1,-10.8,-2.8,1.03,0.09,-0.09
3668,18.335,18.335,18.434802,0.001441,0,0,-1.1,-10.8,-2.2,1.05,0.08,-0.09
3669,18.34,18.34,18.440774,0.002413,0,0,-1,-10.8,-2.6,1.04,0.08,-0.09
3670,18.345,18.345,18.44473,0.001369,0,0,-0.9,-10.8,-2.5,1.04,0.08,-0.09
3671,18.35,18.35,18.449692,0.001331,0,0,-0.9,-10.7,-3.2,1.03,0.08,-0.09
3672,18.355,18.355,18.455759,0.002397,0,0,-0.8,-10.7,-2.9,1.03,0.07,-0.09
3673,18.36,18.36,18.460716,0.002354,0,0,-0.9,-10.7,-3.3,1.03,0.08,-0.09
3674,18.365,18.365001,18.46474,0.001378,9.99999997475243e-07,0,-0.8,-10.6,-2.2,1.03,0.06,-0.08
3675,18.37,18.37,18.470788,0.002427,0,0,-0.9,-10.6,-3,1.02,0.07,-0.09
3676,18.375,18.375,18.475782,0.002421,0,0,-0.9,-10.7,-3,1.02,0.07,-0.09
3677,18.38,18.38,18.479717,0.001357,0,0,-0.8,-10.6,-3.3,1.01,0.07,-0.09
3678,18.385,18.385,18.485732,0.002371,0,0,-0.8,-10.6,-3.5,1.01,0.07,-0.1
3679,18.39,18.39,18.490705,0.002344,0,0,-0.8,-10.5,-3.5,1.01,0.07,-0.1
3680,18.395,18.395,18.494667,0.001306,0,0,-0.9,-10.6,-3.6,1,0.08,-0.1
3681,18.4,18.400001,18.49982,0.001457,9.99999997475243e-07,0,-0.9,-10.6,-2.9,1.01,0.07,-0.09
3682,18.405,18.405,18.5057,0.002339,0,0,-1,-10.5,-2.8,1,0.07,-0.09
3683,18.41,18.41,18.509691,0.001329,0,0,-0.8,-10.4,-2.5,1,0.06,-0.09
3684,18.415,18.415,18.514811,0.001451,0,0,-0.9,-10.4,-2.8,1,0.06,-0.09
3685,18.42,18.42,18.520765,0.002403,0,0,-0.9,-10.6,-2.4,1.01,0.05,-0.09
3686,18.425,18.425,18.524716,0.001355,0,0,-0.8,-10.7,-2.6,1.01,0.06,-0.08
3687,18.43,18.43,18.529895,0.001533,0,0,-0.8,-10.6,-3,1,0.06,-0.09
3688,18.435,18.435,18.535748,0.002388,0,0,-0.8,-10.6,-3.2,1,0.07,-0.09
3689,18.44,18.44,18.539698,0.001338,0,0,-0.9,-10.6,-2.7,1,0.07,-0.09
3690,18.445,18.445,18.544804,0.001443,0,0,-0.9,-10.5,-2.8,1,0.07,-0.09
3691,18.45,18.45,18.550713,0.002351,0,0,-0.9,-10.5,-2.4,1.01,0.07,-0.09
3692,18.455,18.455001,18.555723,0.002361,9.99999997475243e-07,0,-0.8,-10.7,-3,1,0.09,-0.09
3693,18.46,18.46,18.559753,0.001393,0,0,-0.9,-10.7,-2.9,1.01,0.1,-0.08
3694,18.465,18.465,18.565711,0.00235,0,0,-0.8,-10.6,-2.6,1.02,0.1,-0.08
3695,18.47,18.47,18.569689,0.001328,0,0,-0.8,-10.6,-2.7,1.02,0.11,-0.07
3696,18.475,18.475,18.574844,0.001482,0,0,-0.7,-10.6,-2.6,1.03,0.12,-0.07
3697,18.48,18.48,18.580798,0.002438,0,0,-0.7,-10.6,-2.3,1.03,0.13,-0.06
3698,18.485,18.485,18.58474,0.001378,0,0,-0.5,-10.8,-1.5,1.05,0.15,-0.05
3699,18.49,18.490001,18.589803,0.001441,9.99999997475243e-07,0,-0.3,-10.8,-2.4,1.04,0.17,-0.04
3700,18.495,18.495,18.595784,0.002423,0,0,-0.3,-10.8,-2.5,1.04,0.18,-0.04
3701,18.5,18.5,18.599771,0.00141,0,0,-0.3,-10.7,-3.1,1.04,0.19,-0.04
3702,18.505,18.505001,18.604741,0.001379,1.00000000102796e-06,0,-0.3,-10.8,-3,1.04,0.18,-0.04
3703,18.51,18.51,18.610807,0.002446,0,0,-0.5,-10.8,-2.8,1.04,0.18,-0.05
3704,18.515,18.515,18.614747,0.001386,0,0,-0.6,-10.8,-3.2,1.04,0.19,-0.06
3705,18.52,18.52,18.619703,0.001342,0,0,-0.5,-10.7,-2.7,1.05,0.18,-0.05
3706,18.525,18.525001,18.625835,0.002472,9.99999997475243e-07,0,-0.4,-10.7,-3.1,1.04,0.19,-0.05
3707,18.53,18.53,18.630859,0.002498,0,0,-0.3,-10.7,-3.4,1.04,0.19,-0.05
3708,18.535,18.535,18.634742,0.00138,0,0,-0.2,-10.7,-3.1,1.04,0.19,-0.04
3709,18.54,18.54,18.640766,0.002405,0,0,-0.3,-10.7,-2.7,1.05,0.19,-0.04
3710,18.545,18.545,18.645742,0.00238,0,0,-0.2,-10.7,-2.6,1.05,0.18,-0.04
3711,18.55,18.55,18.649712,0.00135,0,0,-0.3,-10.7,-3,1.05,0.19,-0.04
3712,18.555,18.555,18.65493,0.001569,0,0,-0.5,-10.6,-2.9,1.05,0.19,-0.05
3713,18.56,18.56,18.660726,0.002365,0,0,-0.5,-10.7,-2.6,1.05,0.18,-0.04
3714,18.565,18.565,18.664687,0.001325,0,0,-0.5,-10.9,-2.9,1.04,0.19,-0.05
3715,18.57,18.57,18.670082,0.00172,0,0,-0.5,-10.8,-2.3,1.05,0.18,-0.05
3716,18.575,18.575,18.67603,0.002669,0,0,-0.5,-10.8,-2.1,1.05,0.18,-0.05
3717,18.58,18.580001,18.680046,0.001683,9.99999997475243e-07,0,-0.4,-10.7,-2.3,1.04,0.17,-0.04
3718,18.585,18.585,18.686078,0.002717,0,0,-0.2,-10.6,-1.8,1.05,0.16,-0.04
3719,18.59,18.590001,18.689972,0.00161,1.00000000102796e-06,0,-0.3,-10.7,-2.1,1.05,0.18,-0.04
3720,18.595,18.595,18.695192,0.001831,0,0,-0.3,-10.6,-2.6,1.04,0.19,-0.05
3721,18.6,18.6,18.700948,0.002586,0,0,-0.3,-10.7,-2.5,1.05,0.18,-0.05
3722,18.605,18.605001,18.704886,0.001525,1.00000000102796e-06,0,-0.2,-10.6,-2,1.05,0.16,-0.05
3723,18.61,18.61,18.710901,0.00254,0,0,-0.4,-10.7,-2.2,1.05,0.17,-0.05
3724,18.615,18.615001,18.714734,0.001371,9.99999997475243e-07,0,-0.6,-10.7,-1.9,1.05,0.18,-0.05
3725,18.62,18.62,18.719728,0.001367,0,0,-0.5,-10.7,-1.9,1.06,0.17,-0.05
3726,18.625,18.625,18.72578,0.002418,0,0,-0.4,-10.7,-2.5,1.05,0.18,-0.05
3727,18.63,18.63,18.729727,0.001365,0,0,-0.5,-10.7,-2.3,1.05,0.19,-0.04
3728,18.635,18.635,18.734695,0.001333,0,0,-0.3,-10.6,-1.8,1.05,0.17,-0.04
3729,18.64,18.64,18.740724,0.002364,0,0,-0.4,-10.7,-2.1,1.05,0.18,-0.04
3730,18.645,18.645,18.744682,0.001321,0,0,-0.5,-10.7,-3,1.05,0.2,-0.05
3731,18.65,18.650001,18.749829,0.001467,9.99999997475243e-07,0,-0.5,-10.7,-2.7,1.04,0.19,-0.05
3732,18.655,18.655,18.755727,0.002367,0,0,-0.6,-10.7,-2.8,1.04,0.19,-0.05
3733,18.66,18.66,18.760705,0.002344,0,0,-0.5,-10.7,-2.6,1.05,0.18,-0.04
3734,18.665,18.665,18.764671,0.00131,0,0,-0.4,-10.7,-2.8,1.05,0.19,-0.04
3735,18.67,18.67,18.770774,0.002413,0,0,-0.5,-10.7,-3,1.04,0.2,-0.04
3736,18.675,18.675,18.775742,0.002382,0,0,-0.4,-10.7,-2.3,1.05,0.19,-0.03
3737,18.68,18.68,18.779869,0.001509,0,0,-0.3,-10.7,-2.2,1.05,0.18,-0.03
3738,18.685,18.685,18.784779,0.001418,0,0,-0.3,-10.6,-1.8,1.06,0.17,-0.04
3739,18.69,18.69,18.790866,0.002505,0,0,-0.4,-10.7,-1.6,1.06,0.17,-0.04
3740,18.695,18.695,18.794778,0.001417,0,0,-0.5,-10.8,-2.4,1.05,0.18,-0.05
3741,18.7,18.7,18.799845,0.001483,0,0,-0.5,-10.8,-2.1,1.06,0.17,-0.05
3742,18.705,18.705001,18.805706,0.002344,9.99999997475243e-07,0,-0.6,-10.8,-3,1.05,0.2,-0.05
3743,18.71,18.71,18.80969,0.001329,0,0,-0.5,-10.8,-3,1.05,0.19,-0.05
3744,18.715,18.715,18.814679,0.001318,0,0,-0.6,-10.8,-2.6,1.05,0.19,-0.05
3745,18.72,18.72,18.820765,0.002405,0,0,-0.6,-10.8,-3.2,1.05,0.2,-0.05
3746,18.725,18.725,18.824769,0.001407,0,0,-0.6,-10.8,-2.5,1.05,0.19,-0.05
3747,18.73,18.73,18.829805,0.001443,0,0,-0.7,-10.8,-2.3,1.05,0.19,-0.05
3748,18.735,18.735,18.835741,0.00238,0,0,-0.7,-10.8,-2.5,1.05,0.19,-0.05
3749,18.74,18.740001,18.840726,0.002363,9.99999997475243e-07,0,-0.5,-10.7,-2.3,1.05,0.18,-0.05
3750,18.745,18.745,18.844855,0.001494,0,0,-0.5,-10.7,-2.6,1.05,0.18,-0.05
3751,18.75,18.75,18.850724,0.002362,0,0,-0.5,-10.8,-2.1,1.06,0.19,-0.04
3752,18.755,18.755,18.854773,0.001412,0,0,-0.5,-10.7,-2.9,1.05,0.18,-0.05
3753,18.76,18.76,18.859721,0.00136,0,0,-0.7,-10.8,-3.3,1.05,0.2,-0.05
3754,18.765,18.765,18.865759,0.002399,0,0,-0.8,-10.9,-2.9,1.06,0.21,-0.05
3755,18.77,18.77,18.870712,0.002351,0,0,-0.7,-10.8,-2.4,1.06,0.2,-0.04
3756,18.775,18.775001,18.87468,0.001318,9.99999997475243e-07,0,-0.7,-10.8,-3.4,1.05,0.22,-0.05
3757,18.78,18.78,18.879817,0.001455,0,0,-0.5,-10.9,-3.5,1.05,0.21,-0.05
3758,18.785,18.785,18.885693,0.002332,0,0,-0.6,-10.9,-3.1,1.05,0.2,-0.05
3759,18.79,18.79,18.889853,0.001492,0,0,-0.6,-10.9,-3.2,1.05,0.21,-0.05
3760,18.795,18.795,18.894724,0.001363,0,0,-0.7,-10.8,-3,1.04,0.21,-0.05
3761,18.8,18.8,18.900815,0.002454,0,0,-0.5,-10.8,-3.8,1.04,0.21,-0.05
3762,18.805,18.805,18.904711,0.00135,0,0,-0.5,-10.8,-3.4,1.04,0.21,-0.05
3763,18.81,18.81,18.909705,0.001343,0,0,-0.4,-10.7,-3.5,1.05,0.2,-0.05
3764,18.815,18.815,18.915689,0.002328,0,0,-0.6,-10.8,-3.4,1.04,0.21,-0.05
3765,18.82,18.82,18.920688,0.002327,0,0,-0.7,-10.9,-3.7,1.04,0.22,-0.06
3766,18.825,18.825,18.924706,0.001344,0,0,-0.6,-10.9,-3.2,1.04,0.2,-0.05
3767,18.83,18.830001,18.930718,0.002357,9.99999997475243e-07,0,-0.6,-10.9,-3.2,1.04,0.2,-0.05
3768,18.835,18.835,18.934678,0.001316,0,0,-0.6,-10.8,-2.9,1.04,0.19,-0.05
3769,18.84,18.84,18.939721,0.001359,0,0,-0.6,-10.8,-2.6,1.05,0.18,-0.05
3770,18.845,18.845,18.94575,0.002389,0,0,-0.6,-10.9,-3.3,1.05,0.2,-0.05
3771,18.85,18.85,18.950743,0.002382,0,0,-0.5,-10.8,-2.9,1.05,0.19,-0.05
3772,18.855,18.855,18.954698,0.001337,0,0,-0.4,-10.7,-2.9,1.04,0.19,-0.04
3773,18.86,18.86,18.959771,0.001409,0,0,-0.5,-10.7,-2.3,1.05,0.18,-0.04
3774,18.865,18.865001,18.965707,0.002344,9.99999997475243e-07,0,-0.4,-10.7,-2.2,1.05,0.18,-0.04
3775,18.87,18.87,18.969685,0.001324,0,0,-0.3,-10.5,-2,1.05,0.17,-0.04
3776,18.875,18.875,18.974696,0.001335,0,0,-0.4,-10.7,-2.4,1.05,0.18,-0.05
3777,18.88,18.88,18.980677,0.002316,0,0,-0.4,-10.7,-2.6,1.05,0.18,-0.04
3778,18.885,18.885,18.985761,0.002402,0,0,-0.5,-10.7,-2.7,1.05,0.19,-0.04
3779,18.89,18.89,18.989741,0.001379,0,0,-0.4,-10.7,-2.2,1.05,0.18,-0.04
3780,18.895,18.895,18.994843,0.001482,0,0,-0.4,-10.7,-2.2,1.05,0.18,-0.04
3781,18.9,18.900001,19.000742,0.00238,9.99999997475243e-07,0,-0.5,-10.8,-2.5,1.05,0.19,-0.04
3782,18.905,18.905,19.004683,0.001322,0,0,-0.3,-10.8,-2.1,1.05,0.18,-0.04
3783,18.91,18.91,19.009685,0.001324,0,0,-0.3,-10.7,-2.1,1.05,0.18,-0.04
3784,18.915,18.915,19.015698,0.002337,0,0,-0.3,-10.8,-1.7,1.06,0.18,-0.03
3785,18.92,18.92,19.019714,0.001353,0,0,-0.4,-10.7,-2.4,1.05,0.19,-0.04
3786,18.925,18.925,19.024686,0.001325,0,0,-0.3,-10.7,-2.8,1.04,0.18,-0.05
3787,18.93,18.93,19.030687,0.002326,0,0,-0.4,-10.7,-3.2,1.04,0.19,-0.05
3788,18.935,18.935,19.035697,0.002337,0,0,-0.5,-10.7,-2.7,1.05,0.19,-0.05
3789,18.94,18.94,19.03968,0.001319,0,0,-0.5,-10.7,-2.5,1.05,0.19,-0.05
3790,18.945,18.945,19.044764,0.001403,0,0,-0.5,-10.6,-2.8,1.05,0.19,-0.05
3791,18.95,18.95,19.050756,0.002394,0,0,-0.5,-10.6,-2.6,1.05,0.19,-0.05
3792,18.955,18.955001,19.054745,0.001383,9.99999997475243e-07,0,-0.5,-10.6,-2.3,1.04,0.18,-0.04
3793,18.96,18.96,19.059715,0.001353,0,0,-0.4,-10.6,-2.4,1.05,0.18,-0.04
3794,18.965,18.965,19.06572,0.002359,0,0,-0.3,-10.6,-2.1,1.05,0.17,-0.04
3795,18.97,18.97,19.070801,0.002441,0,0,-0.2,-10.6,-2,1.05,0.16,-0.04
3796,18.975,18.975,19.074734,0.001372,0,0,-0.4,-10.7,-2.5,1.05,0.18,-0.05
3797,18.98,18.98,19.079746,0.001384,0,0,-0.3,-10.6,-2.8,1.05,0.18,-0.05
3798,18.985,18.985,19.085769,0.002408,0,0,-0.3,-10.8,-2.5,1.05,0.18,-0.05
3799,18.99,18.990001,19.089745,0.001382,9.99999997475243e-07,0,-0.4,-10.9,-2.5,1.04,0.19,-0.05
3800,18.995,18.995,19.094773,0.001412,0,0,-0.3,-10.7,-2.1,1.04,0.18,-0.04
3801,19,19,19.100687,0.002326,0,0,-0.4,-10.7,-2.2,1.05,0.18,-0.04
3802,19.005,19.005,19.105691,0.00233,0,0,-0.5,-10.7,-2.4,1.05,0.19,-0.04
3803,19.01,19.01,19.109668,0.001307,0,0,-0.6,-10.7,-3,1.05,0.2,-0.05
3804,19.015,19.015,19.114855,0.001493,0,0,-0.6,-10.8,-3,1.04,0.2,-0.05
3805,19.02,19.02,19.120686,0.002325,0,0,-0.5,-10.8,-2.9,1.05,0.2,-0.05
3806,19.025,19.025001,19.124787,0.001426,9.99999997475243e-07,0,-0.5,-10.7,-2.8,1.05,0.2,-0.04
3807,19.03,19.03,19.129739,0.001379,0,0,-0.5,-10.8,-2.9,1.05,0.2,-0.05
3808,19.035,19.035,19.135715,0.002354,0,0,-0.5,-10.9,-3.2,1.05,0.2,-0.05
3809,19.04,19.04,19.13981,0.001449,0,0,-0.5,-10.9,-3.3,1.05,0.21,-0.05
3810,19.045,19.045,19.144693,0.001333,0,0,-0.4,-10.9,-3.3,1.05,0.21,-0.05
3811,19.05,19.05,19.150697,0.002336,0,0,-0.5,-10.9,-3.1,1.05,0.2,-0.04
3812,19.055,19.055,19.155798,0.002438,0,0,-0.5,-10.8,-3.6,1.04,0.21,-0.05
3813,19.06,19.06,19.159706,0.001345,0,0,-0.6,-10.8,-3.2,1.05,0.21,-0.05
3814,19.065,19.065,19.164883,0.001523,0,0,-0.4,-10.9,-2.9,1.04,0.2,-0.05
3815,19.07,19.07,19.170751,0.00239,0,0,-0.5,-10.8,-2.7,1.05,0.2,-0.04
3816,19.075,19.075,19.174724,0.001363,0,0,-0.5,-10.7,-3.3,1.04,0.2,-0.05
3817,19.08,19.080001,19.17989,0.001529,9.99999997475243e-07,0,-0.5,-10.7,-3,1.04,0.2,-0.05
3818,19.085,19.085,19.185729,0.002369,0,0,-0.5,-10.8,-2.6,1.05,0.19,-0.05
3819,19.09,19.09,19.190741,0.002379,0,0,-0.5,-10.8,-2.7,1.05,0.19,-0.04
3820,19.095,19.095,19.194665,0.001304,0,0,-0.5,-10.8,-2.6,1.04,0.19,-0.04
3821,19.1,19.1,19.200681,0.002319,0,0,-0.4,-10.8,-2.5,1.04,0.19,-0.04
3822,19.105,19.105,19.205676,0.002315,0,0,-0.4,-10.8,-2.1,1.04,0.18,-0.03
3823,19.11,19.11,19.2098,0.001439,0,0,-0.4,-10.8,-2.5,1.04,0.19,-0.03
3824,19.115,19.115001,19.214859,0.001496,9.99999997475243e-07,0,-0.5,-10.8,-2.2,1.05,0.18,-0.04
3825,19.12,19.12,19.220883,0.002522,0,0,-0.3,-10.7,-1.6,1.05,0.17,-0.03
3826,19.125,19.125,19.225828,0.002466,0,0,-0.5,-10.7,-2.1,1.05,0.18,-0.04
3827,19.13,19.13,19.229802,0.001441,0,0,-0.2,-10.7,-1.8,1.05,0.17,-0.04
3828,19.135,19.135,19.234877,0.001516,0,0,-0.4,-10.7,-2.5,1.05,0.18,-0.04
3829,19.14,19.14,19.24079,0.002429,0,0,-0.3,-10.7,-2.7,1.05,0.18,-0.04
3830,19.145,19.145,19.244793,0.001432,0,0,-0.2,-10.7,-2.1,1.06,0.17,-0.04
3831,19.15,19.150001,19.249825,0.001462,9.99999997475243e-07,0,-0.1,-10.7,-2,1.05,0.17,-0.04
3832,19.155,19.155,19.255761,0.002399,0,0,-0.2,-10.7,-2,1.05,0.17,-0.04
3833,19.16,19.16,19.25968,0.00132,0,0,-0.3,-10.7,-2.3,1.05,0.18,-0.04
3834,19.165,19.165,19.26493,0.001569,0,0,-0.2,-10.8,-2.6,1.05,0.18,-0.05
3835,19.17,19.17,19.270736,0.002375,0,0,-0.3,-10.8,-2.5,1.05,0.18,-0.04
3836,19.175,19.175,19.275829,0.002467,0,0,-0.2,-10.8,-1.3,1.06,0.17,-0.04
3837,19.18,19.18,19.279712,0.00135,0,0,-0.3,-10.8,-2.4,1.05,0.18,-0.04
3838,19.185,19.185,19.285736,0.002374,0,0,-0.3,-10.8,-3,1.05,0.18,-0.04
3839,19.19,19.19,19.290758,0.002396,0,0,-0.3,-10.8,-3.1,1.04,0.18,-0.04
3840,19.195,19.195,19.294721,0.00136,0,0,-0.5,-10.7,-2.8,1.04,0.19,-0.04
3841,19.2,19.2,19.29985,0.001489,0,0,-0.5,-10.7,-2.9,1.04,0.19,-0.04
3842,19.205,19.205001,19.305842,0.002481,9.99999997475243e-07,0,-0.5,-10.7,-2.9,1.05,0.19,-0.04
3843,19.21,19.21,19.3097,0.001339,0,0,-0.4,-10.7,-2.8,1.05,0.19,-0.04
3844,19.215,19.215,19.314858,0.001497,0,0,-0.5,-10.7,-3.1,1.04,0.2,-0.05
3845,19.22,19.22,19.32075,0.002389,0,0,-0.4,-10.7,-2.5,1.04,0.19,-0.04
3846,19.225,19.225,19.324707,0.001346,0,0,-0.4,-10.7,-2.8,1.04,0.19,-0.04
3847,19.23,19.23,19.329866,0.001506,0,0,-0.4,-10.7,-2.5,1.05,0.19,-0.04
3848,19.235,19.235,19.335808,0.002446,0,0,-0.4,-10.7,-3.1,1.04,0.2,-0.04
3849,19.24,19.240001,19.33986,0.001499,9.99999997475243e-07,0,-0.5,-10.7,-2.6,1.05,0.19,-0.04
3850,19.245,19.245,19.344742,0.001381,0,0,-0.6,-10.7,-2.5,1.04,0.19,-0.04
3851,19.25,19.25,19.350757,0.002396,0,0,-0.6,-10.8,-2.5,1.05,0.19,-0.04
3852,19.255,19.255,19.355909,0.002548,0,0,-0.3,-10.8,-1.8,1.05,0.18,-0.04
3853,19.26,19.26,19.359735,0.001374,0,0,-0.4,-10.8,-2,1.05,0.18,-0.04
3854,19.265,19.265,19.364843,0.001482,0,0,-0.5,-10.7,-2.9,1.05,0.2,-0.04
3855,19.27,19.27,19.37073,0.002369,0,0,-0.5,-10.7,-2.2,1.05,0.19,-0.04
3856,19.275,19.275001,19.374733,0.00137,9.99999997475243e-07,0,-0.4,-10.6,-2.1,1.05,0.18,-0.04
3857,19.28,19.28,19.379751,0.00139,0,0,-0.4,-10.7,-2.8,1.04,0.19,-0.04
3858,19.285,19.285,19.385752,0.002391,0,0,-0.3,-10.8,-3.2,1.04,0.19,-0.04
3859,19.29,19.29,19.389751,0.001389,0,0,-0.4,-10.8,-3.5,1.04,0.2,-0.05
3860,19.295,19.295,19.394713,0.001352,0,0,-0.4,-10.7,-3,1.04,0.19,-0.05
3861,19.3,19.3,19.400738,0.002377,0,0,-0.4,-10.7,-3.3,1.03,0.19,-0.04
3862,19.305,19.305,19.404672,0.001311,0,0,-0.5,-10.7,-2.4,1.05,0.18,-0.04
3863,19.31,19.310002,19.409871,0.001507,2.00000000205591e-06,0,-0.4,-10.6,-2.1,1.05,0.18,-0.04
3864,19.315,19.315,19.415763,0.002402,0,0,-0.4,-10.7,-2.8,1.04,0.18,-0.04
3865,19.32,19.32,19.420735,0.002373,0,0,-0.4,-10.7,-3.1,1.04,0.19,-0.04
3866,19.325,19.325,19.424717,0.001356,0,0,-0.4,-10.7,-2.8,1.04,0.19,-0.04
3867,19.33,19.330001,19.429781,0.001419,9.99999997475243e-07,0,-0.4,-10.7,-3.1,1.04,0.19,-0.05
3868,19.335,19.335,19.435743,0.002382,0,0,-0.4,-10.6,-3.6,1.04,0.2,-0.05
3869,19.34,19.34,19.439747,0.001385,0,0,-0.3,-10.7,-3.3,1.04,0.19,-0.05
3870,19.345,19.345,19.444748,0.001387,0,0,-0.3,-10.7,-3.5,1.04,0.19,-0.05
3871,19.35,19.35,19.450777,0.002415,0,0,-0.3,-10.7,-2.7,1.05,0.19,-0.04
3872,19.355,19.355,19.454706,0.001344,0,0,-0.4,-10.7,-2.8,1.04,0.2,-0.04
3873,19.36,19.36,19.459694,0.001333,0,0,-0.3,-10.7,-3,1.04,0.2,-0.05
3874,19.365,19.365001,19.465718,0.002356,9.99999997475243e-07,0,-0.3,-10.7,-2.9,1.04,0.19,-0.04
3875,19.37,19.37,19.470732,0.002371,0,0,-0.4,-10.7,-2.8,1.04,0.19,-0.04
3876,19.375,19.375,19.474718,0.001356,0,0,-0.4,-10.7,-2.8,1.04,0.19,-0.04
3877,19.38,19.38,19.479869,0.001508,0,0,-0.5,-10.7,-2.7,1.05,0.19,-0.04
3878,19.385,19.385,19.485718,0.002357,0,0,-0.5,-10.7,-2.5,1.05,0.19,-0.04
3879,19.39,19.39,19.489692,0.001331,0,0,-0.5,-10.8,-2.9,1.05,0.2,-0.04
3880,19.395,19.395,19.494808,0.001447,0,0,-0.4,-10.8,-2.7,1.04,0.19,-0.04
3881,19.4,19.400001,19.500716,0.002353,9.99999997475243e-07,0,-0.4,-10.8,-3.1,1.04,0.19,-0.04
3882,19.405,19.405,19.5047,0.001339,0,0,-0.5,-10.8,-3.1,1.04,0.2,-0.04
3883,19.41,19.41,19.509711,0.001349,0,0,-0.6,-10.9,-3.5,1.03,0.2,-0.04
3884,19.415,19.415,19.51573,0.002369,0,0,-0.6,-10.9,-3.5,1.03,0.2,-0.05
3885,19.42,19.42,19.519733,0.001372,0,0,-0.6,-10.7,-3.5,1.04,0.2,-0.05
3886,19.425,19.425,19.524708,0.001346,0,0,-0.6,-10.7,-3.5,1.04,0.2,-0.05
3887,19.43,19.43,19.530703,0.002342,0,0,-0.5,-10.8,-3.2,1.04,0.2,-0.05
3888,19.435,19.435,19.535719,0.002358,0,0,-0.4,-10.8,-3.3,1.04,0.19,-0.05
3889,19.44,19.440001,19.539694,0.001332,9.99999997475243e-07,0,-0.4,-10.8,-3.2,1.04,0.19,-0.05
3890,19.445,19.445,19.544708,0.001347,0,0,-0.4,-10.7,-3.8,1.04,0.2,-0.05
3891,19.45,19.45,19.550718,0.002357,0,0,-0.4,-10.7,-2.9,1.04,0.2,-0.04
3892,19.455,19.455001,19.554695,0.001333,9.99999997475243e-07,0,-0.4,-10.6,-2.9,1.04,0.2,-0.04
3893,19.46,19.46,19.559699,0.001338,0,0,-0.5,-10.6,-3.6,1.04,0.2,-0.04
3894,19.465,19.465,19.565744,0.002383,0,0,-0.5,-10.7,-3.4,1.04,0.2,-0.04
3895,19.47,19.47,19.570715,0.002353,0,0,-0.4,-10.6,-3.2,1.04,0.2,-0.04
3896,19.475,19.475,19.574679,0.001318,0,0,-0.6,-10.7,-3.3,1.04,0.2,-0.04
3897,19.48,19.48,19.57987,0.001509,0,0,-0.5,-10.7,-3.3,1.04,0.2,-0.04
3898,19.485,19.485,19.585811,0.002449,0,0,-0.6,-10.7,-2.7,1.05,0.2,-0.04
3899,19.49,19.490001,19.590721,0.002359,9.99999997475243e-07,0,-0.5,-10.8,-2.6,1.05,0.2,-0.04
3900,19.495,19.495,19.594683,0.001322,0,0,-0.4,-10.7,-2.7,1.04,0.19,-0.04
3901,19.5,19.5,19.60074,0.002379,0,0,-0.3,-10.7,-2.5,1.04,0.19,-0.04
3902,19.505,19.505,19.605695,0.002334,0,0,-0.4,-10.7,-2.7,1.05,0.19,-0.04
3903,19.51,19.51,19.609793,0.001431,0,0,-0.3,-10.7,-3.1,1.05,0.19,-0.05
3904,19.515,19.515,19.615776,0.002414,0,0,-0.4,-10.7,-2.9,1.05,0.2,-0.05
3905,19.52,19.52,19.620699,0.002338,0,0,-0.3,-10.7,-3.1,1.05,0.19,-0.05
3906,19.525,19.525001,19.624695,0.001333,9.99999997475243e-07,0,-0.3,-10.7,-2.8,1.05,0.19,-0.04
3907,19.53,19.53,19.630726,0.002364,0,0,-0.3,-10.7,-2.7,1.05,0.18,-0.04
3908,19.535,19.535,19.635696,0.002335,0,0,-0.2,-10.7,-2.6,1.05,0.19,-0.04
3909,19.54,19.54,19.639708,0.001347,0,0,-0.2,-10.7,-2,1.05,0.18,-0.04
3910,19.545,19.545,19.644811,0.00145,0,0,-0.3,-10.6,-2.3,1.05,0.18,-0.04
3911,19.55,19.55,19.650848,0.002486,0,0,-0.4,-10.6,-2.4,1.05,0.18,-0.04
3912,19.555,19.555,19.654733,0.001372,0,0,-0.4,-10.6,-2.7,1.05,0.18,-0.04
3913,19.56,19.56,19.659745,0.001384,0,0,-0.4,-10.6,-2.9,1.04,0.19,-0.04
3914,19.565,19.565001,19.665882,0.002521,9.99999997475243e-07,0,-0.5,-10.6,-3.4,1.04,0.2,-0.05
3915,19.57,19.57,19.670786,0.002425,0,0,-0.6,-10.8,-3.3,1.04,0.2,-0.05
3916,19.575,19.575,19.674717,0.001357,0,0,-0.6,-10.9,-3.7,1.04,0.21,-0.05
3917,19.58,19.580001,19.679854,0.001491,9.99999997475243e-07,0,-0.4,-10.7,-3.3,1.04,0.2,-0.05
3918,19.585,19.585,19.685763,0.002402,0,0,-0.5,-10.7,-3.2,1.04,0.2,-0.05
3919,19.59,19.59,19.690736,0.002374,0,0,-0.4,-10.7,-3.2,1.04,0.19,-0.04
3920,19.595,19.595,19.69477,0.001408,0,0,-0.3,-10.8,-2.9,1.04,0.18,-0.04
3921,19.6,19.6,19.700717,0.002356,0,0,-0.5,-10.7,-3.2,1.04,0.2,-0.05
3922,19.605,19.605,19.704737,0.001376,0,0,-0.4,-10.6,-2.7,1.05,0.18,-0.05
3923,19.61,19.61,19.709825,0.001463,0,0,-0.4,-10.8,-3.1,1.05,0.2,-0.05
3924,19.615,19.615001,19.715705,0.002343,9.99999997475243e-07,0,-0.5,-10.7,-3.1,1.05,0.2,-0.05
3925,19.62,19.62,19.719704,0.001342,0,0,-0.7,-10.8,-3.3,1.04,0.22,-0.05
3926,19.625,19.625,19.724854,0.001493,0,0,-0.6,-10.8,-3.2,1.05,0.2,-0.05
3927,19.63,19.63,19.730826,0.002468,0,0,-0.6,-10.8,-3.5,1.04,0.21,-0.05
3928,19.635,19.635,19.734684,0.001323,0,0,-0.4,-10.8,-3,1.04,0.19,-0.05
3929,19.64,19.64,19.739737,0.001375,0,0,-0.3,-10.7,-2.7,1.05,0.18,-0.05
3930,19.645,19.645,19.745719,0.002357,0,0,-0.3,-10.6,-2.5,1.05,0.17,-0.04
3931,19.65,19.650001,19.750686,0.002324,9.99999997475243e-07,0,-0.3,-10.6,-3.3,1.04,0.19,-0.05
3932,19.655,19.655,19.754682,0.001321,0,0,-0.5,-10.6,-3.2,1.04,0.19,-0.05
3933,19.66,19.66,19.759729,0.001368,0,0,-0.6,-10.8,-3.7,1.04,0.21,-0.05
3934,19.665,19.665,19.765752,0.00239,0,0,-0.5,-10.8,-3.8,1.04,0.21,-0.05
3935,19.67,19.67,19.770757,0.002396,0,0,-0.5,-10.7,-3.6,1.04,0.21,-0.05
3936,19.675,19.675,19.774711,0.00135,0,0,-0.5,-10.7,-4,1.04,0.21,-0.05
3937,19.68,19.68,19.780746,0.002385,0,0,-0.6,-10.8,-3.4,1.05,0.2,-0.05
3938,19.685,19.685,19.785697,0.002336,0,0,-0.5,-10.8,-2.9,1.05,0.2,-0.04
3939,19.69,19.69,19.789735,0.001373,0,0,-0.4,-10.8,-2.2,1.05,0.18,-0.04
3940,19.695,19.695,19.794777,0.001416,0,0,-0.4,-10.8,-2,1.05,0.18,-0.04
3941,19.7,19.7,19.80072,0.002359,0,0,-0.4,-10.7,-2.8,1.05,0.19,-0.04
3942,19.705,19.705001,19.80468,0.001318,9.99999997475243e-07,0,-0.3,-10.8,-2.8,1.04,0.18,-0.04
3943,19.71,19.71,19.809702,0.001341,0,0,-0.4,-10.7,-2.4,1.05,0.19,-0.04
3944,19.715,19.715,19.815752,0.00239,0,0,-0.4,-10.7,-2.4,1.05,0.19,-0.04
3945,19.72,19.72,19.820702,0.002342,0,0,-0.3,-10.7,-1.9,1.05,0.18,-0.04
3946,19.725,19.725,19.824676,0.001316,0,0,-0.3,-10.7,-1.5,1.05,0.18,-0.04
3947,19.73,19.73,19.830702,0.002341,0,0,-0.2,-10.8,-2,1.04,0.19,-0.03
3948,19.735,19.735,19.835709,0.002347,0,0,-0.1,-10.8,-2.4,1.04,0.19,-0.03
3949,19.74,19.740001,19.83969,0.001328,9.99999997475243e-07,0,-0.1,-10.8,-3.2,1.03,0.21,-0.03
3950,19.745,19.745,19.844796,0.001435,0,0,-0.1,-10.8,-3.2,1.03,0.21,-0.03
3951,19.75,19.75,19.850719,0.002357,0,0,-0.1,-10.8,-3.2,1.03,0.21,-0.04
3952,19.755,19.755,19.85471,0.001349,0,0,0,-10.7,-2.9,1.04,0.2,-0.03
3953,19.76,19.76,19.860351,0.001992,0,0,0,-10.7,-2.8,1.04,0.2,-0.03
3954,19.765,19.765001,19.866234,0.002872,1.00000000102796e-06,0,-0.1,-10.7,-2.3,1.03,0.2,-0.03
3955,19.77,19.770001,19.871164,0.002803,1.00000000102796e-06,0,-0.3,-10.7,-2.7,1.03,0.22,-0.03
3956,19.775,19.775002,19.875165,0.001802,1.9999999985032e-06,0,-0.2,-10.6,-3.2,1.02,0.24,-0.03
3957,19.78,19.780001,19.880556,0.002196,9.99999997475243e-07,0,-0.2,-10.7,-3.5,1.02,0.24,-0.03
3958,19.785,19.785002,19.886106,0.002743,1.9999999985032e-06,0,-0.2,-10.7,-3,1.02,0.24,-0.03
3959,19.79,19.79,19.889901,0.001539,0,0,-0.1,-10.7,-3.5,1.02,0.25,-0.02
3960,19.795,19.795001,19.896174,0.002812,9.99999997475243e-07,0,0,-10.7,-2.5,1.03,0.24,-0.02
3961,19.8,19.8,19.901039,0.002677,0,0,0,-10.6,-2.3,1.03,0.23,-0.02
3962,19.805,19.805,19.904906,0.001545,0,0,0,-10.5,-2,1.03,0.21,-0.02
3963,19.81,19.810001,19.911054,0.002693,1.00000000102796e-06,0,0,-10.5,-2.1,1.03,0.21,-0.02
3964,19.815,19.815001,19.916066,0.002705,9.99999997475243e-07,0,0,-10.6,-2.4,1.04,0.22,-0.02
3965,19.82,19.82,19.919818,0.001458,0,0,0.1,-10.6,-2.2,1.04,0.22,-0.02
3966,19.825,19.825002,19.925666,0.002305,2.00000000205591e-06,0,0,-10.5,-2.8,1.03,0.23,-0.02
3967,19.83,19.830003,19.931579,0.003218,2.99999999953116e-06,0,0,-10.6,-3.2,1.02,0.24,-0.03
3968,19.835,19.835001,19.935264,0.001902,9.99999997475243e-07,0,-0.3,-10.7,-2.9,1.03,0.25,-0.03
3969,19.84,19.84,19.940215,0.001854,0,0,-0.1,-10.6,-2.5,1.03,0.24,-0.02
3970,19.845,19.845001,19.946239,0.002877,1.00000000102796e-06,0,-0.3,-10.6,-2.5,1.03,0.25,-0.02
3971,19.85,19.850001,19.949907,0.001545,9.99999997475243e-07,0,-0.3,-10.7,-2.9,1.04,0.26,-0.02
3972,19.855,19.855001,19.955975,0.002614,1.00000000102796e-06,0,-0.1,-10.7,-2.5,1.03,0.25,-0.02
3973,19.86,19.860001,19.960735,0.002373,1.00000000102796e-06,0,-0.1,-10.6,-3,1.02,0.25,-0.02
3974,19.865,19.865001,19.964696,0.001333,9.99999997475243e-07,0,0,-10.6,-2.9,1.02,0.24,-0.02
3975,19.87,19.87,19.969818,0.001457,0,0,0,-10.6,-2.6,1.01,0.25,-0.02
3976,19.875,19.875,19.975764,0.002402,0,0,0,-10.7,-2.1,1.02,0.24,-0.02
3977,19.88,19.88,19.979747,0.001386,0,0,0.1,-10.6,-2.1,1.02,0.23,-0.01
3978,19.885,19.885001,19.985279,0.001917,9.99999997475243e-07,0,0,-10.7,-2.1,1.02,0.24,-0.01
3979,19.89,19.890001,19.99013,0.001769,1.00000000102796e-06,0,-0.1,-10.7,-2.4,1.02,0.26,-0.02
3980,19.895,19.895002,19.996528,0.003166,2.00000000205591e-06,0,0,-10.7,-2.6,1.01,0.25,-0.01
3981,19.9,19.900004,20.000263,0.0019,3.9999999970064e-06,0,0.1,-10.6,-2.7,1.01,0.26,0
3982,19.905,19.905,20.004976,0.001614,0,0,0,-10.6,-2.7,1.01,0.26,-0.01
3983,19.91,19.91,20.010807,0.002445,0,0,0,-10.7,-3,1,0.27,-0.01
3984,19.915,19.915,20.014746,0.001384,0,0,-0.1,-10.7,-3.4,1,0.27,-0.01
3985,19.92,19.92,20.019795,0.001434,0,0,-0.1,-10.7,-3.4,1,0.27,-0.01
3986,19.925,19.925,20.025711,0.00235,0,0,0,-10.7,-3.3,1,0.27,-0.01
3987,19.93,19.93,20.029734,0.001373,0,0,0,-10.6,-2.8,1,0.27,-0.01
3988,19.935,19.935,20.034739,0.001378,0,0,0,-10.7,-2.6,1.01,0.27,0
3989,19.94,19.94,20.040782,0.002421,0,0,0.1,-10.7,-2.8,1.01,0.26,0
3990,19.945,19.945,20.04468,0.001319,0,0,0.2,-10.6,-2.4,1.01,0.26,0
3991,19.95,19.95,20.049771,0.001409,0,0,0.1,-10.6,-1.9,1.01,0.25,0
3992,19.955,19.955001,20.055734,0.002372,9.99999997475243e-07,0,0,-10.6,-1.8,1.01,0.25,0
3993,19.96,19.96,20.060709,0.002348,0,0,0.1,-10.5,-2.4,1.01,0.26,0
3994,19.965,19.965,20.064752,0.001391,0,0,0,-10.7,-1.6,1.02,0.25,0
3995,19.97,19.97,20.069798,0.001437,0,0,0.1,-10.6,-1.8,1.01,0.27,0.01
3996,19.975,19.975,20.075798,0.002436,0,0,0.2,-10.6,-2,1.01,0.29,0.02
3997,19.98,19.980001,20.079805,0.001443,1.00000000102796e-06,0,0.3,-10.7,-2.8,1.01,0.31,0.02
3998,19.985,19.985,20.084784,0.001422,0,0,0.4,-10.7,-2.2,1.01,0.31,0.02
3999,19.99,19.990001,20.09081,0.002448,9.99999997475243e-07,0,0.5,-10.6,-2.9,1,0.32,0.02
4000,19.995,19.995,20.094699,0.001338,0,0,0.4,-10.6,-3.2,1,0.32,0.02
4001,20,20,20.099798,0.001436,0,0,0.4,-10.6,-2.5,1.01,0.31,0.02
4002,20.005,20.005,20.105799,0.002438,0,0,0.2,-10.6,-3,1.01,0.31,0.01
4003,20.01,20.01,20.110915,0.002555,0,0,0.2,-10.6,-2.9,1.01,0.3,0.01
4004,20.015,20.015001,20.11494,0.001579,1.00000000102796e-06,0,0.2,-10.7,-3.2,1.01,0.31,0.01
4005,20.02,20.020001,20.120862,0.002501,1.00000000102796e-06,0,0.3,-10.6,-2.8,1.03,0.3,0.01
4006,20.025,20.025001,20.125717,0.002355,9.99999997475243e-07,0,0.3,-10.6,-2.3,1.03,0.29,0.02
4007,20.03,20.03,20.129695,0.001334,0,0,0.4,-10.7,-2.6,1.02,0.29,0.01
4008,20.035,20.035,20.134853,0.001492,0,0,0.4,-10.6,-3,1.02,0.3,0.01
4009,20.04,20.04,20.140761,0.0024,0,0,0.3,-10.6,-2.5,1.04,0.29,0.01
4010,20.045,20.045,20.144694,0.001332,0,0,0.2,-10.7,-3,1.03,0.29,0
4011,20.05,20.05,20.149817,0.001455,0,0,0.1,-10.7,-3.5,1.02,0.29,0
4012,20.055,20.055,20.155747,0.002386,0,0,0,-10.8,-2.8,1.03,0.29,0
4013,20.06,20.06,20.160843,0.002481,0,0,0,-10.7,-3.2,1.02,0.29,0
4014,20.065,20.065,20.164737,0.001376,0,0,0,-10.7,-2.6,1.03,0.29,0
4015,20.07,20.070001,20.170762,0.0024,1.00000000102796e-06,0,0,-10.7,-2,1.03,0.29,0
4016,20.075,20.075,20.175749,0.002387,0,0,0.1,-10.6,-1.5,1.03,0.28,0.01
4017,20.08,20.080001,20.179886,0.001525,9.99999997475243e-07,0,0.1,-10.7,-2.2,1.03,0.28,0
4018,20.085,20.085,20.186127,0.002767,0,0,0.1,-10.7,-2.1,1.03,0.28,0
4019,20.09,20.090001,20.19094,0.002578,1.00000000102796e-06,0,0.2,-10.7,-2.2,1.03,0.28,0
4020,20.095,20.095,20.194715,0.001354,0,0,0.2,-10.7,-2.3,1.03,0.28,0
4021,20.1,20.1,20.19991,0.001548,0,0,0,-10.7,-2.8,1.03,0.29,0
4022,20.105,20.105,20.205887,0.002525,0,0,0,-10.6,-3.1,1.03,0.29,0
4023,20.11,20.11,20.209733,0.001372,0,0,0.2,-10.7,-3.8,1.02,0.29,0
4024,20.115,20.115001,20.214831,0.001468,9.99999997475243e-07,0,0.1,-10.7,-3.4,1.03,0.29,0
4025,20.12,20.12,20.22073,0.002369,0,0,0.1,-10.7,-3.2,1.03,0.3,0
4026,20.125,20.125,20.224693,0.001331,0,0,0.1,-10.8,-3.6,1.03,0.3,0
4027,20.13,20.13,20.229785,0.001424,0,0,0.1,-10.7,-3.5,1.03,0.3,0
4028,20.135,20.135001,20.235871,0.002508,9.99999997475243e-07,0,0.1,-10.7,-3.2,1.03,0.3,0
4029,20.14,20.14,20.239752,0.001391,0,0,0.1,-10.7,-3.8,1.03,0.31,0
4030,20.145,20.145,20.244896,0.001535,0,0,0.1,-10.8,-3.8,1.03,0.3,0
4031,20.15,20.150001,20.250847,0.002484,9.99999997475243e-07,0,0.3,-10.7,-3.5,1.03,0.29,0
4032,20.155,20.155,20.254722,0.00136,0,0,0.3,-10.8,-3.2,1.04,0.29,0
4033,20.16,20.16,20.259722,0.001361,0,0,0.3,-10.8,-3.1,1.04,0.3,0
4034,20.165,20.165,20.265731,0.00237,0,0,0.3,-10.8,-3.3,1.03,0.3,0.01
4035,20.17,20.17,20.270739,0.002378,0,0,0.2,-10.8,-3.1,1.04,0.31,0.01
4036,20.175,20.175,20.27471,0.001349,0,0,0.2,-10.7,-2.6,1.05,0.31,0.01
4037,20.18,20.18,20.279831,0.001471,0,0,0.2,-10.8,-3.1,1.05,0.31,0
4038,20.185,20.185,20.285739,0.002378,0,0,0.3,-10.7,-3.5,1.04,0.31,0
4039,20.19,20.19,20.289775,0.001413,0,0,0.2,-10.7,-3.1,1.04,0.32,0.01
4040,20.195,20.195,20.29473,0.001369,0,0,0.1,-10.7,-2.5,1.05,0.32,0.01
4041,20.2,20.2,20.300777,0.002415,0,0,0.2,-10.8,-1.9,1.05,0.32,0.02
4042,20.205,20.205001,20.304726,0.001363,9.99999997475243e-07,0,0.3,-10.8,-1.7,1.05,0.32,0.02
4043,20.21,20.21,20.309739,0.001378,0,0,0.4,-10.8,-2,1.06,0.32,0.02
4044,20.215,20.215001,20.315299,0.001937,1.00000000102796e-06,0,0.4,-10.8,-2.3,1.05,0.32,0.02
4045,20.22,20.220001,20.321214,0.002854,1.00000000102796e-06,0,0.4,-10.8,-2.2,1.05,0.33,0.02
4046,20.225,20.225003,20.325469,0.002106,2.99999999953116e-06,0,0.4,-10.7,-2.6,1.05,0.34,0.02
4047,20.23,20.23,20.329933,0.001572,0,0,0.4,-10.9,-2.4,1.05,0.34,0.02
4048,20.235,20.235,20.335956,0.002595,0,0,0.4,-10.8,-2.3,1.05,0.34,0.03
4049,20.24,20.240002,20.339995,0.001633,1.9999999985032e-06,0,0.2,-10.8,-3.3,1.05,0.37,0.03
4050,20.245,20.245,20.345098,0.001737,0,0,0.2,-10.8,-2.9,1.05,0.37,0.03
4051,20.25,20.250001,20.351271,0.002909,1.00000000102796e-06,0,0.2,-10.8,-2.9,1.05,0.37,0.03
4052,20.255,20.255001,20.354962,0.001601,1.00000000102796e-06,0,0.2,-10.8,-2.7,1.06,0.37,0.03
4053,20.26,20.260001,20.360901,0.002539,9.99999997475243e-07,0,0.4,-10.9,-2.8,1.06,0.36,0.03
4054,20.265,20.265,20.365752,0.002391,0,0,0.3,-10.9,-3.2,1.05,0.37,0.03
4055,20.27,20.27,20.369727,0.001366,0,0,0.3,-10.9,-2.8,1.06,0.37,0.02
4056,20.275,20.275001,20.375758,0.002396,9.99999997475243e-07,0,0.4,-10.9,-2.9,1.06,0.37,0.02
4057,20.28,20.28,20.38074,0.002379,0,0,0.4,-10.9,-2.7,1.06,0.37,0.03
4058,20.285,20.285064,20.384912,0.001485,6.39999999982876e-05,0,0.4,-10.9,-2.1,1.07,0.37,0.03
4059,20.29,20.29,20.389845,0.001483,0,0,0.3,-10.9,-2.3,1.07,0.38,0.04
4060,20.295,20.295,20.395818,0.002458,0,0,0.3,-10.8,-2.6,1.07,0.38,0.03
4061,20.3,20.3,20.39989,0.001528,0,0,0.3,-10.7,-2.7,1.07,0.37,0.03
4062,20.305,20.305001,20.404981,0.001619,1.00000000102796e-06,0,0.2,-10.8,-3.1,1.07,0.38,0.03
4063,20.31,20.31,20.410915,0.002554,0,0,0.4,-10.8,-2.9,1.07,0.38,0.03
4064,20.315,20.315,20.414717,0.001356,0,0,0.4,-10.8,-3.2,1.06,0.39,0.03
4065,20.32,20.32,20.419707,0.001346,0,0,0.2,-10.8,-2.5,1.07,0.38,0.03
4066,20.325,20.325,20.425816,0.002454,0,0,0.2,-10.8,-2.4,1.06,0.39,0.03
4067,20.33,20.330001,20.429727,0.001366,9.99999997475243e-07,0,0.2,-10.7,-2.7,1.06,0.39,0.03
4068,20.335,20.335,20.434831,0.001469,0,0,0.3,-10.7,-2.5,1.06,0.38,0.03
4069,20.34,20.340001,20.440823,0.002462,1.00000000102796e-06,0,0.4,-10.7,-2.4,1.06,0.38,0.03
4070,20.345,20.345,20.445733,0.002372,0,0,0.4,-10.7,-1.8,1.07,0.37,0.04
4071,20.35,20.35,20.44974,0.001379,0,0,0.6,-10.7,-2.6,1.06,0.39,0.04
4072,20.355,20.355,20.45481,0.001449,0,0,0.5,-10.6,-2.3,1.06,0.38,0.04
4073,20.36,20.36,20.460732,0.00237,0,0,0.5,-10.7,-1.9,1.07,0.39,0.04
4074,20.365,20.365001,20.464736,0.001374,9.99999997475243e-07,0,0.5,-10.8,-2.3,1.07,0.4,0.04
4075,20.37,20.37,20.469747,0.001386,0,0,0.5,-10.7,-2.4,1.06,0.41,0.05
4076,20.375,20.375,20.475727,0.002366,0,0,0.6,-10.7,-3.2,1.04,0.42,0.05
4077,20.38,20.38,20.479702,0.001341,0,0,0.7,-10.6,-3.2,1.04,0.42,0.05
4078,20.385,20.385,20.484713,0.001352,0,0,0.7,-10.6,-2.7,1.05,0.41,0.05
4079,20.39,20.39,20.490695,0.002334,0,0,0.7,-10.7,-2.3,1.05,0.41,0.06
4080,20.395,20.395,20.495688,0.002327,0,0,0.7,-10.8,-2.2,1.05,0.41,0.06
4081,20.4,20.400001,20.499721,0.001359,9.99999997475243e-07,0,0.4,-10.8,-2.6,1.06,0.43,0.06
4082,20.405,20.405,20.504815,0.001453,0,0,0.6,-10.9,-2.5,1.06,0.43,0.06
4083,20.41,20.41,20.510695,0.002333,0,0,0.6,-10.8,-2.1,1.06,0.42,0.06
4084,20.415,20.415,20.514682,0.00132,0,0,0.7,-10.8,-1.9,1.06,0.42,0.06
4085,20.42,20.42,20.519729,0.001367,0,0,0.6,-10.8,-1.7,1.06,0.42,0.06
4086,20.425,20.425001,20.525854,0.002491,1.00000000102796e-06,0,0.6,-10.8,-2.2,1.05,0.42,0.06
4087,20.43,20.43,20.529711,0.00135,0,0,0.5,-10.7,-2.6,1.05,0.42,0.06
4088,20.435,20.435,20.53473,0.001369,0,0,0.6,-10.7,-2.4,1.05,0.41,0.06
4089,20.44,20.44,20.540758,0.002394,0,0,0.6,-10.7,-2.2,1.05,0.41,0.06
4090,20.445,20.445001,20.546067,0.002704,1.00000000102796e-06,0,0.5,-10.8,-2.5,1.05,0.42,0.06
4091,20.45,20.45,20.549725,0.001363,0,0,0.5,-10.8,-2.3,1.06,0.41,0.05
4092,20.455,20.455001,20.55577,0.002408,9.99999997475243e-07,0,0.5,-10.8,-2.1,1.06,0.41,0.05
4093,20.46,20.46,20.56072,0.002359,0,0,0.5,-10.8,-1.8,1.06,0.41,0.05
4094,20.465,20.465,20.564834,0.001474,0,0,0.4,-10.8,-1.9,1.06,0.42,0.05
4095,20.47,20.47,20.570774,0.002414,0,0,0.4,-10.8,-2.4,1.06,0.43,0.05
4096,20.475,20.475,20.575735,0.002374,0,0,0.5,-10.8,-1.9,1.07,0.42,0.06
4097,20.48,20.48,20.579733,0.001372,0,0,0.6,-10.7,-1.8,1.06,0.41,0.06
4098,20.485,20.485,20.584866,0.001504,0,0,0.7,-10.7,-1.5,1.07,0.4,0.06
4099,20.49,20.490001,20.590766,0.002404,9.99999997475243e-07,0,0.5,-10.8,-2.2,1.07,0.42,0.05
4100,20.495,20.495,20.594726,0.001366,0,0,0.5,-10.8,-1.9,1.07,0.42,0.05
4101,20.5,20.5,20.599824,0.001463,0,0,0.4,-10.9,-1.7,1.07,0.42,0.05
4102,20.505,20.505,20.605848,0.002486,0,0,0.4,-11,-1.5,1.08,0.42,0.05
4103,20.51,20.51,20.609707,0.001345,0,0,0.5,-10.9,-1.6,1.08,0.4,0.06
4104,20.515,20.515,20.614831,0.00147,0,0,0.5,-10.8,-2.1,1.07,0.41,0.05
4105,20.52,20.52,20.620744,0.002383,0,0,0.5,-10.9,-2.1,1.08,0.4,0.05
4106,20.525,20.525001,20.625719,0.002357,9.99999997475243e-07,0,0.6,-10.8,-1.4,1.08,0.37,0.05
4107,20.53,20.53,20.62971,0.001349,0,0,0.4,-10.9,-2.3,1.08,0.39,0.04
4108,20.535,20.535,20.634836,0.001474,0,0,0.5,-10.9,-2.7,1.08,0.39,0.04
4109,20.54,20.54,20.640727,0.002366,0,0,0.2,-11,-3.4,1.08,0.39,0.03
4110,20.545,20.545,20.644679,0.001318,0,0,0.1,-11,-3.9,1.08,0.39,0.03
4111,20.55,20.55,20.649745,0.001384,0,0,0.2,-10.9,-3.1,1.09,0.37,0.03
4112,20.555,20.555,20.65575,0.002389,0,0,0.2,-10.9,-3.5,1.09,0.37,0.02
4113,20.56,20.56,20.660747,0.002387,0,0,0.3,-10.9,-3.1,1.09,0.34,0.02
4114,20.565,20.565,20.664749,0.001387,0,0,0.2,-10.9,-2.7,1.09,0.33,0.02
4115,20.57,20.57,20.669937,0.001577,0,0,0.1,-10.9,-2.7,1.09,0.32,0.01
4116,20.575,20.575,20.675714,0.002353,0,0,0.1,-10.9,-2.7,1.08,0.3,0
4117,20.58,20.580001,20.679747,0.00139,9.99999997475243e-07,0,0.1,-10.9,-3.3,1.08,0.28,0
4118,20.585,20.585,20.68478,0.001419,0,0,0,-10.9,-3.3,1.08,0.27,-0.01
4119,20.59,20.59,20.69074,0.002379,0,0,-0.1,-10.9,-3.4,1.07,0.25,-0.02
4120,20.595,20.595,20.694691,0.00133,0,0,-0.1,-10.9,-3.4,1.07,0.24,-0.03
4121,20.6,20.6,20.699696,0.001335,0,0,-0.2,-10.9,-3.6,1.06,0.22,-0.03
4122,20.605,20.605,20.705803,0.002442,0,0,-0.2,-10.8,-3.2,1.05,0.2,-0.03
4123,20.61,20.61,20.710717,0.002356,0,0,-0.4,-10.7,-3,1.05,0.2,-0.04
4124,20.615,20.615001,20.714853,0.001491,9.99999997475243e-07,0,-0.4,-10.8,-2.7,1.04,0.2,-0.04
4125,20.62,20.62,20.720732,0.002371,0,0,-0.5,-10.7,-2.6,1.05,0.19,-0.04
4126,20.625,20.625,20.725716,0.002355,0,0,-0.7,-10.8,-3,1.05,0.19,-0.04
4127,20.63,20.63,20.729732,0.001372,0,0,-0.6,-10.8,-2.4,1.05,0.19,-0.04
4128,20.635,20.635,20.734696,0.001335,0,0,-0.5,-10.8,-2.6,1.05,0.19,-0.04
4129,20.64,20.64,20.740719,0.002358,0,0,-0.4,-10.7,-2.9,1.04,0.19,-0.04
4130,20.645,20.645,20.744665,0.001303,0,0,-0.4,-10.7,-3.1,1.03,0.19,-0.03
4131,20.65,20.650001,20.749686,0.001324,9.99999997475243e-07,0,-0.5,-10.7,-3.3,1.03,0.2,-0.03
4132,20.655,20.655,20.755784,0.002423,0,0,-0.4,-10.7,-3.8,1.04,0.2,-0.03
4133,20.66,20.66,20.760719,0.002357,0,0,-0.5,-10.7,-3.6,1.04,0.2,-0.04
4134,20.665,20.665,20.764705,0.001344,0,0,-0.3,-10.6,-3.3,1.04,0.19,-0.04
4135,20.67,20.67,20.770722,0.00236,0,0,-0.2,-10.6,-2.6,1.04,0.18,-0.04
4136,20.675,20.675,20.775714,0.002353,0,0,-0.3,-10.6,-2.5,1.05,0.19,-0.04
4137,20.68,20.68,20.779682,0.001321,0,0,-0.3,-10.6,-2.8,1.05,0.19,-0.05
4138,20.685,20.685,20.784763,0.001402,0,0,-0.3,-10.6,-2.6,1.05,0.18,-0.05
4139,20.69,20.69,20.7907,0.002338,0,0,-0.2,-10.8,-2.4,1.05,0.19,-0.04
4140,20.695,20.695,20.794681,0.00132,0,0,-0.3,-10.8,-2.4,1.05,0.19,-0.04
4141,20.7,20.7,20.799746,0.001384,0,0,-0.1,-10.7,-2.7,1.05,0.19,-0.03
4142,20.705,20.705001,20.805717,0.002355,9.99999997475243e-07,0,-0.2,-10.7,-3.3,1.05,0.2,-0.03
4143,20.71,20.71,20.810682,0.00232,0,0,-0.4,-10.8,-3,1.05,0.21,-0.03
4144,20.715,20.715,20.814685,0.001323,0,0,-0.3,-10.7,-3,1.05,0.2,-0.03
4145,20.72,20.72,20.820735,0.002374,0,0,-0.6,-10.8,-2.8,1.05,0.21,-0.03
4146,20.725,20.725,20.824693,0.001331,0,0,-0.7,-10.8,-2.6,1.05,0.2,-0.04
4147,20.73,20.73,20.829736,0.001375,0,0,-0.7,-10.8,-2.5,1.05,0.2,-0.04
4148,20.735,20.735,20.835711,0.002349,0,0,-0.6,-10.7,-2.7,1.05,0.2,-0.04
4149,20.74,20.740001,20.839671,0.001309,9.99999997475243e-07,0,-0.6,-10.8,-2.9,1.05,0.19,-0.05
4150,20.745,20.745,20.845745,0.002384,0,0,-0.7,-10.8,-3.1,1.04,0.2,-0.05
4151,20.75,20.75,20.850689,0.002328,0,0,-0.6,-10.8,-3,1.05,0.19,-0.05
4152,20.755,20.755,20.854668,0.001307,0,0,-0.7,-10.8,-2.9,1.05,0.19,-0.05
4153,20.76,20.76,20.860719,0.002358,0,0,-0.6,-10.8,-3.1,1.04,0.19,-0.05
4154,20.765,20.765,20.865691,0.00233,0,0,-0.7,-10.7,-2.9,1.05,0.18,-0.05
4155,20.77,20.77,20.869673,0.001312,0,0,-0.6,-10.8,-2.4,1.05,0.18,-0.05
4156,20.775,20.775001,20.875758,0.002395,9.99999997475243e-07,0,-0.5,-10.8,-2.4,1.05,0.19,-0.04
4157,20.78,20.78,20.880691,0.00233,0,0,-0.5,-10.7,-2.3,1.05,0.19,-0.04
4158,20.785,20.785,20.884689,0.001327,0,0,-0.5,-10.7,-2.7,1.04,0.2,-0.04
4159,20.79,20.79,20.889802,0.001441,0,0,-0.3,-10.6,-2.4,1.04,0.19,-0.04
4160,20.795,20.795,20.895727,0.002365,0,0,-0.2,-10.6,-2.3,1.04,0.18,-0.04
4161,20.8,20.8,20.899729,0.001367,0,0,-0.1,-10.6,-2.8,1.05,0.18,-0.04
4162,20.805,20.805,20.904687,0.001326,0,0,-0.2,-10.6,-2.7,1.05,0.19,-0.04
4163,20.81,20.81,20.910693,0.002331,0,0,-0.3,-10.7,-2.7,1.05,0.19,-0.04
4164,20.815,20.815,20.914746,0.001386,0,0,-0.2,-10.7,-2.9,1.05,0.19,-0.04
4165,20.82,20.82,20.919701,0.00134,0,0,-0.2,-10.7,-2.6,1.05,0.19,-0.04
4166,20.825,20.825002,20.925403,0.002039,2.00000000205591e-06,0,-0.3,-10.7,-2.3,1.05,0.19,-0.03
4167,20.83,20.830001,20.930794,0.002432,9.99999997475243e-07,0,-0.2,-10.7,-1.9,1.05,0.19,-0.03
4168,20.835,20.835,20.934696,0.001335,0,0,-0.2,-10.7,-2.3,1.05,0.18,-0.03
4169,20.84,20.84,20.940876,0.002514,0,0,-0.1,-10.6,-2.4,1.05,0.17,-0.03
4170,20.845,20.845,20.944683,0.001322,0,0,-0.2,-10.7,-3,1.04,0.18,-0.04
4171,20.85,20.85,20.949713,0.001352,0,0,-0.3,-10.7,-2.8,1.04,0.18,-0.04
4172,20.855,20.855,20.955786,0.002424,0,0,-0.5,-10.7,-3.3,1.04,0.19,-0.04
4173,20.86,20.86,20.960802,0.002442,0,0,-0.6,-10.8,-2.9,1.05,0.2,-0.04
4174,20.865,20.865001,20.964706,0.001343,9.99999997475243e-07,0,-0.6,-10.7,-3.3,1.04,0.21,-0.05
4175,20.87,20.87,20.970753,0.002392,0,0,-0.6,-10.6,-2.5,1.05,0.19,-0.05
4176,20.875,20.875,20.975717,0.002356,0,0,-0.7,-10.7,-2.4,1.05,0.18,-0.04
4177,20.88,20.88,20.979742,0.001381,0,0,-0.6,-10.7,-2.5,1.05,0.18,-0.04
4178,20.885,20.885,20.984713,0.001351,0,0,-0.6,-10.7,-2.2,1.05,0.18,-0.05
4179,20.89,20.89,20.990819,0.002458,0,0,-0.4,-10.7,-2,1.05,0.17,-0.05
4180,20.895,20.895,20.994719,0.001358,0,0,-0.5,-10.7,-2.9,1.04,0.18,-0.05
4181,20.9,20.900001,20.999845,0.001483,9.99999997475243e-07,0,-0.4,-10.7,-3.1,1.04,0.18,-0.05
4182,20.905,20.905007,21.005185,0.001817,7.00000000009027e-06,0,-0.3,-10.7,-2.7,1.04,0.18,-0.04
4183,20.91,20.91,21.01086,0.002498,0,0,-0.3,-10.7,-2.8,1.04,0.18,-0.04
4184,20.915,20.915,21.0147,0.001339,0,0,-0.3,-10.6,-3.2,1.04,0.19,-0.04
4185,20.92,20.92,21.020692,0.002331,0,0,-0.2,-10.7,-3,1.04,0.19,-0.04
4186,20.925,20.925,21.025753,0.002391,0,0,-0.4,-10.7,-3,1.04,0.19,-0.04
4187,20.93,20.93,21.029961,0.0016,0,0,-0.4,-10.6,-3.3,1.04,0.2,-0.04
4188,20.935,20.935,21.035723,0.002362,0,0,-0.2,-10.6,-2.8,1.04,0.18,-0.04
4189,20.94,20.94,21.039736,0.001375,0,0,-0.3,-10.7,-3.4,1.04,0.19,-0.04
4190,20.945,20.945,21.044796,0.001436,0,0,-0.5,-10.7,-2.8,1.05,0.2,-0.04
4191,20.95,20.95,21.050758,0.002397,0,0,-0.5,-10.6,-2.9,1.05,0.2,-0.04
4192,20.955,20.955001,21.054736,0.001373,9.99999997475243e-07,0,-0.4,-10.7,-3.3,1.05,0.21,-0.04
4193,20.96,20.96,21.059755,0.001394,0,0,-0.4,-10.7,-2.5,1.05,0.19,-0.04
4194,20.965,20.965,21.065783,0.002422,0,0,-0.2,-10.8,-2.3,1.05,0.18,-0.03
4195,20.97,20.97,21.070711,0.00235,0,0,-0.2,-10.8,-2.2,1.05,0.18,-0.03
4196,20.975,20.975,21.074703,0.001342,0,0,-0.3,-10.8,-2.4,1.05,0.19,-0.03
4197,20.98,20.98,21.080728,0.002367,0,0,-0.5,-10.8,-2.9,1.05,0.19,-0.04
4198,20.985,20.985,21.085718,0.002357,0,0,-0.4,-10.8,-2.5,1.05,0.18,-0.04
4199,20.99,20.990001,21.089693,0.00133,9.99999997475243e-07,0,-0.4,-10.7,-2.8,1.05,0.18,-0.04
4200,20.995,20.995,21.095759,0.002398,0,0,-0.4,-10.7,-3.3,1.04,0.19,-0.04
4201,21,21,21.100727,0.002366,0,0,-0.5,-10.7,-2.9,1.05,0.19,-0.04
4202,21.005,21.005,21.104742,0.00138,0,0,-0.5,-10.8,-3,1.04,0.19,-0.04
4203,21.01,21.01,21.109774,0.001413,0,0,-0.5,-10.8,-2.9,1.04,0.19,-0.04
4204,21.015,21.015,21.115773,0.002412,0,0,-0.6,-10.8,-2.5,1.05,0.19,-0.05
4205,21.02,21.02,21.119674,0.001313,0,0,-0.4,-10.7,-2.6,1.05,0.19,-0.04
4206,21.025,21.025001,21.124706,0.001343,9.99999997475243e-07,0,-0.5,-10.8,-2.1,1.05,0.18,-0.04
4207,21.03,21.03,21.130748,0.002386,0,0,-0.5,-10.8,-2.9,1.04,0.19,-0.05
4208,21.035,21.035,21.134695,0.001334,0,0,-0.6,-10.9,-2.9,1.05,0.19,-0.05
4209,21.04,21.04,21.139759,0.001398,0,0,-0.6,-10.9,-2.4,1.05,0.19,-0.04
4210,21.045,21.045,21.14572,0.002359,0,0,-0.5,-10.7,-2.5,1.05,0.19,-0.04
4211,21.05,21.05,21.150708,0.002347,0,0,-0.4,-10.8,-2.8,1.05,0.19,-0.04
4212,21.055,21.055,21.154685,0.001324,0,0,-0.4,-10.8,-2.6,1.06,0.19,-0.04
4213,21.06,21.06,21.159734,0.001372,0,0,-0.3,-10.7,-2.8,1.05,0.18,-0.04
4214,21.065,21.065,21.165705,0.002344,0,0,-0.4,-10.7,-3,1.05,0.19,-0.04
4215,21.07,21.07,21.169675,0.001313,0,0,-0.2,-10.7,-3.4,1.05,0.2,-0.04
4216,21.075,21.075,21.174706,0.001345,0,0,-0.2,-10.7,-3.4,1.04,0.19,-0.04
4217,21.08,21.080001,21.180731,0.002369,9.99999997475243e-07,0,-0.1,-10.7,-3,1.05,0.19,-0.04
4218,21.085,21.085,21.184693,0.001332,0,0,-0.2,-10.7,-2.9,1.05,0.19,-0.04
4219,21.09,21.09,21.189692,0.001331,0,0,-0.3,-10.8,-3.1,1.04,0.19,-0.04
4220,21.095,21.095,21.195776,0.002415,0,0,-0.3,-10.8,-3.1,1.04,0.19,-0.04
4221,21.1,21.1,21.200757,0.002396,0,0,-0.3,-10.8,-2.8,1.05,0.19,-0.04
4222,21.105,21.105,21.204706,0.001344,0,0,-0.3,-10.7,-2.6,1.05,0.18,-0.04
4223,21.11,21.11,21.210689,0.002327,0,0,-0.3,-10.8,-3.2,1.04,0.19,-0.05
4224,21.115,21.115001,21.215855,0.002492,9.99999997475243e-07,0,-0.5,-10.8,-3.2,1.05,0.2,-0.05
4225,21.12,21.12,21.21969,0.001329,0,0,-0.4,-10.7,-3.1,1.04,0.19,-0.05
4226,21.125,21.125,21.224715,0.001354,0,0,-0.4,-10.7,-3.2,1.04,0.19,-0.05
4227,21.13,21.13,21.230746,0.002385,0,0,-0.5,-10.7,-3,1.05,0.19,-0.04
4228,21.135,21.135,21.234708,0.001346,0,0,-0.5,-10.7,-2.4,1.05,0.18,-0.04
4229,21.14,21.14,21.239732,0.001371,0,0,-0.4,-10.7,-2.9,1.04,0.19,-0.04
4230,21.145,21.145,21.245738,0.002377,0,0,-0.4,-10.8,-1.9,1.06,0.17,-0.04
4231,21.15,21.150001,21.249749,0.001386,9.99999997475243e-07,0,-0.4,-10.7,-1.9,1.05,0.18,-0.04
4232,21.155,21.155,21.254691,0.00133,0,0,-0.2,-10.7,-2.1,1.05,0.18,-0.04
4233,21.16,21.16,21.260755,0.002394,0,0,-0.2,-10.7,-2.7,1.05,0.18,-0.04
4234,21.165,21.165,21.265837,0.002475,0,0,-0.3,-10.8,-2.5,1.05,0.18,-0.04
4235,21.17,21.17,21.2697,0.001338,0,0,-0.3,-10.7,-2.4,1.05,0.18,-0.04
4236,21.175,21.175,21.275729,0.002369,0,0,-0.4,-10.7,-3.1,1.05,0.19,-0.04
4237,21.18,21.18,21.280742,0.002381,0,0,-0.3,-10.7,-3.3,1.05,0.19,-0.04
4238,21.185,21.185,21.284671,0.00131,0,0,-0.4,-10.8,-3.3,1.05,0.2,-0.05
4239,21.19,21.19,21.289772,0.00141,0,0,-0.3,-10.8,-2.9,1.05,0.19,-0.04
4240,21.195,21.195,21.295766,0.002404,0,0,-0.4,-10.8,-3.2,1.05,0.2,-0.04
4241,21.2,21.2,21.299685,0.001324,0,0,-0.3,-10.6,-3.4,1.04,0.2,-0.04
4242,21.205,21.205001,21.304688,0.001326,9.99999997475243e-07,0,-0.4,-10.7,-2.6,1.05,0.2,-0.04
4243,21.21,21.21,21.309892,0.001531,0,0,-0.3,-10.6,-2.9,1.04,0.19,-0.04
4244,21.215,21.215,21.315766,0.002405,0,0,-0.3,-10.6,-2.5,1.05,0.19,-0.04
4245,21.22,21.22,21.319738,0.001377,0,0,-0.3,-10.7,-2.4,1.06,0.18,-0.04
4246,21.225,21.225,21.324818,0.001456,0,0,-0.4,-10.8,-2.6,1.05,0.19,-0.04
4247,21.23,21.23,21.330769,0.002408,0,0,-0.4,-10.8,-2.6,1.05,0.18,-0.05
4248,21.235,21.235,21.33469,0.001329,0,0,-0.5,-10.7,-3.5,1.04,0.2,-0.05
4249,21.24,21.240001,21.339773,0.001411,9.99999997475243e-07,0,-0.5,-10.8,-3.4,1.05,0.2,-0.05
4250,21.245,21.245,21.34572,0.002359,0,0,-0.7,-10.7,-3.5,1.04,0.21,-0.05
4251,21.25,21.25,21.349741,0.00138,0,0,-0.5,-10.7,-2.9,1.04,0.19,-0.04
4252,21.255,21.255,21.354841,0.00148,0,0,-0.5,-10.7,-3.5,1.03,0.19,-0.05
4253,21.26,21.26,21.360792,0.00243,0,0,-0.6,-10.8,-3.9,1.04,0.2,-0.05
4254,21.265,21.265,21.364763,0.001402,0,0,-0.5,-10.7,-3.1,1.04,0.19,-0.05
4255,21.27,21.27,21.370708,0.002347,0,0,-0.5,-10.8,-2.6,1.05,0.19,-0.04
4256,21.275,21.275001,21.375758,0.002396,9.99999997475243e-07,0,-0.4,-10.8,-2.6,1.05,0.18,-0.04
4257,21.28,21.280001,21.379797,0.001435,9.99999997475243e-07,0,-0.4,-10.8,-3.1,1.05,0.18,-0.04
4258,21.285,21.285,21.384709,0.001348,0,0,-0.3,-10.8,-3,1.05,0.18,-0.04
4259,21.29,21.29,21.390758,0.002398,0,0,-0.4,-10.7,-3,1.05,0.18,-0.04
4260,21.295,21.295,21.3947,0.001339,0,0,-0.4,-10.8,-2.7,1.05,0.18,-0.04
4261,21.3,21.3,21.399741,0.00138,0,0,-0.3,-10.7,-2.7,1.04,0.17,-0.04
4262,21.305,21.305,21.405723,0.002362,0,0,-0.3,-10.7,-2.9,1.04,0.18,-0.04
4263,21.31,21.31,21.410701,0.00234,0,0,-0.3,-10.6,-3.1,1.04,0.18,-0.04
4264,21.315,21.315,21.414712,0.00135,0,0,-0.2,-10.6,-3,1.04,0.18,-0.04
4265,21.32,21.32,21.420706,0.002345,0,0,-0.3,-10.6,-2.6,1.05,0.18,-0.04
4266,21.325,21.325,21.425787,0.002426,0,0,-0.3,-10.6,-2.4,1.05,0.18,-0.04
4267,21.33,21.330001,21.429687,0.001325,9.99999997475243e-07,0,-0.2,-10.6,-2.9,1.04,0.18,-0.04
4268,21.335,21.335,21.43479,0.001429,0,0,-0.3,-10.7,-2.9,1.04,0.19,-0.04
4269,21.34,21.34,21.440747,0.002385,0,0,-0.2,-10.7,-2.4,1.05,0.18,-0.03
4270,21.345,21.345,21.444675,0.001314,0,0,-0.1,-10.6,-2.2,1.04,0.17,-0.03
4271,21.35,21.35,21.449723,0.001362,0,0,-0.1,-10.7,-2.5,1.04,0.18,-0.03
4272,21.355,21.355,21.455782,0.002421,0,0,-0.3,-10.7,-1.9,1.05,0.17,-0.03
4273,21.36,21.36,21.459678,0.001317,0,0,-0.2,-10.7,-2,1.05,0.17,-0.03
4274,21.365,21.365001,21.46478,0.001418,9.99999997475243e-07,0,-0.2,-10.8,-2.4,1.05,0.18,-0.03
4275,21.37,21.37,21.470698,0.002337,0,0,-0.3,-10.8,-2.6,1.04,0.19,-0.04
4276,21.375,21.375,21.475702,0.002341,0,0,-0.5,-10.6,-2.4,1.05,0.19,-0.04
4277,21.38,21.38,21.479821,0.001459,0,0,-0.4,-10.7,-2.6,1.05,0.18,-0.04
4278,21.385,21.385,21.4848,0.001439,0,0,-0.6,-10.7,-3,1.04,0.19,-0.04
4279,21.39,21.39,21.490769,0.002407,0,0,-0.6,-10.7,-3.4,1.04,0.2,-0.04
4280,21.395,21.395,21.494674,0.001313,0,0,-0.5,-10.7,-3.3,1.04,0.2,-0.04
4281,21.4,21.400001,21.499886,0.001523,9.99999997475243e-07,0,-0.5,-10.7,-3.4,1.05,0.19,-0.05
4282,21.405,21.405,21.505761,0.0024,0,0,-0.3,-10.6,-2.7,1.05,0.18,-0.04
4283,21.41,21.41,21.509704,0.001343,0,0,-0.3,-10.6,-2.6,1.05,0.18,-0.05
4284,21.415,21.415,21.514766,0.001405,0,0,-0.4,-10.7,-2.1,1.05,0.18,-0.04
4285,21.42,21.42,21.520767,0.002406,0,0,-0.4,-10.7,-2.1,1.06,0.18,-0.04
4286,21.425,21.425,21.525735,0.002374,0,0,-0.5,-10.7,-2.5,1.05,0.19,-0.04
4287,21.43,21.43,21.529858,0.001497,0,0,-0.5,-10.7,-2.6,1.05,0.2,-0.04
4288,21.435,21.435,21.534706,0.001345,0,0,-0.5,-10.7,-3.2,1.05,0.2,-0.04
4289,21.44,21.44,21.540765,0.002405,0,0,-0.5,-10.7,-2.6,1.05,0.19,-0.04
4290,21.445,21.445,21.545749,0.002388,0,0,-0.4,-10.8,-2.8,1.05,0.19,-0.03
4291,21.45,21.45,21.549674,0.001313,0,0,-0.3,-10.7,-2.4,1.05,0.18,-0.03
4292,21.455,21.455001,21.555815,0.002454,9.99999997475243e-07,0,-0.2,-10.7,-2.4,1.05,0.18,-0.03
4293,21.46,21.46,21.560733,0.002372,0,0,-0.3,-10.8,-2.7,1.05,0.18,-0.04
4294,21.465,21.465,21.564792,0.00143,0,0,-0.4,-10.7,-2.3,1.05,0.18,-0.04
4295,21.47,21.47,21.569933,0.001573,0,0,-0.4,-10.8,-2.1,1.06,0.17,-0.04
4296,21.475,21.475,21.57578,0.002418,0,0,-0.5,-10.8,-2.6,1.06,0.17,-0.05
4297,21.48,21.48,21.57982,0.001459,0,0,-0.4,-10.8,-2.6,1.07,0.17,-0.05
4298,21.485,21.485,21.584765,0.001404,0,0,-0.7,-10.9,-3.3,1.06,0.19,-0.05
4299,21.49,21.490001,21.590747,0.002384,9.99999997475243e-07,0,-0.6,-10.9,-2.9,1.07,0.18,-0.05
4300,21.495,21.495,21.594683,0.001322,0,0,-0.5,-10.9,-2.6,1.08,0.18,-0.05
4301,21.5,21.5,21.599846,0.001485,0,0,-0.6,-10.8,-2.6,1.09,0.18,-0.05
4302,21.505,21.505,21.605739,0.002379,0,0,-0.5,-10.9,-2.7,1.09,0.18,-0.04
4303,21.51,21.51,21.609715,0.001353,0,0,-0.4,-10.9,-2.7,1.1,0.17,-0.05
4304,21.515,21.515,21.614777,0.001415,0,0,-0.6,-10.9,-2.1,1.11,0.16,-0.05
4305,21.52,21.52,21.620818,0.002457,0,0,-0.6,-11,-1.3,1.12,0.14,-0.05
4306,21.525,21.525001,21.62572,0.002359,9.99999997475243e-07,0,-0.5,-11,-1.9,1.11,0.15,-0.06
4307,21.53,21.53,21.629828,0.001467,0,0,-0.6,-11.1,-2.1,1.11,0.16,-0.05
4308,21.535,21.535,21.634896,0.001535,0,0,-0.5,-11.1,-2,1.11,0.16,-0.05
4309,21.54,21.54,21.640754,0.002391,0,0,-0.4,-11.1,-2.2,1.12,0.16,-0.05
4310,21.545,21.545,21.644687,0.001326,0,0,-0.4,-11.1,-3.3,1.11,0.18,-0.05
4311,21.55,21.55,21.649882,0.001521,0,0,-0.5,-11.2,-3,1.12,0.19,-0.05
4312,21.555,21.555,21.655732,0.002371,0,0,-0.5,-11.2,-3.5,1.12,0.2,-0.05
4313,21.56,21.56,21.659694,0.001333,0,0,-0.4,-11.3,-3.5,1.12,0.2,-0.05
4314,21.565,21.565,21.664915,0.001553,0,0,-0.5,-11.3,-3,1.14,0.2,-0.05
4315,21.57,21.57,21.670798,0.002437,0,0,-0.5,-11.2,-3.1,1.14,0.2,-0.05
4316,21.575,21.575,21.674685,0.001324,0,0,-0.5,-11.4,-2.7,1.14,0.19,-0.04
4317,21.58,21.580001,21.679893,0.001531,9.99999997475243e-07,0,-0.4,-11.3,-2.7,1.15,0.19,-0.05
4318,21.585,21.585,21.685687,0.002326,0,0,-0.4,-11.3,-2.7,1.16,0.19,-0.05
4319,21.59,21.590001,21.689776,0.001415,1.00000000102796e-06,0,-0.3,-11.2,-2.1,1.17,0.17,-0.05
4320,21.595,21.595,21.69572,0.00236,0,0,-0.6,-11.3,-2.7,1.17,0.19,-0.05
4321,21.6,21.6,21.700753,0.002391,0,0,-0.5,-11.3,-2.5,1.17,0.18,-0.05
4322,21.605,21.605,21.704743,0.001382,0,0,-0.2,-11.3,-1.9,1.18,0.17,-0.04
4323,21.61,21.61,21.709753,0.001392,0,0,-0.1,-11.3,-1.8,1.18,0.16,-0.04
4324,21.615,21.615001,21.71573,0.002368,9.99999997475243e-07,0,-0.2,-11.3,-2.7,1.18,0.17,-0.04
4325,21.62,21.62,21.719672,0.001311,0,0,-0.1,-11.3,-2.2,1.18,0.16,-0.04
4326,21.625,21.625,21.72469,0.001329,0,0,-0.2,-11.3,-2.6,1.18,0.16,-0.05
4327,21.63,21.63,21.730754,0.002393,0,0,-0.3,-11.3,-2.9,1.18,0.17,-0.05
4328,21.635,21.635,21.734702,0.001341,0,0,-0.4,-11.3,-3.8,1.18,0.19,-0.05
4329,21.64,21.64,21.739698,0.001337,0,0,-0.5,-11.3,-3.5,1.18,0.2,-0.05
4330,21.645,21.645,21.744781,0.00142,0,0,-0.4,-11.3,-3.2,1.19,0.18,-0.05
4331,21.65,21.650001,21.750749,0.002387,9.99999997475243e-07,0,-0.4,-11.3,-3.5,1.19,0.19,-0.05
4332,21.655,21.655,21.754736,0.001375,0,0,-0.5,-11.3,-3.4,1.19,0.19,-0.05
4333,21.66,21.66,21.759795,0.001433,0,0,-0.5,-11.4,-3.7,1.18,0.2,-0.05
4334,21.665,21.665,21.765771,0.00241,0,0,-0.5,-11.3,-3,1.2,0.18,-0.05
4335,21.67,21.67,21.769683,0.001322,0,0,-0.4,-11.4,-2.7,1.2,0.17,-0.05
4336,21.675,21.675,21.775696,0.002335,0,0,-0.4,-11.4,-3,1.21,0.18,-0.05
4337,21.68,21.68,21.78077,0.002409,0,0,-0.4,-11.5,-3.3,1.22,0.18,-0.05
4338,21.685,21.685,21.784713,0.001352,0,0,-0.3,-11.4,-2.8,1.24,0.16,-0.05
4339,21.69,21.69,21.789815,0.001455,0,0,-0.4,-11.4,-2.7,1.25,0.17,-0.05
4340,21.695,21.695,21.795739,0.002378,0,0,-0.3,-11.4,-3,1.25,0.17,-0.05
4341,21.7,21.7,21.799718,0.001356,0,0,-0.3,-11.4,-3.3,1.25,0.17,-0.05
4342,21.705,21.705001,21.804701,0.001338,9.99999997475243e-07,0,-0.5,-11.6,-3.4,1.25,0.18,-0.05
4343,21.71,21.71,21.810708,0.002347,0,0,-0.5,-11.6,-3.1,1.26,0.18,-0.05
4344,21.715,21.715,21.814704,0.001343,0,0,-0.5,-11.5,-3.1,1.27,0.18,-0.05
4345,21.72,21.72,21.819754,0.001393,0,0,-0.5,-11.6,-3,1.28,0.17,-0.05
4346,21.725,21.725,21.825738,0.002376,0,0,-0.7,-11.7,-3.2,1.27,0.18,-0.05
4347,21.73,21.73,21.830734,0.002372,0,0,-0.7,-11.6,-3.6,1.27,0.19,-0.05
4348,21.735,21.735,21.834702,0.001341,0,0,-0.7,-11.6,-3.7,1.27,0.2,-0.06
4349,21.74,21.740001,21.839799,0.001437,9.99999997475243e-07,0,-0.6,-11.7,-3.6,1.27,0.2,-0.06
4350,21.745,21.745,21.845706,0.002345,0,0,-0.5,-11.6,-3.1,1.28,0.17,-0.06
4351,21.75,21.75,21.849738,0.001377,0,0,-0.6,-11.6,-3.7,1.28,0.19,-0.06
4352,21.755,21.755,21.854756,0.001394,0,0,-0.6,-11.7,-3.3,1.28,0.19,-0.06
4353,21.76,21.76,21.860725,0.002364,0,0,-0.6,-11.7,-2.8,1.29,0.17,-0.05
4354,21.765,21.765,21.864754,0.001393,0,0,-0.6,-11.7,-2.5,1.29,0.17,-0.05
4355,21.77,21.77,21.869708,0.001347,0,0,-0.4,-11.6,-2.6,1.29,0.16,-0.05
4356,21.775,21.775001,21.875697,0.002335,9.99999997475243e-07,0,-0.4,-11.8,-3,1.28,0.16,-0.06
4357,21.78,21.78,21.879677,0.001316,0,0,-0.4,-11.7,-2.9,1.28,0.17,-0.06
4358,21.785,21.785,21.884666,0.001304,0,0,-0.4,-11.8,-2.8,1.29,0.16,-0.06
4359,21.79,21.79,21.889914,0.001552,0,0,-0.6,-11.7,-3,1.29,0.17,-0.06
4360,21.795,21.795,21.895709,0.002348,0,0,-0.5,-11.8,-3.6,1.28,0.17,-0.06
4361,21.8,21.8,21.899694,0.001333,0,0,-0.4,-11.7,-2.6,1.29,0.16,-0.05
4362,21.805,21.805,21.904874,0.001514,0,0,-0.4,-11.6,-2.3,1.3,0.15,-0.05
4363,21.81,21.81,21.910704,0.002344,0,0,-0.4,-11.7,-2.8,1.3,0.15,-0.05
4364,21.815,21.815,21.914694,0.001333,0,0,-0.3,-11.8,-2.9,1.3,0.15,-0.06
4365,21.82,21.82,21.919785,0.001424,0,0,-0.4,-11.8,-3.4,1.3,0.16,-0.06
4366,21.825,21.825,21.925708,0.002347,0,0,-0.4,-11.8,-3.6,1.29,0.16,-0.06
4367,21.83,21.830001,21.929691,0.00133,9.99999997475243e-07,0,-0.3,-11.7,-3.3,1.29,0.15,-0.06
4368,21.835,21.835,21.934759,0.001398,0,0,-0.3,-11.7,-3.6,1.3,0.15,-0.06
4369,21.84,21.84,21.940702,0.002341,0,0,-0.4,-11.8,-3.5,1.3,0.16,-0.06
4370,21.845,21.845,21.944725,0.001364,0,0,-0.5,-11.8,-3.6,1.3,0.16,-0.06
4371,21.85,21.85,21.949781,0.001419,0,0,-0.6,-11.8,-3.1,1.31,0.16,-0.06
4372,21.855,21.855,21.955768,0.002407,0,0,-0.4,-11.7,-2.6,1.32,0.14,-0.06
4373,21.86,21.86,21.95971,0.001349,0,0,-0.3,-11.6,-2.4,1.32,0.13,-0.05
4374,21.865,21.865001,21.96473,0.001368,9.99999997475243e-07,0,-0.1,-11.7,-3.1,1.31,0.13,-0.06
4375,21.87,21.87,21.970802,0.00244,0,0,-0.2,-11.7,-2.3,1.32,0.13,-0.05
4376,21.875,21.875,21.974704,0.001343,0,0,-0.3,-11.8,-2.4,1.32,0.14,-0.05
4377,21.88,21.88,21.979714,0.001353,0,0,-0.3,-11.8,-2.1,1.33,0.15,-0.05
4378,21.885,21.885,21.985691,0.00233,0,0,-0.3,-11.8,-2.2,1.32,0.15,-0.05
4379,21.89,21.89,21.989685,0.001324,0,0,-0.3,-11.8,-2.3,1.32,0.15,-0.05
4380,21.895,21.895,21.994732,0.001372,0,0,-0.2,-11.7,-1.9,1.32,0.14,-0.04
4381,21.9,21.900001,22.000712,0.00235,9.99999997475243e-07,0,-0.3,-11.7,-2.4,1.32,0.14,-0.05
4382,21.905,21.905,22.00469,0.001329,0,0,-0.3,-11.8,-1.9,1.32,0.14,-0.05
4383,21.91,21.91,22.009696,0.001335,0,0,-0.4,-11.8,-2.6,1.32,0.15,-0.05
4384,21.915,21.915,22.015772,0.002411,0,0,-0.4,-11.8,-2.7,1.32,0.15,-0.05
4385,21.92,21.92,22.019713,0.001352,0,0,-0.4,-11.8,-2.6,1.32,0.15,-0.05
4386,21.925,21.925,22.024735,0.001374,0,0,-0.2,-11.8,-2.4,1.32,0.14,-0.06
4387,21.93,21.93,22.030717,0.002355,0,0,-0.2,-11.8,-2.5,1.32,0.14,-0.06
4388,21.935,21.935,22.03469,0.001328,0,0,-0.3,-11.9,-3.1,1.32,0.15,-0.06
4389,21.94,21.94,22.039872,0.001511,0,0,-0.3,-11.8,-3.1,1.32,0.15,-0.06
4390,21.945,21.945,22.045776,0.002415,0,0,-0.4,-11.8,-2.8,1.32,0.15,-0.05
4391,21.95,21.95,22.04969,0.001329,0,0,-0.5,-11.8,-3.2,1.32,0.16,-0.06
4392,21.955,21.955001,22.054758,0.001396,9.99999997475243e-07,0,-0.5,-11.9,-3.1,1.32,0.15,-0.06
4393,21.96,21.96,22.060749,0.002389,0,0,-0.6,-11.9,-3.4,1.32,0.16,-0.07
4394,21.965,21.965,22.06474,0.001378,0,0,-0.5,-11.9,-2.3,1.33,0.14,-0.06
4395,21.97,21.97,22.069743,0.001383,0,0,-0.5,-11.8,-1.9,1.33,0.13,-0.06
4396,21.975,21.975,22.075743,0.002382,0,0,-0.4,-11.9,-1.8,1.34,0.12,-0.06
4397,21.98,21.98,22.080774,0.002412,0,0,-0.3,-11.9,-1.8,1.34,0.12,-0.06
4398,21.985,21.985,22.084747,0.001386,0,0,-0.3,-11.8,-1.8,1.34,0.11,-0.06
4399,21.99,21.990001,22.090803,0.002441,9.99999997475243e-07,0,-0.2,-11.8,-1.9,1.33,0.11,-0.06
4400,21.995,21.995,22.094665,0.001304,0,0,-0.4,-11.8,-3.1,1.33,0.13,-0.07
4401,22,22,22.100706,0.002345,0,0,-0.6,-11.9,-3.4,1.32,0.14,-0.07
4402,22.005,22.005,22.105757,0.002396,0,0,-0.6,-11.9,-2.6,1.33,0.13,-0.07
4403,22.01,22.010001,22.109735,0.001373,9.99999997475243e-07,0,-0.6,-11.9,-2.7,1.33,0.13,-0.07
4404,22.015,22.015,22.115734,0.002373,0,0,-0.6,-11.9,-3.1,1.32,0.14,-0.07
4405,22.02,22.02,22.120707,0.002346,0,0,-0.7,-11.9,-2.9,1.32,0.14,-0.07
4406,22.025,22.025001,22.12468,0.001317,9.99999997475243e-07,0,-0.4,-11.8,-2.7,1.32,0.12,-0.07
4407,22.03,22.03,22.129867,0.001506,0,0,-0.5,-11.8,-2.9,1.32,0.12,-0.07
4408,22.035,22.035,22.135704,0.002342,0,0,-0.4,-11.7,-2.7,1.31,0.11,-0.07
4409,22.04,22.04,22.140691,0.00233,0,0,-0.5,-11.7,-2.5,1.31,0.12,-0.07
4410,22.045,22.045,22.145692,0.002331,0,0,-0.5,-11.6,-2.4,1.31,0.12,-0.07
4411,22.05,22.05,22.149708,0.001346,0,0,-0.6,-11.6,-2.9,1.3,0.13,-0.07
4412,22.055,22.055,22.155782,0.002421,0,0,-0.5,-11.6,-2.9,1.29,0.14,-0.07
4413,22.06,22.06,22.159737,0.001376,0,0,-0.6,-11.6,-3.6,1.28,0.15,-0.07
4414,22.065,22.065,22.164883,0.001522,0,0,-0.7,-11.7,-4,1.26,0.17,-0.07
4415,22.07,22.07,22.170844,0.002484,0,0,-0.7,-11.7,-3.7,1.26,0.17,-0.07
4416,22.075,22.075,22.17469,0.001327,0,0,-0.6,-11.7,-3,1.25,0.17,-0.06
4417,22.08,22.080001,22.179942,0.00158,9.99999997475243e-07,0,-0.6,-11.6,-3.3,1.23,0.17,-0.06
4418,22.085,22.085,22.185735,0.002374,0,0,-0.5,-11.4,-3,1.23,0.15,-0.06
4419,22.09,22.09,22.190718,0.002357,0,0,-0.4,-11.4,-3.2,1.22,0.16,-0.06
4420,22.095,22.095,22.194692,0.001331,0,0,-0.3,-11.4,-2.9,1.2,0.15,-0.06
4421,22.1,22.100001,22.200738,0.002376,9.99999997475243e-07,0,-0.4,-11.3,-2.8,1.18,0.16,-0.06
4422,22.105,22.105,22.205769,0.002408,0,0,-0.2,-11.1,-2.5,1.16,0.16,-0.05
4423,22.11,22.11,22.209713,0.001352,0,0,-0.3,-11.1,-2.5,1.14,0.17,-0.05
4424,22.115,22.115001,22.215806,0.002443,9.99999997475243e-07,0,-0.4,-11,-2.3,1.12,0.18,-0.04
4425,22.12,22.12,22.220759,0.002398,0,0,-0.3,-11,-2.5,1.1,0.19,-0.04
4426,22.125,22.125,22.224725,0.001364,0,0,-0.4,-10.9,-2.7,1.07,0.2,-0.04
4427,22.13,22.13,22.230848,0.002488,0,0,-0.4,-10.8,-2.8,1.06,0.2,-0.04
4428,22.135,22.135,22.234678,0.001316,0,0,-0.5,-10.8,-2.8,1.05,0.2,-0.04
4429,22.14,22.14,22.239695,0.001333,0,0,-0.4,-10.7,-3.3,1.04,0.21,-0.05
4430,22.145,22.145,22.245732,0.002371,0,0,-0.5,-10.7,-3.6,1.04,0.21,-0.05
4431,22.15,22.150001,22.250748,0.002386,9.99999997475243e-07,0,-0.5,-10.7,-3.4,1.05,0.2,-0.05
4432,22.155,22.155,22.254882,0.001522,0,0,-0.5,-10.7,-3.3,1.04,0.2,-0.05
4433,22.16,22.16,22.260693,0.002331,0,0,-0.3,-10.7,-3,1.04,0.19,-0.04
4434,22.165,22.165,22.265855,0.002495,0,0,-0.3,-10.6,-2.7,1.05,0.18,-0.04
4435,22.17,22.17,22.269729,0.001368,0,0,-0.3,-10.6,-2.5,1.05,0.19,-0.04
4436,22.175,22.175,22.274751,0.00139,0,0,-0.2,-10.6,-2.3,1.05,0.18,-0.04
4437,22.18,22.18,22.280979,0.002618,0,0,-0.3,-10.7,-2.6,1.05,0.19,-0.03
4438,22.185,22.185,22.284708,0.001348,0,0,-0.1,-10.6,-2.2,1.05,0.18,-0.03
4439,22.19,22.19,22.290715,0.002354,0,0,-0.3,-10.8,-2.6,1.05,0.18,-0.04
4440,22.195,22.195,22.295717,0.002356,0,0,-0.3,-10.8,-2.7,1.05,0.18,-0.04
4441,22.2,22.2,22.299688,0.001327,0,0,-0.4,-10.9,-2.7,1.04,0.18,-0.04
4442,22.205,22.205001,22.305702,0.002339,9.99999997475243e-07,0,-0.4,-10.9,-2.4,1.05,0.18,-0.04
4443,22.21,22.21,22.310679,0.002318,0,0,-0.4,-10.9,-2.7,1.05,0.19,-0.04
4444,22.215,22.215,22.314673,0.001312,0,0,-0.4,-10.8,-2.6,1.05,0.19,-0.04
4445,22.22,22.22,22.320706,0.002345,0,0,-0.4,-10.8,-2.7,1.05,0.19,-0.04
4446,22.225,22.225,22.325688,0.002327,0,0,-0.3,-10.8,-2.5,1.05,0.18,-0.04
4447,22.23,22.23,22.329681,0.00132,0,0,-0.2,-10.7,-3,1.04,0.18,-0.04
4448,22.235,22.235,22.334873,0.001512,0,0,-0.3,-10.7,-2.8,1.04,0.18,-0.04
4449,22.24,22.240002,22.340964,0.002601,1.9999999985032e-06,0,-0.4,-10.7,-3.5,1.04,0.2,-0.04
4450,22.245,22.245,22.344733,0.001373,0,0,-0.4,-10.8,-3.1,1.04,0.2,-0.04
4451,22.25,22.25,22.349735,0.001375,0,0,-0.4,-10.7,-3.4,1.04,0.2,-0.04
4452,22.255,22.255,22.355855,0.002494,0,0,-0.3,-10.6,-2.6,1.04,0.18,-0.04
4453,22.26,22.26,22.359691,0.00133,0,0,-0.2,-10.6,-2.8,1.04,0.19,-0.04
4454,22.265,22.265,22.364694,0.001333,0,0,-0.3,-10.6,-2.3,1.04,0.19,-0.03
4455,22.27,22.27,22.370037,0.001675,0,0,-0.4,-10.7,-3,1.04,0.19,-0.04
4456,22.275,22.275001,22.375718,0.002357,9.99999997475243e-07,0,-0.5,-10.7,-3.2,1.04,0.2,-0.04
4457,22.28,22.28,22.379721,0.001361,0,0,-0.5,-10.7,-3.3,1.04,0.2,-0.04
4458,22.285,22.285,22.384808,0.001448,0,0,-0.5,-10.9,-3.2,1.05,0.2,-0.05
4459,22.29,22.29,22.390777,0.002417,0,0,-0.3,-10.7,-3.1,1.04,0.19,-0.05
4460,22.295,22.295,22.394719,0.001358,0,0,-0.4,-10.7,-2.9,1.05,0.19,-0.05
4461,22.3,22.3,22.399793,0.001432,0,0,-0.4,-10.6,-3.2,1.04,0.19,-0.05
4462,22.305,22.305,22.405709,0.002347,0,0,-0.4,-10.7,-2.8,1.04,0.19,-0.04
4463,22.31,22.31,22.409678,0.001317,0,0,-0.4,-10.7,-2.5,1.05,0.19,-0.04
4464,22.315,22.315,22.414771,0.001409,0,0,-0.4,-10.8,-2.5,1.04,0.19,-0.04
4465,22.32,22.32,22.420777,0.002416,0,0,-0.4,-10.7,-3.3,1.03,0.2,-0.04
4466,22.325,22.325001,22.42598,0.002618,1.00000000102796e-06,0,-0.4,-10.8,-3.3,1.03,0.2,-0.04
4467,22.33,22.330001,22.429765,0.001403,9.99999997475243e-07,0,-0.6,-10.8,-2.5,1.04,0.19,-0.04
4468,22.335,22.335,22.435721,0.00236,0,0,-0.6,-10.8,-2.7,1.04,0.2,-0.04
4469,22.34,22.34,22.439695,0.001334,0,0,-0.4,-10.7,-2.2,1.05,0.18,-0.04
4470,22.345,22.345,22.444681,0.00132,0,0,-0.5,-10.8,-2.2,1.05,0.19,-0.04
4471,22.35,22.35,22.450756,0.002395,0,0,-0.4,-10.7,-2.5,1.05,0.19,-0.05
4472,22.355,22.355,22.454692,0.001331,0,0,-0.5,-10.7,-3.1,1.04,0.19,-0.05
4473,22.36,22.36,22.459691,0.00133,0,0,-0.3,-10.6,-3,1.03,0.18,-0.04
4474,22.365,22.365001,22.465789,0.002426,9.99999997475243e-07,0,-0.3,-10.6,-3.2,1.04,0.18,-0.05
4475,22.37,22.37,22.469776,0.001416,0,0,-0.3,-10.6,-3.4,1.04,0.19,-0.04
4476,22.375,22.375,22.474745,0.001384,0,0,-0.3,-10.7,-3.1,1.04,0.19,-0.04
4477,22.38,22.38,22.480844,0.002483,0,0,-0.4,-10.7,-2.9,1.04,0.19,-0.04
4478,22.385,22.385,22.485803,0.002441,0,0,-0.3,-10.7,-2.4,1.04,0.18,-0.04
4479,22.39,22.39,22.489821,0.001459,0,0,-0.2,-10.7,-2.4,1.04,0.17,-0.04
4480,22.395,22.395,22.495792,0.002431,0,0,-0.2,-10.8,-2.8,1.04,0.18,-0.05
4481,22.4,22.400001,22.500787,0.002425,9.99999997475243e-07,0,-0.3,-10.8,-2.7,1.05,0.18,-0.05
4482,22.405,22.405,22.504824,0.001462,0,0,-0.3,-10.8,-3.3,1.04,0.19,-0.05
4483,22.41,22.41,22.510719,0.002357,0,0,-0.3,-10.7,-2.9,1.04,0.19,-0.05
4484,22.415,22.415,22.515868,0.002508,0,0,-0.2,-10.8,-2.8,1.04,0.19,-0.04
4485,22.42,22.42,22.519689,0.001328,0,0,-0.3,-10.8,-2.7,1.04,0.19,-0.04
4486,22.425,22.425,22.524761,0.0014,0,0,-0.3,-10.8,-3.4,1.03,0.2,-0.04
4487,22.43,22.430001,22.530893,0.002531,1.00000000102796e-06,0,-0.4,-10.8,-3,1.04,0.19,-0.04
4488,22.435,22.435001,22.534854,0.001492,1.00000000102796e-06,0,-0.4,-10.8,-3.2,1.03,0.19,-0.04
4489,22.44,22.44,22.539727,0.001366,0,0,-0.4,-10.7,-3.9,1.03,0.2,-0.04
4490,22.445,22.445,22.545779,0.002418,0,0,-0.6,-10.7,-3.7,1.03,0.2,-0.05
4491,22.45,22.45,22.54976,0.001398,0,0,-0.4,-10.7,-3.2,1.03,0.19,-0.04
4492,22.455,22.455001,22.555744,0.002382,9.99999997475243e-07,0,-0.4,-10.7,-3.2,1.04,0.2,-0.05
4493,22.46,22.46,22.5597,0.001339,0,0,-0.4,-10.8,-3.5,1.04,0.2,-0.05
4494,22.465,22.465,22.564743,0.001382,0,0,-0.4,-10.8,-3.5,1.04,0.2,-0.05
4495,22.47,22.47,22.570748,0.002386,0,0,-0.5,-10.7,-3.6,1.04,0.2,-0.05
4496,22.475,22.475,22.574712,0.001351,0,0,-0.5,-10.7,-2.8,1.04,0.19,-0.05
4497,22.48,22.48,22.579761,0.0014,0,0,-0.4,-10.7,-2.6,1.04,0.18,-0.04
4498,22.485,22.485,22.58575,0.002389,0,0,-0.5,-10.7,-2.9,1.04,0.19,-0.04
4499,22.49,22.490002,22.590997,0.002635,1.9999999985032e-06,0,-0.5,-10.7,-2.5,1.04,0.18,-0.04
4500,22.495,22.495,22.594718,0.001357,0,0,-0.5,-10.8,-2.7,1.04,0.19,-0.04
4501,22.5,22.5,22.600742,0.002381,0,0,-0.4,-10.7,-2.7,1.04,0.17,-0.04
4502,22.505,22.505,22.605719,0.002358,0,0,-0.4,-10.8,-2.4,1.05,0.17,-0.04
4503,22.51,22.51,22.60968,0.001319,0,0,-0.5,-10.8,-3.3,1.04,0.19,-0.05
4504,22.515,22.515,22.615699,0.002338,0,0,-0.5,-10.8,-3.5,1.04,0.19,-0.05
4505,22.52,22.52,22.619791,0.00143,0,0,-0.5,-10.8,-2.8,1.04,0.2,-0.04
4506,22.525,22.525001,22.624694,0.001332,9.99999997475243e-07,0,-0.3,-10.8,-2.3,1.04,0.18,-0.04
4507,22.53,22.53,22.630697,0.002337,0,0,-0.4,-10.8,-2.3,1.04,0.19,-0.04
4508,22.535,22.535,22.634689,0.001328,0,0,-0.5,-10.7,-2.9,1.04,0.2,-0.05
4509,22.54,22.54,22.639729,0.001367,0,0,-0.4,-10.6,-3,1.03,0.19,-0.04
4510,22.545,22.545,22.645716,0.002355,0,0,-0.4,-10.7,-3,1.04,0.18,-0.04
4511,22.55,22.55,22.650699,0.002338,0,0,-0.4,-10.7,-3.2,1.04,0.19,-0.05
4512,22.555,22.555,22.654675,0.001314,0,0,-0.4,-10.7,-2.8,1.05,0.19,-0.05
4513,22.56,22.56,22.660723,0.002362,0,0,-0.5,-10.8,-3,1.05,0.2,-0.05
4514,22.565,22.565,22.665692,0.00233,0,0,-0.5,-10.7,-3.2,1.05,0.2,-0.05
4515,22.57,22.57,22.669703,0.001342,0,0,-0.5,-10.8,-2.7,1.05,0.19,-0.05
4516,22.575,22.575,22.67481,0.001448,0,0,-0.5,-10.8,-2.4,1.05,0.19,-0.04
4517,22.58,22.580001,22.680782,0.002421,9.99999997475243e-07,0,-0.4,-10.7,-2.8,1.04,0.19,-0.04
4518,22.585,22.585,22.685691,0.00233,0,0,-0.3,-10.8,-2.2,1.04,0.18,-0.04
4519,22.59,22.59,22.689683,0.001322,0,0,-0.6,-10.8,-2.3,1.05,0.19,-0.04
4520,22.595,22.595,22.694878,0.001516,0,0,-0.5,-10.8,-3.1,1.04,0.21,-0.04
4521,22.6,22.6,22.70075,0.002389,0,0,-0.6,-10.8,-2.8,1.04,0.2,-0.04
4522,22.605,22.605,22.704786,0.001425,0,0,-0.5,-10.9,-2.4,1.05,0.2,-0.04
4523,22.61,22.61,22.709789,0.001428,0,0,-0.6,-11,-2.9,1.05,0.21,-0.04
4524,22.615,22.615001,22.715809,0.002447,9.99999997475243e-07,0,-0.6,-10.8,-2.6,1.05,0.2,-0.04
4525,22.62,22.62,22.719778,0.001417,0,0,-0.5,-10.8,-2.5,1.05,0.19,-0.04
4526,22.625,22.625,22.724782,0.00142,0,0,-0.4,-10.8,-2.6,1.04,0.19,-0.04
4527,22.63,22.63,22.730721,0.002361,0,0,-0.3,-10.6,-2.5,1.04,0.18,-0.04
4528,22.635,22.635,22.734725,0.001363,0,0,-0.3,-10.7,-2.2,1.04,0.17,-0.04
4529,22.64,22.64,22.739744,0.001383,0,0,-0.4,-10.7,-3,1.04,0.18,-0.04
4530,22.645,22.645,22.745872,0.002511,0,0,-0.3,-10.7,-3,1.03,0.19,-0.04
4531,22.65,22.650001,22.75071,0.002348,9.99999997475243e-07,0,-0.4,-10.8,-2.8,1.04,0.19,-0.04
4532,22.655,22.655,22.754944,0.001584,0,0,-0.4,-10.8,-2.8,1.04,0.2,-0.04
4533,22.66,22.66,22.759758,0.001396,0,0,-0.4,-10.8,-2.9,1.04,0.2,-0.05
4534,22.665,22.665,22.765718,0.002357,0,0,-0.3,-10.7,-2.2,1.05,0.18,-0.04
4535,22.67,22.67,22.769685,0.001324,0,0,-0.3,-10.7,-2.8,1.04,0.19,-0.04
4536,22.675,22.675,22.774689,0.001328,0,0,-0.4,-10.8,-3.2,1.04,0.2,-0.05
4537,22.68,22.68,22.779777,0.001416,0,0,-0.6,-10.8,-2.7,1.04,0.2,-0.04
4538,22.685,22.685,22.785712,0.002351,0,0,-0.5,-10.8,-2.8,1.04,0.2,-0.05
4539,22.69,22.69,22.78969,0.001329,0,0,-0.4,-10.8,-2.6,1.05,0.19,-0.04
4540,22.695,22.695,22.794735,0.001374,0,0,-0.4,-10.8,-3,1.04,0.2,-0.05
4541,22.7,22.700002,22.799965,0.001602,2.00000000205591e-06,0,-0.5,-10.8,-3.3,1.04,0.2,-0.05
4542,22.705,22.705001,22.805711,0.002349,9.99999997475243e-07,0,-0.5,-10.8,-2.8,1.05,0.19,-0.05
4543,22.71,22.71,22.809718,0.001357,0,0,-0.5,-10.9,-3.2,1.04,0.19,-0.05
4544,22.715,22.715,22.81472,0.001359,0,0,-0.4,-10.8,-3.3,1.04,0.19,-0.05
4545,22.72,22.72,22.820734,0.002373,0,0,-0.4,-10.7,-3.1,1.04,0.19,-0.04
4546,22.725,22.725,22.825699,0.002338,0,0,-0.4,-10.7,-2.5,1.04,0.18,-0.04
4547,22.73,22.73,22.829689,0.001327,0,0,-0.3,-10.7,-2.8,1.04,0.18,-0.04
4548,22.735,22.735,22.835766,0.002406,0,0,-0.5,-10.7,-2.9,1.04,0.19,-0.04
4549,22.74,22.740001,22.840784,0.002421,9.99999997475243e-07,0,-0.4,-10.7,-3.1,1.04,0.18,-0.05
4550,22.745,22.745,22.844685,0.001324,0,0,-0.3,-10.7,-2.8,1.04,0.18,-0.04
4551,22.75,22.75,22.8499,0.001538,0,0,-0.4,-10.9,-2.6,1.04,0.18,-0.05
4552,22.755,22.755,22.855765,0.002404,0,0,-0.4,-10.7,-2.7,1.04,0.18,-0.05
4553,22.76,22.76,22.860719,0.002358,0,0,-0.5,-10.8,-2.5,1.04,0.19,-0.04
4554,22.765,22.765,22.864691,0.001331,0,0,-0.3,-10.8,-2.5,1.04,0.18,-0.04
4555,22.77,22.77,22.870741,0.00238,0,0,-0.4,-10.7,-2.6,1.04,0.18,-0.04
4556,22.775,22.775001,22.8757,0.002338,9.99999997475243e-07,0,-0.4,-10.7,-2.4,1.04,0.18,-0.04
4557,22.78,22.78,22.879682,0.001321,0,0,-0.4,-10.7,-2.9,1.04,0.19,-0.05
4558,22.785,22.785,22.88473,0.001368,0,0,-0.4,-10.6,-2.2,1.05,0.18,-0.04
4559,22.79,22.79,22.890891,0.00253,0,0,-0.2,-10.6,-2,1.04,0.17,-0.04
4560,22.795,22.795,22.894703,0.001342,0,0,-0.2,-10.7,-2.3,1.05,0.17,-0.04
4561,22.8,22.8,22.89974,0.001378,0,0,-0.3,-10.6,-1.8,1.05,0.16,-0.04
4562,22.805,22.805,22.905744,0.002384,0,0,-0.3,-10.7,-1.5,1.05,0.16,-0.04
4563,22.81,22.81,22.909699,0.001338,0,0,-0.3,-10.8,-1.4,1.05,0.17,-0.04
4564,22.815,22.815,22.914876,0.001514,0,0,-0.2,-10.7,-1.6,1.05,0.16,-0.04
4565,22.82,22.82,22.920797,0.002436,0,0,-0.3,-10.7,-1.9,1.04,0.17,-0.04
4566,22.825,22.825,22.925729,0.002368,0,0,-0.2,-10.8,-2.2,1.04,0.18,-0.04
4567,22.83,22.830001,22.929705,0.001343,9.99999997475243e-07,0,-0.4,-10.8,-1.8,1.05,0.18,-0.04
4568,22.835,22.835,22.934832,0.001471,0,0,-0.3,-10.7,-2.1,1.04,0.17,-0.04
4569,22.84,22.84,22.94074,0.002379,0,0,-0.4,-10.7,-2.8,1.04,0.19,-0.04
4570,22.845,22.845,22.944744,0.001383,0,0,-0.3,-10.7,-2.5,1.04,0.18,-0.03
4571,22.85,22.85,22.949781,0.00142,0,0,-0.3,-10.8,-2.7,1.04,0.18,-0.04
4572,22.855,22.855,22.954964,0.001603,0,0,-0.4,-10.8,-2.8,1.04,0.19,-0.04
4573,22.86,22.86,22.960689,0.002328,0,0,-0.5,-10.8,-2.6,1.04,0.2,-0.04
4574,22.865,22.865001,22.964696,0.001333,9.99999997475243e-07,0,-0.6,-10.7,-2,1.04,0.19,-0.04
4575,22.87,22.87,22.969788,0.001427,0,0,-0.5,-10.7,-2.4,1.04,0.19,-0.04
4576,22.875,22.875,22.975765,0.002404,0,0,-0.3,-10.8,-2.6,1.04,0.18,-0.04
4577,22.88,22.88,22.979745,0.001384,0,0,-0.5,-10.8,-3.1,1.04,0.2,-0.04
4578,22.885,22.885,22.984737,0.001376,0,0,-0.5,-10.9,-3.2,1.03,0.21,-0.04
4579,22.89,22.89,22.98998,0.001619,0,0,-0.6,-10.9,-3.2,1.04,0.21,-0.04
4580,22.895,22.895,22.995785,0.002425,0,0,-0.5,-10.8,-3.3,1.04,0.2,-0.04
4581,22.9,22.900001,22.999702,0.001339,9.99999997475243e-07,0,-0.4,-10.8,-3.3,1.04,0.19,-0.05
4582,22.905,22.905,23.004838,0.001477,0,0,-0.3,-10.7,-2.9,1.04,0.19,-0.05
4583,22.91,22.91,23.010766,0.002404,0,0,-0.2,-10.6,-2.7,1.04,0.18,-0.04
4584,22.915,22.915,23.015793,0.002432,0,0,-0.3,-10.6,-2.7,1.05,0.18,-0.04
4585,22.92,22.920001,23.019733,0.00137,9.99999997475243e-07,0,-0.3,-10.6,-2.8,1.05,0.18,-0.04
4586,22.925,22.925,23.024879,0.001518,0,0,-0.3,-10.6,-2.3,1.05,0.18,-0.04
4587,22.93,22.93,23.030735,0.002374,0,0,-0.3,-10.6,-2.3,1.04,0.18,-0.04
4588,22.935,22.935,23.034711,0.00135,0,0,-0.3,-10.7,-2.4,1.04,0.19,-0.04
4589,22.94,22.94,23.039801,0.001441,0,0,-0.3,-10.6,-2.5,1.05,0.19,-0.04
4590,22.945,22.945,23.045799,0.002438,0,0,-0.3,-10.7,-2.5,1.04,0.18,-0.04
4591,22.95,22.95,23.04971,0.001349,0,0,-0.4,-10.7,-2.8,1.04,0.19,-0.04
4592,22.955,22.955001,23.054835,0.001473,9.99999997475243e-07,0,-0.3,-10.7,-2.5,1.05,0.19,-0.04
4593,22.96,22.96,23.06073,0.00237,0,0,-0.4,-10.7,-2.6,1.05,0.19,-0.04
4594,22.965,22.965001,23.064708,0.001345,1.00000000102796e-06,0,-0.4,-10.7,-2.6,1.05,0.19,-0.04
4595,22.97,22.97,23.069775,0.001414,0,0,-0.6,-10.7,-3.6,1.04,0.22,-0.05
4596,22.975,22.975,23.075066,0.001704,0,0,-0.4,-10.8,-3.2,1.04,0.2,-0.05
4597,22.98,22.980001,23.080866,0.002504,1.00000000102796e-06,0,-0.4,-10.7,-2.7,1.04,0.19,-0.04
4598,22.985,22.985,23.084709,0.001347,0,0,-0.5,-10.7,-2.8,1.05,0.19,-0.04
4599,22.99,22.990001,23.089978,0.001616,9.99999997475243e-07,0,-0.4,-10.7,-2.9,1.05,0.19,-0.04
4600,22.995,22.995,23.095799,0.002439,0,0,-0.5,-10.8,-2.8,1.05,0.2,-0.04
4601,23,23,23.099831,0.001465,0,0,-0.4,-10.8,-3.2,1.05,0.2,-0.04
4602,23.005,23.005,23.104862,0.001501,0,0,-0.5,-10.9,-2.5,1.05,0.19,-0.04
4603,23.01,23.01,23.1107,0.002339,0,0,-0.5,-10.8,-2.9,1.05,0.19,-0.05
4604,23.015,23.015,23.115756,0.002393,0,0,-0.6,-10.8,-2.8,1.05,0.19,-0.05
4605,23.02,23.02,23.119863,0.001502,0,0,-0.4,-10.7,-2.7,1.05,0.18,-0.04
4606,23.025,23.025001,23.124937,0.001575,9.99999997475243e-07,0,-0.3,-10.6,-2.5,1.05,0.18,-0.04
4607,23.03,23.03,23.130917,0.002555,0,0,-0.3,-10.7,-2.4,1.05,0.17,-0.04
4608,23.035,23.035,23.134738,0.001377,0,0,-0.3,-10.7,-1.9,1.05,0.17,-0.04
4609,23.04,23.040001,23.140003,0.001641,1.00000000102796e-06,0,-0.5,-10.7,-2.2,1.06,0.17,-0.04
4610,23.045,23.045,23.145746,0.002385,0,0,-0.6,-10.7,-2.4,1.06,0.17,-0.04
4611,23.05,23.050001,23.149908,0.001546,1.00000000102796e-06,0,-0.6,-10.8,-2.9,1.05,0.17,-0.05
4612,23.055,23.055,23.154771,0.001411,0,0,-0.7,-10.7,-3.2,1.06,0.18,-0.06
4613,23.06,23.06,23.160793,0.002432,0,0,-0.7,-10.7,-3,1.06,0.17,-0.05
4614,23.065,23.065,23.165732,0.002371,0,0,-0.7,-10.8,-3.3,1.06,0.18,-0.06
4615,23.07,23.07,23.169726,0.001365,0,0,-0.6,-10.8,-3,1.06,0.17,-0.06
4616,23.075,23.075,23.175747,0.002386,0,0,-0.7,-10.9,-3.4,1.06,0.18,-0.06
4617,23.08,23.080001,23.180733,0.002372,9.99999997475243e-07,0,-0.7,-10.8,-3.3,1.07,0.17,-0.06
4618,23.085,23.085,23.184688,0.001327,0,0,-0.6,-10.8,-3.7,1.07,0.18,-0.06
4619,23.09,23.09,23.190685,0.002324,0,0,-0.5,-10.8,-2.7,1.08,0.16,-0.05
4620,23.095,23.095,23.194679,0.001317,0,0,-0.5,-10.9,-2.6,1.09,0.16,-0.05
4621,23.1,23.1,23.199746,0.001385,0,0,-0.4,-11,-2.3,1.09,0.15,-0.05
4622,23.105,23.105,23.205763,0.002401,0,0,-0.5,-11.1,-3,1.09,0.16,-0.05
4623,23.11,23.11,23.21074,0.002378,0,0,-0.5,-11.1,-2.5,1.1,0.15,-0.06
4624,23.115,23.115001,23.214697,0.001335,9.99999997475243e-07,0,-0.5,-11,-2,1.11,0.15,-0.05
4625,23.12,23.12,23.220792,0.002431,0,0,-0.7,-11.1,-2.2,1.12,0.17,-0.05
4626,23.125,23.125,23.225744,0.002384,0,0,-0.6,-11.1,-2.6,1.11,0.17,-0.05
4627,23.13,23.13,23.229681,0.00132,0,0,-0.4,-11,-2.4,1.12,0.16,-0.05
4628,23.135,23.135,23.235783,0.002421,0,0,-0.5,-11,-2.1,1.12,0.15,-0.05
4629,23.14,23.14,23.240689,0.002328,0,0,-0.2,-11,-2,1.12,0.14,-0.05
4630,23.145,23.145,23.245685,0.002324,0,0,-0.2,-11,-1.8,1.13,0.15,-0.05
4631,23.15,23.150001,23.250725,0.002363,9.99999997475243e-07,0,-0.3,-11.1,-2.3,1.13,0.16,-0.05
4632,23.155,23.155,23.255834,0.002473,0,0,-0.4,-11.2,-2.2,1.14,0.16,-0.05
4633,23.16,23.16,23.259787,0.001426,0,0,-0.4,-11.1,-2.1,1.14,0.16,-0.04
4634,23.165,23.165,23.264798,0.001436,0,0,-0.4,-11.1,-2.5,1.14,0.17,-0.05
4635,23.17,23.17,23.270759,0.002397,0,0,-0.3,-11.1,-2.9,1.14,0.18,-0.05
4636,23.175,23.175,23.274675,0.001314,0,0,-0.4,-11.2,-3.2,1.14,0.18,-0.05
4637,23.18,23.18,23.279754,0.001393,0,0,-0.4,-11.3,-2.9,1.15,0.19,-0.05
4638,23.185,23.185,23.285769,0.002407,0,0,-0.5,-11.2,-3,1.15,0.19,-0.05
4639,23.19,23.19,23.290693,0.002333,0,0,-0.4,-11.2,-2.9,1.15,0.18,-0.05
4640,23.195,23.195,23.294696,0.001335,0,0,-0.5,-11.2,-2.4,1.16,0.17,-0.05
4641,23.2,23.2,23.299881,0.00152,0,0,-0.4,-11.3,-2.7,1.16,0.18,-0.05
4642,23.205,23.205001,23.30582,0.002458,9.99999997475243e-07,0,-0.4,-11.3,-2.6,1.16,0.18,-0.05
4643,23.21,23.21,23.30971,0.001349,0,0,-0.4,-11.3,-2.2,1.17,0.17,-0.05
4644,23.215,23.215,23.31484,0.001478,0,0,-0.4,-11.3,-2.5,1.18,0.18,-0.05
4645,23.22,23.22,23.320775,0.002413,0,0,-0.5,-11.5,-2,1.19,0.17,-0.05
4646,23.225,23.225,23.324682,0.001321,0,0,-0.5,-11.4,-1.9,1.2,0.17,-0.05
4647,23.23,23.23,23.330134,0.001773,0,0,-0.3,-11.3,-3,1.2,0.17,-0.05
4648,23.235,23.235,23.335785,0.002424,0,0,-0.3,-11.4,-2.7,1.21,0.16,-0.05
4649,23.24,23.240001,23.340827,0.002465,9.99999997475243e-07,0,-0.5,-11.5,-2.7,1.21,0.17,-0.05
4650,23.245,23.245,23.344745,0.001384,0,0,-0.5,-11.5,-3.1,1.22,0.18,-0.05
4651,23.25,23.25,23.35079,0.002429,0,0,-0.6,-11.5,-2.5,1.23,0.18,-0.05
4652,23.255,23.255,23.355823,0.002462,0,0,-0.6,-11.5,-3.2,1.23,0.19,-0.05
4653,23.26,23.26,23.359705,0.001344,0,0,-0.6,-11.4,-3.7,1.23,0.2,-0.06
4654,23.265,23.265,23.365821,0.002459,0,0,-0.6,-11.6,-3.6,1.23,0.2,-0.06
4655,23.27,23.27,23.370732,0.002371,0,0,-0.4,-11.4,-3.1,1.24,0.19,-0.05
4656,23.275,23.275001,23.37469,0.001328,9.99999997475243e-07,0,-0.5,-11.5,-3.7,1.24,0.2,-0.06
4657,23.28,23.28,23.37986,0.001499,0,0,-0.3,-11.5,-2.7,1.25,0.18,-0.05
4658,23.285,23.285,23.385897,0.002536,0,0,-0.3,-11.5,-3.2,1.24,0.18,-0.06
4659,23.29,23.29,23.389789,0.001427,0,0,-0.2,-11.5,-2.7,1.25,0.17,-0.05
4660,23.295,23.295,23.394734,0.001373,0,0,-0.3,-11.4,-2.8,1.25,0.18,-0.05
4661,23.3,23.3,23.400778,0.002417,0,0,-0.5,-11.5,-2.4,1.26,0.19,-0.05
4662,23.305,23.305,23.405716,0.002355,0,0,-0.3,-11.5,-1.8,1.26,0.18,-0.04
4663,23.31,23.31,23.409675,0.001314,0,0,-0.3,-11.5,-1.9,1.26,0.18,-0.04
4664,23.315,23.315,23.41486,0.0015,0,0,-0.2,-11.5,-2.8,1.26,0.18,-0.04
4665,23.32,23.32,23.420761,0.002399,0,0,-0.2,-11.5,-2.8,1.26,0.18,-0.04
4666,23.325,23.325,23.424715,0.001354,0,0,-0.1,-11.6,-2.7,1.26,0.18,-0.04
4667,23.33,23.330001,23.429841,0.001479,9.99999997475243e-07,0,-0.1,-11.5,-2.1,1.28,0.16,-0.04
4668,23.335,23.335,23.43575,0.002388,0,0,-0.2,-11.5,-2.6,1.27,0.18,-0.04
4669,23.34,23.34,23.440722,0.00236,0,0,-0.3,-11.5,-3.6,1.27,0.19,-0.05
4670,23.345,23.345,23.444761,0.0014,0,0,-0.4,-11.6,-3.2,1.28,0.19,-0.05
4671,23.35,23.35,23.44989,0.00153,0,0,-0.2,-11.6,-2.6,1.28,0.17,-0.04
4672,23.355,23.355,23.455789,0.002428,0,0,-0.3,-11.7,-2.2,1.28,0.17,-0.04
4673,23.36,23.36,23.459752,0.001391,0,0,-0.2,-11.7,-2.2,1.29,0.16,-0.04
4674,23.365,23.365002,23.465771,0.002408,1.9999999985032e-06,0,0,-11.6,-2.8,1.28,0.16,-0.05
4675,23.37,23.37,23.469803,0.001442,0,0,-0.1,-11.6,-2.9,1.29,0.17,-0.05
4676,23.375,23.375,23.474733,0.001371,0,0,-0.3,-11.7,-3.2,1.29,0.18,-0.05
4677,23.38,23.38,23.480823,0.002462,0,0,-0.2,-11.7,-3.1,1.29,0.18,-0.05
4678,23.385,23.385,23.484729,0.001367,0,0,-0.2,-11.6,-3.6,1.28,0.18,-0.05
4679,23.39,23.39,23.489744,0.001382,0,0,-0.4,-11.7,-3.6,1.29,0.19,-0.05
4680,23.395,23.395,23.495839,0.002478,0,0,-0.4,-11.5,-3.6,1.29,0.18,-0.05
4681,23.4,23.400001,23.500758,0.002397,9.99999997475243e-07,0,-0.3,-11.6,-3.2,1.28,0.18,-0.05
4682,23.405,23.405,23.504711,0.00135,0,0,-0.3,-11.6,-2.9,1.28,0.17,-0.05
4683,23.41,23.41,23.509833,0.001471,0,0,-0.3,-11.7,-3.2,1.28,0.18,-0.05
4684,23.415,23.415,23.515793,0.002432,0,0,-0.4,-11.7,-3,1.29,0.18,-0.05
4685,23.42,23.42,23.519709,0.001348,0,0,-0.3,-11.7,-2.6,1.29,0.17,-0.05
4686,23.425,23.425,23.524769,0.001409,0,0,-0.3,-11.7,-2.6,1.29,0.18,-0.05
4687,23.43,23.43,23.530808,0.002446,0,0,-0.3,-11.7,-2.6,1.3,0.17,-0.05
4688,23.435,23.435,23.534706,0.001346,0,0,-0.3,-11.8,-2,1.3,0.16,-0.04
4689,23.44,23.44,23.539758,0.001397,0,0,-0.3,-11.8,-1.9,1.3,0.16,-0.05
4690,23.445,23.445,23.545796,0.002435,0,0,-0.3,-11.9,-1.7,1.3,0.16,-0.04
4691,23.45,23.45,23.550708,0.002347,0,0,-0.3,-11.8,-2,1.3,0.17,-0.04
4692,23.455,23.455001,23.554753,0.001391,9.99999997475243e-07,0,-0.3,-11.8,-3,1.3,0.18,-0.05
4693,23.46,23.46,23.560769,0.002407,0,0,-0.3,-11.9,-2.6,1.31,0.18,-0.05
4694,23.465,23.465,23.564729,0.001368,0,0,-0.4,-11.8,-2.6,1.31,0.18,-0.05
4695,23.47,23.47,23.569832,0.001471,0,0,-0.5,-11.7,-2.6,1.32,0.18,-0.05
4696,23.475,23.475,23.575025,0.001665,0,0,-0.3,-11.8,-2.1,1.33,0.16,-0.05
4697,23.48,23.48,23.580796,0.002434,0,0,-0.4,-11.8,-2.5,1.32,0.17,-0.05
4698,23.485,23.485,23.584693,0.001332,0,0,-0.4,-11.8,-2.4,1.32,0.17,-0.05
4699,23.49,23.490001,23.589766,0.001404,9.99999997475243e-07,0,-0.4,-11.9,-2.6,1.32,0.19,-0.05
4700,23.495,23.495,23.59579,0.002429,0,0,-0.4,-12,-2.4,1.33,0.19,-0.04
4701,23.5,23.5,23.59972,0.001359,0,0,-0.4,-11.9,-2.8,1.32,0.19,-0.04
4702,23.505,23.505,23.604772,0.001412,0,0,-0.4,-12,-2.9,1.32,0.19,-0.05
4703,23.51,23.51,23.610003,0.001643,0,0,-0.3,-11.8,-2.9,1.32,0.18,-0.04
4704,23.515,23.515,23.615766,0.002404,0,0,-0.4,-11.9,-3,1.32,0.19,-0.04
4705,23.52,23.52,23.619731,0.001369,0,0,-0.4,-11.9,-2.7,1.33,0.19,-0.04
4706,23.525,23.525001,23.624813,0.00145,9.99999997475243e-07,0,-0.3,-11.9,-2.9,1.33,0.19,-0.05
4707,23.53,23.53,23.63081,0.00245,0,0,-0.3,-11.9,-2.5,1.33,0.18,-0.05
4708,23.535,23.535,23.634696,0.001335,0,0,-0.1,-11.9,-2.9,1.34,0.18,-0.05
4709,23.54,23.54,23.639769,0.001409,0,0,-0.1,-11.9,-3,1.33,0.18,-0.05
4710,23.545,23.545,23.644907,0.001546,0,0,-0.2,-11.9,-2.8,1.34,0.19,-0.04
4711,23.55,23.55,23.650883,0.002521,0,0,-0.3,-11.8,-3,1.34,0.19,-0.04
4712,23.555,23.555,23.654764,0.001404,0,0,-0.2,-11.9,-2.7,1.35,0.17,-0.05
4713,23.56,23.56,23.659832,0.001471,0,0,-0.2,-11.8,-2.4,1.35,0.16,-0.05
4714,23.565,23.565,23.665778,0.002416,0,0,-0.3,-12,-2.5,1.35,0.18,-0.04
4715,23.57,23.57,23.669709,0.001348,0,0,-0.4,-12,-2.3,1.36,0.18,-0.05
4716,23.575,23.575,23.674887,0.001525,0,0,-0.4,-12,-2.6,1.36,0.18,-0.05
4717,23.58,23.580001,23.680808,0.002445,9.99999997475243e-07,0,-0.5,-12.1,-2.5,1.36,0.18,-0.05
4718,23.585,23.585,23.68469,0.00133,0,0,-0.4,-12,-2.3,1.36,0.18,-0.05
4719,23.59,23.59,23.689878,0.001517,0,0,-0.2,-12,-1.9,1.36,0.16,-0.05
4720,23.595,23.595,23.695782,0.002421,0,0,-0.3,-12,-2.6,1.36,0.18,-0.05
4721,23.6,23.6,23.700706,0.002345,0,0,-0.3,-12,-2.4,1.37,0.18,-0.05
4722,23.605,23.605,23.704704,0.001342,0,0,-0.3,-11.9,-2.2,1.37,0.17,-0.05
4723,23.61,23.61,23.710077,0.001716,0,0,-0.4,-12,-2.1,1.38,0.17,-0.05
4724,23.615,23.615002,23.715782,0.002419,1.9999999985032e-06,0,-0.5,-12,-2.3,1.38,0.18,-0.05
4725,23.62,23.62,23.719686,0.001325,0,0,-0.5,-12,-2.2,1.37,0.18,-0.05
4726,23.625,23.625,23.72475,0.001388,0,0,-0.3,-12,-2.4,1.38,0.17,-0.05
4727,23.63,23.63,23.730717,0.002356,0,0,-0.2,-12,-2.5,1.38,0.17,-0.05
4728,23.635,23.635,23.734725,0.001363,0,0,-0.2,-12,-2.5,1.38,0.17,-0.05
4729,23.64,23.64,23.7397,0.001339,0,0,-0.3,-12.1,-2.6,1.38,0.17,-0.05
4730,23.645,23.645,23.745704,0.002343,0,0,-0.3,-12.2,-2.2,1.39,0.17,-0.05
4731,23.65,23.650001,23.749667,0.001305,9.99999997475243e-07,0,-0.3,-12.2,-1.8,1.4,0.16,-0.05
4732,23.655,23.655,23.754688,0.001327,0,0,-0.3,-12.1,-2.5,1.4,0.17,-0.05
4733,23.66,23.66,23.760688,0.002327,0,0,-0.3,-12.1,-2.5,1.4,0.17,-0.05
4734,23.665,23.665,23.765685,0.002324,0,0,-0.4,-12.2,-2.9,1.39,0.18,-0.05
4735,23.67,23.67,23.76974,0.001379,0,0,-0.3,-12.1,-3,1.4,0.18,-0.05
4736,23.675,23.675,23.774766,0.001404,0,0,-0.6,-12.1,-2.8,1.4,0.2,-0.05
4737,23.68,23.68,23.780749,0.002387,0,0,-0.6,-12.2,-3.3,1.4,0.2,-0.06
4738,23.685,23.685,23.784675,0.001314,0,0,-0.6,-12,-3.7,1.38,0.2,-0.06
4739,23.69,23.69,23.789665,0.001304,0,0,-0.5,-12.1,-3.5,1.38,0.2,-0.06
4740,23.695,23.695,23.795701,0.00234,0,0,-0.2,-12.1,-2.4,1.39,0.17,-0.05
4741,23.7,23.7,23.799688,0.001327,0,0,-0.4,-12.1,-2.6,1.38,0.18,-0.05
4742,23.705,23.705001,23.804689,0.001327,9.99999997475243e-07,0,-0.2,-11.9,-2.8,1.36,0.16,-0.05
4743,23.71,23.71,23.81068,0.002319,0,0,-0.3,-11.9,-1.9,1.36,0.15,-0.05
4744,23.715,23.715,23.815745,0.002384,0,0,-0.3,-11.9,-2.2,1.34,0.16,-0.05
4745,23.72,23.72,23.819681,0.00132,0,0,-0.4,-11.9,-1.9,1.33,0.16,-0.05
4746,23.725,23.725,23.825696,0.002335,0,0,-0.5,-11.9,-2.4,1.32,0.17,-0.06
4747,23.73,23.73,23.830736,0.002375,0,0,-0.5,-11.8,-2.7,1.29,0.17,-0.06
4748,23.735,23.735,23.834666,0.001305,0,0,-0.4,-11.6,-3.3,1.27,0.17,-0.06
4749,23.74,23.740001,23.839818,0.001456,9.99999997475243e-07,0,-0.4,-11.6,-2.9,1.25,0.17,-0.06
4750,23.745,23.745,23.845783,0.002421,0,0,-0.4,-11.6,-2.4,1.22,0.17,-0.06
4751,23.75,23.75,23.849682,0.001321,0,0,-0.4,-11.4,-3,1.21,0.18,-0.06
4752,23.755,23.755,23.855168,0.001807,0,0,-0.4,-11.3,-2.4,1.18,0.17,-0.05
4753,23.76,23.76,23.860809,0.002447,0,0,-0.3,-11.3,-2.6,1.17,0.18,-0.04
4754,23.765,23.765,23.864677,0.001316,0,0,-0.5,-11.1,-2.5,1.15,0.2,-0.04
4755,23.77,23.77,23.86998,0.001619,0,0,-0.3,-11,-2.1,1.13,0.18,-0.04
4756,23.775,23.775001,23.875834,0.002471,9.99999997475243e-07,0,-0.2,-11,-2.2,1.11,0.19,-0.03
4757,23.78,23.78,23.880793,0.002431,0,0,-0.3,-10.9,-2.6,1.09,0.21,-0.03
4758,23.785,23.785,23.884842,0.00148,0,0,-0.3,-10.8,-2,1.09,0.2,-0.03
4759,23.79,23.79,23.890782,0.002421,0,0,-0.3,-10.8,-1.8,1.08,0.2,-0.03
4760,23.795,23.795,23.895721,0.00236,0,0,-0.4,-10.8,-2.5,1.06,0.2,-0.04
4761,23.8,23.8,23.89968,0.001319,0,0,-0.4,-10.6,-2.4,1.06,0.18,-0.04
4762,23.805,23.805,23.904995,0.001635,0,0,-0.5,-10.7,-2.6,1.05,0.18,-0.04
4763,23.81,23.81,23.910871,0.002509,0,0,-0.4,-10.7,-3.2,1.05,0.19,-0.04
4764,23.815,23.815,23.914695,0.001334,0,0,-0.4,-10.9,-3.1,1.05,0.2,-0.04
4765,23.82,23.82,23.919791,0.00143,0,0,-0.3,-10.7,-2.5,1.06,0.18,-0.03
4766,23.825,23.825,23.925803,0.002441,0,0,-0.3,-10.6,-2.8,1.06,0.19,-0.03
4767,23.83,23.830001,23.930698,0.002336,9.99999997475243e-07,0,-0.2,-10.7,-2.4,1.06,0.18,-0.04
4768,23.835,23.835,23.934705,0.001344,0,0,-0.3,-10.7,-2.4,1.05,0.19,-0.03
4769,23.84,23.84,23.940782,0.002421,0,0,-0.4,-10.7,-2.3,1.05,0.18,-0.04
4770,23.845,23.845,23.94468,0.001319,0,0,-0.3,-10.8,-2.3,1.05,0.18,-0.03
4771,23.85,23.85,23.949761,0.0014,0,0,-0.3,-10.8,-1.9,1.06,0.17,-0.04
4772,23.855,23.855,23.955723,0.002361,0,0,-0.4,-10.9,-2.4,1.05,0.19,-0.04
4773,23.86,23.86,23.960767,0.002405,0,0,-0.4,-10.8,-2.9,1.05,0.19,-0.05
4774,23.865,23.865001,23.964713,0.00135,9.99999997475243e-07,0,-0.3,-10.7,-2.8,1.05,0.18,-0.05
4775,23.87,23.87,23.969768,0.001407,0,0,-0.3,-10.7,-3,1.04,0.19,-0.05
4776,23.875,23.875,23.975766,0.002405,0,0,-0.5,-10.8,-2.8,1.05,0.19,-0.05
4777,23.88,23.88,23.979679,0.001318,0,0,-0.3,-10.7,-2.9,1.05,0.19,-0.05
4778,23.885,23.885,23.984776,0.001415,0,0,-0.5,-10.8,-2.9,1.04,0.2,-0.04
4779,23.89,23.89,23.990718,0.002357,0,0,-0.4,-10.7,-2.5,1.05,0.19,-0.04
4780,23.895,23.895,23.994672,0.001311,0,0,-0.4,-10.7,-3.1,1.04,0.19,-0.05
4781,23.9,23.900001,23.999752,0.00139,9.99999997475243e-07,0,-0.4,-10.7,-3.2,1.04,0.19,-0.05
4782,23.905,23.905,24.005707,0.002346,0,0,-0.4,-10.7,-3.1,1.04,0.19,-0.05
4783,23.91,23.91,24.009668,0.001307,0,0,-0.4,-10.7,-2.7,1.04,0.19,-0.04
4784,23.915,23.915,24.014667,0.001306,0,0,-0.4,-10.8,-3.3,1.04,0.19,-0.05
4785,23.92,23.92,24.020811,0.00245,0,0,-0.5,-10.8,-3.4,1.04,0.2,-0.04
4786,23.925,23.925,24.024689,0.001328,0,0,-0.3,-10.7,-2.7,1.04,0.19,-0.04
4787,23.93,23.93,24.029684,0.001323,0,0,-0.4,-10.6,-2.1,1.05,0.18,-0.03
4788,23.935,23.935001,24.035857,0.002495,9.99999997475243e-07,0,-0.4,-10.7,-2.2,1.05,0.19,-0.04
4789,23.94,23.94,24.040758,0.002397,0,0,-0.3,-10.7,-2.6,1.05,0.19,-0.04
4790,23.945,23.945,24.04469,0.001329,0,0,-0.4,-10.8,-2.7,1.05,0.2,-0.04
4791,23.95,23.95,24.050801,0.00244,0,0,-0.4,-10.7,-2.6,1.05,0.19,-0.04
4792,23.955,23.955001,24.055742,0.00238,9.99999997475243e-07,0,-0.4,-10.8,-2.1,1.05,0.19,-0.03
4793,23.96,23.96,24.059699,0.001337,0,0,-0.3,-10.7,-2.4,1.04,0.18,-0.03
4794,23.965,23.965,24.064969,0.001607,0,0,-0.3,-10.8,-2.4,1.04,0.18,-0.04
4795,23.97,23.97,24.07077,0.002408,0,0,-0.3,-10.8,-2.1,1.04,0.18,-0.03
4796,23.975,23.975,24.074675,0.001314,0,0,-0.3,-10.7,-1.4,1.05,0.17,-0.03
4797,23.98,23.98,24.07982,0.00146,0,0,-0.2,-10.7,-1.7,1.05,0.17,-0.04
4798,23.985,23.985,24.085071,0.001709,0,0,-0.2,-10.7,-2.5,1.05,0.17,-0.04
4799,23.99,23.990001,24.090801,0.002438,9.99999997475243e-07,0,-0.4,-10.7,-2.7,1.04,0.19,-0.04
4800,23.995,23.995,24.094714,0.001353,0,0,-0.4,-10.7,-2.7,1.04,0.18,-0.05
4801,24,24,24.099766,0.001405,0,0,-0.4,-10.6,-2.1,1.05,0.17,-0.04
4802,24.005,24.005,24.105803,0.002441,0,0,-0.5,-10.6,-2.8,1.05,0.19,-0.05
4803,24.01,24.01,24.110702,0.002341,0,0,-0.4,-10.6,-2.9,1.05,0.18,-0.05
4804,24.015,24.015,24.114862,0.001501,0,0,-0.5,-10.7,-2.4,1.05,0.18,-0.04
4805,24.02,24.02,24.120744,0.002383,0,0,-0.3,-10.7,-3,1.04,0.18,-0.05
4806,24.025,24.025001,24.124691,0.001329,9.99999997475243e-07,0,-0.4,-10.8,-2.7,1.05,0.18,-0.05
4807,24.03,24.03,24.129721,0.00136,0,0,-0.4,-10.8,-2.6,1.05,0.18,-0.05
4808,24.035,24.035,24.135714,0.002353,0,0,-0.3,-10.7,-3.1,1.05,0.18,-0.05
4809,24.04,24.04,24.140714,0.002353,0,0,-0.4,-10.8,-3,1.05,0.19,-0.04
4810,24.045,24.045,24.14469,0.001329,0,0,-0.3,-10.8,-3.2,1.05,0.2,-0.05
4811,24.05,24.05,24.150753,0.002392,0,0,-0.4,-10.8,-2.9,1.05,0.2,-0.04
4812,24.055,24.055,24.155683,0.002322,0,0,-0.2,-10.8,-2.4,1.05,0.18,-0.04
4813,24.06,24.060001,24.159666,0.001304,9.99999997475243e-07,0,-0.3,-10.8,-2.6,1.05,0.19,-0.04
4814,24.065,24.065,24.165718,0.002357,0,0,-0.3,-10.8,-2.2,1.05,0.18,-0.04
4815,24.07,24.07,24.170721,0.00236,0,0,-0.3,-10.7,-2.1,1.05,0.18,-0.04
4816,24.075,24.075,24.17472,0.001359,0,0,-0.3,-10.7,-2.6,1.05,0.18,-0.04
4817,24.08,24.080001,24.179853,0.001491,9.99999997475243e-07,0,-0.2,-10.6,-3.5,1.04,0.18,-0.04
4818,24.085,24.085,24.185708,0.002347,0,0,-0.4,-10.7,-3.4,1.04,0.19,-0.05
4819,24.09,24.09,24.189672,0.001311,0,0,-0.4,-10.6,-3.5,1.04,0.2,-0.05
4820,24.095,24.095,24.194748,0.001386,0,0,-0.3,-10.7,-2.4,1.05,0.18,-0.04
4821,24.1,24.1,24.200725,0.002364,0,0,-0.2,-10.7,-2.6,1.05,0.17,-0.05
4822,24.105,24.105,24.204666,0.001305,0,0,-0.2,-10.7,-2.2,1.05,0.16,-0.04
4823,24.11,24.11,24.209649,0.001288,0,0,-0.3,-10.7,-2.1,1.05,0.17,-0.04
4824,24.115,24.115001,24.215715,0.002353,9.99999997475243e-07,0,-0.4,-10.7,-2.6,1.05,0.18,-0.04
4825,24.12,24.12,24.219687,0.001326,0,0,-0.3,-10.7,-2.8,1.05,0.17,-0.05
4826,24.125,24.125,24.224687,0.001326,0,0,-0.4,-10.7,-2.3,1.05,0.18,-0.05
4827,24.13,24.130001,24.230748,0.002386,1.00000000102796e-06,0,-0.5,-10.7,-2.7,1.05,0.18,-0.05
4828,24.135,24.135,24.235702,0.002342,0,0,-0.4,-10.7,-2,1.05,0.17,-0.04
4829,24.14,24.14,24.239682,0.001321,0,0,-0.5,-10.7,-2.1,1.05,0.18,-0.04
4830,24.145,24.145,24.245755,0.002395,0,0,-0.5,-10.7,-2.3,1.04,0.18,-0.04
4831,24.15,24.150001,24.249701,0.001339,9.99999997475243e-07,0,-0.4,-10.7,-2.3,1.04,0.18,-0.04
4832,24.155,24.155,24.254675,0.001314,0,0,-0.4,-10.7,-1.9,1.04,0.18,-0.04
4833,24.16,24.16,24.260732,0.002372,0,0,-0.5,-10.8,-2.3,1.04,0.19,-0.04
4834,24.165,24.165,24.265778,0.002416,0,0,-0.6,-10.8,-2.5,1.05,0.19,-0.04
4835,24.17,24.17,24.269748,0.001385,0,0,-0.6,-10.7,-2.5,1.05,0.19,-0.04
4836,24.175,24.175,24.274732,0.001371,0,0,-0.4,-10.7,-2.4,1.04,0.18,-0.04
4837,24.18,24.18,24.28076,0.002399,0,0,-0.3,-10.7,-2.1,1.04,0.17,-0.04
4838,24.185,24.185001,24.284688,0.001326,9.99999997475243e-07,0,-0.3,-10.7,-2.6,1.04,0.18,-0.04
4839,24.19,24.19,24.289714,0.001353,0,0,-0.3,-10.7,-2.3,1.04,0.18,-0.04
4840,24.195,24.195,24.295747,0.002385,0,0,-0.4,-10.7,-3,1.04,0.19,-0.04
4841,24.2,24.2,24.300733,0.002372,0,0,-0.5,-10.8,-3.3,1.04,0.2,-0.05
4842,24.205,24.205001,24.304783,0.001421,9.99999997475243e-07,0,-0.5,-10.6,-3.1,1.04,0.19,-0.04
4843,24.21,24.21,24.310685,0.002324,0,0,-0.5,-10.6,-2.9,1.04,0.19,-0.04
4844,24.215,24.215,24.315796,0.002435,0,0,-0.4,-10.7,-3.1,1.04,0.19,-0.04
4845,24.22,24.22,24.319685,0.001324,0,0,-0.4,-10.7,-3.2,1.04,0.19,-0.04
4846,24.225,24.225,24.324837,0.001475,0,0,-0.3,-10.7,-2.7,1.04,0.18,-0.04
4847,24.23,24.23,24.330758,0.002397,0,0,-0.3,-10.7,-2.4,1.05,0.18,-0.04
4848,24.235,24.235,24.334671,0.00131,0,0,-0.2,-10.7,-2.7,1.05,0.18,-0.04
4849,24.24,24.240001,24.339766,0.001404,9.99999997475243e-07,0,-0.2,-10.7,-2.8,1.05,0.17,-0.04
4850,24.245,24.245,24.345743,0.002382,0,0,-0.3,-10.8,-2.3,1.04,0.18,-0.04
4851,24.25,24.25,24.349672,0.001312,0,0,-0.2,-10.7,-1.9,1.05,0.16,-0.03
4852,24.255,24.255,24.354721,0.00136,0,0,-0.3,-10.7,-2.3,1.05,0.17,-0.04
4853,24.26,24.26,24.360733,0.002372,0,0,-0.4,-10.7,-2.5,1.05,0.18,-0.04
4854,24.265,24.265,24.364784,0.001423,0,0,-0.5,-10.7,-2.9,1.05,0.18,-0.04
4855,24.27,24.27,24.369704,0.001343,0,0,-0.4,-10.7,-2.9,1.05,0.18,-0.04
4856,24.275,24.275001,24.375749,0.002387,9.99999997475243e-07,0,-0.3,-10.7,-3.2,1.04,0.18,-0.04
4857,24.28,24.28,24.380944,0.002582,0,0,-0.4,-10.7,-3,1.05,0.18,-0.04
4858,24.285,24.285,24.384715,0.001355,0,0,-0.4,-10.8,-2.5,1.05,0.18,-0.04
4859,24.29,24.29,24.390703,0.002342,0,0,-0.4,-10.8,-2.5,1.05,0.19,-0.04
4860,24.295,24.295,24.395724,0.002363,0,0,-0.4,-10.8,-2.8,1.04,0.19,-0.04
4861,24.3,24.3,24.39967,0.001309,0,0,-0.4,-10.8,-2.5,1.04,0.19,-0.03
4862,24.305,24.305,24.404854,0.001493,0,0,-0.2,-10.7,-2.8,1.04,0.17,-0.04
4863,24.31,24.310001,24.410692,0.00233,9.99999997475243e-07,0,-0.2,-10.8,-2.6,1.04,0.18,-0.04
4864,24.315,24.315,24.414786,0.001424,0,0,-0.2,-10.7,-3,1.04,0.18,-0.04
4865,24.32,24.32,24.419741,0.00138,0,0,-0.3,-10.8,-3,1.04,0.19,-0.04
4866,24.325,24.325,24.425768,0.002406,0,0,-0.3,-10.8,-2.9,1.04,0.19,-0.04
4867,24.33,24.330001,24.430798,0.002436,9.99999997475243e-07,0,-0.4,-10.8,-2.9,1.04,0.19,-0.04
4868,24.335,24.335,24.434713,0.001352,0,0,-0.4,-10.6,-3.1,1.04,0.19,-0.04
4869,24.34,24.34,24.440725,0.002364,0,0,-0.3,-10.6,-2.5,1.04,0.18,-0.04
4870,24.345,24.345,24.445745,0.002383,0,0,-0.5,-10.7,-3,1.04,0.19,-0.04
4871,24.35,24.35,24.449676,0.001315,0,0,-0.5,-10.7,-2.9,1.04,0.19,-0.05
4872,24.355,24.355,24.455699,0.002338,0,0,-0.5,-10.6,-3.4,1.03,0.19,-0.05
4873,24.36,24.36,24.46071,0.002349,0,0,-0.5,-10.7,-3.4,1.03,0.2,-0.05
4874,24.365,24.365001,24.464851,0.001488,9.99999997475243e-07,0,-0.4,-10.7,-2.9,1.04,0.18,-0.04
4875,24.37,24.37,24.469816,0.001454,0,0,-0.4,-10.6,-2.5,1.04,0.18,-0.04
4876,24.375,24.375,24.475728,0.002366,0,0,-0.4,-10.6,-2.8,1.04,0.18,-0.04
4877,24.38,24.38,24.479809,0.001448,0,0,-0.3,-10.6,-2.4,1.04,0.17,-0.04
4878,24.385,24.385,24.484693,0.001331,0,0,-0.4,-10.8,-2.8,1.04,0.18,-0.04
4879,24.39,24.39,24.490716,0.002354,0,0,-0.5,-10.7,-3.3,1.04,0.19,-0.04
4880,24.395,24.395,24.495827,0.002466,0,0,-0.5,-10.8,-3.3,1.03,0.19,-0.04
4881,24.4,24.400001,24.499703,0.001341,9.99999997475243e-07,0,-0.3,-10.8,-3,1.04,0.18,-0.04
4882,24.405,24.405,24.505715,0.002354,0,0,-0.4,-10.8,-3.5,1.03,0.19,-0.05
4883,24.41,24.41,24.510706,0.002344,0,0,-0.5,-10.8,-3.4,1.03,0.2,-0.04
4884,24.415,24.415,24.514689,0.001328,0,0,-0.5,-10.8,-3.7,1.03,0.21,-0.04
4885,24.42,24.42,24.519843,0.001482,0,0,-0.6,-10.7,-3.3,1.04,0.2,-0.04
4886,24.425,24.425,24.525731,0.00237,0,0,-0.5,-10.7,-2.9,1.04,0.19,-0.04
4887,24.43,24.43,24.529847,0.001487,0,0,-0.5,-10.7,-3.4,1.03,0.2,-0.05
4888,24.435,24.435001,24.535835,0.002473,9.99999997475243e-07,0,-0.5,-10.7,-2.8,1.03,0.19,-0.04
4889,24.44,24.44,24.540714,0.002352,0,0,-0.4,-10.7,-2.9,1.03,0.18,-0.04
4890,24.445,24.445,24.544682,0.001321,0,0,-0.3,-10.8,-2.1,1.05,0.18,-0.04
4891,24.45,24.45,24.549837,0.001476,0,0,-0.3,-10.7,-1.6,1.05,0.16,-0.04
4892,24.455,24.455001,24.555705,0.002343,9.99999997475243e-07,0,-0.2,-10.7,-1.8,1.05,0.16,-0.04
4893,24.46,24.46,24.55968,0.001319,0,0,-0.3,-10.7,-1.8,1.05,0.17,-0.04
4894,24.465,24.465,24.564773,0.001412,0,0,-0.3,-10.7,-1.1,1.06,0.16,-0.04
4895,24.47,24.47,24.570789,0.002428,0,0,-0.3,-10.7,-1.9,1.05,0.16,-0.04
4896,24.475,24.475,24.574676,0.001315,0,0,-0.4,-10.7,-2.2,1.04,0.17,-0.05
4897,24.48,24.48,24.579908,0.001547,0,0,-0.3,-10.7,-2.1,1.04,0.16,-0.04
4898,24.485,24.485,24.585706,0.002345,0,0,-0.4,-10.7,-2.5,1.04,0.17,-0.04
4899,24.49,24.490001,24.59069,0.002328,9.99999997475243e-07,0,-0.4,-10.7,-2.8,1.04,0.17,-0.05
4900,24.495,24.495,24.594746,0.001385,0,0,-0.2,-10.6,-2.7,1.04,0.16,-0.05
4901,24.5,24.5,24.600829,0.002469,0,0,-0.4,-10.7,-3,1.04,0.18,-0.05
4902,24.505,24.505,24.604693,0.001331,0,0,-0.4,-10.7,-3,1.04,0.19,-0.04
4903,24.51,24.51,24.609716,0.001355,0,0,-0.5,-10.7,-3.6,1.04,0.2,-0.04
4904,24.515,24.515,24.615772,0.002411,0,0,-0.5,-10.8,-3,1.04,0.19,-0.04
4905,24.52,24.52,24.619672,0.001311,0,0,-0.5,-10.7,-2.4,1.04,0.19,-0.04
4906,24.525,24.525001,24.624733,0.001371,9.99999997475243e-07,0,-0.3,-10.7,-2.4,1.04,0.18,-0.04
4907,24.53,24.53,24.630699,0.002338,0,0,-0.3,-10.8,-2.4,1.05,0.18,-0.04
4908,24.535,24.535,24.634669,0.001307,0,0,-0.2,-10.8,-2.2,1.04,0.18,-0.04
4909,24.54,24.54,24.639688,0.001327,0,0,-0.2,-10.8,-2.6,1.04,0.19,-0.04
4910,24.545,24.545,24.645699,0.002338,0,0,-0.2,-10.7,-2.2,1.04,0.17,-0.03
4911,24.55,24.55,24.650701,0.00234,0,0,-0.2,-10.8,-1.9,1.04,0.17,-0.03
4912,24.555,24.555,24.654682,0.001321,0,0,-0.2,-10.6,-2,1.05,0.16,-0.03
4913,24.56,24.560001,24.659796,0.001434,9.99999997475243e-07,0,-0.2,-10.7,-1.5,1.05,0.16,-0.03
4914,24.565,24.565,24.665854,0.002492,0,0,-0.4,-10.8,-1.6,1.05,0.18,-0.04
4915,24.57,24.57,24.669755,0.001394,0,0,-0.3,-10.6,-1.5,1.05,0.16,-0.03
4916,24.575,24.575,24.67476,0.001398,0,0,-0.4,-10.7,-1.7,1.05,0.17,-0.03
4917,24.58,24.580001,24.680733,0.00237,9.99999997475243e-07,0,-0.5,-10.8,-1.8,1.05,0.18,-0.03
4918,24.585,24.585,24.685709,0.002348,0,0,-0.5,-10.7,-2.3,1.04,0.18,-0.03
4919,24.59,24.59,24.689692,0.001331,0,0,-0.5,-10.7,-2.6,1.04,0.19,-0.04
4920,24.595,24.595,24.695737,0.002376,0,0,-0.4,-10.7,-2.7,1.04,0.18,-0.04
4921,24.6,24.6,24.700722,0.002361,0,0,-0.3,-10.7,-1.8,1.04,0.16,-0.04
4922,24.605,24.605,24.704683,0.001322,0,0,-0.3,-10.8,-2,1.04,0.17,-0.04
4923,24.61,24.61,24.71079,0.00243,0,0,-0.3,-10.8,-1.4,1.05,0.16,-0.03
4924,24.615,24.615001,24.715759,0.002396,9.99999997475243e-07,0,-0.3,-11,-2.3,1.04,0.18,-0.04
4925,24.62,24.62,24.719825,0.001465,0,0,-0.2,-10.8,-2.3,1.04,0.17,-0.04
4926,24.625,24.625,24.725739,0.002377,0,0,-0.2,-10.8,-2.7,1.04,0.18,-0.04
4927,24.63,24.63,24.730699,0.002338,0,0,-0.4,-10.9,-2.6,1.04,0.19,-0.04
4928,24.635,24.635,24.734801,0.001441,0,0,-0.3,-10.8,-2.5,1.04,0.18,-0.04
4929,24.64,24.64,24.740734,0.002373,0,0,-0.5,-10.9,-2.8,1.03,0.19,-0.04
4930,24.645,24.645,24.745794,0.002433,0,0,-0.5,-10.9,-3,1.04,0.2,-0.04
4931,24.65,24.650001,24.749764,0.001401,9.99999997475243e-07,0,-0.4,-10.9,-3.4,1.03,0.2,-0.05
4932,24.655,24.655,24.754864,0.001502,0,0,-0.5,-10.9,-3.5,1.04,0.2,-0.05
4933,24.66,24.66,24.760735,0.002374,0,0,-0.6,-10.9,-4.1,1.03,0.22,-0.05
4934,24.665,24.665,24.764695,0.001334,0,0,-0.7,-10.8,-3.7,1.03,0.21,-0.05
4935,24.67,24.67,24.769764,0.001403,0,0,-0.5,-10.7,-2.8,1.03,0.2,-0.04
4936,24.675,24.675,24.775718,0.002357,0,0,-0.6,-10.7,-3.1,1.03,0.2,-0.04
4937,24.68,24.68,24.779687,0.001325,0,0,-0.5,-10.6,-2.4,1.03,0.19,-0.03
4938,24.685,24.685001,24.784685,0.001324,9.99999997475243e-07,0,-0.5,-10.7,-2.7,1.04,0.19,-0.04
4939,24.69,24.69,24.790869,0.002508,0,0,-0.3,-10.7,-2,1.04,0.18,-0.03
4940,24.695,24.695,24.795713,0.002352,0,0,-0.4,-10.8,-1.9,1.04,0.18,-0.03
4941,24.7,24.7,24.799717,0.001356,0,0,-0.4,-10.8,-1.8,1.05,0.17,-0.04
4942,24.705,24.705001,24.805729,0.002367,9.99999997475243e-07,0,-0.3,-10.7,-1.6,1.05,0.17,-0.04
4943,24.71,24.71,24.810734,0.002373,0,0,-0.4,-10.8,-2.2,1.04,0.18,-0.04
4944,24.715,24.715,24.814745,0.001384,0,0,-0.5,-10.9,-2.6,1.04,0.19,-0.05
4945,24.72,24.72,24.81984,0.001479,0,0,-0.6,-10.9,-2.6,1.05,0.19,-0.05
4946,24.725,24.725,24.825787,0.002426,0,0,-0.5,-10.8,-2.6,1.04,0.19,-0.05
4947,24.73,24.73,24.829709,0.001347,0,0,-0.6,-10.8,-2.1,1.05,0.18,-0.04
4948,24.735,24.735,24.834794,0.001433,0,0,-0.4,-10.8,-2.1,1.04,0.18,-0.04
4949,24.74,24.740001,24.840864,0.002502,9.99999997475243e-07,0,-0.3,-10.8,-2,1.04,0.17,-0.03
4950,24.745,24.745,24.844713,0.001352,0,0,-0.3,-10.8,-1.8,1.05,0.17,-0.03
4951,24.75,24.75,24.849747,0.001385,0,0,-0.1,-10.8,-1.9,1.05,0.18,-0.03
4952,24.755,24.755,24.855745,0.002384,0,0,-0.1,-10.7,-2.6,1.04,0.18,-0.04
4953,24.76,24.76,24.85971,0.001349,0,0,-0.1,-10.7,-3,1.04,0.18,-0.04
4954,24.765,24.765,24.864816,0.001454,0,0,-0.3,-10.7,-2.7,1.04,0.18,-0.04
4955,24.77,24.77,24.870702,0.002341,0,0,-0.3,-10.8,-2.9,1.04,0.2,-0.04
4956,24.775,24.775001,24.87577,0.002408,9.99999997475243e-07,0,-0.3,-10.7,-3.2,1.04,0.19,-0.04
4957,24.78,24.78,24.879711,0.00135,0,0,-0.4,-10.7,-3.5,1.04,0.2,-0.04
4958,24.785,24.785,24.885725,0.002364,0,0,-0.4,-10.6,-3.4,1.03,0.2,-0.04
4959,24.79,24.79,24.890747,0.002386,0,0,-0.5,-10.7,-3,1.03,0.2,-0.04
4960,24.795,24.795,24.894691,0.00133,0,0,-0.3,-10.5,-2.9,1.03,0.19,-0.04
4961,24.8,24.8,24.899858,0.001497,0,0,0,-10.5,-2.9,1.03,0.18,-0.04
4962,24.805,24.805,24.905692,0.002331,0,0,-0.1,-10.6,-3,1.04,0.18,-0.04
4963,24.81,24.810001,24.909669,0.001307,9.99999997475243e-07,0,-0.2,-10.8,-3.3,1.04,0.2,-0.04
4964,24.815,24.815,24.914936,0.001574,0,0,-0.3,-10.8,-2.9,1.04,0.2,-0.04
4965,24.82,24.82,24.920766,0.002403,0,0,-0.3,-10.7,-2.2,1.04,0.18,-0.04
4966,24.825,24.825,24.924707,0.001346,0,0,-0.3,-10.8,-2.2,1.04,0.18,-0.04
4967,24.83,24.830001,24.929889,0.001527,9.99999997475243e-07,0,-0.1,-10.7,-1.9,1.05,0.16,-0.04
4968,24.835,24.835,24.935846,0.002486,0,0,-0.1,-10.7,-1.9,1.05,0.17,-0.04
4969,24.84,24.84,24.940761,0.0024,0,0,-0.3,-10.6,-2.3,1.04,0.17,-0.04
4970,24.845,24.845,24.944676,0.001315,0,0,-0.5,-10.7,-2.6,1.04,0.18,-0.04
4971,24.85,24.85,24.949809,0.001449,0,0,-0.5,-10.6,-3.3,1.04,0.19,-0.05
4972,24.855,24.855,24.955726,0.002365,0,0,-0.3,-10.7,-2.8,1.04,0.18,-0.04
4973,24.86,24.86,24.959673,0.001312,0,0,-0.4,-10.7,-2.6,1.05,0.19,-0.04
4974,24.865,24.865001,24.964843,0.00148,9.99999997475243e-07,0,-0.4,-10.7,-2.7,1.05,0.18,-0.04
4975,24.87,24.87,24.970713,0.002352,0,0,-0.3,-10.7,-2.4,1.04,0.18,-0.04
4976,24.875,24.875,24.9757,0.002339,0,0,-0.3,-10.7,-2.5,1.04,0.19,-0.04
4977,24.88,24.88,24.979685,0.001324,0,0,-0.3,-10.7,-2.5,1.04,0.19,-0.04
4978,24.885,24.885,24.984747,0.001385,0,0,-0.4,-10.8,-2.3,1.04,0.2,-0.04
4979,24.89,24.89,24.990738,0.002376,0,0,-0.4,-10.7,-2.1,1.05,0.19,-0.04
4980,24.895,24.895,24.995734,0.002372,0,0,-0.5,-10.7,-2.9,1.05,0.2,-0.05
4981,24.9,24.900001,24.999701,0.001338,9.99999997475243e-07,0,-0.4,-10.8,-3.2,1.04,0.2,-0.05
4982,24.905,24.905,25.004746,0.001385,0,0,-0.3,-10.7,-3,1.05,0.19,-0.05
4983,24.91,24.91,25.010722,0.002361,0,0,-0.3,-10.7,-2.8,1.04,0.19,-0.05
4984,24.915,24.915,25.015733,0.002372,0,0,-0.3,-10.8,-2.9,1.04,0.19,-0.04
4985,24.92,24.92,25.019687,0.001326,0,0,-0.3,-10.7,-3.6,1.03,0.19,-0.04
4986,24.925,24.925,25.024777,0.001416,0,0,-0.4,-10.7,-3.1,1.04,0.19,-0.04
4987,24.93,24.93,25.030782,0.002421,0,0,-0.3,-10.7,-3.1,1.04,0.19,-0.04
4988,24.935,24.935001,25.034712,0.00135,9.99999997475243e-07,0,-0.2,-10.6,-2.5,1.04,0.18,-0.04
4989,24.94,24.94,25.039717,0.001356,0,0,-0.3,-10.8,-2.3,1.04,0.18,-0.04
4990,24.945,24.945,25.044707,0.001346,0,0,-0.2,-10.7,-2.1,1.04,0.17,-0.04
4991,24.95,24.95,25.050797,0.002435,0,0,-0.4,-10.8,-1.8,1.04,0.18,-0.03
4992,24.955,24.955001,25.05478,0.001418,9.99999997475243e-07,0,-0.4,-10.8,-2.4,1.04,0.19,-0.04
4993,24.96,24.96,25.059851,0.001489,0,0,-0.4,-10.7,-2.7,1.04,0.19,-0.04
4994,24.965,24.965,25.065759,0.002397,0,0,-0.3,-10.7,-2.3,1.04,0.19,-0.04
4995,24.97,24.97,25.070728,0.002367,0,0,-0.3,-10.7,-2,1.04,0.18,-0.04
4996,24.975,24.975,25.074712,0.00135,0,0,-0.3,-10.6,-2.1,1.04,0.18,-0.04
4997,24.98,24.98,25.080703,0.002342,0,0,-0.3,-10.7,-2.1,1.04,0.18,-0.04
4998,24.985,24.985,25.0857,0.002339,0,0,-0.3,-10.6,-2,1.05,0.18,-0.04
4999,24.99,24.990001,25.089769,0.001407,9.99999997475243e-07,0,-0.4,-10.6,-1.8,1.05,0.18,-0.04
5000,24.995,24.995,25.094801,0.00144,0,0,-0.4,-10.7,-1.6,1.05,0.18,-0.04
5001,25,25,25.100695,0.002335,0,0,-0.4,-10.8,-2.5,1.05,0.19,-0.04
5002,25.005,25.005,25.10472,0.00136,0,0,-0.2,-10.7,-2.2,1.05,0.18,-0.04
5003,25.01,25.01,25.10982,0.001458,0,0,-0.3,-10.7,-1.8,1.05,0.17,-0.04
5004,25.015,25.015,25.115751,0.00239,0,0,-0.4,-10.7,-2.2,1.04,0.18,-0.04
5005,25.02,25.02,25.120743,0.002382,0,0,-0.2,-10.6,-2.1,1.04,0.17,-0.03
5006,25.025,25.025001,25.124746,0.001383,9.99999997475243e-07,0,-0.2,-10.7,-2.4,1.04,0.17,-0.03
5007,25.03,25.03,25.129801,0.001439,0,0,-0.3,-10.7,-2.1,1.04,0.18,-0.04
5008,25.035,25.035,25.135714,0.002353,0,0,-0.4,-10.7,-2,1.05,0.18,-0.04
5009,25.04,25.04006,25.141168,0.002744,6.00000000012813e-05,0,-0.3,-10.6,-2,1.05,0.17,-0.04
5010,25.045,25.045,25.14473,0.001368,0,0,-0.3,-10.7,-2.6,1.04,0.18,-0.04
5011,25.05,25.05,25.150812,0.002451,0,0,-0.5,-10.7,-2.9,1.04,0.19,-0.04
5012,25.055,25.055,25.15583,0.002468,0,0,-0.4,-10.7,-2.8,1.04,0.19,-0.04
5013,25.06,25.060001,25.159752,0.001388,9.99999997475243e-07,0,-0.4,-10.6,-2.6,1.04,0.18,-0.04
5014,25.065,25.065,25.164754,0.001393,0,0,-0.4,-10.7,-2.2,1.04,0.18,-0.03
5015,25.07,25.07,25.170779,0.002417,0,0,-0.3,-10.7,-1.9,1.04,0.17,-0.03
5016,25.075,25.075,25.175783,0.002421,0,0,-0.3,-10.8,-2.7,1.04,0.19,-0.04
5017,25.08,25.080001,25.179727,0.001365,9.99999997475243e-07,0,-0.4,-10.7,-3.1,1.03,0.19,-0.04
5018,25.085,25.085,25.184919,0.001558,0,0,-0.3,-10.8,-3.1,1.04,0.19,-0.04
5019,25.09,25.09,25.190768,0.002408,0,0,-0.3,-10.8,-2.9,1.04,0.19,-0.04
5020,25.095,25.095,25.194713,0.001352,0,0,-0.4,-10.8,-2.6,1.04,0.18,-0.04
5021,25.1,25.1,25.199754,0.001392,0,0,-0.5,-10.9,-2.5,1.04,0.19,-0.04
5022,25.105,25.105,25.205786,0.002424,0,0,-0.4,-10.8,-2.3,1.04,0.18,-0.03
5023,25.11,25.11,25.210784,0.002422,0,0,-0.4,-10.7,-2.8,1.04,0.19,-0.04
5024,25.115,25.115001,25.21472,0.001357,9.99999997475243e-07,0,-0.4,-10.7,-2.7,1.04,0.19,-0.04
5025,25.12,25.12,25.219792,0.001432,0,0,-0.5,-10.8,-2.9,1.04,0.2,-0.04
5026,25.125,25.125,25.225811,0.002449,0,0,-0.5,-10.7,-3.3,1.04,0.2,-0.04
5027,25.13,25.13,25.22969,0.001329,0,0,-0.3,-10.8,-2.5,1.04,0.19,-0.04
5028,25.135,25.135,25.234777,0.001416,0,0,-0.3,-10.7,-2.6,1.05,0.18,-0.03
5029,25.14,25.14,25.240711,0.00235,0,0,-0.3,-10.7,-2.7,1.04,0.18,-0.04
5030,25.145,25.145,25.24469,0.001329,0,0,-0.3,-10.7,-2.5,1.04,0.18,-0.04
5031,25.15,25.150001,25.250791,0.002429,9.99999997475243e-07,0,-0.3,-10.7,-2.9,1.04,0.18,-0.04
5032,25.155,25.155,25.255722,0.00236,0,0,-0.3,-10.7,-3.1,1.04,0.19,-0.04
5033,25.16,25.16,25.259711,0.001349,0,0,-0.3,-10.7,-3.4,1.04,0.19,-0.04
5034,25.165,25.165001,25.265254,0.001893,1.00000000102796e-06,0,-0.4,-10.7,-3.1,1.04,0.18,-0.04
5035,25.17,25.170001,25.271441,0.003081,9.99999997475243e-07,0,-0.3,-10.8,-3.3,1.03,0.19,-0.04
5036,25.175,25.175001,25.27635,0.00299,1.00000000102796e-06,0,-0.5,-10.9,-3.3,1.03,0.2,-0.04
5037,25.18,25.18,25.280413,0.002053,0,0,-0.5,-10.9,-3,1.04,0.2,-0.04
5038,25.185,25.185002,25.286244,0.002881,1.9999999985032e-06,0,-0.4,-10.8,-2.7,1.04,0.19,-0.04
5039,25.19,25.190001,25.291224,0.002864,9.99999997475243e-07,0,-0.5,-10.8,-2.9,1.04,0.2,-0.04
5040,25.195,25.195001,25.295213,0.001852,1.00000000102796e-06,0,-0.6,-10.8,-2.9,1.03,0.2,-0.04
5041,25.2,25.200002,25.301286,0.002923,2.00000000205591e-06,0,-0.6,-10.8,-2.8,1.04,0.19,-0.04
5042,25.205,25.205002,25.306177,0.002816,1.9999999985032e-06,0,-0.5,-10.8,-2.9,1.04,0.19,-0.05
5043,25.21,25.210001,25.310249,0.001888,9.99999997475243e-07,0,-0.4,-10.7,-2.5,1.04,0.18,-0.05
5044,25.215,25.215003,25.315815,0.00245,2.99999999953116e-06,0,-0.5,-10.7,-2.8,1.04,0.19,-0.05
5045,25.22,25.22,25.319695,0.001334,0,0,-0.4,-10.7,-2.4,1.05,0.17,-0.04
5046,25.225,25.225,25.324747,0.001386,0,0,-0.5,-10.7,-2.4,1.05,0.18,-0.04
5047,25.23,25.23,25.33079,0.00243,0,0,-0.6,-10.8,-2.4,1.05,0.18,-0.04
5048,25.235,25.235,25.334704,0.001342,0,0,-0.6,-10.8,-2.5,1.05,0.19,-0.04
5049,25.24,25.240001,25.339696,0.001334,9.99999997475243e-07,0,-0.5,-10.8,-3.5,1.04,0.2,-0.04
5050,25.245,25.245001,25.345888,0.002525,9.99999997475243e-07,0,-0.4,-10.8,-3.8,1.04,0.2,-0.05
5051,25.25,25.25,25.350839,0.002479,0,0,-0.3,-10.8,-3.1,1.04,0.19,-0.04
5052,25.255,25.255,25.354805,0.001444,0,0,-0.4,-10.9,-2.8,1.04,0.19,-0.04
5053,25.26,25.26,25.360813,0.002451,0,0,-0.5,-10.8,-3.1,1.05,0.19,-0.05
5054,25.265,25.265,25.364929,0.001567,0,0,-0.5,-10.7,-3,1.04,0.19,-0.04
5055,25.27,25.27,25.370789,0.002427,0,0,-0.4,-10.7,-3.1,1.05,0.19,-0.04
5056,25.275,25.275001,25.374711,0.001349,9.99999997475243e-07,0,-0.4,-10.7,-2.7,1.05,0.18,-0.04
5057,25.28,25.28,25.38077,0.002409,0,0,-0.3,-10.7,-2.4,1.04,0.17,-0.04
5058,25.285,25.285,25.385695,0.002334,0,0,-0.2,-10.6,-2.1,1.04,0.17,-0.04
5059,25.29,25.29,25.389734,0.001372,0,0,-0.3,-10.6,-2.6,1.04,0.18,-0.04
5060,25.295,25.295,25.395855,0.002494,0,0,-0.3,-10.7,-2.9,1.04,0.19,-0.05
5061,25.3,25.3,25.399695,0.001333,0,0,-0.4,-10.7,-2.5,1.04,0.19,-0.04
5062,25.305,25.305,25.40479,0.001429,0,0,-0.4,-10.7,-1.9,1.05,0.18,-0.04
5063,25.31,25.310001,25.410771,0.002409,9.99999997475243e-07,0,-0.5,-10.7,-2.3,1.04,0.19,-0.04
5064,25.315,25.315,25.415801,0.00244,0,0,-0.6,-10.8,-2.7,1.04,0.2,-0.04
5065,25.32,25.32,25.419712,0.00135,0,0,-0.7,-10.8,-2.4,1.04,0.19,-0.04
5066,25.325,25.325,25.424888,0.001527,0,0,-0.5,-10.7,-2.5,1.04,0.19,-0.04
5067,25.33,25.330001,25.430783,0.002421,9.99999997475243e-07,0,-0.5,-10.8,-2.4,1.04,0.19,-0.04
5068,25.335,25.335,25.434741,0.00138,0,0,-0.5,-10.8,-2.9,1.03,0.19,-0.05
5069,25.34,25.34,25.439815,0.001454,0,0,-0.5,-10.8,-3,1.03,0.19,-0.04
5070,25.345,25.345,25.445793,0.002431,0,0,-0.5,-10.9,-2.8,1.04,0.19,-0.04
5071,25.35,25.35,25.449687,0.001326,0,0,-0.5,-10.9,-2.5,1.04,0.19,-0.03
5072,25.355,25.355,25.454766,0.001406,0,0,-0.4,-10.8,-2.9,1.04,0.19,-0.04
5073,25.36,25.36,25.460756,0.002395,0,0,-0.4,-10.7,-2.6,1.04,0.19,-0.04
5074,25.365,25.365001,25.465753,0.002391,9.99999997475243e-07,0,-0.4,-10.7,-2.6,1.05,0.19,-0.04
5075,25.37,25.37,25.469683,0.001322,0,0,-0.5,-10.8,-2.7,1.04,0.19,-0.04
5076,25.375,25.375,25.475711,0.00235,0,0,-0.5,-10.7,-2.3,1.05,0.18,-0.04
5077,25.38,25.38,25.479705,0.001344,0,0,-0.5,-10.8,-2.3,1.05,0.18,-0.04
5078,25.385,25.385,25.484775,0.001414,0,0,-0.4,-10.8,-1.9,1.05,0.17,-0.04
5079,25.39,25.39,25.490725,0.002363,0,0,-0.2,-10.7,-2.4,1.05,0.17,-0.04
5080,25.395,25.395,25.494693,0.001332,0,0,-0.2,-10.7,-2.3,1.04,0.18,-0.04
5081,25.4,25.400001,25.499772,0.001409,9.99999997475243e-07,0,-0.3,-10.7,-2.4,1.04,0.18,-0.04
5082,25.405,25.405,25.505743,0.002382,0,0,-0.2,-10.7,-2,1.04,0.17,-0.04
5083,25.41,25.41,25.509694,0.001333,0,0,-0.1,-10.7,-1.9,1.04,0.16,-0.04
5084,25.415,25.415,25.514793,0.001432,0,0,-0.2,-10.7,-2.2,1.04,0.17,-0.04
5085,25.42,25.42,25.520712,0.00235,0,0,-0.2,-10.8,-2.2,1.04,0.18,-0.04
5086,25.425,25.425,25.524729,0.001368,0,0,-0.3,-10.8,-1.9,1.04,0.17,-0.04
5087,25.43,25.43,25.529871,0.00151,0,0,-0.3,-10.8,-2.3,1.04,0.18,-0.04
5088,25.435,25.435001,25.535797,0.002435,9.99999997475243e-07,0,-0.2,-10.7,-2.1,1.04,0.17,-0.04
5089,25.44,25.44,25.539753,0.001391,0,0,-0.4,-10.7,-3.4,1.04,0.19,-0.05
5090,25.445,25.445,25.5448,0.001439,0,0,-0.4,-10.7,-3,1.04,0.19,-0.04
5091,25.45,25.45,25.550805,0.002443,0,0,-0.5,-10.7,-2.4,1.05,0.19,-0.04
5092,25.455,25.455001,25.554715,0.001352,9.99999997475243e-07,0,-0.5,-10.7,-1.9,1.04,0.18,-0.03
5093,25.46,25.46,25.559754,0.001393,0,0,-0.4,-10.7,-1.5,1.04,0.17,-0.03
5094,25.465,25.465,25.565908,0.002546,0,0,-0.3,-10.7,-2.2,1.04,0.17,-0.04
5095,25.47,25.47,25.569736,0.001374,0,0,-0.4,-10.7,-2.5,1.04,0.18,-0.04
5096,25.475,25.475,25.574886,0.001525,0,0,-0.4,-10.8,-2.3,1.04,0.18,-0.04
5097,25.48,25.480001,25.580953,0.002592,1.00000000102796e-06,0,-0.3,-10.7,-2.2,1.04,0.18,-0.04
5098,25.485,25.485,25.584811,0.001449,0,0,-0.3,-10.7,-2.3,1.04,0.18,-0.03
5099,25.49,25.490001,25.590791,0.00243,9.99999997475243e-07,0,-0.4,-10.8,-3,1.04,0.19,-0.04
5100,25.495,25.495,25.594695,0.001333,0,0,-0.4,-10.8,-2.3,1.04,0.19,-0.04
5101,25.5,25.5,25.599774,0.001412,0,0,-0.4,-10.8,-2.3,1.05,0.18,-0.04
5102,25.505,25.505,25.605712,0.002351,0,0,-0.3,-10.8,-2.5,1.05,0.19,-0.04
5103,25.51,25.51,25.610684,0.002323,0,0,-0.3,-10.9,-2.4,1.04,0.18,-0.04
5104,25.515,25.515,25.614799,0.001437,0,0,-0.1,-10.8,-2.5,1.04,0.17,-0.04
5105,25.52,25.52,25.620709,0.002348,0,0,0,-10.8,-2.3,1.04,0.17,-0.03
5106,25.525,25.525001,25.62467,0.001308,9.99999997475243e-07,0,-0.3,-10.8,-2.2,1.05,0.17,-0.04
5107,25.53,25.53,25.629742,0.001381,0,0,-0.4,-10.7,-2.1,1.05,0.18,-0.04
5108,25.535,25.535,25.635712,0.002351,0,0,-0.2,-10.7,-2.6,1.04,0.18,-0.04
5109,25.54,25.54,25.640733,0.002372,0,0,-0.4,-10.8,-3.1,1.04,0.19,-0.04
5110,25.545,25.545,25.644733,0.001372,0,0,-0.3,-10.7,-3,1.04,0.19,-0.04
5111,25.55,25.55,25.65077,0.002409,0,0,-0.3,-10.7,-2.6,1.05,0.18,-0.04
5112,25.555,25.555,25.654772,0.001412,0,0,-0.5,-10.8,-3.1,1.04,0.2,-0.04
5113,25.56,25.560001,25.660709,0.002342,9.99999997475243e-07,0,-0.3,-10.8,-2.5,1.05,0.18,-0.04
5114,25.565,25.565,25.664674,0.001313,0,0,-0.4,-10.8,-2.6,1.05,0.19,-0.04
5115,25.57,25.57,25.670695,0.002334,0,0,-0.5,-10.7,-3.5,1.04,0.2,-0.05
5116,25.575,25.575,25.67568,0.002319,0,0,-0.4,-10.7,-3.7,1.04,0.19,-0.05
5117,25.58,25.580001,25.679788,0.001425,9.99999997475243e-07,0,-0.5,-10.7,-3.8,1.04,0.2,-0.05
5118,25.585,25.585,25.685718,0.002356,0,0,-0.5,-10.8,-3.1,1.04,0.19,-0.04
5119,25.59,25.59,25.690725,0.002365,0,0,-0.6,-10.9,-2.9,1.05,0.19,-0.04
5120,25.595,25.595,25.694685,0.001324,0,0,-0.5,-10.8,-3.3,1.05,0.19,-0.04
5121,25.6,25.6,25.700747,0.002385,0,0,-0.5,-10.8,-2.5,1.05,0.19,-0.04
5122,25.605,25.605,25.70569,0.002328,0,0,-0.6,-10.8,-2.3,1.05,0.18,-0.04
5123,25.61,25.61,25.70979,0.001428,0,0,-0.4,-10.8,-2.3,1.04,0.18,-0.04
5124,25.615,25.615001,25.715716,0.002354,9.99999997475243e-07,0,-0.4,-10.7,-2.1,1.05,0.17,-0.03
5125,25.62,25.62,25.719768,0.001407,0,0,-0.4,-10.7,-2,1.05,0.18,-0.04
5126,25.625,25.625,25.724805,0.001443,0,0,-0.2,-10.7,-2.1,1.05,0.17,-0.04
5127,25.63,25.63,25.730742,0.002381,0,0,-0.3,-10.7,-2.2,1.05,0.17,-0.04
5128,25.635,25.635,25.7347,0.001338,0,0,-0.2,-10.8,-2.8,1.04,0.18,-0.04
5129,25.64,25.64,25.74073,0.00237,0,0,-0.4,-10.7,-2.8,1.04,0.18,-0.04
5130,25.645,25.645,25.745701,0.00234,0,0,-0.3,-10.7,-2.4,1.05,0.17,-0.04
5131,25.65,25.650001,25.7497,0.001338,9.99999997475243e-07,0,-0.2,-10.7,-2.4,1.04,0.17,-0.04
5132,25.655,25.655,25.755692,0.002331,0,0,-0.3,-10.7,-2.4,1.04,0.17,-0.03
5133,25.66,25.66,25.759672,0.001311,0,0,-0.3,-10.7,-2.3,1.04,0.18,-0.03
5134,25.665,25.665,25.764786,0.001424,0,0,-0.4,-10.7,-2,1.05,0.18,-0.03
5135,25.67,25.67,25.770712,0.002351,0,0,-0.5,-10.7,-2.2,1.04,0.19,-0.04
5136,25.675,25.675,25.77573,0.002369,0,0,-0.5,-10.7,-2.5,1.04,0.19,-0.04
5137,25.68,25.68,25.77977,0.001409,0,0,-0.6,-10.7,-2.5,1.04,0.2,-0.04
5138,25.685,25.685001,25.785696,0.002334,9.99999997475243e-07,0,-0.4,-10.7,-2.2,1.05,0.19,-0.04
5139,25.69,25.69,25.790711,0.00235,0,0,-0.4,-10.7,-2.6,1.04,0.19,-0.04
5140,25.695,25.695,25.794706,0.001345,0,0,-0.5,-10.8,-2.9,1.04,0.2,-0.04
5141,25.7,25.7,25.800812,0.002451,0,0,-0.6,-10.7,-2.9,1.04,0.2,-0.04
5142,25.705,25.705001,25.804704,0.001341,9.99999997475243e-07,0,-0.5,-10.7,-2.7,1.05,0.19,-0.04
5143,25.71,25.71,25.809812,0.001451,0,0,-0.4,-10.7,-2.5,1.04,0.18,-0.04
5144,25.715,25.715,25.815749,0.002387,0,0,-0.4,-10.7,-2.7,1.04,0.18,-0.04
5145,25.72,25.72,25.819681,0.00132,0,0,-0.5,-10.7,-3.1,1.03,0.19,-0.04
5146,25.725,25.725,25.8257,0.002339,0,0,-0.5,-10.7,-3.3,1.04,0.19,-0.05
5147,25.73,25.73,25.830756,0.002394,0,0,-0.4,-10.8,-2.3,1.05,0.18,-0.04
5148,25.735,25.735,25.834685,0.001324,0,0,-0.3,-10.7,-2.5,1.05,0.18,-0.04
5149,25.74,25.740001,25.839721,0.001359,9.99999997475243e-07,0,-0.2,-10.7,-2.5,1.04,0.18,-0.04
5150,25.745,25.745,25.845763,0.002402,0,0,-0.3,-10.7,-2.9,1.03,0.18,-0.04
5151,25.75,25.75,25.850737,0.002375,0,0,-0.4,-10.8,-2.8,1.03,0.2,-0.04
5152,25.755,25.755,25.854686,0.001325,0,0,-0.4,-10.7,-2.7,1.03,0.19,-0.04
5153,25.76,25.76,25.859799,0.001438,0,0,-0.5,-10.8,-2.5,1.04,0.2,-0.04
5154,25.765,25.765,25.865718,0.002357,0,0,-0.4,-10.7,-2.4,1.04,0.19,-0.03
5155,25.77,25.77,25.869682,0.001321,0,0,-0.2,-10.6,-2.2,1.03,0.17,-0.03
5156,25.775,25.775001,25.874717,0.001355,9.99999997475243e-07,0,-0.2,-10.6,-2.6,1.04,0.18,-0.04
5157,25.78,25.78,25.880715,0.002354,0,0,-0.3,-10.6,-2.6,1.04,0.18,-0.03
5158,25.785,25.785,25.884691,0.001331,0,0,-0.3,-10.7,-2.9,1.04,0.19,-0.04
5159,25.79,25.79,25.889692,0.001331,0,0,-0.3,-10.7,-2.5,1.05,0.18,-0.04
5160,25.795,25.795,25.895695,0.002334,0,0,-0.1,-10.7,-2.6,1.05,0.17,-0.04
5161,25.8,25.8,25.900748,0.002387,0,0,-0.2,-10.8,-2.9,1.03,0.19,-0.04
5162,25.805,25.805,25.904747,0.001386,0,0,-0.2,-10.8,-2.1,1.04,0.18,-0.04
5163,25.81,25.810001,25.90974,0.001378,9.99999997475243e-07,0,-0.4,-10.8,-2.3,1.03,0.19,-0.03
5164,25.815,25.815,25.915713,0.002352,0,0,-0.3,-10.7,-2.4,1.04,0.18,-0.03
5165,25.82,25.82,25.919698,0.001338,0,0,-0.3,-10.7,-3.3,1.03,0.2,-0.04
5166,25.825,25.825,25.924726,0.001365,0,0,-0.4,-10.7,-3.1,1.03,0.2,-0.04
5167,25.83,25.830001,25.929887,0.001525,9.99999997475243e-07,0,-0.4,-10.7,-2.7,1.04,0.19,-0.04
5168,25.835,25.835,25.93574,0.002378,0,0,-0.4,-10.7,-3,1.04,0.19,-0.04
5169,25.84,25.84,25.939706,0.001345,0,0,-0.5,-10.8,-3.1,1.04,0.19,-0.04
5170,25.845,25.845,25.944715,0.001354,0,0,-0.5,-10.9,-3.1,1.04,0.19,-0.05
5171,25.85,25.85,25.950789,0.002428,0,0,-0.4,-10.8,-2.7,1.04,0.18,-0.05
5172,25.855,25.855,25.955743,0.002382,0,0,-0.3,-10.7,-2.9,1.04,0.18,-0.05
5173,25.86,25.86,25.959701,0.001341,0,0,-0.2,-10.7,-3.2,1.04,0.19,-0.05
5174,25.865,25.865001,25.965805,0.002442,9.99999997475243e-07,0,-0.3,-10.7,-3.4,1.04,0.19,-0.05
5175,25.87,25.87,25.970719,0.002358,0,0,-0.3,-10.8,-3,1.04,0.19,-0.04
5176,25.875,25.875,25.974698,0.001337,0,0,-0.4,-10.8,-3.2,1.04,0.19,-0.04
5177,25.88,25.88,25.980739,0.002379,0,0,-0.5,-10.8,-3.2,1.04,0.19,-0.05
5178,25.885,25.885,25.985705,0.002344,0,0,-0.6,-10.8,-3,1.04,0.2,-0.04
5179,25.89,25.89,25.989672,0.001311,0,0,-0.6,-10.8,-2.1,1.04,0.19,-0.03
5180,25.895,25.895,25.994774,0.001412,0,0,-0.4,-10.6,-2.3,1.04,0.18,-0.03
5181,25.9,25.900001,26.000746,0.002384,9.99999997475243e-07,0,-0.4,-10.7,-2.2,1.05,0.17,-0.04
5182,25.905,25.905,26.005718,0.002357,0,0,-0.4,-10.7,-1.9,1.04,0.17,-0.03
5183,25.91,25.91,26.009741,0.00138,0,0,-0.2,-10.7,-2,1.04,0.16,-0.04
5184,25.915,25.915,26.015713,0.002352,0,0,-0.3,-10.8,-2,1.04,0.17,-0.04
5185,25.92,25.92,26.020829,0.002469,0,0,-0.4,-10.8,-2.1,1.04,0.18,-0.04
5186,25.925,25.925,26.024705,0.001344,0,0,-0.5,-10.8,-2.8,1.04,0.19,-0.04
5187,25.93,25.93,26.030758,0.002397,0,0,-0.6,-10.9,-3,1.04,0.19,-0.05
5188,25.935,25.935001,26.035705,0.002343,9.99999997475243e-07,0,-0.5,-10.8,-2.9,1.03,0.19,-0.04
5189,25.94,25.94,26.039705,0.001344,0,0,-0.5,-10.8,-2.8,1.04,0.19,-0.04
5190,25.945,25.945,26.04479,0.001429,0,0,-0.5,-10.8,-3,1.04,0.19,-0.04
5191,25.95,25.95,26.050826,0.002464,0,0,-0.6,-10.8,-3.1,1.04,0.2,-0.04
5192,25.955,25.955001,26.054736,0.001374,9.99999997475243e-07,0,-0.5,-10.7,-3,1.04,0.19,-0.04
5193,25.96,25.96,26.05978,0.001419,0,0,-0.6,-10.8,-3,1.05,0.19,-0.04
5194,25.965,25.965,26.065834,0.002472,0,0,-0.7,-10.8,-2.9,1.04,0.21,-0.04
5195,25.97,25.97,26.070722,0.002361,0,0,-0.4,-10.8,-3.1,1.04,0.2,-0.04
5196,25.975,25.975,26.074676,0.001315,0,0,-0.4,-10.7,-3.3,1.03,0.19,-0.04
5197,25.98,25.98,26.079851,0.001489,0,0,-0.5,-10.7,-3.3,1.03,0.19,-0.04
5198,25.985,25.985,26.085753,0.002392,0,0,-0.4,-10.7,-2.8,1.04,0.19,-0.04
5199,25.99,25.990001,26.089699,0.001337,9.99999997475243e-07,0,-0.4,-10.7,-2.2,1.04,0.18,-0.04
5200,25.995,25.995,26.094826,0.001465,0,0,-0.5,-10.7,-2.5,1.04,0.19,-0.04
5201,26,26,26.10075,0.002388,0,0,-0.4,-10.8,-2.6,1.04,0.19,-0.04
5202,26.005,26.005,26.104707,0.001346,0,0,-0.4,-10.8,-2.5,1.04,0.19,-0.04
5203,26.01,26.01,26.10974,0.00138,0,0,-0.3,-10.9,-1.8,1.05,0.18,-0.04
5204,26.015,26.015,26.1157,0.002339,0,0,-0.5,-10.9,-2.6,1.05,0.2,-0.04
5205,26.02,26.02,26.119792,0.001431,0,0,-0.5,-10.9,-3.3,1.04,0.21,-0.04
5206,26.025,26.025001,26.124702,0.001339,9.99999997475243e-07,0,-0.6,-10.8,-2.2,1.04,0.21,-0.04
5207,26.03,26.03,26.130753,0.002392,0,0,-0.5,-10.8,-2,1.04,0.19,-0.04
5208,26.035,26.035,26.134695,0.001333,0,0,-0.5,-10.8,-2.4,1.04,0.19,-0.04
5209,26.04,26.04,26.139691,0.001329,0,0,-0.5,-10.7,-2.8,1.04,0.19,-0.04
5210,26.045,26.045,26.145722,0.002361,0,0,-0.3,-10.7,-1.7,1.05,0.17,-0.04
5211,26.05,26.05,26.150706,0.002345,0,0,-0.3,-10.7,-2,1.05,0.18,-0.04
5212,26.055,26.055,26.15478,0.00142,0,0,-0.4,-10.9,-2.6,1.04,0.19,-0.04
5213,26.06,26.060001,26.159707,0.001345,9.99999997475243e-07,0,-0.4,-10.8,-2.9,1.04,0.19,-0.04
5214,26.065,26.065,26.165727,0.002365,0,0,-0.3,-10.8,-1.9,1.05,0.17,-0.04
5215,26.07,26.07,26.170754,0.002393,0,0,-0.4,-10.8,-2,1.05,0.18,-0.04
5216,26.075,26.075,26.174744,0.001383,0,0,-0.4,-10.7,-2.2,1.05,0.18,-0.04
5217,26.08,26.080001,26.180771,0.002409,9.99999997475243e-07,0,-0.4,-10.8,-2.4,1.05,0.19,-0.04
5218,26.085,26.085,26.185689,0.002328,0,0,-0.4,-10.8,-2.4,1.04,0.18,-0.04
5219,26.09,26.09,26.189685,0.001324,0,0,-0.3,-10.7,-1.9,1.05,0.17,-0.04
5220,26.095,26.095,26.194791,0.001431,0,0,-0.4,-10.7,-2.6,1.05,0.18,-0.04
5221,26.1,26.1,26.20076,0.002399,0,0,-0.4,-10.7,-3,1.04,0.19,-0.04
5222,26.105,26.105,26.204708,0.001347,0,0,-0.4,-10.7,-3.2,1.03,0.19,-0.04
5223,26.11,26.11,26.209754,0.001394,0,0,-0.5,-10.8,-3.3,1.04,0.2,-0.04
5224,26.115,26.115001,26.215711,0.002349,9.99999997475243e-07,0,-0.4,-10.8,-3.3,1.04,0.2,-0.04
5225,26.12,26.12,26.220794,0.002433,0,0,-0.4,-10.6,-4,1.03,0.2,-0.05
5226,26.125,26.125,26.224704,0.001343,0,0,-0.5,-10.7,-3.7,1.03,0.2,-0.05
5227,26.13,26.13,26.229907,0.001546,0,0,-0.4,-10.6,-3.6,1.03,0.2,-0.05
5228,26.135,26.135,26.235883,0.002522,0,0,-0.5,-10.5,-3.3,1.04,0.19,-0.05
5229,26.14,26.14,26.239812,0.001451,0,0,-0.6,-10.7,-4,1.03,0.2,-0.05
5230,26.145,26.145,26.244748,0.001386,0,0,-0.7,-10.7,-3.5,1.03,0.21,-0.05
5231,26.15,26.150001,26.250717,0.002355,9.99999997475243e-07,0,-0.5,-10.8,-3.1,1.04,0.2,-0.05
5232,26.155,26.155,26.255823,0.002462,0,0,-0.4,-10.7,-3.1,1.03,0.2,-0.04
5233,26.16,26.16,26.259749,0.001387,0,0,-0.4,-10.8,-2.8,1.04,0.19,-0.04
5234,26.165,26.165,26.265775,0.002413,0,0,-0.4,-10.8,-2.9,1.04,0.19,-0.04
5235,26.17,26.17,26.270727,0.002366,0,0,-0.4,-10.8,-2.6,1.04,0.19,-0.04
5236,26.175,26.175,26.274712,0.00135,0,0,-0.5,-10.7,-2.3,1.05,0.19,-0.04
5237,26.18,26.18,26.28017,0.001808,0,0,-0.5,-10.7,-2.6,1.05,0.19,-0.04
5238,26.185,26.185001,26.285797,0.002434,9.99999997475243e-07,0,-0.4,-10.7,-2.8,1.04,0.19,-0.04
5239,26.19,26.19,26.289769,0.001408,0,0,-0.5,-10.7,-2.7,1.04,0.2,-0.05
5240,26.195,26.195,26.29475,0.001389,0,0,-0.2,-10.7,-2.6,1.04,0.18,-0.04
5241,26.2,26.2,26.30081,0.002449,0,0,-0.4,-10.7,-2.5,1.04,0.19,-0.04
5242,26.205,26.205001,26.30575,0.002389,9.99999997475243e-07,0,-0.4,-10.8,-2,1.05,0.19,-0.04
5243,26.21,26.21,26.309954,0.001594,0,0,-0.4,-10.7,-1.8,1.05,0.18,-0.04
5244,26.215,26.215,26.315797,0.002435,0,0,-0.1,-10.8,-1.8,1.04,0.18,-0.04
5245,26.22,26.22,26.319759,0.001399,0,0,-0.2,-10.6,-2,1.03,0.17,-0.04
5246,26.225,26.225,26.324823,0.001461,0,0,-0.3,-10.7,-2.3,1.04,0.18,-0.04
5247,26.23,26.23,26.330843,0.002481,0,0,-0.5,-10.7,-2.7,1.04,0.2,-0.04
5248,26.235,26.235,26.334705,0.001344,0,0,-0.5,-10.7,-3.2,1.04,0.21,-0.05
5249,26.24,26.240001,26.339775,0.001412,9.99999997475243e-07,0,-0.4,-10.7,-2.5,1.04,0.19,-0.04
5250,26.245,26.245,26.345706,0.002345,0,0,-0.4,-10.7,-1.9,1.04,0.18,-0.03
5251,26.25,26.25,26.350714,0.002353,0,0,-0.3,-10.7,-1.9,1.04,0.18,-0.03
5252,26.255,26.255,26.35471,0.001349,0,0,-0.3,-10.7,-2,1.04,0.18,-0.03
5253,26.26,26.26,26.360747,0.002386,0,0,-0.2,-10.7,-2.4,1.04,0.18,-0.03
5254,26.265,26.265,26.365707,0.002346,0,0,-0.2,-10.8,-2.1,1.04,0.17,-0.03
5255,26.27,26.27,26.369783,0.001422,0,0,-0.2,-10.9,-2.3,1.04,0.18,-0.04
5256,26.275,26.275001,26.375074,0.001713,9.99999997475243e-07,0,-0.2,-10.7,-2.6,1.04,0.18,-0.04
5257,26.28,26.28,26.380824,0.002462,0,0,-0.3,-10.8,-2.3,1.04,0.18,-0.04
5258,26.285,26.285,26.384821,0.001461,0,0,-0.3,-10.7,-2.7,1.04,0.19,-0.04
5259,26.29,26.29,26.389861,0.0015,0,0,-0.2,-10.8,-3,1.03,0.19,-0.04
5260,26.295,26.295,26.395871,0.002511,0,0,-0.3,-10.7,-3,1.04,0.18,-0.04
5261,26.3,26.3,26.399683,0.001321,0,0,-0.4,-10.7,-3.6,1.03,0.2,-0.04
5262,26.305,26.305,26.405708,0.002347,0,0,-0.4,-10.8,-3,1.03,0.19,-0.04
5263,26.31,26.310001,26.410697,0.002335,9.99999997475243e-07,0,-0.5,-10.8,-2.8,1.03,0.2,-0.04
5264,26.315,26.315,26.414675,0.001314,0,0,-0.4,-10.7,-3.2,1.04,0.2,-0.05
5265,26.32,26.32,26.41978,0.001419,0,0,-0.5,-10.7,-3.1,1.03,0.2,-0.04
5266,26.325,26.325,26.425766,0.002406,0,0,-0.5,-10.8,-2.6,1.04,0.19,-0.04
5267,26.33,26.330001,26.429696,0.001335,9.99999997475243e-07,0,-0.5,-10.8,-2.4,1.04,0.19,-0.04
5268,26.335,26.335,26.434742,0.001381,0,0,-0.6,-10.8,-3.2,1.04,0.2,-0.04
5269,26.34,26.34,26.440758,0.002397,0,0,-0.5,-10.8,-3.2,1.04,0.2,-0.04
5270,26.345,26.345,26.444682,0.001321,0,0,-0.4,-10.7,-2.7,1.04,0.19,-0.04
5271,26.35,26.35,26.449744,0.001383,0,0,-0.3,-10.8,-2,1.05,0.18,-0.04
5272,26.355,26.355,26.455783,0.002422,0,0,-0.2,-10.7,-2.5,1.04,0.18,-0.04
5273,26.36,26.36,26.460708,0.002346,0,0,-0.2,-10.6,-2.9,1.04,0.19,-0.04
5274,26.365,26.365001,26.464752,0.001391,9.99999997475243e-07,0,-0.2,-10.7,-2.5,1.04,0.18,-0.04
5275,26.37,26.37,26.469815,0.001454,0,0,-0.2,-10.7,-2.3,1.04,0.17,-0.04
5276,26.375,26.375,26.475763,0.002401,0,0,-0.2,-10.8,-2.5,1.04,0.18,-0.04
5277,26.38,26.38,26.479736,0.001375,0,0,-0.2,-10.8,-2.7,1.04,0.18,-0.04
5278,26.385,26.385,26.48474,0.001379,0,0,-0.4,-10.8,-2.5,1.04,0.19,-0.04
5279,26.39,26.39,26.490859,0.002497,0,0,-0.3,-10.8,-2.4,1.04,0.18,-0.04
5280,26.395,26.395,26.494714,0.001353,0,0,-0.2,-10.8,-2.9,1.03,0.19,-0.04
5281,26.4,26.400001,26.499726,0.001363,9.99999997475243e-07,0,-0.3,-10.8,-2.4,1.04,0.19,-0.04
5282,26.405,26.405,26.505829,0.002469,0,0,-0.3,-10.8,-2.2,1.05,0.18,-0.04
5283,26.41,26.41,26.51071,0.002349,0,0,-0.4,-10.9,-2.4,1.05,0.19,-0.04
5284,26.415,26.415,26.51477,0.001409,0,0,-0.4,-10.9,-2.2,1.05,0.19,-0.04
5285,26.42,26.42,26.520743,0.002381,0,0,-0.3,-10.8,-2.4,1.05,0.19,-0.05
5286,26.425,26.425,26.525729,0.002367,0,0,-0.5,-10.7,-2.9,1.04,0.19,-0.04
5287,26.43,26.43,26.529706,0.001344,0,0,-0.4,-10.7,-2.8,1.04,0.19,-0.04
5288,26.435,26.435001,26.535725,0.002363,9.99999997475243e-07,0,-0.2,-10.8,-2.7,1.04,0.18,-0.04
5289,26.44,26.44,26.540702,0.002341,0,0,-0.2,-10.8,-2.5,1.04,0.17,-0.04
5290,26.445,26.445,26.544686,0.001325,0,0,-0.3,-10.8,-2.5,1.04,0.17,-0.04
5291,26.45,26.45,26.550725,0.002364,0,0,-0.3,-10.7,-2.6,1.04,0.18,-0.04
5292,26.455,26.455001,26.555771,0.00241,9.99999997475243e-07,0,-0.3,-10.7,-2.9,1.03,0.18,-0.04
5293,26.46,26.46,26.55975,0.001389,0,0,-0.3,-10.7,-2.5,1.04,0.18,-0.04
5294,26.465,26.465,26.564936,0.001575,0,0,-0.4,-10.7,-2.3,1.04,0.18,-0.03
5295,26.47,26.47,26.570801,0.00244,0,0,-0.4,-10.7,-2.2,1.05,0.18,-0.04
5296,26.475,26.475,26.574706,0.001345,0,0,-0.3,-10.7,-2.5,1.05,0.18,-0.04
5297,26.48,26.48,26.580713,0.002352,0,0,-0.3,-10.8,-2.2,1.05,0.18,-0.03
5298,26.485,26.485,26.585696,0.002335,0,0,-0.4,-10.8,-2.5,1.05,0.18,-0.04
5299,26.49,26.490001,26.589712,0.001351,9.99999997475243e-07,0,-0.4,-10.7,-2.5,1.04,0.18,-0.04
5300,26.495,26.495,26.594744,0.001383,0,0,-0.6,-10.7,-2.7,1.04,0.2,-0.04
5301,26.5,26.5,26.600908,0.002547,0,0,-0.6,-10.8,-2.9,1.04,0.2,-0.04
5302,26.505,26.505,26.604751,0.001391,0,0,-0.5,-10.7,-2.6,1.04,0.19,-0.04
5303,26.51,26.51,26.609706,0.001345,0,0,-0.5,-10.8,-2.9,1.04,0.2,-0.04
5304,26.515,26.515,26.615769,0.002407,0,0,-0.4,-10.7,-2.5,1.04,0.19,-0.04
5305,26.52,26.52,26.620752,0.002391,0,0,-0.5,-10.7,-3.1,1.04,0.2,-0.04
5306,26.525,26.525001,26.624724,0.001362,9.99999997475243e-07,0,-0.3,-10.7,-3.6,1.03,0.19,-0.04
5307,26.53,26.53,26.630743,0.002382,0,0,-0.3,-10.7,-3,1.03,0.18,-0.04
5308,26.535,26.535001,26.636204,0.002843,1.00000000102796e-06,0,-0.3,-10.7,-2.3,1.04,0.18,-0.04
5309,26.54,26.540002,26.640135,0.001773,2.00000000205591e-06,0,-0.5,-10.8,-2.3,1.04,0.19,-0.04
5310,26.545,26.545,26.645231,0.00187,0,0,-0.5,-10.7,-1.7,1.05,0.18,-0.03
5311,26.55,26.55,26.650807,0.002446,0,0,-0.5,-10.7,-1.5,1.05,0.17,-0.04
5312,26.555,26.555,26.654837,0.001476,0,0,-0.3,-10.7,-1.5,1.05,0.17,-0.04
5313,26.56,26.560002,26.660146,0.001784,1.9999999985032e-06,0,-0.3,-10.7,-1.9,1.05,0.17,-0.04
5314,26.565,26.565,26.666109,0.002748,0,0,-0.4,-10.8,-2.3,1.05,0.18,-0.04
5315,26.57,26.57,26.670143,0.001782,0,0,-0.4,-10.7,-2.2,1.05,0.18,-0.04
5316,26.575,26.575001,26.675296,0.001934,1.00000000102796e-06,0,-0.3,-10.8,-2.6,1.04,0.17,-0.04
5317,26.58,26.580002,26.681004,0.002641,1.9999999985032e-06,0,-0.3,-10.8,-2.4,1.04,0.17,-0.04
5318,26.585,26.585,26.68476,0.001398,0,0,-0.3,-10.8,-2.8,1.04,0.17,-0.04
5319,26.59,26.59,26.690701,0.002339,0,0,-0.3,-10.8,-2.9,1.04,0.18,-0.04
5320,26.595,26.595,26.695693,0.002332,0,0,-0.3,-10.8,-2.7,1.04,0.17,-0.04
5321,26.6,26.6,26.699684,0.001323,0,0,-0.4,-10.8,-3,1.04,0.19,-0.04
5322,26.605,26.605,26.7058,0.002438,0,0,-0.2,-10.7,-2.2,1.05,0.17,-0.04
5323,26.61,26.61,26.710711,0.00235,0,0,-0.2,-10.8,-2.2,1.05,0.17,-0.04
5324,26.615,26.615001,26.714683,0.001321,9.99999997475243e-07,0,-0.3,-10.8,-2.6,1.05,0.19,-0.04
5325,26.62,26.62,26.720707,0.002345,0,0,-0.4,-10.8,-3.2,1.04,0.2,-0.04
5326,26.625,26.625,26.725734,0.002373,0,0,-0.4,-10.7,-2.7,1.04,0.19,-0.04
5327,26.63,26.63,26.729709,0.001348,0,0,-0.5,-10.9,-2.1,1.05,0.19,-0.04
5328,26.635,26.635,26.735689,0.002328,0,0,-0.4,-10.8,-2.8,1.05,0.19,-0.05
5329,26.64,26.64,26.740757,0.002396,0,0,-0.4,-10.8,-2.5,1.05,0.17,-0.04
5330,26.645,26.645,26.744678,0.001317,0,0,-0.5,-10.8,-1.8,1.05,0.18,-0.04
5331,26.65,26.650001,26.749753,0.001391,9.99999997475243e-07,0,-0.4,-10.7,-2.1,1.04,0.18,-0.04
5332,26.655,26.655,26.75574,0.002379,0,0,-0.5,-10.8,-2.3,1.04,0.19,-0.04
5333,26.66,26.66,26.759719,0.001358,0,0,-0.3,-10.8,-2.1,1.04,0.18,-0.04
5334,26.665,26.665,26.764796,0.001435,0,0,-0.3,-10.8,-2.4,1.04,0.19,-0.04
5335,26.67,26.67,26.77082,0.002459,0,0,-0.2,-10.8,-2.4,1.04,0.18,-0.04
5336,26.675,26.675,26.774706,0.001345,0,0,-0.2,-10.8,-2.6,1.04,0.18,-0.04
5337,26.68,26.68,26.77977,0.001408,0,0,-0.3,-10.8,-2.4,1.04,0.18,-0.04
5338,26.685,26.685001,26.785854,0.002491,9.99999997475243e-07,0,-0.3,-10.8,-2.1,1.05,0.18,-0.04
5339,26.69,26.69,26.789738,0.001378,0,0,-0.3,-10.8,-2.3,1.05,0.18,-0.04
5340,26.695,26.695,26.79473,0.001368,0,0,-0.2,-10.8,-1.9,1.05,0.17,-0.04
5341,26.7,26.700001,26.800568,0.002208,1.00000000102796e-06,0,-0.3,-10.8,-2.2,1.05,0.18,-0.04
5342,26.705,26.705003,26.806597,0.003234,2.99999999953116e-06,0,-0.3,-10.8,-1.8,1.05,0.18,-0.03
5343,26.71,26.71,26.809896,0.001534,0,0,-0.3,-10.9,-2,1.04,0.18,-0.03
5344,26.715,26.715001,26.816027,0.002665,1.00000000102796e-06,0,-0.3,-10.8,-2.4,1.04,0.19,-0.04
5345,26.72,26.72,26.819994,0.001632,0,0,-0.3,-10.8,-2.5,1.04,0.19,-0.04
5346,26.725,26.725001,26.825117,0.001754,9.99999997475243e-07,0,-0.2,-10.8,-2.3,1.04,0.18,-0.04
5347,26.73,26.73,26.831052,0.00269,0,0,-0.3,-10.8,-2.5,1.04,0.19,-0.04
5348,26.735,26.735,26.834724,0.001362,0,0,-0.3,-10.6,-2,1.05,0.18,-0.04
5349,26.74,26.740001,26.840751,0.002389,9.99999997475243e-07,0,-0.3,-10.7,-1.9,1.04,0.17,-0.04
5350,26.745,26.745,26.845714,0.002353,0,0,-0.4,-10.7,-2.1,1.05,0.17,-0.04
5351,26.75,26.75,26.849686,0.001325,0,0,-0.5,-10.7,-2.8,1.04,0.19,-0.04
5352,26.755,26.755,26.85484,0.001479,0,0,-0.5,-10.7,-2.3,1.05,0.18,-0.04
5353,26.76,26.76,26.860769,0.002408,0,0,-0.5,-10.7,-2.6,1.05,0.19,-0.04
5354,26.765,26.765,26.864697,0.001335,0,0,-0.4,-10.8,-2.9,1.04,0.19,-0.04
5355,26.77,26.77,26.869847,0.001487,0,0,-0.4,-10.8,-2.8,1.04,0.19,-0.04
5356,26.775,26.775001,26.875727,0.002365,9.99999997475243e-07,0,-0.3,-10.8,-2.3,1.04,0.18,-0.04
5357,26.78,26.78,26.880723,0.002362,0,0,-0.3,-10.8,-1.9,1.05,0.17,-0.04
5358,26.785,26.785,26.884708,0.001346,0,0,-0.1,-10.7,-1.8,1.04,0.16,-0.04
5359,26.79,26.79,26.890696,0.002335,0,0,-0.2,-10.8,-1.8,1.05,0.17,-0.03
5360,26.795,26.795,26.895697,0.002336,0,0,-0.2,-10.8,-1.7,1.05,0.16,-0.04
5361,26.8,26.8,26.899751,0.001391,0,0,-0.5,-10.7,-2.1,1.04,0.17,-0.04
5362,26.805,26.805,26.905847,0.002487,0,0,-0.4,-10.7,-1.4,1.05,0.16,-0.04
5363,26.81,26.810001,26.909678,0.001316,9.99999997475243e-07,0,-0.3,-10.7,-2.1,1.04,0.18,-0.04
5364,26.815,26.815,26.914833,0.001471,0,0,-0.3,-10.8,-2.2,1.05,0.17,-0.04
5365,26.82,26.82,26.920727,0.002365,0,0,-0.3,-10.7,-2.4,1.04,0.18,-0.04
5366,26.825,26.825,26.924719,0.001358,0,0,-0.3,-10.7,-2.4,1.03,0.18,-0.04
5367,26.83,26.830001,26.929762,0.0014,9.99999997475243e-07,0,-0.5,-10.8,-2.9,1.04,0.19,-0.05
5368,26.835,26.835,26.935727,0.002365,0,0,-0.6,-10.8,-2.2,1.05,0.18,-0.04
5369,26.84,26.840001,26.940896,0.002534,1.00000000102796e-06,0,-0.4,-10.7,-2,1.05,0.18,-0.04
5370,26.845,26.845,26.944817,0.001456,0,0,-0.4,-10.8,-1.9,1.06,0.18,-0.04
5371,26.85,26.85,26.950905,0.002543,0,0,-0.4,-10.8,-2.8,1.04,0.19,-0.04
5372,26.855,26.855001,26.954864,0.001502,1.00000000102796e-06,0,-0.4,-10.7,-2.4,1.04,0.17,-0.04
5373,26.86,26.86,26.959721,0.00136,0,0,-0.3,-10.7,-2.1,1.05,0.17,-0.04
5374,26.865,26.865001,26.965845,0.002483,9.99999997475243e-07,0,-0.4,-10.7,-2.8,1.05,0.19,-0.04
5375,26.87,26.87,26.970778,0.002416,0,0,-0.4,-10.7,-3.4,1.04,0.19,-0.04
5376,26.875,26.875,26.974712,0.00135,0,0,-0.5,-10.8,-3.6,1.04,0.2,-0.05
5377,26.88,26.88,26.980717,0.002356,0,0,-0.6,-10.9,-3.8,1.04,0.2,-0.05
5378,26.885,26.885,26.98574,0.002379,0,0,-0.5,-11,-3.1,1.04,0.19,-0.04
5379,26.89,26.89,26.989896,0.001536,0,0,-0.5,-10.9,-3,1.04,0.19,-0.04
5380,26.895,26.895,26.995821,0.00246,0,0,-0.4,-10.9,-2.5,1.05,0.18,-0.04
5381,26.9,26.900001,27.000702,0.00234,9.99999997475243e-07,0,-0.5,-10.9,-2.7,1.04,0.19,-0.04
5382,26.905,26.905,27.00483,0.001469,0,0,-0.5,-10.8,-2.2,1.05,0.18,-0.04
5383,26.91,26.91,27.010791,0.00243,0,0,-0.4,-10.8,-2.3,1.06,0.18,-0.04
5384,26.915,26.915,27.015715,0.002353,0,0,-0.3,-10.9,-1.6,1.07,0.16,-0.03
5385,26.92,26.92,27.01985,0.001489,0,0,-0.1,-11.1,-1.5,1.08,0.15,-0.04
5386,26.925,26.925001,27.024993,0.001632,1.00000000102796e-06,0,-0.5,-11.1,-2.2,1.08,0.17,-0.04
5387,26.93,26.93,27.030779,0.002419,0,0,-0.5,-11.1,-2.1,1.08,0.17,-0.04
5388,26.935,26.935001,27.034731,0.001369,9.99999997475243e-07,0,-0.5,-11.2,-2.4,1.08,0.17,-0.04
5389,26.94,26.94,27.03988,0.001519,0,0,-0.6,-11.3,-2.1,1.1,0.17,-0.04
5390,26.945,26.945001,27.045847,0.002484,1.00000000102796e-06,0,-0.5,-11.4,-1.9,1.11,0.17,-0.05
5391,26.95,26.95,27.0497,0.001339,0,0,-0.4,-11.4,-2,1.11,0.17,-0.04
5392,26.955,26.955001,27.0557,0.002338,9.99999997475243e-07,0,-0.4,-11.4,-2.1,1.11,0.18,-0.04
5393,26.96,26.96,27.060706,0.002345,0,0,-0.4,-11.3,-2.3,1.11,0.18,-0.05
5394,26.965,26.965,27.064741,0.00138,0,0,-0.3,-11.3,-2.5,1.12,0.19,-0.05
5395,26.97,26.97,27.069963,0.001602,0,0,-0.3,-11.4,-2.7,1.12,0.2,-0.04
5396,26.975,26.975,27.075735,0.002374,0,0,-0.3,-11.5,-3,1.13,0.2,-0.04
5397,26.98,26.98,27.079857,0.001496,0,0,-0.4,-11.7,-3,1.13,0.21,-0.04
5398,26.985,26.985,27.084878,0.001516,0,0,-0.2,-11.7,-2.3,1.14,0.21,-0.04
5399,26.99,26.990001,27.090728,0.002365,9.99999997475243e-07,0,-0.1,-11.7,-2.3,1.15,0.2,-0.03
5400,26.995,26.995,27.094685,0.001325,0,0,-0.1,-11.7,-2.1,1.16,0.18,-0.04
5401,27,27,27.099921,0.001559,0,0,-0.3,-11.7,-2.9,1.16,0.2,-0.04
5402,27.005,27.005,27.105842,0.00248,0,0,-0.1,-11.7,-2.6,1.17,0.18,-0.04
5403,27.01,27.01,27.109679,0.001318,0,0,-0.2,-11.8,-2.9,1.18,0.19,-0.04
5404,27.015,27.015,27.114848,0.001487,0,0,-0.2,-11.9,-2.8,1.2,0.19,-0.04
5405,27.02,27.02,27.120699,0.002338,0,0,-0.3,-12,-3.2,1.2,0.2,-0.04
5406,27.025,27.025001,27.124731,0.001368,9.99999997475243e-07,0,-0.2,-12.2,-3.2,1.22,0.2,-0.04
5407,27.03,27.03,27.129739,0.001378,0,0,-0.2,-12.3,-3,1.23,0.19,-0.04
5408,27.035,27.035,27.135751,0.00239,0,0,-0.2,-12.3,-2.6,1.25,0.19,-0.04
5409,27.04,27.04,27.139677,0.001316,0,0,-0.2,-12.5,-2.8,1.26,0.19,-0.04
5410,27.045,27.045,27.144684,0.001323,0,0,-0.2,-12.5,-3,1.28,0.2,-0.04
5411,27.05,27.05,27.150701,0.00234,0,0,-0.2,-12.6,-3,1.29,0.2,-0.04
5412,27.055,27.055,27.155725,0.002364,0,0,-0.4,-12.7,-3.2,1.3,0.21,-0.04
5413,27.06,27.060001,27.159669,0.001307,9.99999997475243e-07,0,-0.2,-12.7,-3.1,1.31,0.2,-0.04
5414,27.065,27.065,27.16571,0.002348,0,0,-0.2,-12.8,-3,1.32,0.2,-0.05
5415,27.07,27.07,27.170694,0.002332,0,0,-0.3,-12.9,-3.1,1.33,0.2,-0.05
5416,27.075,27.075,27.174671,0.001308,0,0,-0.2,-13.1,-3.3,1.35,0.2,-0.05
5417,27.08,27.080001,27.179719,0.001357,9.99999997475243e-07,0,-0.2,-13.1,-3.5,1.35,0.2,-0.05
5418,27.085,27.085,27.185724,0.002363,0,0,-0.2,-13.2,-3.4,1.36,0.2,-0.05
5419,27.09,27.09,27.18971,0.001348,0,0,-0.3,-13.3,-2.8,1.39,0.2,-0.05
5420,27.095,27.095,27.194694,0.001333,0,0,-0.3,-13.5,-3,1.4,0.2,-0.05
5421,27.1,27.1,27.200756,0.002395,0,0,-0.4,-13.6,-2.4,1.42,0.2,-0.05
5422,27.105,27.105,27.205734,0.002373,0,0,-0.3,-13.7,-2.6,1.43,0.2,-0.05
5423,27.11,27.11,27.209683,0.001322,0,0,-0.4,-13.8,-2.4,1.45,0.2,-0.05
5424,27.115,27.115001,27.215716,0.002353,9.99999997475243e-07,0,-0.4,-13.9,-2.7,1.46,0.21,-0.05
5425,27.12,27.12,27.220777,0.002416,0,0,-0.3,-13.9,-2.7,1.46,0.2,-0.04
5426,27.125,27.125,27.224677,0.001315,0,0,-0.3,-14,-2.4,1.47,0.19,-0.05
5427,27.13,27.13,27.22982,0.001459,0,0,-0.2,-14.1,-2.9,1.48,0.19,-0.05
5428,27.135,27.135,27.235771,0.00241,0,0,-0.2,-14.2,-3.5,1.49,0.19,-0.05
5429,27.14,27.14,27.239673,0.001312,0,0,-0.1,-14.2,-3,1.5,0.18,-0.05
5430,27.145,27.145001,27.244831,0.001469,1.00000000102796e-06,0,-0.3,-14.3,-3.3,1.51,0.18,-0.05
5431,27.15,27.150001,27.250879,0.002517,9.99999997475243e-07,0,-0.6,-14.2,-3.8,1.51,0.19,-0.06
5432,27.155,27.155,27.255772,0.002411,0,0,-0.6,-14.3,-3.4,1.52,0.18,-0.06
5433,27.16,27.16,27.259698,0.001338,0,0,-0.5,-14.4,-3.1,1.54,0.18,-0.06
5434,27.165,27.165,27.265772,0.00241,0,0,-0.4,-14.6,-2.8,1.55,0.16,-0.05
5435,27.17,27.17,27.270911,0.00255,0,0,-0.3,-14.6,-2.8,1.56,0.16,-0.06
5436,27.175,27.175,27.274686,0.001325,0,0,-0.4,-14.7,-3.4,1.57,0.17,-0.06
5437,27.18,27.18,27.279839,0.001477,0,0,-0.6,-14.9,-3.5,1.58,0.19,-0.06
5438,27.185,27.185001,27.285708,0.002346,9.99999997475243e-07,0,-0.7,-15.1,-3.6,1.6,0.2,-0.06
5439,27.19,27.19,27.289688,0.001327,0,0,-0.6,-15.2,-3,1.61,0.19,-0.06
5440,27.195,27.195,27.294927,0.001567,0,0,-0.5,-15.3,-2.5,1.63,0.17,-0.06
5441,27.2,27.2,27.300749,0.002388,0,0,-0.6,-15.5,-2.9,1.65,0.18,-0.06
5442,27.205,27.205001,27.304832,0.00147,9.99999997475243e-07,0,-0.6,-15.6,-3.2,1.66,0.2,-0.06
5443,27.21,27.21,27.309741,0.00138,0,0,-0.5,-15.7,-2.9,1.68,0.2,-0.06
5444,27.215,27.215001,27.31592,0.002558,1.00000000102796e-06,0,-0.4,-15.9,-2.4,1.69,0.2,-0.05
5445,27.22,27.22,27.320704,0.002343,0,0,-0.3,-16,-2.3,1.7,0.2,-0.05
5446,27.225,27.225,27.324705,0.001344,0,0,-0.2,-15.9,-2.5,1.72,0.2,-0.05
5447,27.23,27.23,27.330865,0.002503,0,0,-0.2,-16,-2.3,1.73,0.2,-0.05
5448,27.235,27.235,27.334699,0.001338,0,0,-0.2,-16.1,-2.4,1.74,0.21,-0.04
5449,27.24,27.240001,27.339791,0.001429,9.99999997475243e-07,0,-0.1,-16.1,-2.1,1.75,0.22,-0.04
5450,27.245,27.245,27.345866,0.002506,0,0,-0.2,-16.1,-2.8,1.75,0.23,-0.04
5451,27.25,27.25,27.350733,0.002372,0,0,-0.2,-16.1,-3.2,1.77,0.23,-0.04
5452,27.255,27.255,27.354707,0.001346,0,0,-0.2,-16.1,-3.5,1.77,0.23,-0.04
5453,27.26,27.26,27.359745,0.001385,0,0,-0.2,-16.3,-3,1.79,0.23,-0.04
5454,27.265,27.265,27.365884,0.002522,0,0,-0.3,-16.6,-3.6,1.8,0.24,-0.05
5455,27.27,27.27,27.370757,0.002397,0,0,-0.2,-16.6,-3.5,1.82,0.23,-0.05
5456,27.275,27.275001,27.374742,0.00138,9.99999997475243e-07,0,-0.3,-16.7,-3.6,1.82,0.24,-0.04
5457,27.28,27.28,27.379896,0.001535,0,0,-0.2,-16.7,-3.8,1.83,0.23,-0.04
5458,27.285,27.285,27.385787,0.002426,0,0,-0.2,-16.7,-3.8,1.84,0.23,-0.04
5459,27.29,27.29,27.3897,0.001339,0,0,-0.1,-16.8,-3.1,1.86,0.22,-0.04
5460,27.295,27.295,27.394709,0.001349,0,0,-0.2,-17,-3,1.87,0.22,-0.04
5461,27.3,27.300001,27.400774,0.002412,1.00000000102796e-06,0,-0.2,-17,-2.8,1.88,0.22,-0.04
5462,27.305,27.305,27.405731,0.002369,0,0,-0.2,-17.1,-2.9,1.89,0.23,-0.04
5463,27.31,27.310002,27.409746,0.001384,1.9999999985032e-06,0,-0.1,-17.1,-2.4,1.9,0.22,-0.03
5464,27.315,27.315,27.414951,0.00159,0,0,-0.3,-17.2,-3.2,1.9,0.24,-0.04
5465,27.32,27.32,27.420696,0.002335,0,0,-0.3,-17.4,-3.2,1.91,0.25,-0.04
5466,27.325,27.325,27.424699,0.001338,0,0,-0.2,-17.3,-2.8,1.91,0.24,-0.04
5467,27.33,27.330001,27.430031,0.001669,9.99999997475243e-07,0,-0.2,-17.4,-2.3,1.92,0.23,-0.04
5468,27.335,27.335,27.435748,0.002386,0,0,-0.3,-17.4,-2.6,1.92,0.24,-0.04
5469,27.34,27.34,27.439715,0.001353,0,0,-0.3,-17.5,-1.9,1.94,0.22,-0.04
5470,27.345,27.345,27.444776,0.001415,0,0,-0.3,-17.5,-1.7,1.94,0.22,-0.04
5471,27.35,27.35,27.450798,0.002436,0,0,-0.1,-17.6,-2.1,1.95,0.22,-0.04
5472,27.355,27.355,27.454866,0.001505,0,0,-0.1,-17.7,-2.5,1.96,0.23,-0.04
5473,27.36,27.36,27.45977,0.001409,0,0,0,-17.8,-2.5,1.97,0.23,-0.03
5474,27.365,27.365001,27.465826,0.002463,9.99999997475243e-07,0,0,-17.8,-2.3,1.98,0.23,-0.03
5475,27.37,27.37,27.469697,0.001337,0,0,0,-17.8,-2.8,1.97,0.25,-0.03
5476,27.375,27.375,27.474694,0.001333,0,0,0,-17.8,-3,1.97,0.26,-0.02
5477,27.38,27.38,27.480822,0.00246,0,0,0,-17.7,-2.7,1.98,0.25,-0.02
5478,27.385,27.385,27.485704,0.002343,0,0,0.1,-17.7,-2.7,1.98,0.25,-0.02
5479,27.39,27.39,27.489679,0.001318,0,0,0.1,-17.8,-2.3,1.99,0.25,-0.02
5480,27.395,27.395,27.495802,0.002441,0,0,0,-17.8,-2.9,2,0.26,-0.02
5481,27.4,27.400001,27.50076,0.002398,9.99999997475243e-07,0,0.1,-17.9,-3.5,1.99,0.27,-0.03
5482,27.405,27.405,27.504851,0.001489,0,0,0.1,-17.9,-3.5,1.99,0.27,-0.03
5483,27.41,27.41,27.510762,0.002401,0,0,0.1,-18,-3.4,1.99,0.28,-0.02
5484,27.415,27.415,27.515762,0.0024,0,0,0,-18.1,-3.2,2,0.29,-0.02
5485,27.42,27.42,27.519702,0.001341,0,0,0,-18.1,-3.4,2,0.29,-0.02
5486,27.425,27.425,27.524858,0.001497,0,0,0.1,-18.1,-3,2.01,0.28,-0.02
5487,27.43,27.43,27.530807,0.002445,0,0,0.1,-18.1,-3.4,2.01,0.29,-0.03
5488,27.435,27.435001,27.534702,0.00134,9.99999997475243e-07,0,0.1,-18.1,-3.7,2.01,0.29,-0.03
5489,27.44,27.44,27.539858,0.001498,0,0,0.2,-18.1,-2.9,2.02,0.28,-0.03
5490,27.445,27.445,27.545838,0.002478,0,0,0.2,-18.2,-3.2,2.01,0.28,-0.03
5491,27.45,27.45,27.549762,0.0014,0,0,0.2,-18.2,-3.2,2.02,0.28,-0.03
5492,27.455,27.455001,27.554853,0.001491,9.99999997475243e-07,0,0.2,-18.2,-2.7,2.03,0.27,-0.03
5493,27.46,27.46,27.560706,0.002345,0,0,0.1,-18.1,-2.3,2.04,0.28,-0.02
5494,27.465,27.465,27.565781,0.00242,0,0,0,-18.2,-2.2,2.04,0.27,-0.02
5495,27.47,27.47,27.56968,0.001319,0,0,0.3,-18.1,-2.7,2.03,0.27,-0.02
5496,27.475,27.475,27.575761,0.0024,0,0,0.2,-18.1,-2.7,2.04,0.27,-0.02
5497,27.48,27.48,27.580828,0.002466,0,0,0.1,-18.1,-2.8,2.03,0.27,-0.02
5498,27.485,27.485,27.584754,0.001393,0,0,0,-18.1,-3.1,2.02,0.28,-0.03
5499,27.49,27.490001,27.590715,0.002353,9.99999997475243e-07,0,0.1,-18,-3,2.02,0.27,-0.03
5500,27.495,27.495,27.595741,0.00238,0,0,0.1,-17.9,-2.4,2.03,0.26,-0.03
5501,27.5,27.5,27.599711,0.00135,0,0,0,-17.9,-3,2.02,0.26,-0.03
5502,27.505,27.505,27.60474,0.001379,0,0,0.1,-18,-4.1,2.01,0.27,-0.04
5503,27.51,27.51,27.610716,0.002355,0,0,0.1,-17.9,-3.7,2.01,0.26,-0.04
5504,27.515,27.515,27.61479,0.001428,0,0,0.1,-18,-3.3,2.02,0.26,-0.04
5505,27.52,27.52,27.619957,0.001596,0,0,0,-18,-3,2.03,0.25,-0.04
5506,27.525,27.525001,27.625816,0.002453,9.99999997475243e-07,0,0,-18.1,-3.5,2.03,0.26,-0.03
5507,27.53,27.53,27.630982,0.002621,0,0,0,-18.2,-3.5,2.03,0.27,-0.03
5508,27.535,27.535,27.634826,0.001465,0,0,0,-18.3,-4.2,2.03,0.28,-0.04
5509,27.54,27.54,27.640707,0.002345,0,0,0,-18.2,-3.8,2.03,0.28,-0.03
5510,27.545,27.545,27.644701,0.00134,0,0,0.1,-18.2,-4,2.03,0.28,-0.03
5511,27.55,27.55,27.649739,0.001378,0,0,0,-18.2,-4.2,2.03,0.29,-0.04
5512,27.555,27.555,27.655733,0.002372,0,0,0.1,-18.1,-3.9,2.03,0.29,-0.03
5513,27.56,27.560001,27.659692,0.00133,9.99999997475243e-07,0,0.1,-18.2,-3.8,2.03,0.29,-0.03
5514,27.565,27.565,27.664976,0.001614,0,0,0,-18.2,-3.3,2.03,0.28,-0.03
5515,27.57,27.57,27.670861,0.002501,0,0,0,-18.2,-2.6,2.04,0.27,-0.03
5516,27.575,27.575,27.675745,0.002383,0,0,0.1,-18.3,-3.6,2.03,0.29,-0.03
5517,27.58,27.580001,27.679721,0.001359,9.99999997475243e-07,0,0.1,-18.2,-3.3,2.03,0.29,-0.03
5518,27.585,27.585,27.684769,0.001408,0,0,0.3,-18.2,-2.9,2.04,0.28,-0.03
5519,27.59,27.59,27.690825,0.002464,0,0,0.2,-18.3,-2.9,2.04,0.28,-0.03
5520,27.595,27.595,27.69469,0.001329,0,0,0.4,-18.3,-2.3,2.04,0.26,-0.02
5521,27.6,27.6,27.699749,0.001388,0,0,0.3,-18.3,-3.1,2.03,0.27,-0.03
5522,27.605,27.605,27.705774,0.002414,0,0,0.4,-18.3,-2.6,2.04,0.26,-0.02
5523,27.61,27.61,27.710702,0.002341,0,0,0.3,-18.3,-3.1,2.04,0.27,-0.03
5524,27.615,27.615001,27.714706,0.001343,9.99999997475243e-07,0,0.4,-18.3,-2.7,2.04,0.27,-0.02
5525,27.62,27.62,27.719851,0.001491,0,0,0.2,-18.4,-3,2.04,0.29,-0.02
5526,27.625,27.625,27.725813,0.002451,0,0,0.1,-18.4,-3.5,2.04,0.3,-0.02
5527,27.63,27.63,27.730755,0.002394,0,0,0.2,-18.4,-3.5,2.04,0.31,-0.02
5528,27.635,27.635,27.734716,0.001355,0,0,0.2,-18.3,-3.9,2.04,0.31,-0.02
5529,27.64,27.64,27.740728,0.002367,0,0,0.3,-18.3,-3.6,2.04,0.3,-0.02
5530,27.645,27.645,27.745755,0.002394,0,0,0.2,-18.3,-3.2,2.04,0.3,-0.02
5531,27.65,27.650001,27.749712,0.00135,9.99999997475243e-07,0,0.2,-18.4,-3.4,2.05,0.31,-0.02
5532,27.655,27.655,27.75576,0.002398,0,0,0.3,-18.3,-2.9,2.06,0.3,-0.02
5533,27.66,27.66,27.760764,0.002403,0,0,0.2,-18.5,-2.6,2.07,0.3,-0.02
5534,27.665,27.665001,27.764929,0.001568,1.00000000102796e-06,0,0.2,-18.6,-2.3,2.08,0.29,-0.02
5535,27.67,27.67,27.769951,0.00159,0,0,0.1,-18.6,-1.8,2.09,0.29,-0.02
5536,27.675,27.675,27.775759,0.002397,0,0,0.1,-18.6,-2,2.09,0.29,-0.02
5537,27.68,27.68,27.77989,0.001529,0,0,0.1,-18.7,-1.9,2.1,0.28,-0.02
5538,27.685,27.685001,27.784714,0.001352,9.99999997475243e-07,0,0,-18.8,-2.3,2.1,0.29,-0.02
5539,27.69,27.69,27.790889,0.002527,0,0,0.1,-18.8,-2.3,2.1,0.29,-0.02
5540,27.695,27.695,27.795789,0.002428,0,0,0.2,-18.8,-2,2.1,0.28,-0.02
5541,27.7,27.7,27.799782,0.00142,0,0,0.2,-18.8,-2.6,2.1,0.29,-0.03
5542,27.705,27.705001,27.804863,0.001501,9.99999997475243e-07,0,0.2,-18.8,-3.3,2.1,0.3,-0.03
5543,27.71,27.71,27.810722,0.002361,0,0,0.3,-18.8,-2.8,2.1,0.29,-0.02
5544,27.715,27.715001,27.815986,0.002624,1.00000000102796e-06,0,0.3,-18.8,-2.7,2.11,0.28,-0.03
5545,27.72,27.72,27.819848,0.001488,0,0,0.4,-18.7,-2.6,2.11,0.27,-0.02
5546,27.725,27.725,27.825751,0.002389,0,0,0.3,-18.8,-3.3,2.11,0.28,-0.03
5547,27.73,27.73,27.830745,0.002384,0,0,0.1,-19,-2.9,2.11,0.28,-0.03
5548,27.735,27.735,27.834769,0.001408,0,0,0.2,-19,-2.8,2.12,0.26,-0.03
5549,27.74,27.740001,27.840776,0.002416,9.99999997475243e-07,0,0,-19.1,-3.4,2.12,0.28,-0.04
5550,27.745,27.745,27.845719,0.002358,0,0,0.1,-19.1,-2.4,2.14,0.26,-0.03
5551,27.75,27.75,27.849924,0.001563,0,0,0.1,-18.9,-3.1,2.13,0.27,-0.03
5552,27.755,27.755,27.855774,0.002413,0,0,0,-19,-3.6,2.13,0.28,-0.04
5553,27.76,27.76,27.860685,0.002324,0,0,0,-19,-3,2.14,0.28,-0.04
5554,27.765,27.765,27.864779,0.001418,0,0,-0.1,-19.1,-3.4,2.14,0.28,-0.04
5555,27.77,27.77,27.869764,0.001403,0,0,-0.1,-19.1,-3.3,2.14,0.28,-0.04
5556,27.775,27.775001,27.875755,0.002393,9.99999997475243e-07,0,-0.1,-19.1,-3.8,2.14,0.3,-0.04
5557,27.78,27.78,27.880745,0.002384,0,0,0,-19.1,-3.9,2.14,0.3,-0.04
5558,27.785,27.785,27.884776,0.001415,0,0,0,-19.1,-4.1,2.13,0.3,-0.04
5559,27.79,27.79,27.890781,0.00242,0,0,0,-19.1,-4.1,2.14,0.3,-0.04
5560,27.795,27.795,27.89569,0.002329,0,0,0,-19.1,-4,2.14,0.3,-0.04
5561,27.8,27.8,27.8997,0.001339,0,0,-0.1,-19.1,-4,2.13,0.31,-0.04
5562,27.805,27.805,27.904871,0.00151,0,0,0,-19.1,-3.4,2.14,0.29,-0.03
5563,27.81,27.810001,27.910793,0.002432,9.99999997475243e-07,0,0,-19,-2.7,2.14,0.28,-0.03
5564,27.815,27.815,27.91478,0.001418,0,0,0,-19,-3,2.14,0.29,-0.03
5565,27.82,27.82,27.919881,0.001521,0,0,0,-19,-3.5,2.13,0.29,-0.03
5566,27.825,27.825,27.92582,0.002458,0,0,0.1,-19.1,-3.6,2.13,0.28,-0.03
5567,27.83,27.830001,27.929702,0.00134,9.99999997475243e-07,0,0.3,-19,-3.3,2.13,0.29,-0.03
5568,27.835,27.835,27.934847,0.001485,0,0,0.2,-19,-3.4,2.13,0.29,-0.03
5569,27.84,27.84,27.940775,0.002414,0,0,0.2,-18.9,-3.4,2.13,0.29,-0.03
5570,27.845,27.845,27.945784,0.002423,0,0,0.1,-19.1,-3.7,2.13,0.31,-0.03
5571,27.85,27.85,27.94991,0.001548,0,0,0.1,-19.1,-3.8,2.12,0.32,-0.02
5572,27.855,27.855,27.954997,0.001636,0,0,0.2,-19.1,-3.4,2.13,0.32,-0.02
5573,27.86,27.86,27.960885,0.002524,0,0,0.3,-19,-3.5,2.12,0.31,-0.02
5574,27.865,27.865001,27.964791,0.001428,9.99999997475243e-07,0,0.1,-19,-3.9,2.12,0.32,-0.02
5575,27.87,27.87,27.969916,0.001555,0,0,0.3,-18.8,-3.7,2.12,0.31,-0.02
5576,27.875,27.875,27.975769,0.002408,0,0,0.3,-18.9,-3.9,2.11,0.31,-0.02
5577,27.88,27.88,27.980777,0.002416,0,0,0.3,-18.8,-3.8,2.1,0.31,-0.02
5578,27.885,27.885,27.984762,0.0014,0,0,0.2,-18.8,-3.4,2.1,0.3,-0.03
5579,27.89,27.89,27.990049,0.001687,0,0,0.4,-18.6,-3.3,2.08,0.29,-0.02
5580,27.895,27.895,27.995773,0.002412,0,0,0.2,-18.5,-3.3,2.07,0.3,-0.02
5581,27.9,27.900001,27.999794,0.001432,9.99999997475243e-07,0,0,-18.5,-3,2.06,0.3,-0.02
5582,27.905,27.905,28.00486,0.001498,0,0,0,-18.4,-3.2,2.05,0.3,-0.03
5583,27.91,27.91,28.010701,0.00234,0,0,0,-18.4,-3.8,2.03,0.31,-0.03
5584,27.915,27.915,28.014713,0.001352,0,0,0,-18.3,-3.7,2.02,0.3,-0.03
5585,27.92,27.92,28.019749,0.001387,0,0,0,-18.2,-3.4,2,0.3,-0.03
5586,27.925,27.925,28.025704,0.002343,0,0,0,-18,-3.3,1.99,0.28,-0.03
5587,27.93,27.93,28.029698,0.001337,0,0,0,-17.7,-3.1,1.96,0.27,-0.03
5588,27.935,27.935001,28.034671,0.001309,9.99999997475243e-07,0,-0.1,-17.6,-3.6,1.94,0.28,-0.04
5589,27.94,27.94,28.040707,0.002346,0,0,-0.2,-17.3,-4.3,1.89,0.29,-0.04
5590,27.945,27.945,28.044677,0.001316,0,0,-0.2,-17,-4.3,1.86,0.29,-0.04
5591,27.95,27.95,28.049706,0.001344,0,0,-0.1,-16.6,-4.3,1.82,0.28,-0.04
5592,27.955,27.955001,28.055852,0.002491,9.99999997475243e-07,0,-0.1,-16.4,-3.8,1.79,0.26,-0.04
5593,27.96,27.96,28.059701,0.001341,0,0,-0.3,-16,-3.8,1.73,0.27,-0.04
5594,27.965,27.965,28.064846,0.001486,0,0,-0.3,-15.6,-4,1.68,0.27,-0.05
5595,27.97,27.97,28.070695,0.002334,0,0,-0.1,-15,-3.5,1.62,0.26,-0.05
5596,27.975,27.975,28.075683,0.002322,0,0,-0.1,-14.6,-3.2,1.57,0.26,-0.04
5597,27.98,27.98,28.079846,0.001485,0,0,0,-14,-2.8,1.49,0.25,-0.03
5598,27.985,27.985,28.084845,0.001483,0,0,0,-13.7,-2.3,1.44,0.25,-0.02
5599,27.99,27.990001,28.090747,0.002386,9.99999997475243e-07,0,0,-13.1,-3.2,1.36,0.27,-0.03
5600,27.995,27.995,28.094687,0.001326,0,0,0.1,-12.7,-3.4,1.31,0.27,-0.03
5601,28,28,28.099749,0.001388,0,0,0.2,-12.3,-3.5,1.24,0.26,-0.02
5602,28.005,28.005001,28.105811,0.002449,1.00000000102796e-06,0,0.3,-12,-3.6,1.2,0.26,-0.02
5603,28.01,28.01,28.109691,0.00133,0,0,0.5,-11.5,-3.2,1.15,0.25,-0.02
5604,28.015,28.015,28.114793,0.001432,0,0,0.4,-11.4,-3.1,1.12,0.25,-0.02
5605,28.02,28.02,28.120817,0.002455,0,0,0,-11.2,-2.6,1.09,0.24,-0.02
5606,28.025,28.025001,28.124745,0.001384,9.99999997475243e-07,0,0,-11.1,-1.9,1.09,0.21,-0.02
5607,28.03,28.03,28.129799,0.001438,0,0,-0.1,-11.1,-1.8,1.09,0.19,-0.03
5608,28.035,28.035,28.135735,0.002374,0,0,0,-11.1,-1.9,1.09,0.17,-0.03
5609,28.04,28.04,28.139697,0.001336,0,0,-0.3,-11.1,-1.3,1.11,0.17,-0.03
5610,28.045,28.045,28.144724,0.001363,0,0,-0.2,-11.1,-1.8,1.1,0.17,-0.03
5611,28.05,28.05,28.150733,0.002371,0,0,-0.2,-11.1,-2.5,1.08,0.19,-0.04
5612,28.055,28.055,28.154834,0.001474,0,0,-0.2,-10.9,-2.7,1.08,0.19,-0.03
5613,28.06,28.060001,28.159727,0.001365,9.99999997475243e-07,0,-0.1,-10.9,-3.1,1.06,0.19,-0.03
5614,28.065,28.065,28.165998,0.002636,0,0,-0.2,-11,-2.8,1.07,0.19,-0.03
5615,28.07,28.07,28.170889,0.002528,0,0,-0.3,-11,-2.8,1.07,0.19,-0.04
5616,28.075,28.075,28.174735,0.001374,0,0,-0.3,-11.1,-2.1,1.07,0.18,-0.03
5617,28.08,28.080001,28.180746,0.002384,9.99999997475243e-07,0,-0.5,-10.9,-2.3,1.06,0.19,-0.03
5618,28.085,28.085,28.1857,0.002339,0,0,-0.6,-10.8,-2.5,1.06,0.19,-0.04
5619,28.09,28.09,28.189743,0.001381,0,0,-0.7,-10.9,-2.3,1.06,0.19,-0.05
5620,28.095,28.095,28.194848,0.001487,0,0,-0.7,-11,-2.7,1.06,0.19,-0.05
5621,28.1,28.1,28.200725,0.002364,0,0,-0.8,-11,-3.3,1.06,0.21,-0.06
5622,28.105,28.105,28.204684,0.001323,0,0,-0.8,-11,-3.5,1.06,0.21,-0.06
5623,28.11,28.11,28.209799,0.001438,0,0,-0.7,-10.9,-3,1.05,0.2,-0.05
5624,28.115,28.115001,28.215724,0.002362,9.99999997475243e-07,0,-0.6,-10.9,-3.2,1.05,0.2,-0.05
5625,28.12,28.12,28.219737,0.001375,0,0,-0.4,-10.9,-3,1.06,0.19,-0.05
5626,28.125,28.125,28.225001,0.001639,0,0,-0.5,-10.9,-3.4,1.06,0.2,-0.05
5627,28.13,28.13,28.230803,0.002443,0,0,-0.4,-10.9,-3,1.07,0.19,-0.04
5628,28.135,28.135,28.234691,0.001329,0,0,-0.5,-10.9,-3.5,1.06,0.2,-0.04
5629,28.14,28.14,28.239754,0.001393,0,0,-0.4,-10.8,-3.3,1.06,0.2,-0.04
5630,28.145,28.145,28.24575,0.002389,0,0,-0.3,-10.8,-3.2,1.06,0.2,-0.04
5631,28.15,28.150001,28.249683,0.001321,9.99999997475243e-07,0,-0.2,-10.7,-3,1.06,0.19,-0.04
5632,28.155,28.155,28.254776,0.001415,0,0,-0.2,-10.7,-3.3,1.06,0.2,-0.04
5633,28.16,28.16,28.260748,0.002387,0,0,-0.2,-10.8,-3.5,1.06,0.2,-0.04
5634,28.165,28.165,28.264753,0.001392,0,0,-0.2,-10.8,-2.9,1.07,0.19,-0.03
5635,28.17,28.17,28.269928,0.001567,0,0,-0.4,-10.8,-2.4,1.07,0.19,-0.03
5636,28.175,28.175,28.275778,0.002416,0,0,-0.3,-10.8,-2.7,1.06,0.19,-0.03
5637,28.18,28.18,28.27969,0.001329,0,0,-0.4,-10.9,-2.5,1.06,0.19,-0.04
5638,28.185,28.185001,28.28477,0.001408,9.99999997475243e-07,0,-0.4,-10.9,-2.7,1.06,0.18,-0.04
5639,28.19,28.19,28.290778,0.002416,0,0,-0.5,-11,-2.6,1.06,0.18,-0.04
5640,28.195,28.195,28.295697,0.002337,0,0,-0.4,-10.9,-2.6,1.06,0.18,-0.04
5641,28.2,28.2,28.299699,0.001338,0,0,-0.4,-10.8,-2.3,1.05,0.17,-0.04
5642,28.205,28.205001,28.305783,0.002421,9.99999997475243e-07,0,-0.5,-10.9,-2.2,1.06,0.18,-0.04
5643,28.21,28.21,28.310741,0.00238,0,0,-0.7,-10.9,-2.6,1.05,0.19,-0.04
5644,28.215,28.215,28.314978,0.001617,0,0,-0.7,-10.9,-2.2,1.06,0.18,-0.04
5645,28.22,28.22,28.320745,0.002384,0,0,-0.7,-10.9,-2.5,1.06,0.19,-0.05
5646,28.225,28.225001,28.325871,0.002509,9.99999997475243e-07,0,-0.6,-10.9,-2.4,1.06,0.18,-0.05
5647,28.23,28.23,28.32971,0.001349,0,0,-0.6,-10.9,-2.2,1.05,0.18,-0.04
5648,28.235,28.235,28.334767,0.001405,0,0,-0.5,-10.9,-2.3,1.05,0.18,-0.04
5649,28.24,28.240001,28.340839,0.002477,9.99999997475243e-07,0,-0.7,-10.9,-2.6,1.06,0.19,-0.05
5650,28.245,28.245,28.344787,0.001426,0,0,-0.7,-10.8,-2.7,1.06,0.18,-0.05
5651,28.25,28.250001,28.349999,0.001638,1.00000000102796e-06,0,-0.4,-10.8,-2.7,1.05,0.18,-0.04
5652,28.255,28.255001,28.355934,0.002572,1.00000000102796e-06,0,-0.4,-10.8,-2.8,1.06,0.18,-0.04
5653,28.26,28.26,28.360728,0.002366,0,0,-0.3,-10.8,-2.6,1.05,0.17,-0.04
5654,28.265,28.265,28.3647,0.001339,0,0,-0.4,-10.8,-3.5,1.05,0.19,-0.04
5655,28.27,28.27,28.37079,0.002428,0,0,-0.3,-10.7,-2.9,1.05,0.18,-0.04
5656,28.275,28.275001,28.375724,0.002361,9.99999997475243e-07,0,-0.5,-10.8,-3.5,1.05,0.19,-0.04
5657,28.28,28.28,28.379727,0.001366,0,0,-0.6,-10.8,-3.3,1.05,0.19,-0.04
5658,28.285,28.285,28.384728,0.001366,0,0,-0.4,-10.8,-3.1,1.05,0.19,-0.04
5659,28.29,28.29,28.390807,0.002446,0,0,-0.5,-10.8,-2.7,1.06,0.19,-0.04
5660,28.295,28.295,28.395711,0.00235,0,0,-0.4,-10.8,-3.2,1.05,0.19,-0.03
5661,28.3,28.3,28.399736,0.001375,0,0,-0.5,-10.8,-2.6,1.06,0.19,-0.04
5662,28.305,28.305,28.405718,0.002357,0,0,-0.5,-10.8,-2.8,1.06,0.19,-0.04
5663,28.31,28.310001,28.410693,0.00233,9.99999997475243e-07,0,-0.5,-10.8,-2.1,1.06,0.18,-0.04
5664,28.315,28.315,28.414751,0.00139,0,0,-0.4,-10.9,-2.2,1.06,0.17,-0.04
5665,28.32,28.32,28.419773,0.001412,0,0,-0.5,-10.9,-2.6,1.05,0.18,-0.04
5666,28.325,28.325,28.425345,0.001984,0,0,-0.5,-10.9,-2,1.05,0.18,-0.04
5667,28.33,28.330004,28.430471,0.002107,3.9999999970064e-06,0,-0.3,-10.8,-2.1,1.05,0.17,-0.04
5668,28.335,28.335002,28.435833,0.002468,1.9999999985032e-06,0,-0.3,-10.8,-1.9,1.05,0.17,-0.03
5669,28.34,28.34,28.439681,0.00132,0,0,-0.1,-10.7,-2.1,1.05,0.16,-0.04
5670,28.345,28.345,28.444958,0.001597,0,0,-0.1,-10.7,-2.2,1.05,0.16,-0.04
5671,28.35,28.35,28.450797,0.002435,0,0,-0.3,-10.8,-2.6,1.04,0.18,-0.04
5672,28.355,28.355,28.454692,0.001331,0,0,-0.3,-10.8,-3,1.04,0.18,-0.04
5673,28.36,28.36,28.459903,0.001542,0,0,-0.5,-10.8,-2.7,1.05,0.18,-0.04
5674,28.365,28.365001,28.465794,0.002431,9.99999997475243e-07,0,-0.5,-10.7,-2.8,1.05,0.18,-0.04
5675,28.37,28.37,28.469684,0.001323,0,0,-0.5,-10.7,-2.8,1.05,0.19,-0.04
5676,28.375,28.375003,28.474764,0.0014,2.99999999953116e-06,0,-0.6,-10.7,-3,1.05,0.19,-0.04
5677,28.38,28.38,28.480713,0.002352,0,0,-0.5,-10.8,-3,1.05,0.18,-0.05
5678,28.385,28.385,28.484717,0.001356,0,0,-0.4,-10.8,-2.7,1.05,0.18,-0.04
5679,28.39,28.39,28.489823,0.001461,0,0,-0.5,-10.8,-3.3,1.05,0.19,-0.04
5680,28.395,28.395,28.495007,0.001645,0,0,-0.4,-10.8,-3.3,1.05,0.19,-0.04
5681,28.4,28.400001,28.500932,0.002569,9.99999997475243e-07,0,-0.3,-10.8,-4,1.04,0.2,-0.05
5682,28.405,28.405,28.504923,0.001563,0,0,-0.4,-10.9,-3.8,1.04,0.21,-0.04
5683,28.41,28.41,28.509742,0.001381,0,0,-0.3,-10.8,-2.8,1.05,0.19,-0.04
5684,28.415,28.415,28.515778,0.002417,0,0,-0.4,-10.8,-3,1.04,0.2,-0.04
5685,28.42,28.42,28.520774,0.002413,0,0,-0.3,-10.8,-2.7,1.05,0.19,-0.04
5686,28.425,28.425,28.524724,0.001363,0,0,-0.4,-10.9,-2.7,1.05,0.19,-0.04
5687,28.43,28.43,28.529855,0.001494,0,0,-0.6,-10.9,-2.8,1.05,0.2,-0.04
5688,28.435,28.435001,28.535755,0.002393,9.99999997475243e-07,0,-0.5,-10.8,-2.5,1.05,0.19,-0.04
5689,28.44,28.44,28.539724,0.001363,0,0,-0.5,-10.9,-2.3,1.05,0.18,-0.04
5690,28.445,28.445,28.544898,0.001536,0,0,-0.5,-10.9,-2.1,1.05,0.18,-0.04
5691,28.45,28.45,28.550798,0.002437,0,0,-0.6,-10.9,-2.3,1.04,0.19,-0.04
5692,28.455,28.455001,28.554683,0.001321,9.99999997475243e-07,0,-0.4,-10.8,-2,1.05,0.18,-0.04
5693,28.46,28.46,28.559919,0.001557,0,0,-0.4,-10.9,-1.8,1.05,0.18,-0.04
5694,28.465,28.465,28.565806,0.002444,0,0,-0.4,-10.8,-2,1.05,0.18,-0.04
5695,28.47,28.47,28.56977,0.001408,0,0,-0.6,-10.8,-2.9,1.04,0.19,-0.05
5696,28.475,28.475001,28.574868,0.001506,9.99999997475243e-07,0,-0.7,-10.9,-2.8,1.05,0.19,-0.05
5697,28.48,28.48,28.580904,0.002542,0,0,-0.6,-10.7,-2.9,1.05,0.19,-0.05
5698,28.485,28.485,28.58573,0.00237,0,0,-0.6,-10.7,-2.3,1.06,0.19,-0.04
5699,28.49,28.490001,28.589729,0.001367,9.99999997475243e-07,0,-0.5,-10.8,-3.1,1.05,0.2,-0.05
5700,28.495,28.495,28.595748,0.002387,0,0,-0.5,-10.8,-2.9,1.05,0.19,-0.04
5701,28.5,28.5,28.600698,0.002337,0,0,-0.4,-10.8,-3,1.04,0.19,-0.04
5702,28.505,28.505,28.604755,0.001393,0,0,-0.4,-10.7,-2.5,1.05,0.18,-0.04
5703,28.51,28.51,28.609774,0.001412,0,0,-0.3,-10.8,-1.9,1.05,0.17,-0.03
5704,28.515,28.515,28.615805,0.002444,0,0,-0.3,-10.8,-2.3,1.06,0.18,-0.03
5705,28.52,28.52,28.619737,0.001376,0,0,-0.3,-10.8,-2.4,1.06,0.18,-0.03
5706,28.525,28.525001,28.624863,0.001502,9.99999997475243e-07,0,-0.2,-10.8,-2.8,1.05,0.19,-0.03
5707,28.53,28.530001,28.630914,0.002551,9.99999997475243e-07,0,-0.1,-10.8,-3.2,1.04,0.19,-0.04
5708,28.535,28.535,28.634689,0.001326,0,0,-0.3,-10.8,-3.1,1.04,0.19,-0.04
5709,28.54,28.54,28.639858,0.001497,0,0,-0.4,-10.7,-3.6,1.04,0.19,-0.04
5710,28.545,28.545,28.645832,0.002471,0,0,-0.4,-10.7,-3.1,1.04,0.19,-0.04
5711,28.55,28.55,28.650746,0.002384,0,0,-0.4,-10.8,-3.1,1.05,0.2,-0.04
5712,28.555,28.555,28.654712,0.00135,0,0,-0.5,-10.9,-3.4,1.05,0.2,-0.05
5713,28.56,28.560001,28.659842,0.001479,9.99999997475243e-07,0,-0.5,-10.8,-2.5,1.05,0.18,-0.04
5714,28.565,28.565,28.665779,0.002417,0,0,-0.5,-10.8,-2.6,1.05,0.19,-0.04
5715,28.57,28.57,28.669679,0.001318,0,0,-0.6,-10.8,-2.6,1.05,0.19,-0.04
5716,28.575,28.575001,28.674935,0.001574,1.00000000102796e-06,0,-0.6,-10.8,-2.7,1.05,0.19,-0.04
5717,28.58,28.580001,28.680723,0.002361,9.99999997475243e-07,0,-0.6,-10.7,-3.1,1.05,0.18,-0.04
5718,28.585,28.585,28.684676,0.001315,0,0,-0.6,-10.7,-3,1.05,0.18,-0.04
5719,28.59,28.59,28.689722,0.001361,0,0,-0.7,-10.7,-2.7,1.05,0.19,-0.05
5720,28.595,28.595,28.69579,0.002428,0,0,-0.8,-10.8,-2.8,1.05,0.19,-0.05
5721,28.6,28.6,28.700727,0.002366,0,0,-0.6,-10.9,-3,1.04,0.19,-0.04
5722,28.605,28.605001,28.704757,0.001395,1.00000000102796e-06,0,-0.4,-10.9,-3.1,1.04,0.19,-0.05
5723,28.61,28.61,28.709766,0.001405,0,0,-0.4,-10.8,-2.9,1.04,0.18,-0.05
5724,28.615,28.615001,28.715747,0.002385,9.99999997475243e-07,0,-0.3,-10.7,-2.5,1.05,0.17,-0.04
5725,28.62,28.620001,28.7197,0.001338,9.99999997475243e-07,0,-0.2,-10.7,-2.5,1.05,0.16,-0.04
5726,28.625,28.625001,28.725019,0.001658,1.00000000102796e-06,0,-0.4,-10.8,-3.1,1.05,0.18,-0.04
5727,28.63,28.63,28.730828,0.002466,0,0,-0.3,-10.7,-2.7,1.05,0.17,-0.04
5728,28.635,28.635,28.734696,0.001334,0,0,-0.4,-10.8,-2.6,1.05,0.18,-0.04
5729,28.64,28.64,28.739682,0.001321,0,0,-0.5,-10.8,-2.8,1.05,0.19,-0.04
5730,28.645,28.645,28.745728,0.002367,0,0,-0.4,-10.9,-2.5,1.05,0.19,-0.04
5731,28.65,28.650001,28.750746,0.002383,9.99999997475243e-07,0,-0.4,-10.9,-2.4,1.05,0.19,-0.04
5732,28.655,28.655,28.754705,0.001344,0,0,-0.5,-10.9,-1.7,1.06,0.19,-0.04
5733,28.66,28.66,28.759789,0.001428,0,0,-0.4,-10.9,-2.8,1.05,0.2,-0.04
5734,28.665,28.665,28.765763,0.002402,0,0,-0.5,-10.9,-3.4,1.04,0.2,-0.04
5735,28.67,28.67,28.769877,0.001517,0,0,-0.5,-10.9,-3.2,1.04,0.21,-0.04
5736,28.675,28.675,28.774798,0.001436,0,0,-0.5,-10.8,-3,1.04,0.2,-0.04
5737,28.68,28.68,28.780791,0.002429,0,0,-0.5,-10.8,-3.1,1.04,0.2,-0.04
5738,28.685,28.685001,28.784677,0.001315,9.99999997475243e-07,0,-0.5,-10.9,-3,1.04,0.2,-0.04
5739,28.69,28.69,28.789742,0.001381,0,0,-0.5,-10.9,-3,1.05,0.19,-0.04
5740,28.695,28.695,28.795755,0.002394,0,0,-0.5,-10.9,-2.7,1.05,0.18,-0.04
5741,28.7,28.7,28.80071,0.002349,0,0,-0.4,-10.9,-3.1,1.04,0.18,-0.04
5742,28.705,28.705001,28.804666,0.001304,9.99999997475243e-07,0,-0.3,-10.8,-2.6,1.05,0.18,-0.04
5743,28.71,28.71,28.809942,0.001581,0,0,-0.4,-10.9,-1.8,1.05,0.18,-0.04
5744,28.715,28.715,28.815812,0.00245,0,0,-0.4,-10.9,-1.7,1.06,0.18,-0.03
5745,28.72,28.72,28.819681,0.00132,0,0,-0.3,-10.8,-2.3,1.05,0.19,-0.04
5746,28.725,28.725037,28.824852,0.001452,3.69999999989545e-05,0,-0.4,-10.8,-2.8,1.04,0.19,-0.04
5747,28.73,28.73,28.830736,0.002375,0,0,-0.4,-10.9,-2.8,1.05,0.19,-0.04
5748,28.735,28.735,28.834718,0.001356,0,0,-0.4,-10.9,-2.9,1.05,0.2,-0.04
5749,28.74,28.740001,28.839839,0.001478,9.99999997475243e-07,0,-0.5,-10.8,-3,1.04,0.2,-0.04
5750,28.745,28.745,28.845011,0.00165,0,0,-0.5,-10.9,-2.8,1.04,0.19,-0.04
5751,28.75,28.75,28.850818,0.002456,0,0,-0.5,-10.8,-2.7,1.04,0.19,-0.04
5752,28.755,28.755,28.854682,0.001321,0,0,-0.6,-10.8,-3.2,1.04,0.2,-0.05
5753,28.76,28.76,28.859747,0.001386,0,0,-0.6,-10.9,-3,1.04,0.19,-0.05
5754,28.765,28.765,28.865725,0.002364,0,0,-0.6,-10.9,-3,1.04,0.2,-0.05
5755,28.77,28.77,28.869787,0.001426,0,0,-0.7,-10.9,-3,1.04,0.2,-0.05
5756,28.775,28.775001,28.874687,0.001324,9.99999997475243e-07,0,-0.6,-10.8,-2.9,1.04,0.2,-0.04
5757,28.78,28.78,28.880798,0.002437,0,0,-0.5,-10.7,-2.6,1.04,0.19,-0.04
5758,28.785,28.785,28.885729,0.002368,0,0,-0.6,-10.8,-3.1,1.04,0.2,-0.04
5759,28.79,28.79,28.889718,0.001357,0,0,-0.4,-10.7,-3.1,1.04,0.2,-0.04
5760,28.795,28.795,28.894883,0.001522,0,0,-0.6,-10.7,-3,1.04,0.2,-0.04
5761,28.8,28.8,28.900829,0.002468,0,0,-0.4,-10.7,-2.8,1.05,0.18,-0.04
5762,28.805,28.805,28.905801,0.002439,0,0,-0.4,-10.9,-2.3,1.05,0.18,-0.04
5763,28.81,28.810001,28.909696,0.001332,9.99999997475243e-07,0,-0.4,-10.8,-1.6,1.05,0.17,-0.03
5764,28.815,28.815,28.915785,0.002423,0,0,-0.4,-10.8,-2.2,1.04,0.17,-0.03
5765,28.82,28.82,28.919732,0.001371,0,0,-0.5,-10.8,-2.4,1.05,0.18,-0.04
5766,28.825,28.825,28.924871,0.00151,0,0,-0.4,-10.8,-2.5,1.05,0.18,-0.04
5767,28.83,28.830001,28.930075,0.001713,9.99999997475243e-07,0,-0.4,-10.9,-2.6,1.05,0.19,-0.04
5768,28.835,28.835001,28.935771,0.002409,9.99999997475243e-07,0,-0.5,-10.8,-2.9,1.04,0.19,-0.04
5769,28.84,28.84,28.939687,0.001326,0,0,-0.6,-10.8,-3.4,1.04,0.2,-0.05
5770,28.845,28.845,28.944799,0.001438,0,0,-0.5,-10.8,-3.1,1.04,0.19,-0.05
5771,28.85,28.85,28.950701,0.00234,0,0,-0.4,-10.8,-3.4,1.04,0.2,-0.04
5772,28.855,28.855,28.954694,0.001334,0,0,-0.3,-10.8,-2.8,1.04,0.18,-0.04
5773,28.86,28.86,28.959833,0.001471,0,0,-0.4,-10.9,-3.1,1.04,0.19,-0.05
5774,28.865,28.865001,28.965845,0.002482,9.99999997475243e-07,0,-0.5,-10.9,-3.6,1.04,0.2,-0.05
5775,28.87,28.870001,28.9698,0.001438,9.99999997475243e-07,0,-0.6,-10.9,-3,1.04,0.21,-0.05
5776,28.875,28.875,28.974823,0.001462,0,0,-0.5,-10.9,-2.8,1.04,0.2,-0.04
5777,28.88,28.88,28.980902,0.00254,0,0,-0.5,-10.9,-2.8,1.04,0.2,-0.04
5778,28.885,28.885,28.985725,0.002363,0,0,-0.4,-10.8,-2.8,1.04,0.19,-0.04
5779,28.89,28.89,28.989871,0.00151,0,0,-0.4,-10.8,-2.9,1.04,0.19,-0.04
5780,28.895,28.895,28.99482,0.00146,0,0,-0.4,-10.8,-3,1.04,0.19,-0.04
5781,28.9,28.900001,29.000755,0.002392,9.99999997475243e-07,0,-0.4,-10.7,-2.9,1.04,0.19,-0.04
5782,28.905,28.905,29.004691,0.001329,0,0,-0.4,-10.7,-2.4,1.04,0.18,-0.04
5783,28.91,28.91,29.0099,0.001538,0,0,-0.3,-10.7,-2.4,1.04,0.18,-0.04
5784,28.915,28.915,29.015803,0.002442,0,0,-0.3,-10.7,-3,1.04,0.19,-0.04
5785,28.92,28.92,29.019678,0.001317,0,0,-0.3,-10.7,-2.8,1.04,0.18,-0.04
5786,28.925,28.925,29.024952,0.001589,0,0,-0.3,-10.7,-3,1.04,0.18,-0.04
5787,28.93,28.93,29.030752,0.002392,0,0,-0.2,-10.7,-2.6,1.04,0.17,-0.03
5788,28.935,28.935001,29.034691,0.001328,9.99999997475243e-07,0,-0.2,-10.7,-2.9,1.04,0.18,-0.04
5789,28.94,28.94,29.039718,0.001357,0,0,-0.2,-10.7,-2.2,1.05,0.17,-0.03
5790,28.945,28.945,29.045719,0.002358,0,0,-0.3,-10.7,-2.6,1.05,0.18,-0.04
5791,28.95,28.95,29.050715,0.002353,0,0,-0.2,-10.6,-2.7,1.04,0.18,-0.04
5792,28.955,28.955001,29.05468,0.001318,9.99999997475243e-07,0,-0.2,-10.7,-2.5,1.05,0.18,-0.03
5793,28.96,28.96,29.060704,0.002343,0,0,-0.3,-10.7,-2.8,1.05,0.18,-0.04
5794,28.965,28.965,29.065735,0.002373,0,0,-0.4,-10.7,-3,1.04,0.18,-0.04
5795,28.97,28.97,29.069678,0.001317,0,0,-0.5,-10.8,-3.2,1.04,0.19,-0.04
5796,28.975,28.975001,29.07527,0.00191,9.99999997475243e-07,0,-0.5,-10.8,-3.1,1.04,0.2,-0.04
5797,28.98,28.98,29.081202,0.002841,0,0,-0.4,-10.7,-2.9,1.04,0.19,-0.04
5798,28.985,28.985001,29.086182,0.002822,1.00000000102796e-06,0,-0.5,-10.8,-3.9,1.04,0.21,-0.04
5799,28.99,28.99004,29.08986,0.001457,3.99999999984857e-05,0,-0.5,-10.8,-3.1,1.04,0.2,-0.04
5800,28.995,28.995,29.095881,0.00252,0,0,-0.4,-10.8,-2.5,1.05,0.18,-0.04
5801,29,29,29.099954,0.001592,0,0,-0.4,-10.8,-3.3,1.04,0.2,-0.04
5802,29.005,29.005001,29.105108,0.001747,1.00000000102796e-06,0,-0.5,-10.8,-3.3,1.04,0.19,-0.04
5803,29.01,29.01,29.111014,0.002652,0,0,-0.5,-10.8,-3,1.04,0.19,-0.04
5804,29.015,29.015,29.114853,0.001491,0,0,-0.3,-10.7,-2.6,1.04,0.17,-0.04
5805,29.02,29.02,29.119755,0.001394,0,0,-0.3,-10.8,-2.2,1.05,0.17,-0.04
5806,29.025,29.025001,29.125748,0.002385,9.99999997475243e-07,0,-0.3,-10.8,-2.4,1.05,0.18,-0.04
5807,29.03,29.03,29.130717,0.002356,0,0,-0.4,-10.8,-2.5,1.04,0.18,-0.04
5808,29.035,29.035,29.134666,0.001305,0,0,-0.4,-10.8,-2.3,1.05,0.18,-0.04
5809,29.04,29.04,29.139876,0.001516,0,0,-0.4,-10.8,-2.4,1.05,0.19,-0.04
5810,29.045,29.045,29.145762,0.0024,0,0,-0.4,-10.7,-2.6,1.04,0.19,-0.04
5811,29.05,29.05,29.149678,0.001317,0,0,-0.5,-10.7,-2.4,1.04,0.19,-0.04
5812,29.055,29.055,29.154782,0.00142,0,0,-0.5,-10.7,-2.9,1.04,0.2,-0.04
5813,29.06,29.060001,29.160727,0.002365,9.99999997475243e-07,0,-0.4,-10.7,-3,1.04,0.2,-0.04
5814,29.065,29.065,29.164745,0.001383,0,0,-0.4,-10.7,-2.6,1.04,0.19,-0.04
5815,29.07,29.07,29.169754,0.001392,0,0,-0.5,-10.7,-2.5,1.04,0.19,-0.05
5816,29.075,29.075,29.17576,0.002399,0,0,-0.4,-10.7,-2.9,1.04,0.2,-0.04
5817,29.08,29.080001,29.179697,0.001335,9.99999997475243e-07,0,-0.4,-10.8,-2.5,1.04,0.19,-0.04
5818,29.085,29.085,29.184743,0.001382,0,0,-0.3,-10.6,-1.8,1.05,0.16,-0.04
5819,29.09,29.09,29.190768,0.002407,0,0,-0.4,-10.7,-2.1,1.05,0.17,-0.04
5820,29.095,29.095,29.19575,0.00239,0,0,-0.4,-10.8,-2.3,1.05,0.18,-0.04
5821,29.1,29.1,29.199715,0.001353,0,0,-0.4,-10.7,-3,1.04,0.18,-0.04
5822,29.105,29.105003,29.205218,0.001855,2.99999999953116e-06,0,-0.5,-10.8,-2.6,1.04,0.19,-0.04
5823,29.11,29.110001,29.211181,0.002819,1.00000000102796e-06,0,-0.2,-10.8,-2.6,1.04,0.18,-0.04
5824,29.115,29.115001,29.21479,0.001427,9.99999997475243e-07,0,-0.3,-10.8,-2.9,1.04,0.18,-0.04
5825,29.12,29.12,29.21984,0.00148,0,0,-0.3,-10.7,-2.5,1.04,0.19,-0.04
5826,29.125,29.125,29.225999,0.002638,0,0,-0.4,-10.7,-2.8,1.04,0.19,-0.04
5827,29.13,29.130001,29.23102,0.002658,1.00000000102796e-06,0,-0.4,-10.8,-3.1,1.04,0.19,-0.04
5828,29.135,29.135,29.234837,0.001475,0,0,-0.2,-10.8,-2.4,1.05,0.18,-0.04
5829,29.14,29.14,29.24087,0.002508,0,0,-0.2,-10.7,-2.6,1.05,0.18,-0.04
5830,29.145,29.145,29.244686,0.001325,0,0,-0.4,-10.7,-2.5,1.05,0.18,-0.04
5831,29.15,29.150001,29.249768,0.001405,9.99999997475243e-07,0,-0.4,-10.6,-2.5,1.05,0.18,-0.03
5832,29.155,29.155,29.255747,0.002386,0,0,-0.4,-10.6,-2.5,1.05,0.19,-0.04
5833,29.16,29.16,29.260689,0.002328,0,0,-0.3,-10.6,-2.4,1.05,0.18,-0.04
5834,29.165,29.165001,29.264828,0.001465,1.00000000102796e-06,0,-0.5,-10.8,-2.4,1.05,0.19,-0.04
5835,29.17,29.17,29.270709,0.002348,0,0,-0.4,-10.7,-2.4,1.04,0.19,-0.04
5836,29.175,29.175001,29.276049,0.002688,1.00000000102796e-06,0,-0.3,-10.7,-2.1,1.04,0.18,-0.04
5837,29.18,29.180001,29.279795,0.001433,1.00000000102796e-06,0,-0.3,-10.7,-2,1.04,0.17,-0.04
5838,29.185,29.185001,29.284899,0.001537,9.99999997475243e-07,0,-0.4,-10.7,-2.5,1.04,0.18,-0.04
5839,29.19,29.19,29.290746,0.002385,0,0,-0.5,-10.8,-2.9,1.04,0.2,-0.04
5840,29.195,29.195,29.294716,0.001355,0,0,-0.4,-10.8,-3,1.03,0.19,-0.04
5841,29.2,29.2,29.299769,0.001408,0,0,-0.4,-10.7,-3,1.03,0.18,-0.04
5842,29.205,29.205001,29.305729,0.002367,9.99999997475243e-07,0,-0.5,-10.8,-2.7,1.04,0.19,-0.04
5843,29.21,29.21,29.310698,0.002337,0,0,-0.6,-10.9,-2.8,1.04,0.2,-0.04
5844,29.215,29.215,29.314715,0.001354,0,0,-0.5,-10.9,-2.1,1.05,0.19,-0.04
5845,29.22,29.22,29.319792,0.001431,0,0,-0.5,-11,-2.6,1.04,0.19,-0.05
5846,29.225,29.225,29.325861,0.0025,0,0,-0.4,-10.8,-3.3,1.03,0.2,-0.05
5847,29.23,29.23,29.329743,0.001382,0,0,-0.5,-10.8,-3,1.03,0.2,-0.04
5848,29.235,29.235,29.3348,0.001439,0,0,-0.4,-10.8,-2.7,1.04,0.2,-0.04
5849,29.24,29.240001,29.340764,0.002403,9.99999997475243e-07,0,-0.3,-10.9,-2.9,1.04,0.19,-0.04
5850,29.245,29.245,29.344766,0.001406,0,0,-0.5,-10.9,-2.7,1.04,0.2,-0.05
5851,29.25,29.25,29.349779,0.001418,0,0,-0.4,-10.8,-2.5,1.04,0.19,-0.05
5852,29.255,29.255001,29.355804,0.002442,1.00000000102796e-06,0,-0.5,-10.7,-2.9,1.04,0.19,-0.04
5853,29.26,29.26,29.360747,0.002386,0,0,-0.5,-10.6,-3.1,1.04,0.19,-0.04
5854,29.265,29.265,29.364705,0.001343,0,0,-0.4,-10.6,-2.5,1.04,0.18,-0.04
5855,29.27,29.27,29.370841,0.00248,0,0,-0.4,-10.7,-2.5,1.04,0.18,-0.04
5856,29.275,29.275051,29.375937,0.002523,5.09999999991351e-05,0,-0.4,-10.7,-2.7,1.04,0.19,-0.04
5857,29.28,29.28,29.379726,0.001364,0,0,-0.4,-10.7,-3.3,1.03,0.19,-0.04
5858,29.285,29.285,29.384794,0.001433,0,0,-0.4,-10.7,-2.2,1.04,0.18,-0.04
5859,29.29,29.29,29.390724,0.002363,0,0,-0.4,-10.8,-3,1.04,0.18,-0.04
5860,29.295,29.295,29.394869,0.001507,0,0,-0.5,-10.8,-2.9,1.04,0.19,-0.05
5861,29.3,29.3,29.399839,0.001478,0,0,-0.5,-10.8,-3.4,1.04,0.19,-0.05
5862,29.305,29.305,29.405039,0.001678,0,0,-0.5,-10.9,-3.6,1.03,0.2,-0.05
5863,29.31,29.310001,29.410898,0.002535,9.99999997475243e-07,0,-0.5,-10.9,-3.3,1.03,0.2,-0.05
5864,29.315,29.315,29.41477,0.001409,0,0,-0.3,-10.8,-3.1,1.03,0.19,-0.04
5865,29.32,29.32,29.419734,0.001373,0,0,-0.4,-10.9,-3.1,1.03,0.19,-0.04
5866,29.325,29.325001,29.425857,0.002495,1.00000000102796e-06,0,-0.5,-10.8,-2.8,1.04,0.19,-0.04
5867,29.33,29.330001,29.429692,0.00133,9.99999997475243e-07,0,-0.7,-10.8,-2.8,1.04,0.2,-0.04
5868,29.335,29.335,29.434829,0.001469,0,0,-0.5,-10.8,-3,1.04,0.19,-0.05
5869,29.34,29.34,29.440759,0.002397,0,0,-0.6,-10.8,-3.4,1.04,0.2,-0.05
5870,29.345,29.345,29.445725,0.002364,0,0,-0.4,-10.9,-3,1.04,0.19,-0.05
5871,29.35,29.35,29.449704,0.001343,0,0,-0.5,-10.9,-3.1,1.04,0.2,-0.05
5872,29.355,29.355,29.454796,0.001434,0,0,-0.5,-10.9,-2.5,1.04,0.18,-0.04
5873,29.36,29.360001,29.46078,0.002418,1.00000000102796e-06,0,-0.3,-10.8,-2.6,1.04,0.17,-0.04
5874,29.365,29.365001,29.464695,0.001333,9.99999997475243e-07,0,-0.5,-10.7,-2.7,1.04,0.18,-0.04
5875,29.37,29.370001,29.4698,0.001438,9.99999997475243e-07,0,-0.4,-10.8,-2.8,1.04,0.18,-0.05
5876,29.375,29.375001,29.475832,0.00247,1.00000000102796e-06,0,-0.5,-10.7,-2.5,1.05,0.18,-0.04
5877,29.38,29.38,29.479748,0.001387,0,0,-0.3,-10.7,-2.5,1.05,0.18,-0.04
5878,29.385,29.385,29.484717,0.001355,0,0,-0.1,-10.8,-2.5,1.04,0.17,-0.04
5879,29.39,29.39,29.490735,0.002373,0,0,-0.1,-10.7,-2.2,1.04,0.17,-0.04
5880,29.395,29.395,29.495718,0.002357,0,0,-0.1,-10.8,-2.2,1.05,0.17,-0.04
5881,29.4,29.400001,29.499738,0.001375,9.99999997475243e-07,0,-0.2,-10.8,-2,1.05,0.17,-0.04
5882,29.405,29.405,29.504825,0.001465,0,0,-0.2,-10.8,-2.2,1.05,0.18,-0.04
5883,29.41,29.41,29.51079,0.002429,0,0,-0.3,-10.9,-2.2,1.04,0.18,-0.04
5884,29.415,29.415,29.51471,0.001349,0,0,-0.5,-10.9,-3,1.03,0.2,-0.04
5885,29.42,29.42,29.519793,0.001432,0,0,-0.5,-10.9,-2.9,1.03,0.19,-0.04
5886,29.425,29.425,29.525783,0.002422,0,0,-0.5,-10.8,-2.4,1.04,0.18,-0.04
5887,29.43,29.43,29.529726,0.001365,0,0,-0.3,-10.8,-2.2,1.04,0.18,-0.04
5888,29.435,29.435001,29.534851,0.001489,9.99999997475243e-07,0,-0.4,-10.9,-2.1,1.05,0.18,-0.04
5889,29.44,29.44,29.539818,0.001456,0,0,-0.5,-10.8,-2.2,1.04,0.18,-0.04
5890,29.445,29.445,29.545805,0.002443,0,0,-0.5,-10.9,-2.8,1.04,0.18,-0.05
5891,29.45,29.45,29.549718,0.001357,0,0,-0.5,-10.9,-2.7,1.04,0.19,-0.05
5892,29.455,29.455001,29.554769,0.001407,9.99999997475243e-07,0,-0.4,-10.8,-2.6,1.04,0.18,-0.04
5893,29.46,29.46,29.560769,0.002407,0,0,-0.4,-10.7,-2.8,1.04,0.18,-0.04
5894,29.465,29.465,29.565733,0.002372,0,0,-0.3,-10.7,-2.1,1.05,0.18,-0.04
5895,29.47,29.47,29.569784,0.001423,0,0,-0.4,-10.7,-2.9,1.04,0.19,-0.04
5896,29.475,29.475,29.574823,0.001461,0,0,-0.3,-10.8,-2,1.05,0.18,-0.04
5897,29.48,29.48,29.58077,0.002409,0,0,-0.3,-10.7,-2.6,1.04,0.18,-0.04
5898,29.485,29.485,29.584703,0.001342,0,0,-0.3,-10.7,-2.1,1.05,0.18,-0.04
5899,29.49,29.490001,29.589777,0.001415,9.99999997475243e-07,0,-0.3,-10.7,-2.4,1.05,0.18,-0.04
5900,29.495,29.495,29.59486,0.001498,0,0,-0.3,-10.8,-1.8,1.05,0.17,-0.04
5901,29.5,29.5,29.600757,0.002396,0,0,-0.4,-10.8,-2.4,1.04,0.19,-0.04
5902,29.505,29.505,29.604688,0.001327,0,0,-0.5,-10.8,-2.2,1.04,0.19,-0.04
5903,29.51,29.51,29.609793,0.001432,0,0,-0.5,-10.9,-3,1.03,0.2,-0.05
5904,29.515,29.515,29.615761,0.0024,0,0,-0.5,-10.8,-2.6,1.04,0.19,-0.04
5905,29.52,29.52,29.619789,0.001428,0,0,-0.5,-10.8,-2.9,1.04,0.19,-0.04
5906,29.525,29.525001,29.624826,0.001463,9.99999997475243e-07,0,-0.4,-10.8,-2.6,1.04,0.19,-0.04
5907,29.53,29.53,29.629852,0.001491,0,0,-0.4,-10.8,-3.3,1.03,0.2,-0.04
5908,29.535,29.535001,29.635875,0.002513,1.00000000102796e-06,0,-0.4,-10.8,-2.6,1.03,0.19,-0.04
5909,29.54,29.54,29.639771,0.00141,0,0,-0.3,-10.8,-2.8,1.03,0.19,-0.04
5910,29.545,29.545,29.644748,0.001387,0,0,-0.2,-10.9,-2.8,1.04,0.19,-0.04
5911,29.55,29.55,29.650783,0.002422,0,0,-0.4,-10.8,-2.6,1.05,0.19,-0.04
5912,29.555,29.555,29.655692,0.002331,0,0,-0.6,-10.9,-3.8,1.04,0.21,-0.05
5913,29.56,29.560001,29.659732,0.00137,9.99999997475243e-07,0,-0.4,-10.9,-3.5,1.04,0.2,-0.04
5914,29.565,29.565,29.664809,0.001447,0,0,-0.4,-10.8,-2.9,1.05,0.18,-0.04
5915,29.57,29.57,29.670742,0.002381,0,0,-0.4,-10.8,-3,1.04,0.18,-0.04
5916,29.575,29.575,29.674728,0.001367,0,0,-0.4,-10.7,-2.6,1.05,0.18,-0.04
5917,29.58,29.580001,29.679785,0.001423,9.99999997475243e-07,0,-0.3,-10.7,-2.6,1.04,0.17,-0.04
5918,29.585,29.585,29.685753,0.002392,0,0,-0.4,-10.7,-2.7,1.04,0.17,-0.04
5919,29.59,29.59,29.689686,0.001326,0,0,-0.4,-10.7,-3.1,1.03,0.18,-0.04
5920,29.595,29.595,29.694758,0.001396,0,0,-0.3,-10.7,-2.7,1.03,0.18,-0.04
5921,29.6,29.6,29.70075,0.002388,0,0,-0.3,-10.8,-2.2,1.04,0.17,-0.04
5922,29.605,29.605,29.704692,0.001331,0,0,-0.4,-10.7,-2.5,1.04,0.18,-0.04
5923,29.61,29.61,29.70972,0.001359,0,0,-0.4,-10.8,-2.5,1.04,0.18,-0.04
5924,29.615,29.615001,29.715735,0.002373,9.99999997475243e-07,0,-0.3,-10.7,-2.7,1.04,0.18,-0.04
5925,29.62,29.62,29.719677,0.001316,0,0,-0.3,-10.7,-2.6,1.04,0.18,-0.04
5926,29.625,29.625,29.724705,0.001344,0,0,0,-10.7,-2.1,1.04,0.16,-0.03
5927,29.63,29.63,29.730704,0.002342,0,0,-0.1,-10.7,-2,1.04,0.17,-0.03
5928,29.635,29.635,29.734676,0.001315,0,0,-0.1,-10.8,-1.7,1.05,0.16,-0.03
5929,29.64,29.64,29.739711,0.001349,0,0,-0.1,-10.7,-2,1.04,0.16,-0.04
5930,29.645,29.645,29.745714,0.002353,0,0,-0.4,-10.8,-2.3,1.04,0.19,-0.04
5931,29.65,29.650001,29.750702,0.00234,9.99999997475243e-07,0,-0.3,-10.7,-1.6,1.05,0.17,-0.04
5932,29.655,29.655,29.754794,0.001434,0,0,-0.3,-10.8,-2,1.05,0.18,-0.04
5933,29.66,29.66,29.760753,0.002392,0,0,-0.4,-10.8,-2.3,1.04,0.18,-0.04
5934,29.665,29.665,29.765757,0.002396,0,0,-0.3,-10.9,-1.9,1.04,0.18,-0.04
5935,29.67,29.67,29.769731,0.00137,0,0,-0.4,-10.8,-2,1.04,0.18,-0.04
5936,29.675,29.675,29.774863,0.001501,0,0,-0.5,-10.8,-1.9,1.04,0.18,-0.03
5937,29.68,29.68,29.780716,0.002355,0,0,-0.4,-10.8,-2.1,1.05,0.18,-0.03
5938,29.685,29.685001,29.784695,0.001333,9.99999997475243e-07,0,-0.6,-10.8,-2.5,1.05,0.19,-0.04
5939,29.69,29.69,29.789808,0.001447,0,0,-0.6,-10.8,-2.7,1.04,0.19,-0.04
5940,29.695,29.695,29.795704,0.002343,0,0,-0.6,-10.7,-2.3,1.04,0.19,-0.04
5941,29.7,29.7,29.799686,0.001325,0,0,-0.5,-10.6,-2.1,1.04,0.19,-0.03
5942,29.705,29.705001,29.804713,0.001351,9.99999997475243e-07,0,-0.5,-10.7,-2.2,1.04,0.17,-0.04
5943,29.71,29.71,29.810696,0.002335,0,0,-0.5,-10.7,-2.6,1.05,0.19,-0.04
5944,29.715,29.715,29.814676,0.001315,0,0,-0.5,-10.7,-2.3,1.04,0.19,-0.04
5945,29.72,29.72,29.819754,0.001393,0,0,-0.4,-10.8,-1.9,1.05,0.17,-0.04
5946,29.725,29.725,29.824812,0.001451,0,0,-0.5,-10.7,-2.9,1.04,0.19,-0.04
5947,29.73,29.73,29.830768,0.002407,0,0,-0.3,-10.7,-3.2,1.04,0.19,-0.05
5948,29.735,29.735,29.834678,0.001317,0,0,-0.4,-10.8,-3.2,1.04,0.19,-0.05
5949,29.74,29.740001,29.839762,0.0014,9.99999997475243e-07,0,-0.5,-10.7,-2.9,1.04,0.19,-0.05
5950,29.745,29.745,29.845762,0.0024,0,0,-0.4,-10.8,-2.6,1.03,0.18,-0.04
5951,29.75,29.75,29.849684,0.001322,0,0,-0.2,-10.7,-2.6,1.04,0.18,-0.04
5952,29.755,29.755,29.854754,0.001393,0,0,-0.3,-10.8,-3.1,1.03,0.19,-0.04
5953,29.76,29.76,29.860757,0.002396,0,0,-0.2,-10.8,-2.7,1.04,0.18,-0.04
5954,29.765,29.765,29.864679,0.001318,0,0,-0.1,-10.7,-2.2,1.05,0.17,-0.04
5955,29.77,29.77,29.869745,0.001384,0,0,-0.2,-10.7,-1.9,1.05,0.17,-0.04
5956,29.775,29.775001,29.87575,0.002388,9.99999997475243e-07,0,-0.2,-10.8,-2,1.04,0.17,-0.04
5957,29.78,29.78,29.879679,0.001318,0,0,-0.2,-10.7,-2.3,1.04,0.18,-0.04
5958,29.785,29.785,29.884746,0.001385,0,0,-0.3,-10.7,-2.4,1.04,0.17,-0.04
5959,29.79,29.79,29.890763,0.002402,0,0,-0.2,-10.7,-2,1.04,0.17,-0.04
5960,29.795,29.795,29.895702,0.00234,0,0,-0.3,-10.7,-2.3,1.04,0.18,-0.04
5961,29.8,29.8,29.899678,0.001317,0,0,-0.4,-10.7,-2.1,1.04,0.18,-0.04
5962,29.805,29.805,29.904798,0.001437,0,0,-0.5,-10.8,-2.2,1.04,0.19,-0.04
5963,29.81,29.810001,29.910755,0.002393,9.99999997475243e-07,0,-0.5,-10.8,-2.4,1.04,0.19,-0.05
5964,29.815,29.815,29.914683,0.001322,0,0,-0.4,-10.7,-1.9,1.04,0.18,-0.04
5965,29.82,29.82,29.919741,0.00138,0,0,-0.5,-10.8,-2.5,1.05,0.19,-0.05
5966,29.825,29.825,29.925774,0.002413,0,0,-0.5,-10.8,-2.8,1.04,0.2,-0.05
5967,29.83,29.830001,29.929688,0.001326,9.99999997475243e-07,0,-0.5,-10.9,-2.6,1.04,0.19,-0.04
5968,29.835,29.835,29.93475,0.001389,0,0,-0.5,-10.9,-3.3,1.04,0.2,-0.04
5969,29.84,29.84,29.939865,0.001505,0,0,-0.6,-10.8,-2.5,1.04,0.2,-0.04
5970,29.845,29.845,29.945751,0.002391,0,0,-0.6,-10.8,-2.7,1.04,0.19,-0.04
5971,29.85,29.85,29.949678,0.001318,0,0,-0.5,-10.9,-2.5,1.04,0.19,-0.04
5972,29.855,29.855001,29.954762,0.001399,1.00000000102796e-06,0,-0.5,-10.9,-2.4,1.04,0.19,-0.04
5973,29.86,29.86,29.960927,0.002566,0,0,-0.6,-10.8,-3,1.04,0.19,-0.04
5974,29.865,29.865001,29.964813,0.001452,9.99999997475243e-07,0,-0.4,-10.7,-2.8,1.04,0.18,-0.04
5975,29.87,29.87,29.969818,0.001456,0,0,-0.3,-10.8,-2.4,1.04,0.17,-0.04
5976,29.875,29.875,29.975791,0.00243,0,0,-0.3,-10.8,-2.4,1.04,0.18,-0.04
5977,29.88,29.88,29.980713,0.002352,0,0,-0.3,-10.9,-2.9,1.03,0.19,-0.04
5978,29.885,29.885,29.984672,0.001311,0,0,-0.3,-10.9,-2.5,1.04,0.18,-0.04
5979,29.89,29.89,29.989761,0.001399,0,0,-0.3,-10.8,-2.3,1.05,0.17,-0.04
5980,29.895,29.895,29.995771,0.00241,0,0,-0.3,-10.7,-2,1.04,0.17,-0.04
5981,29.9,29.900001,29.999698,0.001335,9.99999997475243e-07,0,-0.2,-10.6,-2.4,1.04,0.17,-0.04
5982,29.905,29.905,30.004741,0.00138,0,0,-0.2,-10.7,-2.2,1.04,0.17,-0.04
5983,29.91,29.91,30.010751,0.00239,0,0,-0.4,-10.7,-2.1,1.04,0.17,-0.04
5984,29.915,29.915,30.014745,0.001385,0,0,-0.4,-10.8,-2.7,1.04,0.18,-0.04
5985,29.92,29.92,30.019787,0.001426,0,0,-0.5,-10.8,-2.7,1.05,0.19,-0.04
5986,29.925,29.925,30.024873,0.001511,0,0,-0.4,-10.7,-2.8,1.04,0.18,-0.04
5987,29.93,29.93,30.030846,0.002484,0,0,-0.6,-10.7,-2.8,1.04,0.19,-0.04
5988,29.935,29.935001,30.034723,0.001361,9.99999997475243e-07,0,-0.5,-10.7,-2.6,1.04,0.19,-0.04
5989,29.94,29.94,30.039759,0.001398,0,0,-0.4,-10.7,-2,1.05,0.18,-0.03
5990,29.945,29.945,30.045802,0.00244,0,0,-0.5,-10.7,-2,1.04,0.18,-0.03
5991,29.95,29.95,30.050709,0.002348,0,0,-0.4,-10.7,-2.4,1.04,0.18,-0.03
5992,29.955,29.955001,30.054698,0.001336,9.99999997475243e-07,0,-0.3,-10.6,-2.2,1.04,0.17,-0.04
5993,29.96,29.96,30.059868,0.001507,0,0,-0.5,-10.7,-2.5,1.04,0.18,-0.04
5994,29.965,29.965,30.065794,0.002433,0,0,-0.4,-10.7,-2.7,1.04,0.18,-0.04
5995,29.97,29.97,30.069874,0.001513,0,0,-0.3,-10.8,-2.7,1.04,0.18,-0.04
5996,29.975,29.975,30.074826,0.001464,0,0,-0.4,-10.9,-2.6,1.04,0.19,-0.04
5997,29.98,29.98,30.080875,0.002513,0,0,-0.4,-10.8,-2.8,1.03,0.19,-0.04
5998,29.985,29.985,30.08569,0.002328,0,0,-0.5,-10.8,-3.1,1.03,0.2,-0.04
5999,29.99,29.990001,30.089745,0.001383,9.99999997475243e-07,0,-0.4,-10.9,-2.9,1.04,0.19,-0.04
6000,29.995,29.995,30.094809,0.001448,0,0,-0.4,-10.8,-2.9,1.04,0.19,-0.04
6001,30,30,30.10073,0.002369,0,0,-0.4,-10.9,-2.7,1.05,0.18,-0.04
6002,30.005,30.005,30.105773,0.002413,0,0,-0.3,-10.9,-2.3,1.05,0.18,-0.04
6003,30.01,30.01,30.109702,0.001341,0,0,-0.3,-10.7,-2,1.05,0.17,-0.04
6004,30.015,30.015,30.115765,0.002404,0,0,-0.3,-10.7,-2.7,1.04,0.17,-0.04
6005,30.02,30.02,30.120799,0.002439,0,0,-0.3,-10.7,-2.3,1.05,0.16,-0.03
6006,30.025,30.025002,30.124704,0.001341,1.9999999985032e-06,0,-0.2,-10.7,-2.5,1.04,0.16,-0.04
6007,30.03,30.03,30.130747,0.002386,0,0,-0.3,-10.8,-2.9,1.04,0.18,-0.04
6008,30.035,30.035,30.13586,0.002498,0,0,-0.3,-10.7,-2.7,1.04,0.18,-0.04
6009,30.04,30.04,30.139733,0.001371,0,0,-0.3,-10.8,-2.6,1.05,0.17,-0.04
6010,30.045,30.045,30.144776,0.001414,0,0,-0.4,-10.8,-2.2,1.05,0.17,-0.04
6011,30.05,30.05,30.150766,0.002404,0,0,-0.3,-10.8,-3,1.04,0.18,-0.04
6012,30.055,30.055,30.154812,0.001451,0,0,-0.4,-10.8,-2.7,1.04,0.18,-0.04
6013,30.06,30.060001,30.15978,0.001419,9.99999997475243e-07,0,-0.3,-10.7,-3,1.04,0.18,-0.04
6014,30.065,30.065,30.165735,0.002374,0,0,-0.5,-10.7,-2.6,1.04,0.19,-0.04
6015,30.07,30.07,30.170898,0.002537,0,0,-0.4,-10.7,-2.5,1.04,0.19,-0.04
6016,30.075,30.075,30.17473,0.001368,0,0,-0.4,-10.7,-2.2,1.05,0.18,-0.04
6017,30.08,30.080001,30.179826,0.001463,9.99999997475243e-07,0,-0.3,-10.8,-2,1.04,0.18,-0.04
6018,30.085,30.085,30.185769,0.002408,0,0,-0.4,-10.8,-2.7,1.03,0.18,-0.04
6019,30.09,30.09,30.189675,0.001314,0,0,-0.4,-10.8,-3.1,1.04,0.19,-0.04
6020,30.095,30.095,30.194758,0.001397,0,0,-0.4,-10.8,-3.2,1.04,0.19,-0.04
6021,30.1,30.1,30.200766,0.002405,0,0,-0.3,-10.7,-2.4,1.05,0.17,-0.04
6022,30.105,30.105,30.205808,0.002447,0,0,-0.4,-10.8,-2.3,1.05,0.18,-0.04
6023,30.11,30.11,30.209752,0.00139,0,0,-0.3,-10.7,-1.8,1.05,0.17,-0.03
6024,30.115,30.115001,30.214846,0.001484,9.99999997475243e-07,0,-0.3,-10.7,-2.4,1.04,0.17,-0.04
6025,30.12,30.12,30.22084,0.00248,0,0,-0.2,-10.7,-2.6,1.04,0.17,-0.04
6026,30.125,30.125001,30.22629,0.002929,1.00000000102796e-06,0,-0.3,-10.7,-2.9,1.03,0.18,-0.04
6027,30.13,30.130002,30.230169,0.001807,2.00000000205591e-06,0,-0.2,-10.7,-2.6,1.04,0.17,-0.04
6028,30.135,30.135001,30.235765,0.002404,9.99999997475243e-07,0,-0.2,-10.7,-2.2,1.04,0.17,-0.04
6029,30.14,30.14,30.240878,0.002517,0,0,-0.1,-10.7,-2.5,1.04,0.17,-0.04
6030,30.145,30.145001,30.245026,0.001664,1.00000000102796e-06,0,-0.1,-10.7,-2,1.04,0.16,-0.04
6031,30.15,30.150002,30.250542,0.002179,1.9999999985032e-06,0,-0.2,-10.7,-1.9,1.04,0.17,-0.04
6032,30.155,30.155001,30.256015,0.002654,9.99999997475243e-07,0,-0.3,-10.7,-2.6,1.04,0.18,-0.04
6033,30.16,30.16,30.259781,0.001421,0,0,-0.2,-10.8,-3,1.04,0.18,-0.04
6034,30.165,30.165,30.26505,0.001689,0,0,-0.4,-10.8,-2.8,1.04,0.19,-0.05
6035,30.17,30.17,30.270815,0.002453,0,0,-0.4,-10.7,-2.6,1.04,0.18,-0.04
6036,30.175,30.175,30.274723,0.001362,0,0,-0.6,-10.8,-2.9,1.04,0.19,-0.05
6037,30.18,30.18,30.279902,0.00154,0,0,-0.4,-10.8,-2.9,1.03,0.18,-0.04
6038,30.185,30.185001,30.285783,0.00242,9.99999997475243e-07,0,-0.3,-10.7,-2.4,1.04,0.18,-0.04
6039,30.19,30.19,30.289748,0.001386,0,0,-0.3,-10.7,-1.9,1.04,0.17,-0.03
6040,30.195,30.195,30.294697,0.001336,0,0,-0.3,-10.7,-2.1,1.04,0.17,-0.04
6041,30.2,30.200003,30.300913,0.002549,2.99999999953116e-06,0,-0.3,-10.7,-2.6,1.04,0.17,-0.04
6042,30.205,30.205001,30.305789,0.002427,9.99999997475243e-07,0,-0.3,-10.7,-2.9,1.03,0.17,-0.04
6043,30.21,30.21,30.309721,0.001359,0,0,-0.3,-10.8,-3.1,1.03,0.18,-0.04
6044,30.215,30.215,30.314673,0.001312,0,0,-0.4,-10.8,-3.1,1.03,0.19,-0.04
6045,30.22,30.22,30.320681,0.00232,0,0,-0.5,-10.7,-2.3,1.04,0.18,-0.03
6046,30.225,30.225,30.325714,0.002353,0,0,-0.3,-10.7,-1.9,1.04,0.17,-0.03
6047,30.23,30.23,30.329736,0.001375,0,0,-0.4,-10.8,-2.2,1.04,0.18,-0.03
6048,30.235,30.235,30.334702,0.001341,0,0,-0.5,-10.8,-2.6,1.03,0.19,-0.04
6049,30.24,30.240001,30.340732,0.00237,9.99999997475243e-07,0,-0.4,-10.8,-2.6,1.04,0.18,-0.04
6050,30.245,30.245,30.344667,0.001306,0,0,-0.4,-10.7,-2.2,1.04,0.17,-0.04
6051,30.25,30.25,30.349739,0.001378,0,0,-0.2,-10.7,-2.2,1.04,0.16,-0.04
6052,30.255,30.255,30.354671,0.00131,0,0,-0.1,-10.6,-2.4,1.04,0.17,-0.04
6053,30.26,30.26,30.360724,0.002362,0,0,-0.2,-10.7,-2.3,1.04,0.17,-0.04
6054,30.265,30.265,30.364791,0.001429,0,0,-0.2,-10.7,-2.1,1.04,0.17,-0.04
6055,30.27,30.27,30.369726,0.001365,0,0,-0.2,-10.7,-2.5,1.04,0.17,-0.04
6056,30.275,30.275001,30.374807,0.001445,9.99999997475243e-07,0,-0.3,-10.7,-2.5,1.04,0.17,-0.04
6057,30.28,30.28,30.380789,0.002428,0,0,-0.3,-10.8,-2.3,1.03,0.18,-0.03
6058,30.285,30.285,30.385707,0.002346,0,0,-0.3,-10.8,-2.2,1.04,0.18,-0.04
6059,30.29,30.29,30.389833,0.001472,0,0,-0.2,-10.7,-1.7,1.04,0.16,-0.04
6060,30.295,30.295,30.395719,0.002358,0,0,-0.3,-10.7,-2,1.04,0.17,-0.04
6061,30.3,30.3,30.400763,0.002402,0,0,-0.4,-10.6,-2.5,1.04,0.17,-0.04
6062,30.305,30.305,30.404727,0.001365,0,0,-0.4,-10.9,-2.2,1.04,0.17,-0.04
6063,30.31,30.310001,30.410778,0.002416,9.99999997475243e-07,0,-0.6,-11,-2.3,1.04,0.19,-0.04
6064,30.315,30.315,30.415718,0.002357,0,0,-0.7,-11,-2.5,1.04,0.2,-0.04
6065,30.32,30.32,30.419984,0.001623,0,0,-0.5,-11,-2.8,1.04,0.19,-0.04
6066,30.325,30.325,30.425079,0.001717,0,0,-0.5,-10.8,-2.8,1.04,0.19,-0.04
6067,30.33,30.330001,30.430789,0.002427,9.99999997475243e-07,0,-0.3,-10.7,-2.5,1.04,0.17,-0.04
6068,30.335,30.335,30.434684,0.001323,0,0,-0.3,-10.8,-2.8,1.04,0.18,-0.04
6069,30.34,30.34,30.439746,0.001384,0,0,-0.4,-10.9,-3,1.04,0.19,-0.04
6070,30.345,30.345,30.445813,0.002451,0,0,-0.6,-10.8,-3.4,1.04,0.2,-0.04
6071,30.35,30.35,30.449737,0.001376,0,0,-0.3,-10.7,-2.2,1.04,0.16,-0.04
6072,30.355,30.355,30.45514,0.001778,0,0,-0.3,-10.7,-3,1.04,0.18,-0.04
6073,30.36,30.36,30.460815,0.002453,0,0,-0.5,-10.7,-3.4,1.03,0.19,-0.05
6074,30.365,30.365001,30.464689,0.001327,9.99999997475243e-07,0,-0.4,-10.7,-2.9,1.04,0.18,-0.04
6075,30.37,30.37,30.469759,0.001398,0,0,-0.3,-10.7,-2.8,1.05,0.17,-0.05
6076,30.375,30.375,30.474892,0.001531,0,0,-0.3,-10.7,-2.2,1.05,0.17,-0.04
6077,30.38,30.38,30.480749,0.002387,0,0,-0.5,-10.9,-2.5,1.05,0.19,-0.05
6078,30.385,30.385,30.484697,0.001335,0,0,-0.6,-11,-2.2,1.05,0.19,-0.04
6079,30.39,30.39,30.489761,0.0014,0,0,-0.6,-10.9,-2.1,1.05,0.18,-0.04
6080,30.395,30.395,30.495871,0.00251,0,0,-0.5,-10.8,-1.7,1.05,0.18,-0.04
6081,30.4,30.400001,30.500755,0.002392,9.99999997475243e-07,0,-0.6,-10.8,-2,1.05,0.18,-0.04
6082,30.405,30.405,30.504896,0.001536,0,0,-0.4,-10.8,-1.6,1.06,0.17,-0.04
6083,30.41,30.41,30.510786,0.002425,0,0,-0.4,-10.9,-2.5,1.05,0.19,-0.04
6084,30.415,30.415,30.515814,0.002452,0,0,-0.4,-10.8,-3,1.05,0.18,-0.04
6085,30.42,30.42,30.519731,0.00137,0,0,-0.4,-10.7,-2.9,1.04,0.19,-0.04
6086,30.425,30.425,30.52492,0.00156,0,0,-0.5,-10.8,-2.5,1.04,0.19,-0.04
6087,30.43,30.43,30.530806,0.002445,0,0,-0.5,-10.7,-2.8,1.04,0.19,-0.04
6088,30.435,30.435001,30.534697,0.001335,9.99999997475243e-07,0,-0.5,-10.7,-3,1.04,0.19,-0.04
6089,30.44,30.44,30.539882,0.00152,0,0,-0.6,-10.8,-3.1,1.03,0.19,-0.04
6090,30.445,30.445,30.545777,0.002415,0,0,-0.6,-10.8,-2.6,1.04,0.18,-0.04
6091,30.45,30.45,30.549689,0.001328,0,0,-0.5,-10.7,-2.6,1.04,0.18,-0.04
6092,30.455,30.455001,30.555083,0.001721,9.99999997475243e-07,0,-0.5,-10.6,-2.9,1.04,0.19,-0.04
6093,30.46,30.46,30.56082,0.002458,0,0,-0.2,-10.7,-3.2,1.03,0.18,-0.04
6094,30.465,30.465,30.564785,0.001424,0,0,-0.4,-10.7,-3,1.04,0.18,-0.05
6095,30.47,30.47,30.570087,0.001727,0,0,-0.4,-10.8,-3,1.04,0.19,-0.04
6096,30.475,30.475,30.575827,0.002466,0,0,-0.5,-10.9,-3.5,1.03,0.2,-0.05
6097,30.48,30.48,30.579845,0.001484,0,0,-0.6,-10.8,-3.4,1.03,0.2,-0.05
6098,30.485,30.485,30.58482,0.001458,0,0,-0.6,-10.8,-3.2,1.03,0.2,-0.05
6099,30.49,30.490001,30.590796,0.002435,9.99999997475243e-07,0,-0.4,-10.8,-2.5,1.04,0.19,-0.04
6100,30.495,30.495,30.594711,0.00135,0,0,-0.5,-10.9,-2.6,1.04,0.2,-0.04
6101,30.5,30.5,30.599877,0.001515,0,0,-0.4,-10.9,-2.2,1.04,0.18,-0.04
6102,30.505,30.505,30.605797,0.002436,0,0,-0.4,-10.8,-2.9,1.04,0.19,-0.04
6103,30.51,30.51,30.609853,0.001492,0,0,-0.5,-10.7,-2.3,1.04,0.19,-0.04
6104,30.515,30.515,30.614794,0.001433,0,0,-0.4,-10.7,-2.3,1.04,0.18,-0.04
6105,30.52,30.52,30.620734,0.002374,0,0,-0.4,-10.7,-2.2,1.04,0.18,-0.04
6106,30.525,30.525001,30.625714,0.002352,9.99999997475243e-07,0,-0.3,-10.8,-1.6,1.04,0.17,-0.04
6107,30.53,30.53,30.629862,0.001501,0,0,-0.5,-10.7,-1.6,1.04,0.17,-0.03
6108,30.535,30.535,30.63479,0.001428,0,0,-0.3,-10.6,-1.5,1.04,0.17,-0.04
6109,30.54,30.54,30.640754,0.002393,0,0,-0.2,-10.7,-1.8,1.03,0.17,-0.04
6110,30.545,30.545,30.645723,0.002363,0,0,-0.2,-10.7,-1.8,1.04,0.16,-0.04
6111,30.55,30.55,30.650722,0.002361,0,0,-0.2,-10.7,-1.4,1.05,0.16,-0.03
6112,30.555,30.555,30.6547,0.001339,0,0,-0.2,-10.8,-1.9,1.04,0.17,-0.03
6113,30.56,30.560001,30.659765,0.001403,9.99999997475243e-07,0,-0.2,-10.8,-2.4,1.04,0.17,-0.04
6114,30.565,30.565,30.665797,0.002436,0,0,-0.2,-10.7,-2.8,1.04,0.18,-0.04
6115,30.57,30.57,30.669804,0.001443,0,0,-0.3,-10.9,-2.6,1.04,0.18,-0.04
6116,30.575,30.575,30.674773,0.001411,0,0,-0.4,-10.8,-2.8,1.03,0.19,-0.04
6117,30.58,30.580001,30.680806,0.002444,9.99999997475243e-07,0,-0.4,-10.8,-1.8,1.04,0.18,-0.04
6118,30.585,30.585,30.685715,0.002354,0,0,-0.4,-10.8,-1.5,1.04,0.17,-0.03
6119,30.59,30.59,30.689669,0.001308,0,0,-0.4,-10.7,-2.3,1.04,0.18,-0.04
6120,30.595,30.595,30.6949,0.001539,0,0,-0.4,-10.8,-2.6,1.04,0.18,-0.04
6121,30.6,30.6,30.700897,0.002535,0,0,-0.4,-10.8,-2.8,1.04,0.18,-0.04
6122,30.605,30.605,30.704802,0.001442,0,0,-0.5,-10.8,-2.6,1.05,0.18,-0.04
6123,30.61,30.61,30.709891,0.001529,0,0,-0.5,-10.9,-2.4,1.04,0.18,-0.04
6124,30.615,30.615001,30.71593,0.002568,9.99999997475243e-07,0,-0.5,-10.9,-2.8,1.05,0.19,-0.04
6125,30.62,30.62,30.719796,0.001436,0,0,-0.4,-10.8,-3.2,1.04,0.2,-0.04
6126,30.625,30.625,30.724845,0.001483,0,0,-0.4,-10.7,-3.4,1.04,0.2,-0.04
6127,30.63,30.63,30.73079,0.002428,0,0,-0.3,-10.7,-3,1.04,0.19,-0.05
6128,30.635,30.635,30.734668,0.001307,0,0,-0.3,-10.8,-2.3,1.04,0.18,-0.04
6129,30.64,30.64,30.73976,0.001399,0,0,-0.2,-10.8,-2.4,1.04,0.17,-0.04
6130,30.645,30.645,30.74577,0.002409,0,0,-0.3,-10.7,-2.4,1.04,0.18,-0.04
6131,30.65,30.650001,30.750709,0.002348,9.99999997475243e-07,0,-0.2,-10.8,-2.6,1.04,0.18,-0.04
6132,30.655,30.655,30.754664,0.001303,0,0,-0.2,-10.7,-2.6,1.03,0.17,-0.04
6133,30.66,30.66,30.75984,0.001479,0,0,-0.1,-10.8,-2,1.04,0.16,-0.03
6134,30.665,30.665,30.765951,0.00259,0,0,-0.2,-10.8,-2.1,1.04,0.16,-0.03
6135,30.67,30.67,30.769703,0.001342,0,0,-0.1,-10.7,-2.1,1.04,0.16,-0.04
6136,30.675,30.675,30.774766,0.001405,0,0,-0.2,-10.7,-2.3,1.04,0.16,-0.03
6137,30.68,30.68,30.780767,0.002401,0,0,-0.1,-10.8,-3.2,1.03,0.18,-0.04
6138,30.685,30.685001,30.784693,0.001331,9.99999997475243e-07,0,-0.4,-10.8,-3,1.03,0.19,-0.04
6139,30.69,30.69,30.789745,0.001383,0,0,-0.3,-10.8,-3.1,1.03,0.19,-0.04
6140,30.695,30.695,30.795722,0.002361,0,0,-0.3,-10.8,-2.8,1.04,0.18,-0.04
6141,30.7,30.7,30.800707,0.002346,0,0,-0.3,-10.8,-2.7,1.03,0.18,-0.04
6142,30.705,30.705001,30.804678,0.001316,9.99999997475243e-07,0,-0.3,-10.8,-2.2,1.04,0.18,-0.04
6143,30.71,30.71,30.809774,0.001413,0,0,-0.2,-10.8,-2.5,1.04,0.17,-0.03
6144,30.715,30.715,30.815742,0.002381,0,0,-0.3,-10.7,-3.5,1.02,0.19,-0.04
6145,30.72,30.72,30.819796,0.001435,0,0,-0.4,-10.8,-3.2,1.03,0.19,-0.04
6146,30.725,30.725,30.824704,0.001343,0,0,-0.4,-10.7,-2.8,1.03,0.19,-0.04
6147,30.73,30.73,30.830711,0.00235,0,0,-0.3,-10.6,-2.8,1.04,0.18,-0.04
6148,30.735,30.735,30.834698,0.001337,0,0,-0.3,-10.7,-2.3,1.04,0.17,-0.04
6149,30.74,30.740001,30.839678,0.001316,9.99999997475243e-07,0,-0.4,-10.7,-2.9,1.04,0.18,-0.04
6150,30.745,30.745,30.845703,0.002342,0,0,-0.4,-10.7,-2.5,1.04,0.19,-0.04
6151,30.75,30.75,30.849668,0.001307,0,0,-0.3,-10.7,-2.6,1.03,0.18,-0.04
6152,30.755,30.755,30.854823,0.001462,0,0,-0.4,-10.8,-2.9,1.03,0.19,-0.04
6153,30.76,30.76,30.860709,0.002348,0,0,-0.3,-10.9,-3.1,1.03,0.19,-0.05
6154,30.765,30.765001,30.864682,0.00132,1.00000000102796e-06,0,-0.5,-10.9,-3.1,1.03,0.2,-0.04
6155,30.77,30.77,30.869724,0.001363,0,0,-0.3,-10.9,-2.2,1.04,0.18,-0.04
6156,30.775,30.775001,30.87573,0.002368,9.99999997475243e-07,0,-0.3,-10.8,-2.7,1.04,0.18,-0.04
6157,30.78,30.78,30.8807,0.002339,0,0,-0.4,-10.7,-3,1.04,0.19,-0.04
6158,30.785,30.785,30.884664,0.001303,0,0,-0.3,-10.8,-2.5,1.04,0.17,-0.04
6159,30.79,30.79,30.890728,0.002366,0,0,-0.1,-10.7,-2.3,1.04,0.17,-0.04
6160,30.795,30.795,30.895722,0.002361,0,0,-0.1,-10.7,-1.9,1.04,0.16,-0.03
6161,30.8,30.8,30.899679,0.001318,0,0,-0.2,-10.8,-2.6,1.04,0.18,-0.04
6162,30.805,30.805,30.904917,0.001556,0,0,-0.3,-10.8,-2.5,1.04,0.17,-0.04
6163,30.81,30.810001,30.910759,0.002396,9.99999997475243e-07,0,-0.4,-10.8,-3.2,1.03,0.19,-0.04
6164,30.815,30.815,30.914722,0.00136,0,0,-0.4,-10.8,-3,1.04,0.19,-0.04
6165,30.82,30.82,30.919697,0.001336,0,0,-0.4,-10.8,-2.7,1.04,0.19,-0.04
6166,30.825,30.825,30.925738,0.002377,0,0,-0.4,-10.8,-3.4,1.04,0.19,-0.05
6167,30.83,30.830001,30.930761,0.002399,9.99999997475243e-07,0,-0.4,-10.8,-3.7,1.03,0.2,-0.05
6168,30.835,30.835,30.934703,0.001342,0,0,-0.4,-10.8,-3.1,1.03,0.19,-0.05
6169,30.84,30.84,30.939791,0.001429,0,0,-0.3,-10.8,-2.9,1.04,0.18,-0.05
6170,30.845,30.845001,30.945714,0.002352,9.99999997475243e-07,0,-0.3,-10.7,-2.7,1.04,0.18,-0.04
6171,30.85,30.85,30.950782,0.002421,0,0,-0.2,-10.8,-2.5,1.04,0.18,-0.04
6172,30.855,30.855,30.954775,0.001414,0,0,-0.4,-10.8,-2.6,1.04,0.19,-0.04
6173,30.86,30.86,30.960759,0.002398,0,0,-0.3,-10.8,-2.5,1.04,0.18,-0.04
6174,30.865,30.865001,30.965722,0.002359,9.99999997475243e-07,0,-0.5,-10.8,-2.7,1.04,0.19,-0.04
6175,30.87,30.87,30.9697,0.001338,0,0,-0.5,-10.8,-2.7,1.03,0.19,-0.04
6176,30.875,30.875,30.975769,0.002407,0,0,-0.4,-10.8,-2.7,1.03,0.19,-0.04
6177,30.88,30.88,30.979694,0.001334,0,0,-0.4,-10.8,-2.7,1.03,0.19,-0.04
6178,30.885,30.885,30.984745,0.001384,0,0,-0.5,-10.7,-3.2,1.03,0.2,-0.05
6179,30.89,30.89,30.990926,0.002565,0,0,-0.4,-10.8,-2.4,1.04,0.19,-0.04
6180,30.895,30.895,30.994703,0.001342,0,0,-0.3,-10.8,-2.7,1.04,0.19,-0.04
6181,30.9,30.900001,30.999722,0.001359,9.99999997475243e-07,0,-0.4,-10.8,-2.5,1.04,0.19,-0.04
6182,30.905,30.905,31.005726,0.002365,0,0,-0.4,-10.7,-2.5,1.04,0.19,-0.04
6183,30.91,30.91,31.00974,0.001379,0,0,-0.4,-10.7,-2.3,1.04,0.18,-0.04
6184,30.915,30.915,31.014773,0.00141,0,0,-0.5,-10.8,-3,1.04,0.19,-0.04
6185,30.92,30.92,31.020747,0.002387,0,0,-0.5,-10.8,-3,1.04,0.19,-0.04
6186,30.925,30.925,31.02576,0.002399,0,0,-0.3,-10.7,-2.9,1.04,0.18,-0.04
6187,30.93,30.93,31.029699,0.001338,0,0,-0.4,-10.7,-2.3,1.04,0.18,-0.04
6188,30.935,30.935001,31.034784,0.001422,9.99999997475243e-07,0,-0.3,-10.7,-2.4,1.04,0.17,-0.04
6189,30.94,30.94,31.040717,0.002355,0,0,-0.3,-10.8,-1.9,1.04,0.17,-0.04
6190,30.945,30.945,31.044761,0.0014,0,0,-0.4,-10.7,-1.9,1.05,0.18,-0.04
6191,30.95,30.95,31.049777,0.001416,0,0,-0.3,-10.7,-1.7,1.05,0.17,-0.03
6192,30.955,30.955001,31.055706,0.002344,9.99999997475243e-07,0,-0.3,-10.8,-1.9,1.05,0.17,-0.04
6193,30.96,30.96,31.059666,0.001305,0,0,-0.2,-10.8,-1.9,1.05,0.18,-0.04
6194,30.965,30.965,31.064832,0.001471,0,0,-0.3,-10.8,-2.1,1.05,0.18,-0.04
6195,30.97,30.970001,31.070712,0.00235,9.99999997475243e-07,0,-0.4,-10.8,-2.5,1.04,0.19,-0.04
6196,30.975,30.975,31.075729,0.002368,0,0,-0.4,-10.8,-2.1,1.05,0.18,-0.04
6197,30.98,30.98,31.079727,0.001366,0,0,-0.2,-10.7,-2.3,1.04,0.17,-0.04
6198,30.985,30.985,31.085706,0.002345,0,0,-0.4,-10.8,-2.9,1.03,0.19,-0.04
6199,30.99,30.990001,31.090743,0.002381,9.99999997475243e-07,0,-0.4,-10.7,-1.8,1.04,0.17,-0.03
6200,30.995,30.995,31.094701,0.001341,0,0,-0.4,-10.8,-2,1.04,0.18,-0.04
6201,31,31,31.099812,0.00145,0,0,-0.4,-10.8,-2.5,1.04,0.19,-0.04
6202,31.005,31.005,31.105709,0.002348,0,0,-0.3,-10.8,-2.5,1.04,0.18,-0.04
6203,31.01,31.01,31.109672,0.001311,0,0,-0.4,-10.8,-2.8,1.04,0.19,-0.04
6204,31.015,31.015,31.114675,0.001314,0,0,-0.3,-10.7,-2.5,1.04,0.17,-0.04
6205,31.02,31.02,31.120707,0.002346,0,0,-0.4,-10.7,-2.8,1.03,0.18,-0.04
6206,31.025,31.025001,31.124675,0.001313,9.99999997475243e-07,0,-0.4,-10.7,-2.8,1.04,0.18,-0.04
6207,31.03,31.03,31.129703,0.001342,0,0,-0.5,-10.8,-2.3,1.04,0.19,-0.04
6208,31.035,31.035,31.135715,0.002353,0,0,-0.5,-10.7,-2.9,1.03,0.2,-0.04
6209,31.04,31.04,31.140761,0.0024,0,0,-0.4,-10.8,-2.5,1.04,0.19,-0.04
6210,31.045,31.045,31.144736,0.001375,0,0,-0.5,-10.7,-2.4,1.04,0.19,-0.04
6211,31.05,31.05,31.149794,0.001433,0,0,-0.3,-10.6,-2,1.04,0.17,-0.04
6212,31.055,31.055,31.155697,0.002337,0,0,-0.3,-10.8,-2.1,1.04,0.18,-0.04
6213,31.06,31.060001,31.159674,0.001312,9.99999997475243e-07,0,-0.2,-10.7,-2.2,1.04,0.17,-0.04
6214,31.065,31.065,31.164822,0.001461,0,0,-0.2,-10.8,-2.2,1.04,0.18,-0.04
6215,31.07,31.07,31.170706,0.002345,0,0,-0.3,-10.8,-2.3,1.04,0.19,-0.04
6216,31.075,31.075,31.174692,0.001331,0,0,-0.4,-10.8,-2.7,1.04,0.19,-0.04
6217,31.08,31.080001,31.179684,0.001322,9.99999997475243e-07,0,-0.4,-10.8,-2.2,1.04,0.19,-0.03
6218,31.085,31.085,31.18569,0.002329,0,0,-0.4,-10.8,-2.4,1.04,0.19,-0.03
6219,31.09,31.09,31.19077,0.002408,0,0,-0.5,-10.8,-2.1,1.05,0.19,-0.04
6220,31.095,31.095001,31.194685,0.001322,9.99999997475243e-07,0,-0.3,-10.8,-2.1,1.04,0.18,-0.03
6221,31.1,31.1,31.200696,0.002336,0,0,-0.4,-10.9,-2.4,1.03,0.19,-0.03
6222,31.105,31.105,31.205792,0.002431,0,0,-0.4,-10.8,-2.4,1.04,0.18,-0.04
6223,31.11,31.11,31.209692,0.001331,0,0,-0.4,-10.8,-2.1,1.04,0.18,-0.04
6224,31.115,31.115001,31.214764,0.001402,9.99999997475243e-07,0,-0.5,-10.8,-2.1,1.04,0.18,-0.04
6225,31.12,31.12,31.22074,0.00238,0,0,-0.4,-10.8,-2.3,1.05,0.18,-0.03
6226,31.125,31.125,31.224734,0.001372,0,0,-0.4,-10.9,-2.6,1.04,0.18,-0.04
6227,31.13,31.13,31.229774,0.001413,0,0,-0.5,-11,-2.9,1.04,0.19,-0.04
6228,31.135,31.135,31.235746,0.002384,0,0,-0.5,-10.9,-2.4,1.05,0.19,-0.04
6229,31.14,31.14,31.23972,0.001358,0,0,-0.4,-10.9,-1.6,1.05,0.17,-0.04
6230,31.145,31.145,31.244714,0.001353,0,0,-0.3,-10.8,-1.7,1.04,0.16,-0.04
6231,31.15,31.150001,31.250706,0.002345,9.99999997475243e-07,0,-0.3,-10.8,-1.9,1.04,0.17,-0.04
6232,31.155,31.155,31.255763,0.002402,0,0,-0.2,-10.8,-2.1,1.04,0.17,-0.04
6233,31.16,31.16,31.259673,0.001312,0,0,-0.2,-10.8,-2.4,1.04,0.17,-0.04
6234,31.165,31.165,31.264797,0.001437,0,0,-0.4,-10.8,-2.9,1.04,0.19,-0.04
6235,31.17,31.17,31.270768,0.002408,0,0,-0.4,-10.8,-2.6,1.04,0.18,-0.04
6236,31.175,31.175,31.274701,0.001341,0,0,-0.5,-10.8,-3.1,1.04,0.19,-0.04
6237,31.18,31.18,31.27968,0.001319,0,0,-0.5,-10.7,-3.3,1.04,0.19,-0.05
6238,31.185,31.185001,31.285708,0.002346,9.99999997475243e-07,0,-0.6,-10.7,-2.8,1.05,0.2,-0.05
6239,31.19,31.19,31.290686,0.002325,0,0,-0.5,-10.7,-2.8,1.04,0.2,-0.05
6240,31.195,31.195,31.294684,0.001322,0,0,-0.4,-10.7,-2.3,1.04,0.18,-0.04
6241,31.2,31.2,31.299749,0.001387,0,0,-0.3,-10.7,-2.5,1.04,0.18,-0.04
6242,31.205,31.205001,31.305784,0.002422,9.99999997475243e-07,0,-0.3,-10.8,-2.9,1.04,0.18,-0.04
6243,31.21,31.21,31.309679,0.001319,0,0,-0.2,-10.8,-2.9,1.04,0.18,-0.04
6244,31.215,31.215,31.314769,0.001407,0,0,-0.3,-10.8,-2.4,1.04,0.18,-0.04
6245,31.22,31.220001,31.320696,0.002334,9.99999997475243e-07,0,-0.4,-10.8,-2.2,1.05,0.18,-0.04
6246,31.225,31.225,31.324714,0.001353,0,0,-0.3,-10.7,-2.1,1.05,0.17,-0.04
6247,31.23,31.23,31.329711,0.00135,0,0,-0.3,-10.9,-1.9,1.05,0.17,-0.04
6248,31.235,31.235,31.335706,0.002345,0,0,-0.2,-10.7,-2.1,1.04,0.16,-0.04
6249,31.24,31.240001,31.340699,0.002337,9.99999997475243e-07,0,-0.1,-10.6,-2.3,1.04,0.16,-0.04
6250,31.245,31.245,31.344681,0.00132,0,0,-0.4,-10.7,-2.2,1.04,0.17,-0.04
6251,31.25,31.25,31.349748,0.001387,0,0,-0.5,-10.7,-2.4,1.04,0.18,-0.04
6252,31.255,31.255,31.355829,0.002469,0,0,-0.4,-10.7,-2.3,1.03,0.17,-0.04
6253,31.26,31.26,31.359701,0.00134,0,0,-0.4,-10.7,-2.3,1.03,0.16,-0.04
6254,31.265,31.265,31.364935,0.001574,0,0,-0.4,-10.7,-2.5,1.03,0.17,-0.04
6255,31.27,31.27,31.370782,0.002421,0,0,-0.4,-10.7,-2.5,1.03,0.18,-0.04
6256,31.275,31.275001,31.374741,0.001378,9.99999997475243e-07,0,-0.4,-10.7,-2.2,1.04,0.18,-0.04
6257,31.28,31.28,31.380088,0.001728,0,0,-0.4,-10.8,-2.3,1.04,0.18,-0.04
6258,31.285,31.285,31.385722,0.002361,0,0,-0.4,-10.6,-2.5,1.03,0.17,-0.04
6259,31.29,31.29,31.389729,0.001368,0,0,-0.3,-10.7,-2.8,1.04,0.18,-0.04
6260,31.295,31.295,31.394781,0.001419,0,0,-0.4,-10.7,-2.8,1.04,0.18,-0.04
6261,31.3,31.3,31.400818,0.002457,0,0,-0.4,-10.7,-3.3,1.03,0.19,-0.05
6262,31.305,31.305,31.405715,0.002354,0,0,-0.4,-10.7,-2.8,1.03,0.19,-0.04
6263,31.31,31.310001,31.409738,0.001376,9.99999997475243e-07,0,-0.3,-10.7,-2.1,1.04,0.18,-0.04
6264,31.315,31.315,31.415929,0.002568,0,0,-0.1,-10.7,-2.1,1.04,0.16,-0.03
6265,31.32,31.32,31.420753,0.002392,0,0,-0.2,-10.7,-2,1.05,0.17,-0.03
6266,31.325,31.325,31.424993,0.001631,0,0,-0.2,-10.8,-2.5,1.04,0.17,-0.04
6267,31.33,31.330001,31.430837,0.002475,9.99999997475243e-07,0,-0.2,-10.7,-2.2,1.04,0.17,-0.04
6268,31.335,31.335,31.4357,0.002339,0,0,-0.3,-10.6,-2.3,1.04,0.18,-0.04
6269,31.34,31.34,31.4398,0.001439,0,0,-0.3,-10.7,-2,1.04,0.18,-0.04
6270,31.345,31.345001,31.445839,0.002476,9.99999997475243e-07,0,-0.4,-10.7,-2,1.05,0.18,-0.04
6271,31.35,31.35,31.450698,0.002337,0,0,-0.3,-10.6,-2.3,1.04,0.18,-0.04
6272,31.355,31.355,31.454974,0.001613,0,0,-0.4,-10.7,-2.2,1.04,0.17,-0.04
6273,31.36,31.36,31.460795,0.002434,0,0,-0.5,-10.7,-1.8,1.05,0.17,-0.04
6274,31.365,31.365001,31.46574,0.002378,9.99999997475243e-07,0,-0.5,-10.7,-1.9,1.04,0.18,-0.04
6275,31.37,31.37,31.469783,0.001422,0,0,-0.4,-10.6,-2.5,1.03,0.18,-0.04
6276,31.375,31.375,31.4748,0.001439,0,0,-0.4,-10.7,-2.4,1.03,0.18,-0.04
6277,31.38,31.38,31.480851,0.002489,0,0,-0.4,-10.8,-2.8,1.03,0.19,-0.04
6278,31.385,31.385,31.484735,0.001374,0,0,-0.4,-10.8,-2.2,1.04,0.19,-0.04
6279,31.39,31.39,31.48974,0.001379,0,0,-0.3,-10.7,-2.7,1.03,0.19,-0.04
6280,31.395,31.395,31.495756,0.002395,0,0,-0.5,-10.8,-3.2,1.03,0.2,-0.04
6281,31.4,31.400001,31.499736,0.001373,9.99999997475243e-07,0,-0.3,-10.7,-2.7,1.03,0.19,-0.04
6282,31.405,31.405,31.504841,0.001481,0,0,-0.2,-10.8,-2.5,1.03,0.18,-0.04
6283,31.41,31.41,31.510742,0.00238,0,0,-0.4,-10.7,-3,1.03,0.19,-0.04
6284,31.415,31.415,31.515779,0.002417,0,0,-0.4,-10.8,-2.9,1.03,0.19,-0.04
6285,31.42,31.42,31.519723,0.001361,0,0,-0.3,-10.7,-3.4,1.03,0.19,-0.04
6286,31.425,31.425,31.525739,0.002378,0,0,-0.4,-10.7,-3.4,1.02,0.2,-0.04
6287,31.43,31.43,31.529696,0.001335,0,0,-0.3,-10.7,-2.9,1.03,0.19,-0.04
6288,31.435,31.435001,31.534691,0.001329,9.99999997475243e-07,0,-0.2,-10.8,-3.1,1.03,0.18,-0.04
6289,31.44,31.44,31.540725,0.002364,0,0,-0.2,-10.7,-3.2,1.03,0.17,-0.04
6290,31.445,31.445,31.545803,0.002442,0,0,-0.3,-10.8,-3.2,1.03,0.19,-0.04
6291,31.45,31.45,31.549719,0.001357,0,0,-0.5,-10.8,-2.7,1.04,0.19,-0.04
6292,31.455,31.455001,31.555739,0.002377,9.99999997475243e-07,0,-0.7,-10.9,-2.7,1.04,0.19,-0.04
6293,31.46,31.46,31.559678,0.001317,0,0,-0.7,-10.9,-2.7,1.04,0.19,-0.04
6294,31.465,31.465,31.564814,0.001452,0,0,-0.5,-10.7,-2,1.05,0.18,-0.04
6295,31.47,31.470001,31.570713,0.002351,9.99999997475243e-07,0,-0.5,-10.8,-2.1,1.04,0.18,-0.04
6296,31.475,31.475,31.575688,0.002326,0,0,-0.5,-10.8,-2.8,1.04,0.19,-0.04
6297,31.48,31.48,31.579702,0.001342,0,0,-0.4,-10.7,-2.7,1.04,0.18,-0.04
6298,31.485,31.485,31.584838,0.001477,0,0,-0.4,-10.7,-1.9,1.05,0.17,-0.03
6299,31.49,31.490001,31.590778,0.002416,9.99999997475243e-07,0,-0.4,-10.7,-1.7,1.04,0.17,-0.03
6300,31.495,31.495,31.594721,0.001361,0,0,-0.2,-10.6,-2.1,1.04,0.17,-0.03
6301,31.5,31.500001,31.599798,0.001437,1.00000000102796e-06,0,-0.3,-10.7,-2.7,1.04,0.18,-0.04
6302,31.505,31.505,31.605726,0.002365,0,0,-0.5,-10.8,-3,1.04,0.19,-0.04
6303,31.51,31.51,31.609682,0.001321,0,0,-0.5,-10.8,-3.3,1.04,0.19,-0.04
6304,31.515,31.515,31.614775,0.001413,0,0,-0.4,-10.8,-3.9,1.03,0.19,-0.04
6305,31.52,31.52,31.620709,0.002348,0,0,-0.4,-10.7,-4.3,1.03,0.19,-0.05
6306,31.525,31.525001,31.624747,0.001384,9.99999997475243e-07,0,-0.3,-10.7,-3.4,1.03,0.18,-0.05
6307,31.53,31.53,31.629714,0.001353,0,0,-0.3,-10.6,-3.3,1.03,0.18,-0.05
6308,31.535,31.535,31.635714,0.002353,0,0,-0.1,-10.6,-3,1.03,0.18,-0.04
6309,31.54,31.54,31.64075,0.002388,0,0,-0.2,-10.6,-2.6,1.04,0.18,-0.04
6310,31.545,31.545,31.644716,0.001355,0,0,-0.2,-10.7,-3,1.03,0.18,-0.04
6311,31.55,31.55,31.649966,0.001605,0,0,-0.3,-10.7,-2.9,1.04,0.18,-0.04
6312,31.555,31.555,31.655773,0.002411,0,0,-0.3,-10.7,-3.4,1.03,0.18,-0.04
6313,31.56,31.560001,31.659715,0.001352,9.99999997475243e-07,0,-0.3,-10.6,-2.6,1.04,0.17,-0.04
6314,31.565,31.565,31.664893,0.001532,0,0,-0.4,-10.7,-2.3,1.04,0.18,-0.04
6315,31.57,31.57,31.670736,0.002375,0,0,-0.4,-10.7,-2.2,1.05,0.18,-0.04
6316,31.575,31.575,31.674714,0.001353,0,0,-0.4,-10.8,-2.7,1.04,0.19,-0.04
6317,31.58,31.580001,31.679869,0.001507,9.99999997475243e-07,0,-0.5,-10.8,-2.7,1.04,0.18,-0.04
6318,31.585,31.585,31.685747,0.002385,0,0,-0.6,-10.8,-3.6,1.04,0.21,-0.05
6319,31.59,31.59,31.689708,0.001348,0,0,-0.6,-10.9,-3.1,1.04,0.2,-0.05
6320,31.595,31.595001,31.694756,0.001394,9.99999997475243e-07,0,-0.5,-10.9,-2.7,1.04,0.2,-0.04
6321,31.6,31.6,31.700835,0.002474,0,0,-0.5,-10.7,-2.6,1.04,0.19,-0.04
6322,31.605,31.605,31.704749,0.001388,0,0,-0.4,-10.7,-2.5,1.04,0.19,-0.04
6323,31.61,31.61,31.709726,0.001365,0,0,-0.4,-10.7,-2.5,1.04,0.18,-0.04
6324,31.615,31.615001,31.715828,0.002465,9.99999997475243e-07,0,-0.4,-10.7,-2.2,1.05,0.18,-0.04
6325,31.62,31.62,31.719711,0.00135,0,0,-0.4,-10.8,-2.8,1.04,0.19,-0.04
6326,31.625,31.625001,31.724761,0.001398,1.00000000102796e-06,0,-0.4,-10.8,-2.7,1.04,0.19,-0.04
6327,31.63,31.63,31.730775,0.002413,0,0,-0.4,-10.8,-2.4,1.04,0.18,-0.04
6328,31.635,31.635,31.734698,0.001337,0,0,-0.3,-10.9,-2.8,1.03,0.19,-0.04
6329,31.64,31.64,31.739732,0.001371,0,0,-0.5,-10.9,-2.7,1.04,0.18,-0.04
6330,31.645,31.645,31.745733,0.002371,0,0,-0.6,-10.9,-2.9,1.04,0.2,-0.04
6331,31.65,31.650001,31.749693,0.001331,9.99999997475243e-07,0,-0.5,-10.8,-2.7,1.04,0.19,-0.04
6332,31.655,31.655,31.755731,0.00237,0,0,-0.5,-10.7,-2.8,1.03,0.19,-0.04
6333,31.66,31.66,31.759693,0.001332,0,0,-0.5,-10.8,-2.8,1.04,0.19,-0.04
6334,31.665,31.665,31.764837,0.001476,0,0,-0.4,-10.8,-2.9,1.04,0.19,-0.04
6335,31.67,31.67,31.770712,0.002351,0,0,-0.4,-10.8,-3.4,1.03,0.2,-0.04
6336,31.675,31.675,31.774693,0.001331,0,0,-0.3,-10.8,-2.7,1.04,0.19,-0.04
6337,31.68,31.68,31.77981,0.001449,0,0,-0.2,-10.7,-2.6,1.04,0.18,-0.04
6338,31.685,31.685001,31.785794,0.002431,9.99999997475243e-07,0,-0.3,-10.7,-2.7,1.04,0.18,-0.04
6339,31.69,31.69,31.789725,0.001364,0,0,-0.4,-10.8,-2.2,1.04,0.18,-0.04
6340,31.695,31.695,31.794694,0.001333,0,0,-0.4,-10.7,-2.8,1.04,0.19,-0.04
6341,31.7,31.7,31.800734,0.002373,0,0,-0.4,-10.8,-2.9,1.04,0.19,-0.04
6342,31.705,31.705001,31.805729,0.002367,9.99999997475243e-07,0,-0.4,-10.7,-3.5,1.03,0.2,-0.05
6343,31.71,31.71,31.809715,0.001353,0,0,-0.4,-10.7,-2.6,1.04,0.19,-0.04
6344,31.715,31.715,31.815745,0.002384,0,0,-0.3,-10.7,-1.9,1.05,0.18,-0.03
6345,31.72,31.720001,31.820707,0.002344,9.99999997475243e-07,0,-0.4,-10.7,-2.6,1.04,0.19,-0.04
6346,31.725,31.725,31.824684,0.001323,0,0,-0.2,-10.7,-2.1,1.04,0.17,-0.03
6347,31.73,31.73,31.82985,0.001488,0,0,-0.2,-10.7,-2.7,1.03,0.18,-0.04
6348,31.735,31.735,31.83584,0.002479,0,0,-0.3,-10.8,-2.3,1.04,0.17,-0.03
6349,31.74,31.740001,31.83976,0.001397,9.99999997475243e-07,0,-0.2,-10.7,-2.2,1.04,0.17,-0.03
6350,31.745,31.745,31.844763,0.001403,0,0,-0.2,-10.7,-2,1.04,0.17,-0.04
6351,31.75,31.75,31.850758,0.002396,0,0,-0.2,-10.8,-2.3,1.04,0.18,-0.04
6352,31.755,31.755,31.854769,0.001408,0,0,-0.3,-10.7,-1.9,1.04,0.17,-0.04
6353,31.76,31.76,31.85972,0.001359,0,0,-0.3,-10.7,-2.2,1.04,0.17,-0.04
6354,31.765,31.765,31.865785,0.002424,0,0,-0.3,-10.7,-2.5,1.04,0.17,-0.04
6355,31.77,31.77,31.86971,0.001349,0,0,-0.4,-10.8,-2.4,1.04,0.19,-0.04
6356,31.775,31.775001,31.87469,0.001328,9.99999997475243e-07,0,-0.4,-10.8,-2.9,1.05,0.19,-0.04
6357,31.78,31.78,31.880789,0.002429,0,0,-0.5,-10.9,-2.5,1.05,0.19,-0.04
6358,31.785,31.785,31.88572,0.002359,0,0,-0.7,-10.9,-3.2,1.05,0.21,-0.05
6359,31.79,31.79,31.889694,0.001332,0,0,-0.6,-10.9,-2.9,1.05,0.2,-0.04
6360,31.795,31.795,31.894786,0.001426,0,0,-0.3,-10.7,-2.7,1.04,0.19,-0.04
6361,31.8,31.8,31.900749,0.002388,0,0,-0.3,-10.8,-2.7,1.04,0.19,-0.04
6362,31.805,31.805,31.904691,0.001329,0,0,-0.3,-10.8,-2.5,1.04,0.19,-0.04
6363,31.81,31.810001,31.909721,0.001359,9.99999997475243e-07,0,-0.4,-10.8,-2.4,1.05,0.18,-0.04
6364,31.815,31.815,31.915755,0.002393,0,0,0,-10.8,-2.2,1.05,0.17,-0.03
6365,31.82,31.82,31.919686,0.001325,0,0,-0.1,-10.8,-2.2,1.04,0.17,-0.03
6366,31.825,31.825,31.924724,0.001362,0,0,-0.2,-10.8,-1.3,1.05,0.16,-0.03
6367,31.83,31.830001,31.93076,0.002398,9.99999997475243e-07,0,-0.2,-10.7,-1.5,1.05,0.17,-0.04
6368,31.835,31.835,31.935723,0.002362,0,0,-0.2,-10.7,-1.8,1.05,0.17,-0.04
6369,31.84,31.84,31.939724,0.001362,0,0,-0.2,-10.8,-2.3,1.04,0.17,-0.04
6370,31.845,31.845001,31.944933,0.001571,9.99999997475243e-07,0,-0.3,-10.8,-2.6,1.03,0.18,-0.04
6371,31.85,31.85,31.95076,0.002398,0,0,-0.3,-10.8,-2.8,1.03,0.18,-0.04
6372,31.855,31.855,31.954714,0.001353,0,0,-0.4,-10.6,-2.6,1.03,0.18,-0.04
6373,31.86,31.86,31.959817,0.001456,0,0,-0.4,-10.7,-2.7,1.04,0.19,-0.04
6374,31.865,31.865001,31.965849,0.002486,9.99999997475243e-07,0,-0.3,-10.7,-3.4,1.03,0.19,-0.05
6375,31.87,31.87,31.969768,0.001407,0,0,-0.4,-10.7,-3.2,1.03,0.19,-0.04
6376,31.875,31.875,31.974745,0.001384,0,0,-0.3,-10.7,-3.3,1.03,0.2,-0.05
6377,31.88,31.88,31.980836,0.002476,0,0,-0.3,-10.7,-3,1.03,0.19,-0.04
6378,31.885,31.885,31.985879,0.002519,0,0,-0.5,-10.8,-2.5,1.03,0.2,-0.04
6379,31.89,31.89,31.989788,0.001427,0,0,-0.4,-10.7,-2.6,1.04,0.2,-0.04
6380,31.895,31.895,31.995861,0.0025,0,0,-0.3,-10.7,-2.5,1.04,0.19,-0.04
6381,31.9,31.900001,32.000833,0.00247,9.99999997475243e-07,0,-0.4,-10.8,-2.7,1.04,0.19,-0.05
6382,31.905,31.905,32.004766,0.001404,0,0,-0.4,-10.8,-2.7,1.04,0.19,-0.04
6383,31.91,31.91,32.010845,0.002483,0,0,-0.4,-10.8,-2.7,1.04,0.18,-0.04
6384,31.915,31.915,32.015751,0.002389,0,0,-0.3,-10.7,-2.7,1.04,0.18,-0.04
6385,31.92,31.92,32.019731,0.00137,0,0,-0.3,-10.7,-2.4,1.04,0.18,-0.03
6386,31.925,31.925,32.024891,0.00153,0,0,-0.2,-10.8,-2.8,1.03,0.18,-0.04
6387,31.93,31.93,32.030825,0.002464,0,0,-0.3,-10.8,-2.9,1.04,0.18,-0.04
6388,31.935,31.935001,32.034745,0.001384,9.99999997475243e-07,0,-0.3,-10.8,-2.7,1.04,0.18,-0.04
6389,31.94,31.94,32.039837,0.001475,0,0,-0.4,-10.9,-3.1,1.04,0.19,-0.04
6390,31.945,31.945,32.045797,0.002437,0,0,-0.5,-10.9,-2.8,1.04,0.19,-0.04
6391,31.95,31.95,32.049734,0.001372,0,0,-0.4,-10.8,-3.2,1.04,0.2,-0.04
6392,31.955,31.955001,32.054762,0.0014,9.99999997475243e-07,0,-0.4,-10.9,-3.7,1.03,0.2,-0.04
6393,31.96,31.96,32.060739,0.002378,0,0,-0.3,-10.8,-3.1,1.03,0.18,-0.04
6394,31.965,31.965,32.065776,0.002414,0,0,-0.3,-10.8,-2.7,1.03,0.18,-0.04
6395,31.97,31.970001,32.06971,0.001348,9.99999997475243e-07,0,-0.4,-10.8,-2.1,1.03,0.18,-0.03
6396,31.975,31.975,32.074799,0.001438,0,0,-0.3,-10.8,-2.3,1.03,0.19,-0.03
6397,31.98,31.98,32.080941,0.00258,0,0,-0.4,-10.8,-2.6,1.03,0.19,-0.03
6398,31.985,31.985,32.084751,0.001389,0,0,-0.3,-10.8,-3.2,1.03,0.19,-0.04
6399,31.99,31.990001,32.089781,0.001419,9.99999997475243e-07,0,-0.3,-10.7,-3.3,1.03,0.19,-0.04
6400,31.995,31.995,32.095768,0.002407,0,0,-0.2,-10.7,-3.1,1.03,0.18,-0.04
6401,32,32,32.099715,0.001353,0,0,-0.4,-10.7,-3,1.04,0.18,-0.05
6402,32.005,32.005,32.104736,0.001375,0,0,-0.4,-10.7,-2.6,1.04,0.18,-0.04
6403,32.01,32.01,32.110844,0.002483,0,0,-0.3,-10.7,-2.6,1.04,0.18,-0.04
6404,32.015,32.015,32.115824,0.002462,0,0,-0.5,-10.8,-3.2,1.03,0.2,-0.04
6405,32.02,32.02,32.119759,0.001398,0,0,-0.5,-10.8,-3.3,1.03,0.2,-0.05
6406,32.025,32.025,32.124751,0.001389,0,0,-0.5,-10.7,-3.2,1.03,0.19,-0.05
6407,32.03,32.03,32.130785,0.002424,0,0,-0.4,-10.7,-2.9,1.03,0.19,-0.04
6408,32.035,32.035001,32.134738,0.001375,9.99999997475243e-07,0,-0.2,-10.8,-2.5,1.04,0.17,-0.04
6409,32.04,32.04,32.13971,0.001349,0,0,-0.2,-10.7,-2.7,1.04,0.17,-0.04
6410,32.045,32.045,32.145779,0.002418,0,0,-0.4,-10.7,-2,1.05,0.18,-0.04
6411,32.05,32.05,32.149711,0.00135,0,0,-0.4,-10.8,-2.1,1.05,0.18,-0.04
6412,32.055,32.055,32.154907,0.001545,0,0,-0.6,-10.8,-2.3,1.05,0.19,-0.04
6413,32.06,32.06,32.160829,0.002468,0,0,-0.7,-10.8,-3.2,1.04,0.2,-0.05
6414,32.065,32.065,32.165863,0.002501,0,0,-0.6,-10.8,-2.5,1.05,0.19,-0.04
6415,32.07,32.07,32.169738,0.001376,0,0,-0.5,-10.8,-2.8,1.04,0.19,-0.04
6416,32.075,32.075,32.174897,0.001535,0,0,-0.5,-10.8,-2.8,1.05,0.19,-0.05
6417,32.08,32.08,32.180808,0.002447,0,0,-0.6,-10.7,-2.6,1.04,0.2,-0.04
6418,32.085,32.085,32.184717,0.001355,0,0,-0.4,-10.7,-2.3,1.05,0.19,-0.04
6419,32.09,32.09,32.189839,0.001478,0,0,-0.2,-10.6,-2.6,1.04,0.18,-0.04
6420,32.095,32.095,32.195813,0.002452,0,0,-0.3,-10.5,-3,1.04,0.18,-0.04
6421,32.1,32.1,32.19973,0.001368,0,0,-0.2,-10.5,-2.9,1.04,0.17,-0.04
6422,32.105,32.105001,32.204766,0.001403,9.99999997475243e-07,0,-0.4,-10.7,-2.4,1.04,0.18,-0.04
6423,32.11,32.11,32.210771,0.002409,0,0,-0.4,-10.8,-2.1,1.05,0.17,-0.04
6424,32.115,32.115001,32.215769,0.002407,9.99999997475243e-07,0,-0.4,-10.8,-2.7,1.04,0.18,-0.04
6425,32.12,32.12,32.219709,0.001348,0,0,-0.5,-10.8,-3.3,1.04,0.19,-0.04
6426,32.125,32.125,32.224753,0.001391,0,0,-0.5,-10.7,-3.1,1.04,0.19,-0.05
6427,32.13,32.13,32.230716,0.002355,0,0,-0.3,-10.7,-3.4,1.04,0.18,-0.04
6428,32.135,32.135,32.234673,0.001312,0,0,-0.4,-10.8,-3.7,1.03,0.19,-0.05
6429,32.14,32.14,32.239692,0.001331,0,0,-0.5,-10.6,-3.3,1.04,0.18,-0.05
6430,32.145,32.145,32.244787,0.001426,0,0,-0.3,-10.6,-2.5,1.04,0.17,-0.04
6431,32.15,32.15,32.25074,0.002379,0,0,-0.2,-10.7,-2.5,1.04,0.18,-0.04
6432,32.155,32.155,32.254688,0.001326,0,0,-0.2,-10.6,-2.7,1.04,0.17,-0.04
6433,32.16,32.160001,32.259744,0.001381,9.99999997475243e-07,0,-0.1,-10.7,-2.3,1.04,0.16,-0.04
6434,32.165,32.165,32.265807,0.002445,0,0,0,-10.6,-2.4,1.04,0.17,-0.04
6435,32.17,32.17,32.269741,0.00138,0,0,-0.2,-10.7,-2.6,1.04,0.17,-0.04
6436,32.175,32.175,32.27475,0.001388,0,0,-0.2,-10.7,-2.6,1.04,0.17,-0.04
6437,32.18,32.18,32.279845,0.001483,0,0,-0.2,-10.7,-2.7,1.03,0.17,-0.04
6438,32.185,32.185,32.285737,0.002376,0,0,-0.3,-10.7,-2.1,1.04,0.17,-0.04
6439,32.19,32.19,32.289706,0.001344,0,0,-0.3,-10.8,-2.5,1.04,0.18,-0.04
6440,32.195,32.195,32.294726,0.001365,0,0,-0.3,-10.7,-2.7,1.04,0.19,-0.04
6441,32.2,32.2,32.300729,0.002368,0,0,-0.4,-10.9,-3.1,1.04,0.2,-0.04
6442,32.205,32.205,32.305721,0.002361,0,0,-0.5,-10.9,-2.6,1.04,0.2,-0.04
6443,32.21,32.21,32.309704,0.001343,0,0,-0.5,-10.8,-2.9,1.04,0.2,-0.04
6444,32.215,32.215,32.315753,0.002391,0,0,-0.4,-10.9,-2.8,1.05,0.2,-0.04
6445,32.22,32.220001,32.320867,0.002504,1.00000000458067e-06,0,-0.4,-10.8,-2.8,1.04,0.19,-0.04
6446,32.225,32.225,32.324752,0.00139,0,0,-0.6,-10.9,-2.3,1.05,0.19,-0.04
6447,32.23,32.230001,32.329969,0.001606,9.99999997475243e-07,0,-0.4,-10.8,-2.3,1.05,0.19,-0.04
6448,32.235,32.235,32.335755,0.002393,0,0,-0.4,-10.8,-2.4,1.04,0.18,-0.04
6449,32.24,32.24,32.339722,0.001362,0,0,-0.4,-10.7,-2.4,1.03,0.18,-0.04
6450,32.245,32.245,32.344796,0.001436,0,0,-0.5,-10.8,-2.4,1.04,0.18,-0.04
6451,32.25,32.25,32.350803,0.002443,0,0,-0.5,-10.7,-2.3,1.04,0.18,-0.04
6452,32.255,32.255,32.35578,0.002418,0,0,-0.2,-10.8,-2.5,1.04,0.18,-0.03
6453,32.26,32.26,32.359742,0.001381,0,0,-0.2,-10.8,-2.7,1.03,0.18,-0.04
6454,32.265,32.265,32.365818,0.002456,0,0,-0.2,-10.8,-2.9,1.03,0.19,-0.04
6455,32.27,32.27,32.369739,0.001377,0,0,-0.2,-10.9,-2.7,1.04,0.18,-0.04
6456,32.275,32.275,32.374737,0.001375,0,0,-0.3,-10.9,-2.6,1.04,0.18,-0.04
6457,32.28,32.28,32.380754,0.002393,0,0,-0.3,-10.8,-2.7,1.04,0.18,-0.04
6458,32.285,32.285001,32.385722,0.00236,9.99999997475243e-07,0,-0.4,-10.7,-2.5,1.04,0.18,-0.04
6459,32.29,32.29,32.389856,0.001494,0,0,-0.4,-10.7,-2.7,1.04,0.19,-0.04
6460,32.295,32.295001,32.395786,0.002425,9.99999997475243e-07,0,-0.4,-10.6,-2.8,1.04,0.18,-0.04
6461,32.3,32.300001,32.401548,0.003187,1.00000000458067e-06,0,-0.3,-10.7,-2.5,1.04,0.17,-0.04
6462,32.305,32.305002,32.405329,0.001967,2.00000000205591e-06,0,-0.3,-10.7,-2.3,1.04,0.17,-0.04
6463,32.31,32.310001,32.410729,0.002368,9.99999997475243e-07,0,-0.3,-10.7,-2.5,1.04,0.18,-0.04
6464,32.315,32.315002,32.415891,0.002529,2.00000000205591e-06,0,-0.3,-10.7,-2.9,1.04,0.19,-0.04
6465,32.32,32.320002,32.42135,0.002988,2.00000000205591e-06,0,-0.5,-10.7,-3.3,1.04,0.2,-0.05
6466,32.325,32.325003,32.425672,0.002309,2.99999999953116e-06,0,-0.3,-10.6,-2.8,1.04,0.18,-0.04
6467,32.33,32.330003,32.431425,0.003061,2.99999999953116e-06,0,-0.2,-10.6,-1.7,1.05,0.16,-0.04
6468,32.335,32.335107,32.435172,0.001704,0.000106999999999857,0,-0.3,-10.6,-2.3,1.05,0.16,-0.04
6469,32.34,32.340001,32.440996,0.002634,9.99999997475243e-07,0,-0.3,-10.7,-2.3,1.05,0.17,-0.04
6470,32.345,32.345,32.444822,0.001461,0,0,-0.4,-10.8,-2.9,1.04,0.18,-0.05
6471,32.35,32.35,32.449892,0.001532,0,0,-0.4,-10.8,-3.1,1.04,0.19,-0.05
6472,32.355,32.355001,32.455892,0.002529,9.99999997475243e-07,0,-0.4,-10.8,-2.3,1.05,0.17,-0.04
6473,32.36,32.36,32.459725,0.001363,0,0,-0.4,-10.8,-2.8,1.05,0.18,-0.04
6474,32.365,32.365,32.464848,0.001486,0,0,-0.4,-10.9,-3.3,1.04,0.19,-0.04
6475,32.37,32.37,32.470802,0.00244,0,0,-0.5,-10.9,-3.3,1.05,0.2,-0.04
6476,32.375,32.375,32.475776,0.002415,0,0,-0.4,-10.8,-3.1,1.04,0.19,-0.04
6477,32.38,32.38,32.47971,0.001349,0,0,-0.3,-10.8,-3.2,1.04,0.18,-0.04
6478,32.385,32.385,32.484912,0.001551,0,0,-0.5,-10.7,-3,1.05,0.18,-0.04
6479,32.39,32.39,32.490792,0.002432,0,0,-0.4,-10.8,-2.9,1.04,0.19,-0.04
6480,32.395,32.395001,32.495887,0.002525,9.99999997475243e-07,0,-0.3,-10.8,-3,1.04,0.19,-0.04
6481,32.4,32.4,32.499707,0.001346,0,0,-0.4,-10.7,-2.7,1.04,0.19,-0.04
6482,32.405,32.405,32.505748,0.002387,0,0,-0.4,-10.7,-2.9,1.04,0.19,-0.03
6483,32.41,32.410001,32.510746,0.002384,9.99999997475243e-07,0,-0.4,-10.7,-2.5,1.04,0.18,-0.04
6484,32.415,32.415,32.514767,0.001405,0,0,-0.4,-10.8,-2.8,1.04,0.19,-0.04
6485,32.42,32.42,32.52078,0.002419,0,0,-0.5,-10.8,-3,1.03,0.19,-0.04
6486,32.425,32.425,32.525781,0.002419,0,0,-0.3,-10.8,-2.7,1.04,0.18,-0.04
6487,32.43,32.43,32.529797,0.001436,0,0,-0.3,-10.8,-2.8,1.03,0.18,-0.04
6488,32.435,32.435001,32.535227,0.001867,9.99999997475243e-07,0,-0.3,-10.8,-2.8,1.03,0.18,-0.04
6489,32.44,32.440001,32.540946,0.002585,1.00000000458067e-06,0,-0.3,-10.8,-2.1,1.04,0.17,-0.04
6490,32.445,32.445,32.54473,0.001368,0,0,-0.3,-10.7,-2.5,1.04,0.18,-0.04
6491,32.45,32.45,32.549855,0.001495,0,0,-0.2,-10.7,-2.6,1.04,0.18,-0.04
6492,32.455,32.455,32.555847,0.002486,0,0,-0.3,-10.8,-2.8,1.04,0.19,-0.04
6493,32.46,32.46,32.5607,0.002339,0,0,-0.2,-10.8,-2.8,1.04,0.18,-0.04
6494,32.465,32.465,32.564714,0.001352,0,0,-0.2,-10.8,-2.3,1.05,0.18,-0.04
6495,32.47,32.47,32.570868,0.002506,0,0,-0.3,-10.9,-2.7,1.05,0.18,-0.04
6496,32.475,32.475001,32.576257,0.002896,9.99999997475243e-07,0,-0.4,-10.8,-2.9,1.05,0.18,-0.04
6497,32.48,32.480001,32.57982,0.001457,9.99999997475243e-07,0,-0.5,-10.8,-3.3,1.04,0.2,-0.04
6498,32.485,32.485,32.585794,0.002433,0,0,-0.3,-10.8,-2.8,1.04,0.19,-0.04
6499,32.49,32.49,32.590746,0.002385,0,0,-0.4,-10.8,-2.6,1.04,0.19,-0.04
6500,32.495,32.495,32.594731,0.00137,0,0,-0.4,-10.7,-2.7,1.04,0.19,-0.04
6501,32.5,32.5,32.599845,0.001484,0,0,-0.4,-10.9,-2,1.04,0.18,-0.04
6502,32.505,32.505,32.60579,0.002428,0,0,-0.5,-10.9,-2.3,1.04,0.18,-0.04
6503,32.51,32.51,32.609687,0.001326,0,0,-0.5,-10.8,-2.8,1.04,0.18,-0.04
6504,32.515,32.515,32.614743,0.001381,0,0,-0.5,-10.9,-2.6,1.04,0.18,-0.04
6505,32.52,32.52,32.620696,0.002335,0,0,-0.2,-10.8,-2.9,1.04,0.18,-0.04
6506,32.525,32.525,32.624848,0.001486,0,0,-0.3,-10.8,-2.7,1.05,0.18,-0.04
6507,32.53,32.53,32.629737,0.001376,0,0,-0.3,-10.8,-2.8,1.04,0.18,-0.04
6508,32.535,32.535001,32.635725,0.002363,9.99999997475243e-07,0,-0.2,-10.7,-2.4,1.05,0.18,-0.04
6509,32.54,32.54,32.639698,0.001337,0,0,-0.2,-10.6,-2.8,1.04,0.18,-0.04
6510,32.545,32.545,32.64472,0.001359,0,0,-0.3,-10.7,-2.5,1.04,0.18,-0.04
6511,32.55,32.55,32.650787,0.002426,0,0,-0.4,-10.7,-2.7,1.04,0.19,-0.04
6512,32.555,32.555,32.655758,0.002397,0,0,-0.3,-10.7,-2.8,1.04,0.19,-0.04
6513,32.56,32.56,32.659698,0.001337,0,0,-0.3,-10.6,-2.9,1.03,0.19,-0.03
6514,32.565,32.565,32.66485,0.001489,0,0,-0.2,-10.6,-2.6,1.04,0.18,-0.04
6515,32.57,32.57,32.671066,0.002707,0,0,-0.3,-10.7,-2.3,1.04,0.17,-0.04
6516,32.575,32.575,32.674911,0.001549,0,0,-0.3,-10.8,-1.8,1.05,0.17,-0.04
6517,32.58,32.58,32.679801,0.001439,0,0,-0.3,-10.8,-3.1,1.04,0.19,-0.04
6518,32.585,32.585,32.685791,0.002429,0,0,-0.3,-10.8,-2.1,1.04,0.18,-0.04
6519,32.59,32.59,32.689721,0.00136,0,0,-0.3,-10.8,-1.7,1.05,0.17,-0.03
6520,32.595,32.595,32.694691,0.00133,0,0,-0.5,-10.8,-2.6,1.04,0.19,-0.04
6521,32.6,32.600002,32.701333,0.002974,2.00000000205591e-06,0,-0.4,-10.8,-2.2,1.04,0.18,-0.04
6522,32.605,32.605003,32.705166,0.001803,2.99999999953116e-06,0,-0.4,-10.9,-2.2,1.04,0.17,-0.04
6523,32.61,32.61,32.709909,0.001547,0,0,-0.3,-10.7,-2.9,1.03,0.18,-0.04
6524,32.615,32.615003,32.715881,0.00252,2.99999999953116e-06,0,-0.3,-10.8,-3.1,1.04,0.19,-0.04
6525,32.62,32.620001,32.721949,0.00359,1.00000000458067e-06,0,-0.3,-10.9,-3.2,1.03,0.19,-0.04
6526,32.625,32.625001,32.725193,0.001831,9.99999997475243e-07,0,-0.2,-10.8,-3,1.03,0.18,-0.04
6527,32.63,32.630002,32.73063,0.002269,1.99999999495049e-06,0,-0.4,-10.8,-2.4,1.04,0.18,-0.04
6528,32.635,32.635,32.735868,0.002507,0,0,-0.2,-10.8,-2.4,1.04,0.18,-0.04
6529,32.64,32.64,32.739875,0.001514,0,0,-0.3,-10.8,-2.6,1.04,0.2,-0.04
6530,32.645,32.645001,32.745996,0.002634,9.99999997475243e-07,0,-0.3,-10.7,-2.9,1.04,0.2,-0.04
6531,32.65,32.65,32.75074,0.002378,0,0,-0.4,-10.7,-3,1.03,0.2,-0.04
6532,32.655,32.655,32.754724,0.001363,0,0,-0.5,-10.8,-3.4,1.03,0.22,-0.04
6533,32.66,32.660001,32.760786,0.002425,9.99999997475243e-07,0,-0.5,-10.8,-3.4,1.03,0.21,-0.04
6534,32.665,32.665,32.76582,0.002459,0,0,-0.5,-10.8,-4,1.02,0.22,-0.05
6535,32.67,32.67,32.769721,0.00136,0,0,-0.5,-10.7,-3.4,1.03,0.19,-0.04
6536,32.675,32.675144,32.775221,0.001715,0.000144000000005917,0,-0.4,-10.6,-3.6,1.03,0.19,-0.04
6537,32.68,32.68,32.779823,0.001462,0,0,-0.4,-10.6,-3.4,1.03,0.19,-0.04
6538,32.685,32.685,32.784981,0.001619,0,0,-0.3,-10.7,-3.2,1.03,0.19,-0.04
6539,32.69,32.69,32.790954,0.002592,0,0,-0.2,-10.6,-3.1,1.03,0.18,-0.04
6540,32.695,32.695001,32.795876,0.002514,9.99999997475243e-07,0,-0.3,-10.6,-3.1,1.03,0.18,-0.04
6541,32.7,32.7,32.799713,0.001352,0,0,-0.3,-10.7,-2.4,1.04,0.18,-0.03
6542,32.705,32.705,32.805897,0.002536,0,0,-0.3,-10.7,-2.3,1.04,0.18,-0.03
6543,32.71,32.71,32.810702,0.002341,0,0,-0.1,-10.6,-2.6,1.03,0.17,-0.04
6544,32.715,32.715,32.814798,0.001437,0,0,-0.1,-10.6,-2.9,1.03,0.18,-0.04
6545,32.72,32.72,32.820782,0.00242,0,0,-0.4,-10.7,-3.4,1.04,0.2,-0.05
6546,32.725,32.725,32.824685,0.001323,0,0,-0.4,-10.8,-3.1,1.04,0.19,-0.05
6547,32.73,32.730001,32.829766,0.001403,9.99999997475243e-07,0,-0.3,-10.7,-2.8,1.04,0.18,-0.05
6548,32.735,32.735,32.835723,0.002362,0,0,-0.3,-10.8,-2.2,1.05,0.17,-0.04
6549,32.74,32.74,32.83968,0.001319,0,0,-0.4,-10.8,-2.2,1.04,0.18,-0.03
6550,32.745,32.745,32.844682,0.001321,0,0,-0.4,-10.7,-2.3,1.04,0.18,-0.04
6551,32.75,32.75,32.850695,0.002332,0,0,-0.5,-10.8,-2.9,1.04,0.2,-0.04
6552,32.755,32.755,32.854696,0.001334,0,0,-0.5,-10.7,-2.9,1.04,0.19,-0.04
6553,32.76,32.76,32.859697,0.001335,0,0,-0.4,-10.6,-3,1.04,0.17,-0.04
6554,32.765,32.765,32.865695,0.002333,0,0,-0.4,-10.5,-2.6,1.04,0.17,-0.04
6555,32.77,32.77,32.870678,0.002317,0,0,-0.4,-10.7,-2.7,1.03,0.19,-0.03
6556,32.775,32.775,32.874869,0.001508,0,0,-0.4,-10.7,-3.4,1.03,0.19,-0.04
6557,32.78,32.78,32.880711,0.00235,0,0,-0.6,-10.8,-3.2,1.04,0.2,-0.04
6558,32.785,32.785001,32.885709,0.002347,9.99999997475243e-07,0,-0.4,-10.8,-3.1,1.04,0.2,-0.04
6559,32.79,32.79,32.890744,0.002383,0,0,-0.4,-10.8,-2.5,1.04,0.19,-0.04
6560,32.795,32.795,32.8957,0.002338,0,0,-0.4,-10.7,-2.4,1.04,0.18,-0.04
6561,32.8,32.8,32.899724,0.001363,0,0,-0.4,-10.8,-2.8,1.04,0.19,-0.04
6562,32.805,32.805,32.905784,0.002422,0,0,-0.2,-10.7,-2.9,1.04,0.18,-0.04
6563,32.81,32.81,32.910697,0.002336,0,0,-0.4,-10.8,-2.8,1.04,0.18,-0.04
6564,32.815,32.815,32.914926,0.001564,0,0,-0.3,-10.7,-3.2,1.04,0.18,-0.04
6565,32.82,32.82,32.920784,0.002422,0,0,-0.3,-10.7,-3.2,1.04,0.18,-0.04
6566,32.825,32.825,32.924699,0.001339,0,0,-0.3,-10.6,-3.4,1.03,0.18,-0.04
6567,32.83,32.83,32.930029,0.001668,0,0,-0.5,-10.7,-3.3,1.03,0.18,-0.04
6568,32.835,32.835,32.935776,0.002415,0,0,-0.6,-10.7,-3.3,1.04,0.19,-0.04
6569,32.84,32.84,32.939742,0.001381,0,0,-0.6,-10.8,-2.4,1.04,0.18,-0.04
6570,32.845,32.845,32.944741,0.00138,0,0,-0.5,-10.8,-2.6,1.04,0.19,-0.04
6571,32.85,32.85,32.950815,0.002454,0,0,-0.3,-10.7,-2.5,1.03,0.18,-0.04
6572,32.855,32.855001,32.955765,0.002404,9.99999997475243e-07,0,-0.3,-10.8,-2.5,1.04,0.19,-0.04
6573,32.86,32.86,32.95969,0.001329,0,0,-0.3,-10.8,-2.7,1.04,0.19,-0.04
6574,32.865,32.865,32.964895,0.001534,0,0,-0.3,-10.7,-2.7,1.04,0.19,-0.04
6575,32.87,32.87,32.970771,0.00241,0,0,-0.4,-10.8,-3,1.04,0.19,-0.04
6576,32.875,32.875,32.974679,0.001318,0,0,-0.4,-10.8,-2.8,1.04,0.18,-0.04
6577,32.88,32.88,32.979888,0.001527,0,0,-0.4,-10.8,-2.9,1.04,0.18,-0.04
6578,32.885,32.885,32.98572,0.002359,0,0,-0.4,-10.8,-3,1.04,0.18,-0.04
6579,32.89,32.89,32.990701,0.002339,0,0,-0.4,-10.6,-3.2,1.04,0.18,-0.05
6580,32.895,32.895,32.994665,0.001304,0,0,-0.4,-10.7,-2.8,1.04,0.18,-0.04
6581,32.9,32.9,32.999788,0.001426,0,0,-0.3,-10.7,-2.4,1.04,0.18,-0.04
6582,32.905,32.905,33.005704,0.002343,0,0,-0.3,-10.8,-2.2,1.05,0.18,-0.04
6583,32.91,32.910001,33.010681,0.002319,9.99999997475243e-07,0,-0.3,-10.8,-2.5,1.04,0.18,-0.04
6584,32.915,32.915,33.01488,0.001519,0,0,-0.4,-10.9,-3,1.04,0.19,-0.04
6585,32.92,32.92,33.020798,0.002437,0,0,-0.4,-10.7,-3.5,1.03,0.2,-0.04
6586,32.925,32.925,33.02468,0.001319,0,0,-0.4,-10.8,-2.7,1.04,0.18,-0.04
6587,32.93,32.93,33.029779,0.001418,0,0,-0.4,-10.8,-2.5,1.04,0.18,-0.04
6588,32.935,32.935,33.035726,0.002364,0,0,-0.3,-10.7,-2.6,1.04,0.18,-0.04
6589,32.94,32.94,33.040754,0.002393,0,0,-0.3,-10.7,-2.3,1.03,0.18,-0.03
6590,32.945,32.945,33.044719,0.001358,0,0,-0.4,-10.7,-2.3,1.03,0.18,-0.03
6591,32.95,32.95,33.050723,0.002363,0,0,-0.7,-10.8,-2.7,1.04,0.19,-0.03
6592,32.955,32.955,33.054694,0.001333,0,0,-0.6,-10.8,-3.3,1.03,0.2,-0.04
6593,32.96,32.96,33.059676,0.001315,0,0,-0.7,-10.9,-3.8,1.03,0.21,-0.04
6594,32.965,32.965,33.065743,0.002382,0,0,-0.6,-10.9,-3.5,1.03,0.21,-0.04
6595,32.97,32.97,33.070685,0.002324,0,0,-0.5,-10.9,-3,1.03,0.19,-0.04
6596,32.975,32.975,33.074669,0.001308,0,0,-0.5,-10.8,-3.3,1.04,0.2,-0.04
6597,32.98,32.980001,33.080718,0.002356,9.99999997475243e-07,0,-0.6,-10.8,-3.4,1.04,0.21,-0.05
6598,32.985,32.985,33.085688,0.002327,0,0,-0.7,-10.7,-3.2,1.03,0.2,-0.05
6599,32.99,32.99,33.089667,0.001305,0,0,-0.6,-10.8,-2.8,1.04,0.2,-0.04
6600,32.995,32.995,33.095793,0.002431,0,0,-0.6,-10.8,-2.8,1.04,0.2,-0.04
6601,33,33,33.100719,0.002358,0,0,-0.5,-10.8,-3.2,1.04,0.2,-0.04
6602,33.005,33.005,33.104741,0.00138,0,0,-0.6,-10.8,-3.1,1.04,0.2,-0.04
6603,33.01,33.01,33.109972,0.001611,0,0,-0.5,-10.9,-2.6,1.04,0.19,-0.04
6604,33.015,33.015,33.1158,0.002438,0,0,-0.4,-10.8,-2.7,1.04,0.19,-0.04
6605,33.02,33.02,33.119792,0.001432,0,0,-0.3,-10.7,-3.5,1.03,0.19,-0.04
6606,33.025,33.025,33.12487,0.001508,0,0,-0.4,-10.7,-2.9,1.04,0.18,-0.04
6607,33.03,33.03,33.130816,0.002455,0,0,-0.2,-10.6,-2.7,1.03,0.18,-0.04
6608,33.035,33.035001,33.134685,0.001322,9.99999997475243e-07,0,-0.2,-10.7,-2.5,1.03,0.18,-0.04
6609,33.04,33.04,33.139768,0.001407,0,0,-0.2,-10.7,-2.4,1.04,0.18,-0.03
6610,33.045,33.045,33.145766,0.002405,0,0,-0.3,-10.8,-2.4,1.04,0.18,-0.03
6611,33.05,33.05,33.150748,0.002386,0,0,-0.3,-10.8,-3.2,1.03,0.19,-0.04
6612,33.055,33.055,33.15474,0.001378,0,0,-0.1,-10.8,-2.4,1.04,0.18,-0.04
6613,33.06,33.06,33.160777,0.002416,0,0,-0.3,-10.8,-2.5,1.04,0.18,-0.04
6614,33.065,33.065,33.165727,0.002366,0,0,-0.3,-10.8,-2.7,1.04,0.19,-0.03
6615,33.07,33.07,33.169751,0.00139,0,0,-0.3,-10.8,-2.8,1.03,0.19,-0.04
6616,33.075,33.075,33.174927,0.001565,0,0,-0.3,-10.8,-3.3,1.03,0.19,-0.04
6617,33.08,33.08,33.180818,0.002456,0,0,-0.5,-10.7,-3.6,1.03,0.2,-0.04
6618,33.085,33.085,33.184678,0.001317,0,0,-0.6,-10.8,-3.6,1.03,0.2,-0.05
6619,33.09,33.09,33.189807,0.001446,0,0,-0.5,-10.6,-3.7,1.03,0.2,-0.05
6620,33.095,33.095,33.195845,0.002484,0,0,-0.5,-10.6,-4.1,1.03,0.21,-0.05
6621,33.1,33.1,33.199748,0.001387,0,0,-0.5,-10.7,-3.5,1.03,0.19,-0.04
6622,33.105,33.105001,33.204865,0.001503,9.99999997475243e-07,0,-0.5,-10.7,-3.4,1.03,0.19,-0.04
6623,33.11,33.110001,33.210868,0.002507,9.99999997475243e-07,0,-0.5,-10.8,-3,1.04,0.19,-0.04
6624,33.115,33.115,33.214771,0.00141,0,0,-0.4,-10.7,-2.9,1.04,0.19,-0.04
6625,33.12,33.12,33.219714,0.001352,0,0,-0.4,-10.7,-3.3,1.03,0.19,-0.04
6626,33.125,33.125,33.225736,0.002376,0,0,-0.4,-10.7,-2.9,1.04,0.19,-0.04
6627,33.13,33.13,33.229724,0.001364,0,0,-0.4,-10.7,-3.2,1.04,0.19,-0.04
6628,33.135,33.135,33.23471,0.001348,0,0,-0.5,-10.7,-3.2,1.04,0.19,-0.04
6629,33.14,33.14,33.240739,0.002378,0,0,-0.3,-10.7,-2.4,1.03,0.18,-0.03
6630,33.145,33.145,33.244695,0.001334,0,0,-0.4,-10.7,-2.8,1.04,0.19,-0.04
6631,33.15,33.15,33.249715,0.001353,0,0,-0.4,-10.7,-2.5,1.04,0.19,-0.04
6632,33.155,33.155,33.255711,0.00235,0,0,-0.5,-10.7,-2.2,1.04,0.19,-0.03
6633,33.16,33.160001,33.26076,0.002398,9.99999997475243e-07,0,-0.5,-10.8,-2.9,1.03,0.2,-0.04
6634,33.165,33.165,33.264801,0.001439,0,0,-0.4,-10.8,-2.8,1.03,0.19,-0.03
6635,33.17,33.170021,33.269916,0.001532,2.09999999967181e-05,0,-0.3,-10.8,-2.6,1.04,0.19,-0.04
6636,33.175,33.175,33.275739,0.002377,0,0,-0.4,-10.9,-2.7,1.04,0.19,-0.04
6637,33.18,33.18,33.279744,0.001383,0,0,-0.4,-11,-3.4,1.03,0.2,-0.04
6638,33.185,33.185,33.28488,0.001519,0,0,-0.4,-10.9,-3.1,1.03,0.19,-0.04
6639,33.19,33.19,33.290793,0.002431,0,0,-0.2,-10.8,-2.3,1.03,0.17,-0.04
6640,33.195,33.195,33.294682,0.00132,0,0,-0.4,-10.8,-2,1.03,0.18,-0.04
6641,33.2,33.2,33.299717,0.001355,0,0,-0.3,-10.8,-2,1.04,0.17,-0.04
6642,33.205,33.205,33.30576,0.002398,0,0,-0.3,-10.8,-2.5,1.04,0.17,-0.04
6643,33.21,33.21,33.30969,0.001329,0,0,-0.2,-10.7,-2.3,1.03,0.17,-0.03
6644,33.215,33.215,33.314693,0.001332,0,0,-0.3,-10.7,-2.6,1.03,0.18,-0.04
6645,33.22,33.22,33.320705,0.002344,0,0,-0.3,-10.7,-2.8,1.03,0.18,-0.04
6646,33.225,33.225,33.325729,0.002368,0,0,-0.2,-10.7,-2.5,1.04,0.18,-0.04
6647,33.23,33.230001,33.329704,0.001342,9.99999997475243e-07,0,-0.4,-10.8,-3.4,1.03,0.2,-0.04
6648,33.235,33.235,33.334729,0.001367,0,0,-0.3,-10.8,-3.2,1.03,0.19,-0.04
6649,33.24,33.24,33.340721,0.002355,0,0,-0.2,-10.7,-3.7,1.03,0.19,-0.04
6650,33.245,33.245,33.344668,0.001307,0,0,-0.2,-10.8,-3.2,1.03,0.19,-0.04
6651,33.25,33.25,33.349687,0.001326,0,0,-0.3,-10.8,-3.1,1.03,0.19,-0.04
6652,33.255,33.255,33.355768,0.002407,0,0,-0.3,-10.8,-2.6,1.03,0.18,-0.04
6653,33.26,33.26,33.360687,0.002326,0,0,-0.4,-10.8,-2.8,1.03,0.18,-0.04
6654,33.265,33.265,33.364711,0.00135,0,0,-0.4,-10.7,-2.5,1.04,0.18,-0.04
6655,33.27,33.27,33.369706,0.001346,0,0,-0.5,-10.7,-2.9,1.04,0.19,-0.04
6656,33.275,33.275,33.375717,0.002356,0,0,-0.4,-10.8,-2.6,1.04,0.18,-0.04
6657,33.28,33.28,33.379747,0.001386,0,0,-0.3,-10.7,-2.4,1.04,0.17,-0.04
6658,33.285,33.285001,33.384677,0.001315,9.99999997475243e-07,0,-0.3,-10.8,-2.2,1.04,0.18,-0.04
6659,33.29,33.29,33.390766,0.002406,0,0,-0.1,-10.8,-2.6,1.04,0.17,-0.04
6660,33.295,33.295,33.395716,0.002355,0,0,-0.2,-10.7,-2.8,1.03,0.17,-0.04
6661,33.3,33.3,33.399663,0.001302,0,0,-0.2,-10.8,-2.2,1.04,0.17,-0.03
6662,33.305,33.305,33.404715,0.001354,0,0,-0.2,-10.8,-2.2,1.04,0.17,-0.04
6663,33.31,33.31,33.410705,0.002344,0,0,-0.3,-10.8,-2.3,1.04,0.18,-0.03
6664,33.315,33.315,33.414684,0.001323,0,0,-0.5,-10.9,-2.8,1.04,0.19,-0.04
6665,33.32,33.32,33.419707,0.001347,0,0,-0.4,-10.9,-3.2,1.04,0.2,-0.04
6666,33.325,33.325,33.425759,0.002398,0,0,-0.5,-10.8,-2.9,1.03,0.19,-0.04
6667,33.33,33.33,33.430759,0.002398,0,0,-0.5,-10.8,-2.9,1.04,0.2,-0.04
6668,33.335,33.335,33.434738,0.001377,0,0,-0.4,-10.8,-2.4,1.04,0.19,-0.04
6669,33.34,33.34,33.440713,0.002352,0,0,-0.4,-10.7,-3.2,1.04,0.19,-0.04
6670,33.345,33.345,33.445692,0.002331,0,0,-0.3,-10.8,-2.9,1.03,0.18,-0.04
6671,33.35,33.35,33.449692,0.001331,0,0,-0.2,-10.7,-3.3,1.03,0.18,-0.04
6672,33.355,33.355001,33.455709,0.002347,9.99999997475243e-07,0,-0.2,-10.8,-3.9,1.03,0.19,-0.05
6673,33.36,33.36,33.459669,0.001307,0,0,-0.2,-10.7,-2.9,1.04,0.18,-0.04
6674,33.365,33.365,33.46473,0.001369,0,0,-0.3,-10.8,-3,1.04,0.18,-0.04
6675,33.37,33.37,33.470725,0.002363,0,0,-0.4,-10.7,-2.3,1.04,0.18,-0.04
6676,33.375,33.375,33.47571,0.002349,0,0,-0.4,-10.7,-2.7,1.03,0.18,-0.04
6677,33.38,33.38,33.479803,0.001443,0,0,-0.3,-10.8,-2.9,1.03,0.18,-0.04
6678,33.385,33.385,33.484868,0.001506,0,0,-0.3,-10.8,-2.6,1.03,0.18,-0.04
6679,33.39,33.39,33.490857,0.002495,0,0,-0.4,-10.8,-2.8,1.04,0.19,-0.04
6680,33.395,33.395,33.494828,0.001467,0,0,-0.3,-10.8,-2.6,1.04,0.19,-0.04
6681,33.4,33.400001,33.499971,0.001609,1.00000000458067e-06,0,-0.3,-10.8,-3,1.04,0.19,-0.04
6682,33.405,33.405,33.505889,0.002528,0,0,-0.2,-10.8,-3.6,1.03,0.2,-0.04
6683,33.41,33.410001,33.509814,0.001451,9.99999997475243e-07,0,-0.4,-10.8,-2.8,1.04,0.2,-0.04
6684,33.415,33.415002,33.515168,0.001803,2.00000000205591e-06,0,-0.4,-10.8,-2.7,1.04,0.19,-0.04
6685,33.42,33.42,33.520776,0.002415,0,0,-0.4,-10.8,-3.1,1.04,0.19,-0.04
6686,33.425,33.425,33.524825,0.001463,0,0,-0.4,-10.9,-3.4,1.03,0.2,-0.04
6687,33.43,33.43,33.530938,0.002576,0,0,-0.5,-10.9,-2.8,1.04,0.19,-0.04
6688,33.435,33.435,33.534826,0.001465,0,0,-0.5,-11,-3.1,1.04,0.2,-0.05
6689,33.44,33.44,33.53976,0.001399,0,0,-0.5,-10.9,-2.4,1.04,0.19,-0.04
6690,33.445,33.445,33.545794,0.002432,0,0,-0.6,-10.9,-2.5,1.04,0.2,-0.04
6691,33.45,33.45,33.549702,0.001341,0,0,-0.3,-10.8,-2.1,1.05,0.18,-0.04
6692,33.455,33.455,33.554718,0.001357,0,0,-0.3,-10.7,-2.8,1.04,0.18,-0.04
6693,33.46,33.46,33.559749,0.001388,0,0,-0.1,-10.8,-3.4,1.03,0.18,-0.05
6694,33.465,33.465,33.565735,0.002374,0,0,-0.2,-10.8,-3.7,1.03,0.2,-0.05
6695,33.47,33.47,33.569734,0.001373,0,0,-0.3,-10.7,-3.7,1.03,0.2,-0.05
6696,33.475,33.475,33.57473,0.001368,0,0,-0.4,-10.7,-3.5,1.03,0.2,-0.04
6697,33.48,33.480001,33.580712,0.00235,9.99999997475243e-07,0,-0.5,-10.7,-3.2,1.03,0.2,-0.04
6698,33.485,33.485,33.58571,0.00235,0,0,-0.4,-10.8,-3.1,1.03,0.19,-0.04
6699,33.49,33.49,33.589738,0.001377,0,0,-0.1,-10.6,-2.9,1.02,0.17,-0.04
6700,33.495,33.495,33.594709,0.001349,0,0,-0.2,-10.6,-2.6,1.03,0.17,-0.04
6701,33.5,33.5,33.600845,0.002483,0,0,-0.3,-10.7,-2.7,1.03,0.17,-0.04
6702,33.505,33.505,33.604763,0.001402,0,0,-0.3,-10.7,-3,1.03,0.18,-0.04
6703,33.51,33.510002,33.610262,0.001899,2.00000000205591e-06,0,-0.3,-10.7,-3.9,1.02,0.2,-0.05
6704,33.515,33.515001,33.614937,0.001574,9.99999997475243e-07,0,-0.4,-10.7,-4.1,1.03,0.2,-0.05
6705,33.52,33.52,33.620744,0.002384,0,0,-0.5,-10.7,-3.6,1.03,0.2,-0.05
6706,33.525,33.525,33.625878,0.002517,0,0,-0.5,-10.7,-3.5,1.03,0.21,-0.04
6707,33.53,33.53,33.629696,0.001335,0,0,-0.4,-10.7,-3.5,1.03,0.2,-0.04
6708,33.535,33.535001,33.635718,0.002355,9.99999997475243e-07,0,-0.4,-10.6,-3.3,1.03,0.2,-0.04
6709,33.54,33.54,33.640777,0.002415,0,0,-0.5,-10.7,-4.1,1.03,0.21,-0.05
6710,33.545,33.545,33.644697,0.001336,0,0,-0.4,-10.6,-3.6,1.03,0.19,-0.05
6711,33.55,33.55,33.649838,0.001476,0,0,-0.3,-10.6,-3.2,1.04,0.18,-0.04
6712,33.555,33.555,33.655736,0.002375,0,0,-0.3,-10.7,-3.4,1.04,0.19,-0.04
6713,33.56,33.56,33.660717,0.002356,0,0,-0.3,-10.6,-3.5,1.03,0.18,-0.05
6714,33.565,33.565,33.664717,0.001356,0,0,-0.2,-10.7,-2.8,1.04,0.17,-0.04
6715,33.57,33.57,33.669919,0.001558,0,0,-0.3,-10.7,-2.4,1.04,0.17,-0.04
6716,33.575,33.575,33.675733,0.002372,0,0,-0.2,-10.7,-2,1.05,0.16,-0.04
6717,33.58,33.58,33.679709,0.001348,0,0,-0.3,-10.7,-2.6,1.04,0.18,-0.04
6718,33.585,33.585,33.684829,0.001468,0,0,-0.4,-10.8,-2.6,1.03,0.19,-0.04
6719,33.59,33.59,33.690844,0.002483,0,0,-0.5,-10.7,-2.9,1.03,0.19,-0.04
6720,33.595,33.595,33.694678,0.001317,0,0,-0.5,-10.7,-2.8,1.03,0.19,-0.04
6721,33.6,33.6,33.699748,0.001386,0,0,-0.3,-10.7,-2.2,1.04,0.17,-0.04
6722,33.605,33.605001,33.705769,0.002408,9.99999997475243e-07,0,-0.3,-10.7,-2.2,1.04,0.17,-0.03
6723,33.61,33.61,33.710688,0.002327,0,0,-0.4,-10.7,-2.8,1.04,0.18,-0.04
6724,33.615,33.615,33.714708,0.001346,0,0,-0.6,-10.7,-3.5,1.03,0.2,-0.05
6725,33.62,33.62,33.719787,0.001426,0,0,-0.5,-10.7,-3,1.03,0.19,-0.04
6726,33.625,33.625,33.725713,0.002352,0,0,-0.3,-10.7,-3,1.03,0.18,-0.04
6727,33.63,33.63,33.72968,0.001318,0,0,-0.3,-10.7,-3.2,1.03,0.18,-0.05
6728,33.635,33.635,33.734775,0.001414,0,0,-0.3,-10.7,-3,1.03,0.18,-0.05
6729,33.64,33.64,33.740758,0.002397,0,0,-0.3,-10.7,-2.7,1.04,0.18,-0.04
6730,33.645,33.645,33.74468,0.001318,0,0,-0.3,-10.7,-2.4,1.04,0.18,-0.04
6731,33.65,33.65,33.74971,0.001348,0,0,-0.3,-10.7,-2.6,1.04,0.17,-0.04
6732,33.655,33.655,33.755724,0.002363,0,0,-0.3,-10.7,-2.6,1.04,0.17,-0.04
6733,33.66,33.660001,33.759686,0.001323,9.99999997475243e-07,0,-0.3,-10.7,-2.8,1.04,0.18,-0.04
6734,33.665,33.665,33.764827,0.001465,0,0,-0.3,-10.8,-2.9,1.04,0.18,-0.04
6735,33.67,33.67,33.770806,0.002445,0,0,-0.2,-10.8,-2.3,1.04,0.17,-0.04
6736,33.675,33.675,33.775719,0.002358,0,0,-0.4,-10.8,-2.2,1.04,0.17,-0.03
6737,33.68,33.68,33.779785,0.001425,0,0,-0.3,-10.7,-2.4,1.04,0.18,-0.03
6738,33.685,33.685,33.785809,0.002448,0,0,-0.4,-10.8,-2.4,1.04,0.18,-0.04
6739,33.69,33.69,33.790753,0.002392,0,0,-0.3,-10.7,-2.4,1.04,0.18,-0.03
6740,33.695,33.695,33.79468,0.001319,0,0,-0.4,-10.8,-2.6,1.04,0.18,-0.04
6741,33.7,33.7,33.799782,0.001421,0,0,-0.5,-10.9,-2.6,1.04,0.19,-0.04
6742,33.705,33.705,33.805797,0.002436,0,0,-0.4,-10.8,-2.2,1.04,0.18,-0.04
6743,33.71,33.71,33.809751,0.001389,0,0,-0.5,-10.9,-2.1,1.04,0.18,-0.04
6744,33.715,33.715001,33.814841,0.001479,9.99999997475243e-07,0,-0.3,-10.9,-2.2,1.04,0.17,-0.03
6745,33.72,33.72,33.820777,0.002416,0,0,-0.3,-10.8,-2.8,1.04,0.18,-0.04
6746,33.725,33.725,33.824691,0.001331,0,0,-0.5,-10.9,-2.8,1.04,0.19,-0.04
6747,33.73,33.730001,33.830701,0.002338,9.99999997475243e-07,0,-0.5,-10.9,-3.3,1.03,0.2,-0.04
6748,33.735,33.735,33.834695,0.001334,0,0,-0.4,-10.8,-4.1,1.03,0.2,-0.05
6749,33.74,33.74,33.839712,0.001352,0,0,-0.5,-10.9,-3.1,1.03,0.19,-0.04
6750,33.745,33.745,33.845711,0.00235,0,0,-0.5,-10.8,-2.8,1.04,0.19,-0.04
6751,33.75,33.75,33.850684,0.002323,0,0,-0.4,-10.8,-2.9,1.04,0.19,-0.04
6752,33.755,33.755,33.854839,0.001478,0,0,-0.3,-10.8,-2.6,1.04,0.18,-0.04
6753,33.76,33.76,33.860708,0.002347,0,0,-0.4,-10.9,-3,1.03,0.2,-0.04
6754,33.765,33.765,33.865707,0.002346,0,0,-0.4,-10.9,-3.1,1.03,0.2,-0.04
6755,33.77,33.77,33.869727,0.001366,0,0,-0.4,-10.7,-2.8,1.03,0.19,-0.03
6756,33.775,33.775,33.874752,0.001392,0,0,-0.2,-10.7,-2.8,1.03,0.18,-0.04
6757,33.78,33.78,33.880788,0.002427,0,0,-0.4,-10.7,-2.9,1.03,0.19,-0.04
6758,33.785,33.785001,33.884658,0.001296,9.99999997475243e-07,0,-0.3,-10.6,-2.9,1.03,0.18,-0.04
6759,33.79,33.79,33.889778,0.001417,0,0,-0.3,-10.7,-3.1,1.04,0.18,-0.04
6760,33.795,33.795,33.895747,0.002385,0,0,-0.3,-10.6,-3.5,1.03,0.19,-0.04
6761,33.8,33.8,33.900702,0.002341,0,0,-0.2,-10.6,-3.1,1.03,0.18,-0.04
6762,33.805,33.805,33.90481,0.001449,0,0,-0.4,-10.7,-2.6,1.04,0.19,-0.04
6763,33.81,33.81,33.909827,0.001466,0,0,-0.5,-10.8,-3,1.04,0.2,-0.04
6764,33.815,33.815,33.915738,0.002377,0,0,-0.6,-10.8,-2.8,1.04,0.2,-0.04
6765,33.82,33.82,33.919672,0.001311,0,0,-0.5,-10.8,-2.8,1.04,0.19,-0.04
6766,33.825,33.825,33.924688,0.001327,0,0,-0.5,-10.8,-3,1.04,0.19,-0.05
6767,33.83,33.83,33.930762,0.002401,0,0,-0.3,-10.8,-3.2,1.04,0.18,-0.05
6768,33.835,33.835,33.934712,0.00135,0,0,-0.5,-10.7,-3,1.04,0.19,-0.05
6769,33.84,33.84,33.939675,0.001314,0,0,-0.5,-10.7,-2.6,1.05,0.18,-0.04
6770,33.845,33.845,33.945697,0.002336,0,0,-0.5,-10.7,-2.1,1.05,0.18,-0.04
6771,33.85,33.85,33.950688,0.002327,0,0,-0.5,-10.7,-2.4,1.05,0.18,-0.04
6772,33.855,33.855001,33.954793,0.001431,9.99999997475243e-07,0,-0.4,-10.7,-2.3,1.04,0.18,-0.04
6773,33.86,33.86,33.959691,0.00133,0,0,-0.5,-10.8,-2.7,1.05,0.19,-0.04
6774,33.865,33.865,33.965821,0.00246,0,0,-0.4,-10.8,-2.5,1.04,0.18,-0.04
6775,33.87,33.87,33.969689,0.001328,0,0,-0.4,-10.7,-2.5,1.04,0.18,-0.04
6776,33.875,33.875,33.974731,0.00137,0,0,-0.5,-10.7,-2.8,1.04,0.19,-0.04
6777,33.88,33.88,33.980803,0.002441,0,0,-0.5,-10.7,-2.4,1.04,0.19,-0.04
6778,33.885,33.885,33.984679,0.001318,0,0,-0.6,-10.8,-2.2,1.05,0.18,-0.04
6779,33.89,33.89,33.989824,0.001463,0,0,-0.6,-10.8,-2.3,1.05,0.18,-0.04
6780,33.895,33.895,33.99571,0.002349,0,0,-0.7,-10.8,-2.3,1.04,0.19,-0.04
6781,33.9,33.9,33.999678,0.001317,0,0,-0.7,-10.8,-2.6,1.04,0.2,-0.04
6782,33.905,33.905,34.004706,0.001346,0,0,-0.6,-10.8,-2.8,1.04,0.19,-0.04
6783,33.91,33.910001,34.010734,0.002372,9.99999997475243e-07,0,-0.5,-10.8,-3.3,1.03,0.19,-0.05
6784,33.915,33.915,34.015832,0.00247,0,0,-0.6,-10.9,-3.5,1.03,0.2,-0.05
6785,33.92,33.92,34.0197,0.001339,0,0,-0.4,-10.8,-3.4,1.03,0.2,-0.05
6786,33.925,33.925,34.024798,0.001437,0,0,-0.4,-10.7,-2.9,1.04,0.19,-0.04
6787,33.93,33.93,34.030753,0.002393,0,0,-0.4,-10.7,-2.5,1.04,0.18,-0.04
6788,33.935,33.935,34.034699,0.001337,0,0,-0.3,-10.7,-2.7,1.03,0.18,-0.04
6789,33.94,33.94,34.039813,0.001451,0,0,-0.1,-10.7,-2.7,1.03,0.17,-0.04
6790,33.945,33.945,34.045752,0.002391,0,0,0,-10.7,-2.1,1.04,0.17,-0.04
6791,33.95,33.95,34.049681,0.00132,0,0,-0.2,-10.6,-2.5,1.03,0.18,-0.04
6792,33.955,33.955,34.054858,0.001498,0,0,-0.3,-10.7,-2.8,1.03,0.18,-0.04
6793,33.96,33.96,34.060688,0.002326,0,0,-0.3,-10.6,-3,1.03,0.18,-0.04
6794,33.965,33.965,34.065732,0.00237,0,0,-0.2,-10.6,-2.8,1.03,0.18,-0.04
6795,33.97,33.97,34.069754,0.001393,0,0,-0.3,-10.7,-2.6,1.04,0.17,-0.04
6796,33.975,33.975,34.075779,0.002419,0,0,-0.3,-10.7,-2.5,1.04,0.18,-0.04
6797,33.98,33.980001,34.079702,0.00134,9.99999997475243e-07,0,-0.3,-10.8,-2.7,1.04,0.18,-0.04
6798,33.985,33.985,34.084698,0.001336,0,0,-0.3,-10.8,-2.9,1.03,0.19,-0.04
6799,33.99,33.99,34.090755,0.002394,0,0,-0.3,-10.7,-2.7,1.03,0.18,-0.03
6800,33.995,33.995,34.095838,0.002477,0,0,-0.5,-10.8,-2.7,1.04,0.19,-0.04
6801,34,34,34.099702,0.001341,0,0,-0.4,-10.8,-2.5,1.04,0.19,-0.04
6802,34.005,34.005,34.105705,0.002344,0,0,-0.4,-10.8,-2,1.05,0.18,-0.03
6803,34.01,34.01,34.110738,0.002377,0,0,-0.4,-10.7,-2,1.04,0.18,-0.03
6804,34.015,34.015,34.114759,0.001397,0,0,-0.2,-10.7,-2.1,1.04,0.17,-0.03
6805,34.02,34.02,34.119866,0.001505,0,0,-0.2,-10.7,-2.1,1.04,0.17,-0.03
6806,34.025,34.025,34.125752,0.00239,0,0,-0.3,-10.7,-1.9,1.04,0.17,-0.03
6807,34.03,34.03,34.129824,0.001463,0,0,-0.4,-10.7,-2.4,1.04,0.18,-0.03
6808,34.035,34.035001,34.135708,0.002346,9.99999997475243e-07,0,-0.3,-10.7,-3.2,1.04,0.18,-0.04
6809,34.04,34.04,34.14072,0.002358,0,0,-0.3,-10.8,-3,1.04,0.18,-0.04
6810,34.045,34.045,34.144678,0.001317,0,0,-0.3,-10.9,-3.2,1.03,0.18,-0.04
6811,34.05,34.05,34.149764,0.001403,0,0,-0.3,-10.8,-2.8,1.04,0.18,-0.04
6812,34.055,34.055,34.155808,0.002447,0,0,-0.3,-10.8,-3.2,1.04,0.18,-0.04
6813,34.06,34.06,34.159687,0.001326,0,0,-0.3,-10.8,-2.7,1.04,0.18,-0.04
6814,34.065,34.065001,34.16483,0.001468,1.00000000458067e-06,0,-0.5,-10.9,-2.6,1.04,0.19,-0.04
6815,34.07,34.07,34.170796,0.002435,0,0,-0.5,-10.8,-2.6,1.04,0.19,-0.04
6816,34.075,34.075,34.176027,0.002666,0,0,-0.5,-10.9,-3.1,1.03,0.2,-0.04
6817,34.08,34.080001,34.17997,0.001608,1.00000000458067e-06,0,-0.3,-10.9,-3.3,1.03,0.19,-0.04
6818,34.085,34.085001,34.18515,0.001789,9.99999997475243e-07,0,-0.2,-10.8,-2.6,1.04,0.18,-0.04
6819,34.09,34.090001,34.190979,0.002617,9.99999997475243e-07,0,-0.2,-10.8,-1.9,1.05,0.17,-0.03
6820,34.095,34.095,34.194787,0.001426,0,0,-0.3,-10.8,-2.7,1.04,0.18,-0.04
6821,34.1,34.1,34.199926,0.001564,0,0,-0.5,-10.7,-2.7,1.04,0.19,-0.04
6822,34.105,34.105001,34.205774,0.002412,9.99999997475243e-07,0,-0.5,-10.7,-2.2,1.04,0.19,-0.04
6823,34.11,34.11,34.209707,0.001346,0,0,-0.5,-10.7,-2.7,1.04,0.19,-0.04
6824,34.115,34.115,34.2148,0.001439,0,0,-0.5,-10.8,-3.1,1.04,0.19,-0.04
6825,34.12,34.12,34.220916,0.002555,0,0,-0.5,-10.8,-2.9,1.04,0.2,-0.04
6826,34.125,34.125,34.224717,0.001355,0,0,-0.4,-10.8,-2.8,1.04,0.19,-0.04
6827,34.13,34.13,34.229979,0.001618,0,0,-0.4,-10.8,-2.7,1.04,0.19,-0.04
6828,34.135,34.135001,34.235765,0.002403,1.00000000458067e-06,0,-0.5,-10.8,-2.6,1.04,0.2,-0.04
6829,34.14,34.14,34.239765,0.001405,0,0,-0.7,-10.8,-2.7,1.04,0.2,-0.04
6830,34.145,34.145,34.244762,0.001401,0,0,-0.5,-10.8,-2.9,1.04,0.2,-0.04
6831,34.15,34.15,34.250932,0.002571,0,0,-0.4,-10.7,-2.3,1.04,0.18,-0.03
6832,34.155,34.155,34.25478,0.001419,0,0,-0.5,-10.8,-2.6,1.04,0.19,-0.03
6833,34.16,34.160001,34.25976,0.001398,9.99999997475243e-07,0,-0.5,-10.8,-2.6,1.04,0.19,-0.03
6834,34.165,34.165,34.265857,0.002495,0,0,-0.6,-10.8,-3.2,1.03,0.2,-0.04
6835,34.17,34.17,34.269728,0.001367,0,0,-0.6,-10.7,-3.5,1.03,0.2,-0.04
6836,34.175,34.175001,34.274819,0.001456,9.99999997475243e-07,0,-0.5,-10.7,-3.5,1.04,0.19,-0.04
6837,34.18,34.18,34.280762,0.002401,0,0,-0.5,-10.7,-3.4,1.04,0.19,-0.04
6838,34.185,34.185,34.284697,0.001336,0,0,-0.4,-10.7,-2.6,1.04,0.18,-0.04
6839,34.19,34.19,34.289714,0.001353,0,0,-0.5,-10.7,-2.7,1.04,0.19,-0.04
6840,34.195,34.195,34.29575,0.002389,0,0,-0.5,-10.8,-3.1,1.04,0.19,-0.04
6841,34.2,34.2,34.300729,0.002368,0,0,-0.5,-10.8,-2.6,1.05,0.19,-0.04
6842,34.205,34.205,34.304765,0.001404,0,0,-0.5,-10.7,-2.8,1.04,0.2,-0.04
6843,34.21,34.21,34.310733,0.002372,0,0,-0.6,-10.8,-2.9,1.03,0.2,-0.04
6844,34.215,34.215,34.315768,0.002408,0,0,-0.6,-10.8,-3,1.03,0.2,-0.04
6845,34.22,34.22,34.3197,0.001338,0,0,-0.6,-10.8,-2.6,1.04,0.19,-0.04
6846,34.225,34.225,34.324962,0.001601,0,0,-0.6,-10.8,-2.2,1.05,0.19,-0.04
6847,34.23,34.230001,34.330776,0.002414,9.99999997475243e-07,0,-0.6,-10.8,-2.4,1.04,0.19,-0.04
6848,34.235,34.235,34.334719,0.001358,0,0,-0.5,-10.9,-2.4,1.04,0.19,-0.04
6849,34.24,34.24,34.339809,0.001447,0,0,-0.5,-10.9,-2.2,1.05,0.18,-0.04
6850,34.245,34.245,34.345776,0.002416,0,0,-0.5,-10.8,-3,1.04,0.19,-0.04
6851,34.25,34.25,34.349745,0.001383,0,0,-0.5,-10.8,-2.9,1.03,0.2,-0.04
6852,34.255,34.255,34.354782,0.001421,0,0,-0.4,-10.8,-2.7,1.03,0.19,-0.04
6853,34.26,34.26,34.360747,0.002386,0,0,-0.5,-10.8,-2.5,1.04,0.19,-0.04
6854,34.265,34.265,34.364942,0.001581,0,0,-0.6,-10.8,-3,1.04,0.2,-0.04
6855,34.27,34.27,34.369771,0.001409,0,0,-0.5,-10.9,-2.9,1.04,0.2,-0.04
6856,34.275,34.275,34.375738,0.002376,0,0,-0.5,-10.9,-2.4,1.05,0.19,-0.04
6857,34.28,34.28,34.380851,0.00249,0,0,-0.5,-10.9,-2.4,1.05,0.19,-0.04
6858,34.285,34.285001,34.384796,0.001434,9.99999997475243e-07,0,-0.4,-10.7,-2.1,1.05,0.18,-0.04
6859,34.29,34.29,34.390743,0.002381,0,0,-0.6,-10.7,-2.4,1.04,0.19,-0.04
6860,34.295,34.295,34.394734,0.001372,0,0,-0.5,-10.7,-2.2,1.04,0.18,-0.04
6861,34.3,34.300001,34.399739,0.001377,9.99999997475243e-07,0,-0.6,-10.7,-2.1,1.04,0.18,-0.03
6862,34.305,34.305,34.405775,0.002414,0,0,-0.4,-10.8,-2.2,1.04,0.18,-0.04
6863,34.31,34.31,34.409685,0.001324,0,0,-0.4,-10.7,-2.8,1.04,0.19,-0.04
6864,34.315,34.315,34.414784,0.001423,0,0,-0.3,-10.7,-3.1,1.04,0.18,-0.04
6865,34.32,34.32,34.420719,0.002359,0,0,-0.3,-10.7,-3.4,1.04,0.19,-0.05
6866,34.325,34.325,34.425719,0.002358,0,0,-0.3,-10.7,-2.9,1.04,0.18,-0.04
6867,34.33,34.33,34.429729,0.001368,0,0,-0.3,-10.7,-3,1.04,0.18,-0.04
6868,34.335,34.335,34.435705,0.002345,0,0,-0.5,-10.8,-3,1.04,0.19,-0.04
6869,34.34,34.34,34.440685,0.002324,0,0,-0.6,-10.8,-3,1.04,0.2,-0.04
6870,34.345,34.345,34.44469,0.001329,0,0,-0.6,-10.8,-3.4,1.04,0.2,-0.04
6871,34.35,34.35,34.449729,0.001368,0,0,-0.6,-10.8,-3.1,1.04,0.2,-0.04
6872,34.355,34.355001,34.455704,0.002342,9.99999997475243e-07,0,-0.4,-10.9,-2.9,1.04,0.2,-0.04
6873,34.36,34.36,34.460735,0.002374,0,0,-0.4,-10.8,-3,1.04,0.2,-0.04
6874,34.365,34.365,34.46473,0.001369,0,0,-0.6,-10.8,-2.5,1.05,0.2,-0.04
6875,34.37,34.37,34.469827,0.001467,0,0,-0.6,-10.8,-2.6,1.04,0.19,-0.04
6876,34.375,34.375,34.475726,0.002364,0,0,-0.6,-10.8,-3,1.04,0.2,-0.04
6877,34.38,34.38,34.479819,0.001458,0,0,-0.5,-10.8,-2.9,1.04,0.2,-0.04
6878,34.385,34.385,34.484737,0.001376,0,0,-0.4,-10.8,-2.6,1.04,0.19,-0.04
6879,34.39,34.39,34.490711,0.00235,0,0,-0.5,-10.7,-2.7,1.04,0.19,-0.04
6880,34.395,34.395,34.495717,0.002356,0,0,-0.4,-10.7,-2.2,1.05,0.18,-0.04
6881,34.4,34.4,34.499758,0.001396,0,0,-0.4,-10.7,-2,1.05,0.18,-0.03
6882,34.405,34.405,34.505733,0.002372,0,0,-0.5,-10.6,-2.7,1.04,0.19,-0.04
6883,34.41,34.410001,34.509668,0.001306,9.99999997475243e-07,0,-0.4,-10.7,-2.7,1.04,0.19,-0.04
6884,34.415,34.415,34.514841,0.00148,0,0,-0.2,-10.7,-2.6,1.03,0.19,-0.04
6885,34.42,34.42,34.5198,0.001438,0,0,-0.3,-10.7,-2.9,1.03,0.19,-0.04
6886,34.425,34.425001,34.525713,0.00235,9.99999997475243e-07,0,-0.2,-10.7,-2.4,1.04,0.18,-0.03
6887,34.43,34.43,34.529689,0.001327,0,0,-0.3,-10.7,-2.1,1.04,0.17,-0.03
6888,34.435,34.435,34.534768,0.001407,0,0,-0.3,-10.7,-2.4,1.04,0.18,-0.03
6889,34.44,34.44,34.54068,0.002319,0,0,-0.4,-10.6,-2.8,1.03,0.18,-0.03
6890,34.445,34.445,34.544681,0.001319,0,0,-0.4,-10.6,-2.7,1.04,0.17,-0.04
6891,34.45,34.45,34.54987,0.001508,0,0,-0.4,-10.6,-2.7,1.04,0.18,-0.04
6892,34.455,34.455,34.555704,0.002343,0,0,-0.4,-10.5,-2.7,1.04,0.19,-0.04
6893,34.46,34.46,34.559696,0.001335,0,0,-0.5,-10.6,-2.6,1.03,0.19,-0.04
6894,34.465,34.465,34.564753,0.001391,0,0,-0.4,-10.6,-2.6,1.03,0.18,-0.04
6895,34.47,34.47,34.569868,0.001507,0,0,-0.5,-10.7,-2.3,1.04,0.18,-0.04
6896,34.475,34.475,34.575756,0.002395,0,0,-0.4,-10.8,-1.7,1.04,0.17,-0.04
6897,34.48,34.480001,34.579757,0.001394,9.99999997475243e-07,0,-0.6,-10.8,-1.8,1.05,0.18,-0.03
6898,34.485,34.485,34.584757,0.001396,0,0,-0.4,-10.7,-1.6,1.05,0.17,-0.04
6899,34.49,34.49,34.590765,0.002403,0,0,-0.5,-10.8,-1.5,1.05,0.18,-0.04
6900,34.495,34.495,34.5947,0.001339,0,0,-0.5,-10.8,-2.5,1.04,0.19,-0.05
6901,34.5,34.5,34.599724,0.001363,0,0,-0.7,-10.8,-3.2,1.04,0.2,-0.05
6902,34.505,34.505,34.604877,0.001515,0,0,-0.6,-10.8,-3,1.04,0.2,-0.04
6903,34.51,34.51,34.610697,0.002336,0,0,-0.5,-10.8,-2.3,1.04,0.19,-0.04
6904,34.515,34.515,34.614678,0.001317,0,0,-0.4,-10.8,-2.4,1.04,0.18,-0.04
6905,34.52,34.52,34.620684,0.002322,0,0,-0.4,-10.8,-2.5,1.04,0.18,-0.04
6906,34.525,34.525,34.625693,0.002332,0,0,-0.5,-10.7,-2.8,1.04,0.19,-0.04
6907,34.53,34.53,34.629671,0.001309,0,0,-0.6,-10.7,-3,1.04,0.19,-0.04
6908,34.535,34.535001,34.634719,0.001356,9.99999997475243e-07,0,-0.5,-10.7,-3.1,1.03,0.19,-0.04
6909,34.54,34.54,34.640701,0.00234,0,0,-0.6,-10.8,-2.8,1.04,0.19,-0.04
6910,34.545,34.545,34.644667,0.001306,0,0,-0.4,-10.7,-2.9,1.03,0.19,-0.04
6911,34.55,34.550001,34.649712,0.00135,9.99999997475243e-07,0,-0.4,-10.7,-2.7,1.03,0.18,-0.04
6912,34.555,34.555,34.655756,0.002395,0,0,-0.2,-10.7,-2.4,1.04,0.18,-0.03
6913,34.56,34.56,34.660729,0.002367,0,0,-0.1,-10.7,-2.5,1.04,0.18,-0.03
6914,34.565,34.565,34.66476,0.0014,0,0,-0.2,-10.7,-2.5,1.04,0.18,-0.04
6915,34.57,34.57,34.670758,0.002397,0,0,-0.2,-10.8,-2.9,1.04,0.19,-0.04
6916,34.575,34.575,34.675724,0.002363,0,0,-0.2,-10.7,-3.6,1.03,0.2,-0.05
6917,34.58,34.58,34.679689,0.001328,0,0,-0.2,-10.7,-2.8,1.04,0.19,-0.04
6918,34.585,34.585,34.684863,0.001502,0,0,-0.3,-10.7,-2.8,1.04,0.19,-0.04
6919,34.59,34.59,34.690712,0.002351,0,0,-0.4,-10.8,-3.5,1.03,0.2,-0.04
6920,34.595,34.595,34.69466,0.001299,0,0,-0.5,-10.8,-3.1,1.04,0.2,-0.04
6921,34.6,34.6,34.69974,0.001378,0,0,-0.5,-10.7,-3.3,1.03,0.2,-0.04
6922,34.605,34.605001,34.705743,0.002381,9.99999997475243e-07,0,-0.2,-10.6,-3.1,1.03,0.19,-0.04
6923,34.61,34.61,34.709699,0.001337,0,0,-0.3,-10.7,-3.3,1.02,0.2,-0.04
6924,34.615,34.615,34.714821,0.001459,0,0,-0.2,-10.7,-3.7,1.02,0.19,-0.04
6925,34.62,34.62,34.720702,0.002341,0,0,-0.1,-10.8,-3.2,1.03,0.18,-0.04
6926,34.625,34.625,34.725799,0.002439,0,0,-0.1,-10.7,-3,1.03,0.17,-0.04
6927,34.63,34.63,34.729689,0.001328,0,0,-0.2,-10.7,-2.9,1.03,0.18,-0.04
6928,34.635,34.635,34.734774,0.001413,0,0,-0.2,-10.7,-2.4,1.04,0.17,-0.04
6929,34.64,34.64,34.740684,0.002323,0,0,-0.2,-10.7,-2.4,1.04,0.17,-0.04
6930,34.645,34.645,34.744667,0.001306,0,0,-0.5,-10.8,-2.8,1.04,0.19,-0.04
6931,34.65,34.65,34.749728,0.001366,0,0,-0.5,-10.8,-2.9,1.04,0.2,-0.05
6932,34.655,34.655,34.755828,0.002468,0,0,-0.6,-10.8,-2.5,1.04,0.19,-0.04
6933,34.66,34.660001,34.759754,0.001392,9.99999997475243e-07,0,-0.6,-10.8,-3.6,1.03,0.21,-0.04
6934,34.665,34.665,34.764751,0.001388,0,0,-0.5,-10.7,-3.3,1.04,0.19,-0.04
6935,34.67,34.67,34.770799,0.002437,0,0,-0.5,-10.7,-2.4,1.05,0.19,-0.04
6936,34.675,34.675001,34.77575,0.002388,9.99999997475243e-07,0,-0.5,-10.7,-3,1.04,0.19,-0.04
6937,34.68,34.68,34.779691,0.00133,0,0,-0.4,-10.6,-2.8,1.04,0.19,-0.04
6938,34.685,34.685,34.784735,0.001374,0,0,-0.4,-10.6,-3.1,1.03,0.19,-0.04
6939,34.69,34.69,34.790729,0.002368,0,0,-0.4,-10.7,-3.4,1.03,0.19,-0.05
6940,34.695,34.695,34.794679,0.001318,0,0,-0.4,-10.7,-3.1,1.04,0.18,-0.05
6941,34.7,34.7,34.799773,0.001412,0,0,-0.4,-10.7,-2.8,1.04,0.18,-0.04
6942,34.705,34.705,34.80574,0.002379,0,0,-0.4,-10.7,-2.5,1.04,0.17,-0.04
6943,34.71,34.71,34.809679,0.001318,0,0,-0.4,-10.7,-2.8,1.04,0.17,-0.04
6944,34.715,34.715,34.814725,0.001363,0,0,-0.4,-10.6,-3,1.04,0.18,-0.05
6945,34.72,34.72,34.820689,0.002328,0,0,-0.4,-10.7,-3.3,1.03,0.18,-0.04
6946,34.725,34.725,34.825678,0.002316,0,0,-0.3,-10.8,-3.5,1.03,0.19,-0.05
6947,34.73,34.730001,34.829689,0.001327,9.99999997475243e-07,0,-0.4,-10.8,-3.3,1.03,0.19,-0.04
6948,34.735,34.735,34.835694,0.002333,0,0,-0.4,-10.9,-4.2,1.03,0.2,-0.05
6949,34.74,34.74,34.840679,0.002318,0,0,-0.4,-10.8,-3.6,1.03,0.19,-0.04
6950,34.745,34.745,34.844677,0.001316,0,0,-0.4,-10.7,-3.1,1.03,0.18,-0.04
6951,34.75,34.75,34.849794,0.001432,0,0,-0.4,-10.7,-3.5,1.03,0.18,-0.05
6952,34.755,34.755,34.855693,0.002332,0,0,-0.4,-10.8,-3.1,1.03,0.18,-0.05
6953,34.76,34.76,34.859794,0.001433,0,0,-0.3,-10.8,-3.4,1.04,0.18,-0.05
6954,34.765,34.765,34.864892,0.001531,0,0,-0.4,-10.8,-3.3,1.04,0.18,-0.05
6955,34.77,34.77,34.870762,0.002401,0,0,-0.5,-10.8,-3.4,1.03,0.2,-0.05
6956,34.775,34.775,34.875743,0.002382,0,0,-0.4,-10.8,-3,1.03,0.19,-0.04
6957,34.78,34.78,34.879795,0.001435,0,0,-0.3,-10.8,-3,1.03,0.18,-0.04
6958,34.785,34.785001,34.885782,0.002419,9.99999997475243e-07,0,-0.3,-10.7,-2.2,1.04,0.18,-0.04
6959,34.79,34.79,34.890723,0.002362,0,0,-0.4,-10.8,-2.3,1.04,0.18,-0.04
6960,34.795,34.795,34.894811,0.00145,0,0,-0.4,-10.8,-2.5,1.04,0.19,-0.04
6961,34.8,34.800001,34.899809,0.001447,9.99999997475243e-07,0,-0.4,-10.7,-2.5,1.04,0.19,-0.04
6962,34.805,34.805,34.905816,0.002455,0,0,-0.4,-10.8,-3.1,1.04,0.2,-0.04
6963,34.81,34.81,34.909675,0.001314,0,0,-0.5,-10.8,-3.7,1.03,0.21,-0.04
6964,34.815,34.81502,34.914957,0.001575,1.99999999992428e-05,0,-0.3,-10.8,-3.7,1.03,0.2,-0.04
6965,34.82,34.82,34.920724,0.002363,0,0,-0.3,-10.7,-3.3,1.03,0.19,-0.04
6966,34.825,34.825,34.925743,0.002382,0,0,-0.4,-10.7,-3.4,1.03,0.2,-0.04
6967,34.83,34.83,34.929718,0.001357,0,0,-0.4,-10.6,-3,1.03,0.19,-0.04
6968,34.835,34.835,34.934756,0.001395,0,0,-0.3,-10.6,-2.3,1.04,0.18,-0.04
6969,34.84,34.84,34.940924,0.002563,0,0,-0.4,-10.7,-2.8,1.03,0.19,-0.04
6970,34.845,34.845,34.945781,0.00242,0,0,-0.4,-10.7,-3,1.03,0.19,-0.04
6971,34.85,34.85,34.949706,0.001345,0,0,-0.4,-10.7,-3.3,1.03,0.2,-0.04
6972,34.855,34.855001,34.955716,0.002354,9.99999997475243e-07,0,-0.4,-10.7,-2.9,1.03,0.19,-0.04
6973,34.86,34.86,34.960689,0.002328,0,0,-0.4,-10.7,-2.7,1.03,0.18,-0.04
6974,34.865,34.865,34.964699,0.001338,0,0,-0.4,-10.8,-2.3,1.04,0.18,-0.04
6975,34.87,34.87,34.970764,0.002403,0,0,-0.3,-10.8,-2.5,1.03,0.19,-0.04
6976,34.875,34.875,34.975718,0.002357,0,0,-0.3,-10.7,-2.3,1.03,0.19,-0.04
6977,34.88,34.88,34.979681,0.00132,0,0,-0.4,-10.8,-2.3,1.04,0.19,-0.04
6978,34.885,34.885,34.984788,0.001426,0,0,-0.4,-10.8,-2.3,1.04,0.19,-0.04
6979,34.89,34.89,34.990775,0.002413,0,0,-0.4,-10.7,-2.2,1.04,0.18,-0.04
6980,34.895,34.895,34.994678,0.001317,0,0,-0.2,-10.6,-1.9,1.05,0.17,-0.04
6981,34.9,34.9,34.999941,0.00158,0,0,-0.3,-10.7,-2.3,1.04,0.17,-0.04
6982,34.905,34.905,35.005828,0.002466,0,0,-0.4,-10.8,-2.6,1.04,0.18,-0.05
6983,34.91,34.910001,35.009701,0.001339,9.99999997475243e-07,0,-0.5,-10.8,-2.8,1.05,0.19,-0.05
6984,34.915,34.915,35.014805,0.001443,0,0,-0.6,-10.8,-2.4,1.05,0.18,-0.04
6985,34.92,34.92,35.020774,0.002412,0,0,-0.5,-10.8,-2.3,1.05,0.18,-0.04
6986,34.925,34.925001,35.024716,0.001354,9.99999997475243e-07,0,-0.6,-10.8,-2.6,1.04,0.19,-0.04
6987,34.93,34.93,35.029789,0.001428,0,0,-0.5,-10.8,-3,1.04,0.19,-0.04
6988,34.935,34.935,35.03578,0.002418,0,0,-0.4,-10.7,-3.5,1.04,0.2,-0.04
6989,34.94,34.94,35.040711,0.00235,0,0,-0.3,-10.6,-3.1,1.03,0.18,-0.04
6990,34.945,34.945,35.044684,0.001323,0,0,-0.2,-10.6,-3.1,1.04,0.18,-0.05
6991,34.95,34.95,35.05077,0.002408,0,0,-0.3,-10.8,-2.8,1.04,0.19,-0.04
6992,34.955,34.955,35.054681,0.00132,0,0,-0.4,-10.7,-2.8,1.04,0.19,-0.04
6993,34.96,34.96,35.059758,0.001396,0,0,-0.4,-10.6,-2.8,1.04,0.18,-0.04
6994,34.965,34.965,35.065024,0.001663,0,0,-0.2,-10.6,-2.9,1.04,0.18,-0.04
6995,34.97,34.97,35.070758,0.002396,0,0,-0.3,-10.7,-3.4,1.04,0.19,-0.04
6996,34.975,34.975,35.074679,0.001318,0,0,-0.3,-10.7,-3,1.04,0.18,-0.04
6997,34.98,34.980001,35.07975,0.001388,9.99999997475243e-07,0,-0.5,-10.9,-3.2,1.04,0.2,-0.04
6998,34.985,34.985,35.085695,0.002334,0,0,-0.5,-10.8,-3.2,1.04,0.19,-0.04
6999,34.99,34.99,35.09068,0.002319,0,0,-0.3,-10.7,-2.6,1.04,0.18,-0.04
7000,34.995,34.995,35.094676,0.001315,0,0,-0.4,-10.8,-2.8,1.03,0.19,-0.04
7001,35,35,35.100798,0.002437,0,0,-0.5,-10.8,-3.3,1.03,0.2,-0.04
7002,35.005,35.005,35.105791,0.00243,0,0,-0.5,-10.8,-4.1,1.03,0.2,-0.05
7003,35.01,35.01,35.109697,0.001336,0,0,-0.4,-10.8,-3.3,1.03,0.19,-0.05
7004,35.015,35.015,35.114781,0.00142,0,0,-0.5,-10.8,-3.5,1.03,0.19,-0.05
7005,35.02,35.02,35.120762,0.002401,0,0,-0.4,-10.7,-3.4,1.03,0.2,-0.05
7006,35.025,35.025,35.125698,0.002336,0,0,-0.3,-10.7,-3.1,1.04,0.19,-0.05
7007,35.03,35.03,35.129678,0.001317,0,0,-0.4,-10.8,-3.2,1.04,0.19,-0.05
7008,35.035,35.035001,35.134851,0.001489,9.99999997475243e-07,0,-0.5,-10.7,-3.4,1.03,0.2,-0.05
7009,35.04,35.04,35.140748,0.002388,0,0,-0.4,-10.7,-3.1,1.03,0.2,-0.05
7010,35.045,35.045,35.144678,0.001317,0,0,-0.4,-10.7,-3.4,1.03,0.2,-0.05
7011,35.05,35.050001,35.149888,0.001525,9.99999997475243e-07,0,-0.3,-10.7,-3,1.03,0.18,-0.04
7012,35.055,35.055,35.155759,0.002398,0,0,-0.1,-10.7,-3,1.03,0.18,-0.04
7013,35.06,35.06,35.1597,0.001339,0,0,-0.2,-10.7,-3.6,1.03,0.19,-0.04
7014,35.065,35.065001,35.164904,0.001542,1.00000000458067e-06,0,-0.3,-10.8,-3.5,1.03,0.2,-0.04
7015,35.07,35.07,35.170757,0.002396,0,0,-0.1,-10.7,-2.9,1.03,0.18,-0.04
7016,35.075,35.075,35.175757,0.002396,0,0,-0.1,-10.8,-3.3,1.03,0.18,-0.04
7017,35.08,35.08,35.179772,0.00141,0,0,-0.3,-10.8,-2.8,1.03,0.19,-0.04
7018,35.085,35.085,35.185687,0.002326,0,0,-0.4,-10.8,-3.2,1.03,0.19,-0.04
7019,35.09,35.09,35.190763,0.002402,0,0,-0.5,-10.8,-2.4,1.04,0.19,-0.04
7020,35.095,35.095,35.194817,0.001455,0,0,-0.6,-10.8,-2.1,1.04,0.19,-0.04
7021,35.1,35.1,35.200757,0.002396,0,0,-0.5,-10.8,-2.5,1.04,0.19,-0.04
7022,35.105,35.105001,35.205722,0.00236,9.99999997475243e-07,0,-0.5,-10.8,-2.2,1.04,0.18,-0.04
7023,35.11,35.11,35.209677,0.001315,0,0,-0.3,-10.7,-2.2,1.04,0.18,-0.04
7024,35.115,35.115,35.214826,0.001464,0,0,-0.4,-10.8,-2.7,1.04,0.19,-0.04
7025,35.12,35.12,35.22075,0.002389,0,0,-0.2,-10.6,-3,1.03,0.18,-0.04
7026,35.125,35.125,35.224676,0.001315,0,0,-0.2,-10.7,-2.7,1.03,0.18,-0.04
7027,35.13,35.13,35.229902,0.001541,0,0,-0.2,-10.7,-2.1,1.03,0.18,-0.03
7028,35.135,35.135,35.235872,0.00251,0,0,-0.2,-10.8,-2.7,1.03,0.18,-0.04
7029,35.14,35.14,35.240833,0.002472,0,0,-0.3,-10.8,-2.8,1.03,0.18,-0.04
7030,35.145,35.145,35.244744,0.001384,0,0,-0.3,-10.8,-2.7,1.03,0.18,-0.04
7031,35.15,35.15,35.250801,0.00244,0,0,-0.4,-10.9,-3.1,1.03,0.2,-0.04
7032,35.155,35.155,35.255836,0.002476,0,0,-0.6,-10.9,-3.3,1.03,0.21,-0.04
7033,35.16,35.160001,35.25967,0.001307,9.99999997475243e-07,0,-0.6,-10.9,-3.5,1.03,0.21,-0.05
7034,35.165,35.165,35.264824,0.001462,0,0,-0.6,-10.9,-3.2,1.04,0.19,-0.05
7035,35.17,35.17,35.270751,0.00239,0,0,-0.4,-10.7,-3.2,1.04,0.19,-0.05
7036,35.175,35.175001,35.274681,0.001319,9.99999997475243e-07,0,-0.4,-10.7,-3.3,1.03,0.19,-0.05
7037,35.18,35.18,35.279748,0.001387,0,0,-0.4,-10.8,-2.8,1.04,0.19,-0.04
7038,35.185,35.185,35.285831,0.002469,0,0,-0.4,-10.9,-3.2,1.04,0.19,-0.04
7039,35.19,35.19,35.289717,0.001356,0,0,-0.6,-10.9,-2.9,1.04,0.2,-0.04
7040,35.195,35.195,35.294754,0.001394,0,0,-0.7,-10.8,-2.7,1.04,0.2,-0.04
7041,35.2,35.2,35.300848,0.002487,0,0,-0.7,-10.9,-3.5,1.04,0.21,-0.05
7042,35.205,35.205,35.305754,0.002392,0,0,-0.5,-10.8,-3,1.04,0.2,-0.04
7043,35.21,35.21,35.310016,0.001655,0,0,-0.6,-10.8,-2.9,1.04,0.2,-0.04
7044,35.215,35.215001,35.3164,0.003038,9.99999997475243e-07,0,-0.5,-10.8,-2.9,1.03,0.19,-0.04
7045,35.22,35.220001,35.320147,0.001786,1.00000000458067e-06,0,-0.4,-10.8,-3,1.03,0.19,-0.04
7046,35.225,35.225001,35.325175,0.001813,9.99999997475243e-07,0,-0.4,-10.8,-3.2,1.03,0.19,-0.04
7047,35.23,35.230003,35.330552,0.002189,2.99999999953116e-06,0,-0.4,-10.8,-3.1,1.03,0.19,-0.04
7048,35.235,35.235034,35.335926,0.002528,3.39999999994234e-05,0,-0.3,-10.7,-2.7,1.03,0.18,-0.04
7049,35.24,35.24,35.339723,0.001362,0,0,-0.2,-10.6,-2.5,1.04,0.17,-0.04
7050,35.245,35.245001,35.345886,0.002525,1.00000000458067e-06,0,-0.1,-10.7,-2.8,1.03,0.17,-0.04
7051,35.25,35.25,35.350729,0.002369,0,0,-0.1,-10.7,-2.4,1.05,0.17,-0.04
7052,35.255,35.255,35.354696,0.001335,0,0,-0.3,-10.7,-2.2,1.04,0.18,-0.04
7053,35.26,35.26,35.359791,0.00143,0,0,-0.3,-10.8,-2.8,1.04,0.18,-0.03
7054,35.265,35.265,35.365893,0.002533,0,0,-0.3,-10.7,-2.6,1.04,0.18,-0.04
7055,35.27,35.27,35.369719,0.001358,0,0,-0.3,-10.7,-2.2,1.04,0.18,-0.04
7056,35.275,35.275,35.374773,0.001412,0,0,-0.5,-10.8,-2.6,1.04,0.19,-0.04
7057,35.28,35.28,35.380742,0.002381,0,0,-0.5,-10.8,-3,1.03,0.19,-0.04
7058,35.285,35.285001,35.384694,0.001332,9.99999997475243e-07,0,-0.7,-10.8,-3.1,1.03,0.2,-0.04
7059,35.29,35.29,35.389842,0.001481,0,0,-0.6,-10.8,-3.1,1.04,0.19,-0.04
7060,35.295,35.295,35.395755,0.002393,0,0,-0.6,-10.9,-3.1,1.03,0.19,-0.04
7061,35.3,35.300001,35.40076,0.002397,9.99999997475243e-07,0,-0.5,-10.8,-3.1,1.03,0.19,-0.05
7062,35.305,35.305,35.404703,0.001342,0,0,-0.5,-10.7,-3.3,1.03,0.2,-0.04
7063,35.31,35.31,35.410765,0.002404,0,0,-0.3,-10.7,-3,1.04,0.19,-0.04
7064,35.315,35.315,35.415746,0.002385,0,0,-0.3,-10.8,-3.2,1.04,0.19,-0.04
7065,35.32,35.32,35.419705,0.001344,0,0,-0.3,-10.7,-3.5,1.03,0.2,-0.04
7066,35.325,35.325,35.425747,0.002385,0,0,-0.4,-10.6,-3.2,1.03,0.19,-0.04
7067,35.33,35.33,35.430757,0.002395,0,0,-0.3,-10.6,-2.6,1.03,0.18,-0.04
7068,35.335,35.335,35.434858,0.001497,0,0,-0.3,-10.7,-2.3,1.04,0.17,-0.04
7069,35.34,35.34,35.439926,0.001565,0,0,-0.2,-10.7,-1.9,1.05,0.17,-0.03
7070,35.345,35.345,35.445785,0.002425,0,0,-0.3,-10.7,-2.2,1.04,0.17,-0.03
7071,35.35,35.35,35.449749,0.001387,0,0,-0.3,-10.7,-2.5,1.04,0.18,-0.04
7072,35.355,35.355001,35.454822,0.001459,9.99999997475243e-07,0,-0.4,-10.6,-2,1.04,0.17,-0.03
7073,35.36,35.36,35.460745,0.002383,0,0,-0.3,-10.6,-2.8,1.03,0.18,-0.03
7074,35.365,35.365,35.46475,0.001389,0,0,-0.1,-10.5,-2.7,1.03,0.17,-0.03
7075,35.37,35.37,35.469808,0.001447,0,0,-0.1,-10.6,-2,1.04,0.16,-0.03
7076,35.375,35.375,35.475751,0.00239,0,0,-0.2,-10.5,-2.1,1.04,0.16,-0.03
7077,35.38,35.38,35.479781,0.001421,0,0,-0.4,-10.7,-2.9,1.04,0.18,-0.04
7078,35.385,35.385,35.48487,0.001509,0,0,-0.4,-10.6,-2.2,1.04,0.17,-0.04
7079,35.39,35.39,35.490727,0.002366,0,0,-0.3,-10.8,-2.9,1.04,0.18,-0.04
7080,35.395,35.395,35.495697,0.002336,0,0,-0.3,-10.8,-2.7,1.04,0.18,-0.04
7081,35.4,35.4,35.499742,0.00138,0,0,-0.5,-11,-3.3,1.03,0.2,-0.05
7082,35.405,35.405,35.505719,0.002357,0,0,-0.5,-10.9,-3,1.03,0.19,-0.04
7083,35.41,35.410001,35.509708,0.001345,9.99999997475243e-07,0,-0.4,-10.8,-2.8,1.03,0.19,-0.04
7084,35.415,35.415,35.514809,0.001447,0,0,-0.5,-10.8,-2.7,1.04,0.19,-0.04
7085,35.42,35.42,35.520724,0.002363,0,0,-0.4,-10.8,-2.6,1.04,0.19,-0.04
7086,35.425,35.425001,35.524712,0.001349,9.99999997475243e-07,0,-0.3,-10.9,-2.5,1.03,0.19,-0.04
7087,35.43,35.43,35.529706,0.001345,0,0,-0.4,-10.8,-2.4,1.04,0.19,-0.04
7088,35.435,35.435,35.535709,0.002347,0,0,-0.4,-10.8,-2.9,1.03,0.19,-0.04
7089,35.44,35.44,35.540692,0.00233,0,0,-0.3,-10.8,-3.1,1.03,0.19,-0.04
7090,35.445,35.445,35.544842,0.001481,0,0,-0.4,-10.7,-3.4,1.03,0.2,-0.04
7091,35.45,35.45,35.550121,0.001761,0,0,-0.4,-10.7,-3,1.03,0.19,-0.04
7092,35.455,35.455,35.555751,0.00239,0,0,-0.4,-10.7,-3.3,1.03,0.19,-0.05
7093,35.46,35.46,35.559727,0.001366,0,0,-0.3,-10.6,-2.8,1.03,0.18,-0.04
7094,35.465,35.465,35.564946,0.001585,0,0,-0.3,-10.6,-3.1,1.03,0.18,-0.04
7095,35.47,35.47,35.570733,0.002371,0,0,-0.3,-10.7,-2.7,1.03,0.18,-0.04
7096,35.475,35.475,35.574675,0.001314,0,0,-0.2,-10.7,-2.6,1.03,0.17,-0.03
7097,35.48,35.480001,35.579943,0.001581,9.99999997475243e-07,0,-0.3,-10.8,-1.9,1.04,0.16,-0.03
7098,35.485,35.485,35.585923,0.002561,0,0,-0.3,-10.8,-2.1,1.04,0.16,-0.03
7099,35.49,35.49,35.590945,0.002584,0,0,-0.6,-10.8,-3.3,1.03,0.2,-0.04
7100,35.495,35.495,35.594772,0.001411,0,0,-0.4,-10.8,-3.1,1.04,0.19,-0.04
7101,35.5,35.5,35.600029,0.001667,0,0,-0.3,-10.7,-2.9,1.03,0.18,-0.04
7102,35.505,35.505,35.605778,0.002417,0,0,-0.3,-10.7,-3,1.03,0.18,-0.04
7103,35.51,35.51,35.609682,0.001321,0,0,-0.3,-10.8,-3,1.03,0.18,-0.04
7104,35.515,35.515,35.614999,0.001637,0,0,-0.3,-10.8,-3.5,1.04,0.19,-0.04
7105,35.52,35.52,35.620773,0.002411,0,0,-0.5,-10.9,-2.9,1.04,0.19,-0.04
7106,35.525,35.525,35.624683,0.001322,0,0,-0.4,-10.8,-2.8,1.04,0.19,-0.04
7107,35.53,35.53,35.629913,0.001552,0,0,-0.4,-10.8,-2.8,1.04,0.19,-0.03
7108,35.535,35.535001,35.63588,0.002517,9.99999997475243e-07,0,-0.3,-10.8,-2.4,1.04,0.18,-0.03
7109,35.54,35.54,35.640714,0.002353,0,0,-0.4,-10.8,-3,1.03,0.18,-0.04
7110,35.545,35.545,35.644706,0.001345,0,0,-0.4,-10.7,-3.1,1.03,0.19,-0.04
7111,35.55,35.550003,35.650256,0.001894,2.99999999242573e-06,0,-0.4,-10.7,-2.6,1.04,0.18,-0.04
7112,35.555,35.555002,35.656168,0.002806,2.00000000205591e-06,0,-0.3,-10.6,-3,1.04,0.18,-0.04
7113,35.56,35.560001,35.660339,0.00198,9.99999997475243e-07,0,-0.5,-10.8,-3.2,1.03,0.2,-0.04
7114,35.565,35.565009,35.664858,0.001487,9.00000000569889e-06,0,-0.4,-10.7,-3.4,1.03,0.2,-0.05
7115,35.57,35.57,35.670897,0.002537,0,0,-0.5,-10.7,-3.8,1.03,0.2,-0.05
7116,35.575,35.575001,35.674925,0.001564,9.99999997475243e-07,0,-0.5,-10.7,-3.5,1.04,0.19,-0.04
7117,35.58,35.58,35.68084,0.002478,0,0,-0.5,-10.7,-3.4,1.04,0.19,-0.05
7118,35.585,35.585,35.685712,0.002351,0,0,-0.4,-10.7,-2.8,1.04,0.17,-0.04
7119,35.59,35.59,35.689741,0.00138,0,0,-0.4,-10.7,-2.9,1.04,0.18,-0.04
7120,35.595,35.595,35.694805,0.001444,0,0,-0.4,-10.7,-2.6,1.04,0.17,-0.04
7121,35.6,35.6,35.700818,0.002456,0,0,-0.4,-10.7,-2.5,1.04,0.18,-0.04
7122,35.605,35.605001,35.704748,0.001386,9.99999997475243e-07,0,-0.3,-10.7,-2.8,1.04,0.17,-0.04
7123,35.61,35.61,35.70987,0.001508,0,0,-0.2,-10.7,-2.9,1.04,0.17,-0.04
7124,35.615,35.615,35.715807,0.002445,0,0,-0.2,-10.7,-2.7,1.04,0.17,-0.04
7125,35.62,35.62,35.720756,0.002394,0,0,-0.3,-10.6,-2.4,1.04,0.17,-0.04
7126,35.625,35.625,35.724902,0.00154,0,0,-0.2,-10.7,-2.4,1.03,0.16,-0.04
7127,35.63,35.63,35.730808,0.002447,0,0,-0.3,-10.8,-2,1.04,0.16,-0.04
7128,35.635,35.635,35.734722,0.001361,0,0,-0.2,-10.7,-2.5,1.03,0.16,-0.04
7129,35.64,35.64,35.739787,0.001426,0,0,-0.3,-10.7,-2.4,1.04,0.17,-0.04
7130,35.645,35.645,35.745777,0.002416,0,0,-0.4,-10.8,-2.6,1.04,0.18,-0.04
7131,35.65,35.65,35.749723,0.001361,0,0,-0.3,-10.7,-2.6,1.04,0.18,-0.04
7132,35.655,35.655,35.754872,0.001511,0,0,-0.4,-10.7,-2.3,1.04,0.18,-0.04
7133,35.66,35.660001,35.760743,0.002381,9.99999997475243e-07,0,-0.4,-10.7,-2.4,1.04,0.19,-0.04
7134,35.665,35.665,35.765709,0.002347,0,0,-0.3,-10.8,-2.5,1.04,0.18,-0.04
7135,35.67,35.67,35.769703,0.001342,0,0,-0.4,-10.8,-3.2,1.04,0.2,-0.04
7136,35.675,35.675001,35.775691,0.002329,9.99999997475243e-07,0,-0.5,-10.9,-2.8,1.04,0.19,-0.04
7137,35.68,35.68,35.779871,0.001509,0,0,-0.5,-10.8,-2.6,1.04,0.18,-0.04
7138,35.685,35.685,35.784715,0.001353,0,0,-0.4,-10.7,-2.1,1.04,0.17,-0.04
7139,35.69,35.69,35.79075,0.002388,0,0,-0.3,-10.7,-2.7,1.04,0.18,-0.04
7140,35.695,35.695,35.795804,0.002443,0,0,-0.3,-10.6,-2.5,1.03,0.18,-0.04
7141,35.7,35.7,35.799776,0.001415,0,0,-0.4,-10.7,-2.2,1.04,0.18,-0.04
7142,35.705,35.705,35.805839,0.002478,0,0,-0.5,-10.8,-2.8,1.03,0.19,-0.04
7143,35.71,35.71,35.80973,0.001369,0,0,-0.5,-10.7,-2.7,1.04,0.19,-0.04
7144,35.715,35.715,35.814785,0.001425,0,0,-0.5,-10.7,-3.1,1.03,0.19,-0.04
7145,35.72,35.72,35.820899,0.002539,0,0,-0.4,-10.8,-3.2,1.03,0.2,-0.04
7146,35.725,35.725,35.824716,0.001354,0,0,-0.5,-10.7,-3.2,1.03,0.2,-0.03
7147,35.73,35.730001,35.829755,0.001393,9.99999997475243e-07,0,-0.4,-10.7,-2.5,1.04,0.19,-0.03
7148,35.735,35.735,35.835754,0.002393,0,0,-0.5,-10.9,-2.6,1.04,0.2,-0.03
7149,35.74,35.740009,35.841324,0.002954,8.99999999859347e-06,0,-0.4,-10.8,-3,1.03,0.2,-0.04
7150,35.745,35.745002,35.845159,0.001797,2.00000000205591e-06,0,-0.4,-10.8,-3.2,1.03,0.2,-0.04
7151,35.75,35.750002,35.850338,0.001976,2.00000000205591e-06,0,-0.5,-10.8,-2.9,1.03,0.2,-0.04
7152,35.755,35.755001,35.856277,0.002916,9.99999997475243e-07,0,-0.5,-10.8,-2.9,1.03,0.19,-0.04
7153,35.76,35.760002,35.860179,0.001816,2.00000000205591e-06,0,-0.4,-10.7,-2.8,1.04,0.18,-0.05
7154,35.765,35.765002,35.865079,0.001717,2.00000000205591e-06,0,-0.2,-10.6,-2.7,1.04,0.17,-0.04
7155,35.77,35.77,35.87074,0.00238,0,0,-0.3,-10.6,-2.9,1.04,0.18,-0.04
7156,35.775,35.775,35.874744,0.001384,0,0,-0.3,-10.7,-2.9,1.04,0.18,-0.04
7157,35.78,35.780001,35.880153,0.001792,9.99999997475243e-07,0,-0.3,-10.7,-2.4,1.04,0.18,-0.04
7158,35.785,35.785001,35.885919,0.002556,9.99999997475243e-07,0,-0.5,-10.7,-2.9,1.04,0.19,-0.04
7159,35.79,35.79,35.889749,0.001388,0,0,-0.5,-10.7,-2.3,1.04,0.18,-0.04
7160,35.795,35.795,35.894838,0.001476,0,0,-0.5,-10.8,-2.7,1.04,0.19,-0.04
7161,35.8,35.800001,35.900771,0.002404,9.99999997475243e-07,0,-0.6,-10.8,-3.5,1.03,0.2,-0.04
7162,35.805,35.805,35.904702,0.001341,0,0,-0.5,-10.8,-3.1,1.03,0.19,-0.04
7163,35.81,35.81,35.909821,0.00146,0,0,-0.5,-10.6,-3.2,1.03,0.19,-0.04
7164,35.815,35.815001,35.915321,0.001958,1.00000000458067e-06,0,-0.5,-10.7,-2.6,1.03,0.18,-0.04
7165,35.82,35.82,35.919771,0.001409,0,0,-0.5,-10.7,-2.6,1.03,0.19,-0.04
7166,35.825,35.825,35.92477,0.001409,0,0,-0.3,-10.6,-2.4,1.04,0.18,-0.03
7167,35.83,35.83,35.930837,0.002477,0,0,-0.3,-10.7,-2.4,1.04,0.18,-0.04
7168,35.835,35.835,35.934883,0.001522,0,0,-0.3,-10.7,-2.6,1.04,0.18,-0.04
7169,35.84,35.84,35.939995,0.001633,0,0,-0.2,-10.8,-2.4,1.04,0.18,-0.04
7170,35.845,35.845,35.945915,0.002553,0,0,-0.6,-10.8,-2.1,1.04,0.19,-0.04
7171,35.85,35.85,35.949857,0.001495,0,0,-0.5,-10.8,-2.5,1.04,0.18,-0.04
7172,35.855,35.855004,35.955749,0.002386,3.9999999970064e-06,0,-0.4,-10.8,-2.6,1.04,0.18,-0.04
7173,35.86,35.860002,35.960639,0.002278,2.00000000205591e-06,0,-0.3,-10.8,-2.6,1.04,0.18,-0.04
7174,35.865,35.865003,35.965624,0.002261,2.99999999953116e-06,0,-0.4,-10.8,-2.5,1.04,0.18,-0.04
7175,35.87,35.870003,35.970826,0.002463,2.99999999953116e-06,0,-0.4,-10.8,-2.9,1.03,0.19,-0.04
7176,35.875,35.875002,35.976658,0.003295,2.00000000205591e-06,0,-0.5,-10.7,-3.2,1.03,0.19,-0.05
7177,35.88,35.880001,35.980293,0.001932,9.99999997475243e-07,0,-0.6,-10.8,-3.4,1.03,0.2,-0.04
7178,35.885,35.885001,35.98524,0.00188,1.00000000458067e-06,0,-0.6,-10.8,-2.6,1.04,0.19,-0.04
7179,35.89,35.890002,35.991508,0.003146,2.00000000205591e-06,0,-0.6,-10.7,-3.2,1.04,0.2,-0.04
7180,35.895,35.895002,35.995764,0.002402,1.99999999495049e-06,0,-0.6,-10.8,-2.7,1.04,0.2,-0.04
7181,35.9,35.900003,36.000623,0.00226,2.99999999953116e-06,0,-0.5,-10.8,-2.5,1.04,0.19,-0.04
7182,35.905,35.905001,36.005421,0.00206,9.99999997475243e-07,0,-0.5,-10.9,-2.8,1.03,0.2,-0.04
7183,35.91,35.910002,36.010596,0.002233,1.99999999495049e-06,0,-0.5,-10.8,-2.7,1.03,0.2,-0.04
7184,35.915,35.915002,36.016044,0.00268,2.00000000205591e-06,0,-0.4,-10.7,-2.1,1.04,0.18,-0.04
7185,35.92,35.92,36.020041,0.001679,0,0,-0.2,-10.6,-1.4,1.05,0.16,-0.03
7186,35.925,35.925001,36.025798,0.002436,9.99999997475243e-07,0,-0.3,-10.7,-2.1,1.04,0.17,-0.04
7187,35.93,35.93,36.029739,0.001378,0,0,-0.4,-10.8,-2.2,1.04,0.18,-0.04
7188,35.935,35.935,36.034934,0.001573,0,0,-0.5,-10.8,-2.1,1.04,0.18,-0.04
7189,35.94,35.94,36.040863,0.002502,0,0,-0.5,-10.7,-2,1.04,0.18,-0.04
7190,35.945,35.945,36.045882,0.002522,0,0,-0.4,-10.8,-2.1,1.04,0.18,-0.04
7191,35.95,35.95,36.049745,0.001384,0,0,-0.4,-10.8,-2.2,1.04,0.18,-0.04
7192,35.955,35.955002,36.055371,0.002009,2.00000000205591e-06,0,-0.4,-10.7,-2.3,1.04,0.18,-0.03
7193,35.96,35.960002,36.061034,0.00267,2.00000000205591e-06,0,-0.4,-10.7,-2.2,1.04,0.18,-0.04
7194,35.965,35.965,36.064737,0.001375,0,0,-0.3,-10.7,-2.4,1.04,0.18,-0.04
7195,35.97,35.97,36.070931,0.00257,0,0,-0.3,-10.8,-2.4,1.04,0.17,-0.04
7196,35.975,35.975002,36.076037,0.002675,2.00000000205591e-06,0,-0.4,-10.8,-2.4,1.05,0.18,-0.04
7197,35.98,35.980001,36.079738,0.001375,9.99999997475243e-07,0,-0.2,-10.8,-2.4,1.05,0.17,-0.04
7198,35.985,35.985,36.085743,0.002382,0,0,-0.2,-10.8,-2.6,1.05,0.18,-0.04
7199,35.99,35.99,36.090745,0.002384,0,0,-0.3,-10.8,-2.7,1.04,0.18,-0.04
7200,35.995,35.995,36.094693,0.001331,0,0,-0.4,-10.7,-3.1,1.04,0.19,-0.04
7201,36,36,36.099846,0.001485,0,0,-0.3,-10.7,-3.3,1.04,0.19,-0.04
7202,36.005,36.005,36.105729,0.002368,0,0,-0.5,-10.7,-3.3,1.03,0.19,-0.04
7203,36.01,36.01,36.110686,0.002325,0,0,-0.5,-10.7,-2.7,1.04,0.19,-0.03
7204,36.015,36.015,36.114778,0.001418,0,0,-0.3,-10.6,-2.1,1.04,0.18,-0.03
7205,36.02,36.02,36.1207,0.002339,0,0,-0.5,-10.7,-2.4,1.04,0.19,-0.04
7206,36.025,36.025001,36.126341,0.00298,1.00000000458067e-06,0,-0.4,-10.7,-2.7,1.04,0.19,-0.04
7207,36.03,36.03,36.129883,0.001521,0,0,-0.3,-10.7,-2.7,1.04,0.18,-0.04
7208,36.035,36.035001,36.135763,0.002401,9.99999997475243e-07,0,-0.4,-10.8,-2.6,1.04,0.18,-0.03
7209,36.04,36.04,36.140713,0.002352,0,0,-0.3,-10.8,-2.8,1.04,0.18,-0.04
7210,36.045,36.045,36.14469,0.001328,0,0,-0.3,-10.8,-2.7,1.04,0.19,-0.04
7211,36.05,36.050001,36.150839,0.002478,9.99999997475243e-07,0,-0.3,-10.8,-3.2,1.03,0.2,-0.04
7212,36.055,36.055,36.155782,0.002421,0,0,-0.4,-10.8,-3.6,1.04,0.2,-0.05
7213,36.06,36.06,36.159726,0.001364,0,0,-0.4,-10.8,-3.4,1.03,0.2,-0.04
7214,36.065,36.065,36.165769,0.002409,0,0,-0.4,-10.7,-2.6,1.04,0.19,-0.04
7215,36.07,36.07,36.170863,0.002502,0,0,-0.4,-10.8,-2.8,1.04,0.19,-0.04
7216,36.075,36.075,36.174727,0.001366,0,0,-0.2,-10.7,-2.9,1.04,0.18,-0.04
7217,36.08,36.08,36.180753,0.002392,0,0,-0.2,-10.7,-2.6,1.04,0.17,-0.04
7218,36.085,36.085,36.185697,0.002334,0,0,-0.4,-10.7,-2.5,1.05,0.18,-0.04
7219,36.09,36.09,36.189694,0.001332,0,0,-0.3,-10.8,-2,1.04,0.17,-0.04
7220,36.095,36.095,36.194812,0.001451,0,0,-0.3,-10.7,-2.4,1.04,0.16,-0.04
7221,36.1,36.1,36.200732,0.002371,0,0,-0.2,-10.7,-2.6,1.03,0.17,-0.04
7222,36.105,36.105001,36.204737,0.001375,9.99999997475243e-07,0,-0.3,-10.7,-2.6,1.03,0.18,-0.04
7223,36.11,36.11,36.209789,0.001429,0,0,-0.2,-10.7,-2.3,1.04,0.17,-0.03
7224,36.115,36.115,36.215791,0.00243,0,0,-0.3,-10.7,-2.6,1.04,0.18,-0.03
7225,36.12,36.12,36.219826,0.001464,0,0,-0.3,-10.8,-2.4,1.04,0.18,-0.04
7226,36.125,36.125001,36.22483,0.001468,9.99999997475243e-07,0,-0.5,-10.8,-2.4,1.04,0.19,-0.04
7227,36.13,36.13,36.230825,0.002463,0,0,-0.4,-10.8,-2.4,1.04,0.19,-0.04
7228,36.135,36.135,36.234711,0.00135,0,0,-0.4,-10.8,-2.6,1.04,0.18,-0.04
7229,36.14,36.14,36.239712,0.001351,0,0,-0.5,-10.9,-3.3,1.04,0.2,-0.05
7230,36.145,36.145,36.245722,0.002361,0,0,-0.4,-10.8,-2.9,1.04,0.19,-0.04
7231,36.15,36.15,36.250704,0.002343,0,0,-0.4,-10.8,-3,1.03,0.19,-0.04
7232,36.155,36.155,36.254688,0.001327,0,0,-0.3,-10.8,-2.7,1.04,0.18,-0.04
7233,36.16,36.160001,36.259792,0.00143,9.99999997475243e-07,0,-0.3,-10.8,-2.8,1.03,0.19,-0.04
7234,36.165,36.165,36.265691,0.00233,0,0,-0.3,-10.9,-2.4,1.04,0.19,-0.04
7235,36.17,36.17,36.269684,0.001323,0,0,-0.3,-10.8,-2.3,1.05,0.19,-0.04
7236,36.175,36.175001,36.27476,0.001398,9.99999997475243e-07,0,-0.3,-10.8,-1.9,1.05,0.17,-0.04
7237,36.18,36.18,36.280748,0.002387,0,0,-0.2,-10.8,-2.6,1.05,0.18,-0.04
7238,36.185,36.185,36.284704,0.001342,0,0,-0.3,-10.8,-2.4,1.04,0.18,-0.04
7239,36.19,36.19,36.289798,0.001437,0,0,-0.4,-10.8,-2.9,1.04,0.2,-0.04
7240,36.195,36.195,36.295796,0.002434,0,0,-0.4,-10.7,-2.9,1.04,0.19,-0.04
7241,36.2,36.2,36.300703,0.002341,0,0,-0.3,-10.7,-2.3,1.04,0.18,-0.04
7242,36.205,36.205,36.304726,0.001364,0,0,-0.5,-10.8,-2.3,1.04,0.19,-0.04
7243,36.21,36.21,36.30977,0.001409,0,0,-0.6,-10.9,-2.5,1.04,0.19,-0.04
7244,36.215,36.215,36.315691,0.00233,0,0,-0.5,-10.9,-2.3,1.04,0.18,-0.04
7245,36.22,36.22,36.319791,0.001431,0,0,-0.5,-10.8,-2.5,1.04,0.19,-0.05
7246,36.225,36.225,36.324875,0.001514,0,0,-0.5,-10.8,-2.8,1.04,0.2,-0.04
7247,36.23,36.230001,36.330719,0.002357,9.99999997475243e-07,0,-0.5,-10.9,-2.8,1.04,0.2,-0.04
7248,36.235,36.235,36.334676,0.001315,0,0,-0.3,-10.9,-3,1.04,0.19,-0.04
7249,36.24,36.24,36.33986,0.001498,0,0,-0.3,-10.8,-2.7,1.04,0.19,-0.04
7250,36.245,36.245,36.345733,0.002372,0,0,-0.4,-10.7,-3.4,1.04,0.2,-0.04
7251,36.25,36.25,36.350699,0.002339,0,0,-0.4,-10.7,-3.2,1.04,0.19,-0.04
7252,36.255,36.255,36.354705,0.001344,0,0,-0.4,-10.8,-2.8,1.04,0.19,-0.04
7253,36.26,36.26,36.360751,0.00239,0,0,-0.2,-10.7,-3,1.04,0.18,-0.04
7254,36.265,36.265,36.365909,0.002547,0,0,-0.4,-10.7,-3.4,1.03,0.2,-0.04
7255,36.27,36.27,36.369754,0.001392,0,0,-0.4,-10.8,-3.4,1.03,0.19,-0.04
7256,36.275,36.275,36.37482,0.00146,0,0,-0.4,-10.6,-3.5,1.03,0.19,-0.04
7257,36.28,36.28,36.380738,0.002377,0,0,-0.3,-10.7,-2.8,1.03,0.18,-0.04
7258,36.285,36.285001,36.384682,0.00132,9.99999997475243e-07,0,-0.4,-10.8,-3.3,1.03,0.19,-0.04
7259,36.29,36.29,36.389686,0.001327,0,0,-0.3,-10.8,-3.4,1.03,0.19,-0.04
7260,36.295,36.295,36.395711,0.002349,0,0,-0.3,-10.7,-3.1,1.03,0.18,-0.04
7261,36.3,36.300001,36.400722,0.00236,9.99999997475243e-07,0,-0.5,-10.8,-3,1.04,0.18,-0.04
7262,36.305,36.305,36.404703,0.001343,0,0,-0.4,-10.7,-2.2,1.04,0.17,-0.04
7263,36.31,36.31,36.409846,0.001484,0,0,-0.3,-10.7,-2.5,1.04,0.17,-0.04
7264,36.315,36.315,36.415712,0.002351,0,0,-0.5,-10.8,-2.5,1.05,0.18,-0.04
7265,36.32,36.32,36.419776,0.001416,0,0,-0.5,-10.8,-3,1.04,0.19,-0.04
7266,36.325,36.325,36.424845,0.001483,0,0,-0.5,-10.9,-3.1,1.04,0.2,-0.04
7267,36.33,36.33,36.430806,0.002444,0,0,-0.5,-10.8,-2.7,1.04,0.19,-0.04
7268,36.335,36.335,36.434713,0.001352,0,0,-0.3,-10.8,-2.3,1.05,0.17,-0.04
7269,36.34,36.34,36.439693,0.001332,0,0,-0.3,-10.8,-2.3,1.04,0.18,-0.04
7270,36.345,36.345,36.445813,0.002452,0,0,-0.4,-10.7,-2.3,1.04,0.18,-0.04
7271,36.35,36.35,36.450738,0.002377,0,0,-0.4,-10.8,-2.3,1.05,0.18,-0.04
7272,36.355,36.355001,36.454753,0.001391,9.99999997475243e-07,0,-0.4,-10.8,-2.2,1.04,0.18,-0.04
7273,36.36,36.36,36.460746,0.002384,0,0,-0.5,-10.8,-2.1,1.04,0.18,-0.04
7274,36.365,36.365,36.465727,0.002365,0,0,-0.5,-10.8,-2.3,1.04,0.18,-0.03
7275,36.37,36.37,36.469834,0.001474,0,0,-0.4,-10.8,-2.8,1.04,0.18,-0.04
7276,36.375,36.375,36.474978,0.001616,0,0,-0.3,-10.7,-2.2,1.04,0.17,-0.03
7277,36.38,36.38,36.480712,0.002351,0,0,-0.4,-10.8,-1.9,1.04,0.17,-0.03
7278,36.385,36.385,36.484669,0.001308,0,0,-0.4,-10.8,-1.9,1.05,0.18,-0.03
7279,36.39,36.39,36.48973,0.001369,0,0,-0.4,-10.8,-2.3,1.04,0.18,-0.04
7280,36.395,36.395,36.495709,0.002348,0,0,-0.2,-10.8,-2.5,1.04,0.17,-0.04
7281,36.4,36.4,36.500692,0.002331,0,0,-0.3,-10.8,-2.8,1.04,0.18,-0.04
7282,36.405,36.405,36.50499,0.00163,0,0,-0.6,-10.8,-2.8,1.04,0.19,-0.04
7283,36.41,36.410001,36.509865,0.001502,9.99999997475243e-07,0,-0.5,-10.8,-2.9,1.04,0.18,-0.04
7284,36.415,36.415,36.515725,0.002363,0,0,-0.3,-10.8,-2.1,1.04,0.16,-0.04
7285,36.42,36.42,36.520706,0.002345,0,0,-0.2,-10.8,-2,1.05,0.17,-0.03
7286,36.425,36.425002,36.524947,0.001583,1.99999999495049e-06,0,-0.2,-10.8,-2.2,1.04,0.17,-0.03
7287,36.43,36.43,36.530787,0.002426,0,0,-0.2,-10.8,-1.6,1.05,0.17,-0.03
7288,36.435,36.435,36.535715,0.002354,0,0,-0.4,-10.9,-3,1.04,0.19,-0.04
7289,36.44,36.44,36.539729,0.001368,0,0,-0.5,-10.9,-3,1.04,0.19,-0.04
7290,36.445,36.445,36.544928,0.001567,0,0,-0.5,-10.8,-2.4,1.04,0.19,-0.04
7291,36.45,36.45,36.550707,0.002345,0,0,-0.5,-10.8,-2.2,1.04,0.18,-0.04
7292,36.455,36.455,36.554721,0.00136,0,0,-0.4,-10.8,-2.1,1.04,0.18,-0.04
7293,36.46,36.46,36.559761,0.0014,0,0,-0.4,-10.8,-2.6,1.04,0.18,-0.04
7294,36.465,36.465,36.565709,0.002348,0,0,-0.4,-10.8,-2.4,1.03,0.19,-0.04
7295,36.47,36.47,36.570833,0.002472,0,0,-0.5,-10.8,-2.6,1.03,0.2,-0.04
7296,36.475,36.475,36.574777,0.001416,0,0,-0.5,-10.8,-2.7,1.03,0.2,-0.04
7297,36.48,36.480001,36.579818,0.001455,9.99999997475243e-07,0,-0.5,-10.8,-2.9,1.03,0.2,-0.04
7298,36.485,36.485,36.585739,0.002377,0,0,-0.4,-10.9,-2.3,1.04,0.19,-0.04
7299,36.49,36.49,36.590808,0.002446,0,0,-0.4,-10.8,-2.6,1.04,0.19,-0.04
7300,36.495,36.495,36.594755,0.001394,0,0,-0.4,-10.8,-2.7,1.04,0.19,-0.04
7301,36.5,36.5,36.599827,0.001466,0,0,-0.6,-10.8,-3.3,1.04,0.2,-0.04
7302,36.505,36.505,36.605885,0.002525,0,0,-0.5,-10.9,-4,1.03,0.21,-0.05
7303,36.51,36.51,36.609853,0.001496,0,0,-0.4,-10.7,-3.7,1.04,0.2,-0.04
7304,36.515,36.515,36.614873,0.001512,0,0,-0.4,-10.7,-3.2,1.04,0.2,-0.04
7305,36.52,36.52,36.620871,0.002511,0,0,-0.4,-10.7,-2.2,1.04,0.18,-0.04
7306,36.525,36.525,36.625712,0.00235,0,0,-0.5,-10.7,-3.1,1.03,0.2,-0.04
7307,36.53,36.53,36.629705,0.001343,0,0,-0.5,-10.7,-3.3,1.03,0.19,-0.04
7308,36.535,36.535001,36.635701,0.002339,9.99999997475243e-07,0,-0.5,-10.7,-3.3,1.03,0.19,-0.04
7309,36.54,36.54,36.640718,0.002357,0,0,-0.4,-10.6,-3.8,1.03,0.2,-0.05
7310,36.545,36.545,36.644677,0.001316,0,0,-0.3,-10.7,-3.3,1.04,0.19,-0.04
7311,36.55,36.550001,36.64972,0.001357,9.99999997475243e-07,0,-0.4,-10.8,-3,1.04,0.19,-0.04
7312,36.555,36.555,36.655717,0.002356,0,0,-0.4,-10.7,-3.3,1.03,0.19,-0.05
7313,36.56,36.560001,36.660837,0.002475,9.99999997475243e-07,0,-0.3,-10.7,-2.8,1.03,0.18,-0.04
7314,36.565,36.565,36.664708,0.001347,0,0,-0.3,-10.7,-2.2,1.04,0.18,-0.04
7315,36.57,36.57,36.670754,0.002393,0,0,-0.4,-10.8,-1.8,1.04,0.18,-0.04
7316,36.575,36.575,36.675827,0.002466,0,0,-0.3,-10.7,-2,1.04,0.18,-0.04
7317,36.58,36.58,36.67971,0.001349,0,0,-0.2,-10.7,-1.9,1.04,0.17,-0.04
7318,36.585,36.585,36.684845,0.001484,0,0,-0.2,-10.7,-1.8,1.04,0.17,-0.03
7319,36.59,36.590001,36.69104,0.002679,9.99999997475243e-07,0,-0.1,-10.7,-2.6,1.04,0.18,-0.04
7320,36.595,36.595,36.694797,0.001435,0,0,-0.3,-10.7,-2.4,1.04,0.19,-0.04
7321,36.6,36.6,36.699784,0.001423,0,0,-0.3,-10.7,-2.3,1.04,0.18,-0.04
7322,36.605,36.605001,36.704952,0.00159,9.99999997475243e-07,0,-0.4,-10.8,-2.2,1.04,0.17,-0.04
7323,36.61,36.61,36.710832,0.00247,0,0,-0.5,-10.8,-2.1,1.04,0.18,-0.04
7324,36.615,36.615,36.714702,0.001341,0,0,-0.3,-10.8,-2,1.05,0.16,-0.04
7325,36.62,36.62,36.719768,0.001408,0,0,-0.2,-10.8,-2.1,1.04,0.17,-0.04
7326,36.625,36.625,36.725743,0.002382,0,0,-0.3,-10.8,-1.9,1.04,0.17,-0.04
7327,36.63,36.63,36.729718,0.001357,0,0,-0.4,-10.9,-2.1,1.04,0.18,-0.04
7328,36.635,36.635,36.734742,0.001381,0,0,-0.4,-10.9,-2.1,1.04,0.18,-0.04
7329,36.64,36.64,36.740711,0.00235,0,0,-0.4,-10.9,-2,1.05,0.18,-0.04
7330,36.645,36.645,36.745708,0.002347,0,0,-0.5,-10.8,-2.7,1.04,0.19,-0.04
7331,36.65,36.65,36.74968,0.001318,0,0,-0.4,-10.8,-2.4,1.04,0.19,-0.04
7332,36.655,36.655,36.754805,0.001444,0,0,-0.3,-10.8,-2.2,1.05,0.18,-0.03
7333,36.66,36.660001,36.760699,0.002337,9.99999997475243e-07,0,-0.2,-10.8,-1.6,1.04,0.17,-0.03
7334,36.665,36.665,36.764678,0.001317,0,0,-0.4,-10.9,-1.7,1.05,0.18,-0.04
7335,36.67,36.67,36.769766,0.001405,0,0,-0.4,-10.9,-2.1,1.04,0.18,-0.04
7336,36.675,36.675001,36.774871,0.001508,9.99999997475243e-07,0,-0.5,-10.8,-2.2,1.04,0.19,-0.04
7337,36.68,36.68,36.780729,0.002368,0,0,-0.6,-10.9,-2.2,1.04,0.19,-0.04
7338,36.685,36.685,36.784683,0.001322,0,0,-0.6,-10.8,-2.9,1.04,0.19,-0.05
7339,36.69,36.69,36.78971,0.001349,0,0,-0.5,-10.8,-2.9,1.04,0.2,-0.05
7340,36.695,36.695,36.795715,0.002354,0,0,-0.4,-10.6,-3.4,1.03,0.2,-0.04
7341,36.7,36.7,36.800721,0.00236,0,0,-0.3,-10.6,-3.5,1.03,0.19,-0.04
7342,36.705,36.705,36.804705,0.001344,0,0,-0.4,-10.6,-3.9,1.03,0.2,-0.04
7343,36.71,36.71,36.810708,0.002347,0,0,-0.5,-10.8,-3.7,1.03,0.2,-0.04
7344,36.715,36.715,36.815701,0.00234,0,0,-0.6,-10.8,-2.8,1.04,0.2,-0.04
7345,36.72,36.72,36.819673,0.001312,0,0,-0.6,-10.8,-3.1,1.04,0.2,-0.04
7346,36.725,36.725,36.824782,0.00142,0,0,-0.4,-10.8,-3.3,1.04,0.19,-0.04
7347,36.73,36.730001,36.830786,0.002424,9.99999997475243e-07,0,-0.4,-10.8,-3.1,1.03,0.19,-0.04
7348,36.735,36.735,36.834684,0.001322,0,0,-0.3,-10.7,-3,1.04,0.18,-0.04
7349,36.74,36.74,36.83988,0.001518,0,0,-0.4,-10.8,-2.9,1.04,0.19,-0.04
7350,36.745,36.745,36.845789,0.002427,0,0,-0.3,-10.7,-3.1,1.03,0.19,-0.04
7351,36.75,36.75,36.850698,0.002337,0,0,-0.2,-10.6,-2.6,1.03,0.18,-0.03
7352,36.755,36.755,36.854678,0.001317,0,0,-0.3,-10.8,-1.9,1.04,0.17,-0.03
7353,36.76,36.76,36.859742,0.001381,0,0,-0.3,-10.7,-2.1,1.04,0.17,-0.03
7354,36.765,36.765,36.865776,0.002414,0,0,-0.4,-10.7,-2.6,1.04,0.18,-0.04
7355,36.77,36.77,36.869733,0.001372,0,0,-0.4,-10.7,-3,1.03,0.18,-0.04
7356,36.775,36.775,36.874824,0.001461,0,0,-0.5,-10.7,-3.1,1.03,0.18,-0.04
7357,36.78,36.78,36.880765,0.002404,0,0,-0.6,-10.7,-3.1,1.03,0.19,-0.04
7358,36.785,36.785001,36.8857,0.002338,9.99999997475243e-07,0,-0.6,-10.7,-3.2,1.04,0.2,-0.04
7359,36.79,36.79,36.889958,0.001596,0,0,-0.6,-10.8,-2.8,1.04,0.2,-0.04
7360,36.795,36.795,36.895811,0.002451,0,0,-0.5,-10.7,-2.7,1.04,0.19,-0.04
7361,36.8,36.800001,36.899714,0.001352,9.99999997475243e-07,0,-0.3,-10.6,-2.2,1.04,0.17,-0.04
7362,36.805,36.805,36.904748,0.001387,0,0,-0.4,-10.7,-2.4,1.04,0.18,-0.04
7363,36.81,36.81,36.909802,0.001441,0,0,-0.4,-10.9,-2.8,1.04,0.19,-0.04
7364,36.815,36.815,36.915785,0.002423,0,0,-0.4,-10.9,-3,1.03,0.19,-0.04
7365,36.82,36.82,36.919708,0.001347,0,0,-0.3,-10.8,-2.4,1.04,0.18,-0.04
7366,36.825,36.825,36.924729,0.001368,0,0,-0.4,-10.8,-2.1,1.04,0.18,-0.04
7367,36.83,36.83,36.930739,0.002378,0,0,-0.3,-10.8,-2.3,1.04,0.19,-0.04
7368,36.835,36.835,36.934678,0.001317,0,0,-0.2,-10.7,-2.4,1.04,0.18,-0.04
7369,36.84,36.84,36.939764,0.001403,0,0,-0.2,-10.7,-2.4,1.04,0.18,-0.04
7370,36.845,36.845,36.945706,0.002345,0,0,-0.3,-10.8,-2,1.04,0.18,-0.03
7371,36.85,36.85,36.950771,0.00241,0,0,-0.4,-10.8,-1.8,1.04,0.18,-0.03
7372,36.855,36.855001,36.954691,0.001328,9.99999997475243e-07,0,-0.5,-10.8,-1.8,1.05,0.19,-0.03
7373,36.86,36.86,36.960754,0.002392,0,0,-0.4,-10.8,-2,1.04,0.18,-0.03
7374,36.865,36.865,36.965688,0.002327,0,0,-0.4,-10.9,-1.7,1.05,0.18,-0.03
7375,36.87,36.87,36.969672,0.001311,0,0,-0.4,-10.9,-2.2,1.04,0.19,-0.03
7376,36.875,36.875,36.974776,0.001415,0,0,-0.5,-10.9,-2.7,1.03,0.19,-0.04
7377,36.88,36.88,36.980762,0.002401,0,0,-0.5,-10.8,-3,1.03,0.19,-0.04
7378,36.885,36.885,36.984679,0.001318,0,0,-0.6,-10.8,-2.9,1.03,0.2,-0.04
7379,36.89,36.89,36.989744,0.001383,0,0,-0.5,-10.7,-2.9,1.04,0.19,-0.04
7380,36.895,36.895,36.995818,0.002458,0,0,-0.5,-10.8,-2.9,1.04,0.2,-0.04
7381,36.9,36.9,37.000757,0.002396,0,0,-0.6,-10.7,-3.5,1.04,0.21,-0.05
7382,36.905,36.905,37.004692,0.00133,0,0,-0.6,-10.8,-3.5,1.03,0.2,-0.05
7383,36.91,36.910001,37.010089,0.001728,9.99999997475243e-07,0,-0.6,-10.7,-2.8,1.04,0.19,-0.05
7384,36.915,36.915001,37.015853,0.002492,9.99999997475243e-07,0,-0.4,-10.7,-3.2,1.03,0.19,-0.04
7385,36.92,36.920002,37.02012,0.001758,1.99999999495049e-06,0,-0.5,-10.7,-3,1.03,0.19,-0.04
7386,36.925,36.925002,37.025304,0.001943,1.99999999495049e-06,0,-0.6,-10.7,-3.1,1.03,0.2,-0.04
7387,36.93,36.930001,37.031144,0.002782,9.99999997475243e-07,0,-0.6,-10.7,-2.8,1.03,0.2,-0.04
7388,36.935,36.935,37.034813,0.001451,0,0,-0.5,-10.8,-2.8,1.03,0.19,-0.04
7389,36.94,36.940001,37.040024,0.001663,1.00000000458067e-06,0,-0.4,-10.8,-2.4,1.04,0.19,-0.04
7390,36.945,36.945001,37.046156,0.002794,9.99999997475243e-07,0,-0.3,-10.7,-2.3,1.04,0.18,-0.04
7391,36.95,36.950001,37.05093,0.002568,9.99999997475243e-07,0,-0.2,-10.7,-1.8,1.05,0.16,-0.04
7392,36.955,36.955,37.054737,0.001376,0,0,-0.2,-10.7,-1.5,1.04,0.16,-0.03
7393,36.96,36.96,37.060725,0.002364,0,0,-0.3,-10.7,-2,1.04,0.17,-0.04
7394,36.965,36.965,37.065772,0.00241,0,0,-0.3,-10.7,-2,1.04,0.18,-0.03
7395,36.97,36.97,37.069678,0.001317,0,0,-0.3,-10.8,-2.5,1.05,0.18,-0.04
7396,36.975,36.975,37.07477,0.001409,0,0,-0.3,-10.8,-2.6,1.05,0.18,-0.04
7397,36.98,36.980001,37.080703,0.002341,9.99999997475243e-07,0,-0.2,-10.7,-2.4,1.04,0.17,-0.04
7398,36.985,36.985,37.085754,0.002393,0,0,-0.4,-10.7,-2.1,1.05,0.18,-0.04
7399,36.99,36.99,37.08985,0.001488,0,0,-0.4,-10.8,-2.2,1.04,0.18,-0.03
7400,36.995,36.995,37.095755,0.002393,0,0,-0.3,-10.8,-2.9,1.04,0.19,-0.04
7401,37,37,37.100713,0.002351,0,0,-0.3,-10.7,-2.1,1.04,0.17,-0.04
7402,37.005,37.005,37.104712,0.001351,0,0,-0.3,-10.6,-1.9,1.04,0.17,-0.03
7403,37.01,37.01,37.109773,0.001413,0,0,-0.2,-10.7,-1.8,1.05,0.16,-0.04
7404,37.015,37.015,37.115798,0.002436,0,0,-0.3,-10.6,-2.3,1.04,0.17,-0.04
7405,37.02,37.02,37.119696,0.001334,0,0,-0.3,-10.7,-2.4,1.04,0.18,-0.04
7406,37.025,37.025,37.124875,0.001514,0,0,-0.3,-10.7,-2.9,1.05,0.18,-0.04
7407,37.03,37.03,37.13081,0.002448,0,0,-0.4,-10.7,-2.6,1.05,0.18,-0.05
7408,37.035,37.035001,37.135702,0.00234,9.99999997475243e-07,0,-0.3,-10.7,-2.7,1.05,0.18,-0.04
7409,37.04,37.04,37.139673,0.001312,0,0,-0.2,-10.7,-2.7,1.05,0.17,-0.05
7410,37.045,37.045,37.144931,0.00157,0,0,-0.4,-10.7,-2.8,1.04,0.19,-0.04
7411,37.05,37.050001,37.150758,0.002396,9.99999997475243e-07,0,-0.4,-10.7,-3.1,1.04,0.19,-0.04
7412,37.055,37.055,37.154691,0.00133,0,0,-0.2,-10.7,-2.7,1.04,0.18,-0.04
7413,37.06,37.06,37.159869,0.001508,0,0,-0.3,-10.7,-3,1.03,0.18,-0.04
7414,37.065,37.065,37.165819,0.002457,0,0,-0.5,-10.6,-3,1.04,0.19,-0.04
7415,37.07,37.07,37.170702,0.00234,0,0,-0.5,-10.7,-3,1.04,0.19,-0.04
7416,37.075,37.075,37.174852,0.001491,0,0,-0.6,-10.7,-3.3,1.04,0.19,-0.04
7417,37.08,37.08,37.180872,0.002511,0,0,-0.5,-10.7,-3,1.04,0.19,-0.04
7418,37.085,37.085,37.184713,0.001352,0,0,-0.4,-10.7,-2.5,1.04,0.18,-0.04
7419,37.09,37.09,37.189831,0.00147,0,0,-0.3,-10.6,-2.3,1.04,0.18,-0.04
7420,37.095,37.095,37.195883,0.002523,0,0,-0.3,-10.7,-3,1.04,0.18,-0.04
7421,37.1,37.1,37.20077,0.00241,0,0,-0.3,-10.7,-2.6,1.04,0.18,-0.04
7422,37.105,37.105001,37.205113,0.001752,9.99999997475243e-07,0,-0.4,-10.7,-2.9,1.03,0.2,-0.04
7423,37.11,37.110002,37.210566,0.002204,2.00000000205591e-06,0,-0.3,-10.8,-2.2,1.05,0.18,-0.04
7424,37.115,37.115001,37.216249,0.002887,9.99999997475243e-07,0,-0.4,-10.7,-2.6,1.04,0.2,-0.04
7425,37.12,37.120001,37.220137,0.001776,1.00000000458067e-06,0,-0.5,-10.7,-3.4,1.03,0.2,-0.04
7426,37.125,37.125001,37.226169,0.002808,9.99999997475243e-07,0,-0.6,-10.7,-3.4,1.03,0.22,-0.05
7427,37.13,37.130002,37.23123,0.002868,1.99999999495049e-06,0,-0.6,-10.7,-3,1.04,0.2,-0.04
7428,37.135,37.135,37.234829,0.001467,0,0,-0.4,-10.7,-3.3,1.03,0.19,-0.04
7429,37.14,37.14,37.239815,0.001453,0,0,-0.3,-10.7,-3.6,1.03,0.19,-0.04
7430,37.145,37.145,37.245795,0.002433,0,0,-0.2,-10.7,-3.1,1.03,0.19,-0.04
7431,37.15,37.15,37.249724,0.001362,0,0,-0.2,-10.7,-2.8,1.03,0.19,-0.04
7432,37.155,37.155,37.254772,0.00141,0,0,-0.2,-10.7,-2.9,1.04,0.19,-0.04
7433,37.16,37.160001,37.260742,0.00238,9.99999997475243e-07,0,-0.4,-10.8,-3,1.03,0.2,-0.04
7434,37.165,37.165,37.265828,0.002467,0,0,-0.4,-10.9,-2.6,1.04,0.19,-0.04
7435,37.17,37.17,37.269737,0.001375,0,0,-0.4,-10.8,-2.6,1.04,0.19,-0.04
7436,37.175,37.175001,37.274815,0.001452,9.99999997475243e-07,0,-0.5,-10.8,-3.3,1.04,0.2,-0.05
7437,37.18,37.18,37.280809,0.002448,0,0,-0.4,-10.7,-3.2,1.04,0.19,-0.05
7438,37.185,37.185,37.28472,0.001359,0,0,-0.3,-10.7,-3.3,1.04,0.19,-0.04
7439,37.19,37.190006,37.290389,0.002023,5.99999999906231e-06,0,-0.3,-10.7,-3.2,1.04,0.19,-0.04
7440,37.195,37.195001,37.294956,0.001593,9.99999997475243e-07,0,-0.3,-10.7,-2.9,1.04,0.18,-0.04
7441,37.2,37.2,37.301018,0.002657,0,0,-0.2,-10.6,-2.6,1.04,0.17,-0.04
7442,37.205,37.205,37.304798,0.001437,0,0,-0.2,-10.5,-3.1,1.03,0.17,-0.04
7443,37.21,37.21,37.310786,0.002424,0,0,-0.3,-10.6,-2.5,1.04,0.18,-0.04
7444,37.215,37.215,37.315786,0.002425,0,0,-0.3,-10.6,-2.7,1.04,0.18,-0.04
7445,37.22,37.22,37.319741,0.001379,0,0,-0.3,-10.6,-2.8,1.04,0.18,-0.04
7446,37.225,37.225001,37.324935,0.001572,9.99999997475243e-07,0,-0.4,-10.7,-2.7,1.04,0.18,-0.04
7447,37.23,37.230001,37.33073,0.002368,9.99999997475243e-07,0,-0.4,-10.7,-2.5,1.04,0.18,-0.04
7448,37.235,37.235,37.334721,0.00136,0,0,-0.4,-10.7,-2.2,1.04,0.18,-0.04
7449,37.24,37.24,37.339779,0.001417,0,0,-0.5,-10.6,-2.3,1.04,0.18,-0.04
7450,37.245,37.245,37.345749,0.002388,0,0,-0.5,-10.6,-2.4,1.04,0.19,-0.04
7451,37.25,37.25,37.350699,0.002338,0,0,-0.5,-10.6,-2.3,1.04,0.18,-0.04
7452,37.255,37.255,37.354717,0.001356,0,0,-0.4,-10.6,-2.4,1.05,0.18,-0.04
7453,37.26,37.26,37.359771,0.00141,0,0,-0.5,-10.7,-2.7,1.04,0.19,-0.04
7454,37.265,37.265,37.365771,0.00241,0,0,-0.3,-10.7,-2.8,1.04,0.19,-0.04
7455,37.27,37.27,37.369681,0.00132,0,0,-0.4,-10.7,-3,1.04,0.19,-0.04
7456,37.275,37.275001,37.374741,0.001379,1.00000000458067e-06,0,-0.2,-10.6,-2.7,1.05,0.18,-0.04
7457,37.28,37.28,37.380715,0.002354,0,0,-0.3,-10.7,-3.3,1.04,0.19,-0.04
7458,37.285,37.285001,37.385709,0.002348,9.99999997475243e-07,0,-0.2,-10.7,-3.1,1.04,0.19,-0.04
7459,37.29,37.29,37.389708,0.001346,0,0,-0.4,-10.7,-2.5,1.04,0.19,-0.04
7460,37.295,37.295,37.394837,0.001476,0,0,-0.5,-10.7,-2.7,1.04,0.19,-0.04
7461,37.3,37.300001,37.400883,0.00252,9.99999997475243e-07,0,-0.6,-10.7,-2.9,1.04,0.2,-0.04
7462,37.305,37.305,37.404686,0.001325,0,0,-0.5,-10.7,-2.8,1.03,0.19,-0.04
7463,37.31,37.310001,37.409816,0.001454,9.99999997475243e-07,0,-0.4,-10.7,-2.8,1.04,0.19,-0.04
7464,37.315,37.315,37.416084,0.002723,0,0,-0.5,-10.8,-3,1.04,0.19,-0.04
7465,37.32,37.320001,37.421169,0.002808,9.99999997475243e-07,0,-0.4,-10.8,-3.2,1.04,0.19,-0.04
7466,37.325,37.325001,37.424932,0.001569,9.99999997475243e-07,0,-0.3,-10.7,-2.6,1.04,0.18,-0.04
7467,37.33,37.33,37.430936,0.002575,0,0,-0.4,-10.7,-3.3,1.03,0.19,-0.05
7468,37.335,37.335,37.434739,0.001378,0,0,-0.4,-10.6,-3,1.04,0.19,-0.04
7469,37.34,37.34,37.43989,0.001529,0,0,-0.5,-10.7,-2.4,1.04,0.18,-0.04
7470,37.345,37.345,37.445753,0.002392,0,0,-0.5,-10.7,-2.8,1.05,0.19,-0.04
7471,37.35,37.35,37.449711,0.001349,0,0,-0.5,-10.7,-2.5,1.04,0.19,-0.04
7472,37.355,37.355001,37.454743,0.001382,9.99999997475243e-07,0,-0.6,-10.8,-2.7,1.04,0.19,-0.04
7473,37.36,37.36,37.460725,0.002365,0,0,-0.5,-10.7,-2.8,1.04,0.19,-0.04
7474,37.365,37.365,37.465941,0.00258,0,0,-0.5,-10.8,-2.2,1.04,0.19,-0.04
7475,37.37,37.37,37.469718,0.001357,0,0,-0.4,-10.7,-2.9,1.04,0.19,-0.04
7476,37.375,37.375,37.474719,0.001358,0,0,-0.5,-10.8,-2.6,1.04,0.18,-0.04
7477,37.38,37.38,37.480885,0.002524,0,0,-0.5,-10.8,-2.8,1.04,0.19,-0.04
7478,37.385,37.385,37.485718,0.002357,0,0,-0.4,-10.8,-2.7,1.04,0.19,-0.03
7479,37.39,37.39,37.48971,0.001349,0,0,-0.1,-10.8,-1.8,1.05,0.17,-0.03
7480,37.395,37.395,37.495742,0.002381,0,0,-0.3,-10.7,-2.5,1.04,0.18,-0.03
7481,37.4,37.4,37.500706,0.002345,0,0,-0.3,-10.8,-2.7,1.04,0.18,-0.03
7482,37.405,37.405,37.504683,0.001322,0,0,-0.4,-10.8,-2.9,1.04,0.19,-0.04
7483,37.41,37.410001,37.5098,0.001438,9.99999997475243e-07,0,-0.3,-10.8,-2.3,1.04,0.18,-0.04
7484,37.415,37.415,37.515838,0.002477,0,0,-0.3,-10.7,-2,1.05,0.18,-0.03
7485,37.42,37.42,37.519751,0.001391,0,0,-0.4,-10.8,-2.6,1.04,0.19,-0.04
7486,37.425,37.425001,37.524722,0.00136,9.99999997475243e-07,0,-0.4,-10.8,-2.6,1.04,0.19,-0.04
7487,37.43,37.43,37.530812,0.00245,0,0,-0.5,-10.8,-2.8,1.04,0.2,-0.04
7488,37.435,37.435,37.53573,0.002368,0,0,-0.5,-10.8,-3.1,1.02,0.2,-0.04
7489,37.44,37.44,37.539692,0.001331,0,0,-0.4,-10.8,-2.8,1.03,0.19,-0.04
7490,37.445,37.445,37.545729,0.002368,0,0,-0.4,-10.8,-3.3,1.03,0.19,-0.05
7491,37.45,37.45,37.550724,0.002362,0,0,-0.3,-10.7,-3.4,1.03,0.19,-0.04
7492,37.455,37.455,37.554777,0.001415,0,0,-0.3,-10.6,-2.9,1.04,0.17,-0.04
7493,37.46,37.46,37.559726,0.001365,0,0,-0.3,-10.7,-2.3,1.04,0.17,-0.04
7494,37.465,37.465,37.565731,0.00237,0,0,-0.5,-10.8,-2.7,1.03,0.19,-0.04
7495,37.47,37.47,37.569843,0.001482,0,0,-0.4,-10.8,-3,1.03,0.18,-0.04
7496,37.475,37.475,37.574772,0.00141,0,0,-0.5,-10.8,-3.1,1.03,0.19,-0.04
7497,37.48,37.480001,37.580709,0.002347,9.99999997475243e-07,0,-0.4,-10.8,-2.7,1.04,0.18,-0.04
7498,37.485,37.485,37.585696,0.002335,0,0,-0.4,-10.7,-2.3,1.05,0.18,-0.04
7499,37.49,37.49,37.589728,0.001366,0,0,-0.5,-10.8,-2.6,1.04,0.19,-0.04
7500,37.495,37.495,37.59481,0.00145,0,0,-0.3,-10.7,-2.5,1.04,0.18,-0.04
7501,37.5,37.5,37.600704,0.002343,0,0,-0.3,-10.7,-2.1,1.05,0.17,-0.04
7502,37.505,37.505,37.604745,0.001385,0,0,-0.3,-10.7,-2,1.05,0.17,-0.04
7503,37.51,37.51,37.60974,0.001378,0,0,-0.3,-10.8,-2.5,1.05,0.19,-0.04
7504,37.515,37.515,37.615747,0.002386,0,0,-0.4,-10.8,-2.5,1.05,0.19,-0.04
7505,37.52,37.52,37.620763,0.002402,0,0,-0.6,-10.9,-2.7,1.05,0.2,-0.04
7506,37.525,37.525001,37.624925,0.001564,1.00000000458067e-06,0,-0.5,-10.9,-2.3,1.05,0.2,-0.04
7507,37.53,37.53,37.629911,0.001551,0,0,-0.5,-10.8,-2.8,1.04,0.2,-0.04
7508,37.535,37.535001,37.635707,0.002345,9.99999997475243e-07,0,-0.5,-10.9,-2.8,1.04,0.2,-0.05
7509,37.54,37.54,37.639679,0.001317,0,0,-0.6,-11,-2.8,1.04,0.21,-0.04
7510,37.545,37.545,37.644732,0.001371,0,0,-0.7,-11,-2.7,1.04,0.2,-0.04
7511,37.55,37.550001,37.650739,0.002377,9.99999997475243e-07,0,-0.7,-11,-2.6,1.04,0.21,-0.04
7512,37.555,37.555,37.654678,0.001317,0,0,-0.6,-11,-3.2,1.04,0.21,-0.04
7513,37.56,37.56,37.659749,0.001387,0,0,-0.5,-10.8,-2.9,1.04,0.19,-0.05
7514,37.565,37.565,37.665711,0.00235,0,0,-0.4,-10.9,-2.8,1.04,0.19,-0.04
7515,37.57,37.57,37.669878,0.001518,0,0,-0.2,-10.7,-2.2,1.04,0.17,-0.04
7516,37.575,37.575,37.674787,0.001425,0,0,-0.1,-10.7,-2.3,1.04,0.17,-0.04
7517,37.58,37.58,37.680741,0.00238,0,0,-0.2,-10.8,-2.4,1.04,0.18,-0.04
7518,37.585,37.585,37.685747,0.002386,0,0,-0.3,-10.8,-2.4,1.04,0.18,-0.04
7519,37.59,37.59,37.689743,0.001381,0,0,-0.5,-10.9,-3.2,1.03,0.2,-0.04
7520,37.595,37.595,37.69571,0.002348,0,0,-0.5,-11,-2.9,1.04,0.2,-0.04
7521,37.6,37.6,37.70071,0.00235,0,0,-0.4,-11,-2.9,1.04,0.2,-0.04
7522,37.605,37.605001,37.70472,0.001357,9.99999997475243e-07,0,-0.4,-10.9,-2.9,1.04,0.2,-0.04
7523,37.61,37.61,37.709826,0.001465,0,0,-0.5,-10.9,-2.9,1.04,0.19,-0.04
7524,37.615,37.615,37.715748,0.002387,0,0,-0.4,-10.9,-2.9,1.04,0.19,-0.04
7525,37.62,37.62,37.719749,0.001389,0,0,-0.1,-10.7,-2.9,1.03,0.18,-0.04
7526,37.625,37.625,37.724813,0.001452,0,0,-0.3,-10.7,-2.8,1.03,0.19,-0.04
7527,37.63,37.63,37.730741,0.00238,0,0,-0.4,-10.8,-2.9,1.03,0.2,-0.04
7528,37.635,37.635,37.734773,0.001413,0,0,-0.4,-10.8,-2.8,1.03,0.2,-0.04
7529,37.64,37.64,37.739715,0.001354,0,0,-0.3,-10.7,-2.6,1.03,0.18,-0.04
7530,37.645,37.645,37.745732,0.00237,0,0,-0.4,-10.8,-2.1,1.04,0.18,-0.04
7531,37.65,37.65,37.74972,0.001359,0,0,-0.4,-10.7,-2.8,1.03,0.19,-0.04
7532,37.655,37.655,37.754767,0.001406,0,0,-0.4,-10.7,-2.7,1.03,0.2,-0.04
7533,37.66,37.660001,37.760716,0.002355,9.99999997475243e-07,0,-0.4,-10.8,-2.5,1.04,0.19,-0.04
7534,37.665,37.665,37.764715,0.001354,0,0,-0.3,-10.7,-3,1.04,0.19,-0.04
7535,37.67,37.67,37.769731,0.00137,0,0,-0.5,-10.9,-2.7,1.04,0.2,-0.05
7536,37.675,37.675001,37.775712,0.00235,9.99999997475243e-07,0,-0.4,-10.9,-2.9,1.03,0.2,-0.04
7537,37.68,37.68,37.780737,0.002377,0,0,-0.3,-10.8,-2.3,1.04,0.18,-0.04
7538,37.685,37.685,37.784694,0.001333,0,0,-0.3,-10.9,-2.4,1.04,0.19,-0.04
7539,37.69,37.69,37.790706,0.002345,0,0,-0.3,-10.9,-2,1.04,0.18,-0.04
7540,37.695,37.695,37.795706,0.002345,0,0,-0.4,-10.8,-2.5,1.04,0.19,-0.04
7541,37.7,37.7,37.799785,0.001423,0,0,-0.3,-10.8,-3,1.03,0.19,-0.05
7542,37.705,37.705,37.804786,0.001425,0,0,-0.4,-10.8,-3.5,1.02,0.19,-0.05
7543,37.71,37.71,37.810758,0.002397,0,0,-0.3,-10.7,-3.2,1.02,0.19,-0.04
7544,37.715,37.715,37.814773,0.001411,0,0,-0.3,-10.7,-3.2,1.03,0.18,-0.04
7545,37.72,37.72,37.819717,0.001356,0,0,-0.2,-10.7,-3,1.02,0.18,-0.04
7546,37.725,37.725,37.82579,0.002429,0,0,-0.1,-10.6,-3.2,1.02,0.18,-0.04
7547,37.73,37.730001,37.829691,0.001329,9.99999997475243e-07,0,-0.1,-10.7,-3.2,1.03,0.18,-0.04
7548,37.735,37.735,37.834702,0.001341,0,0,-0.2,-10.7,-3,1.03,0.18,-0.04
7549,37.74,37.74,37.84075,0.002388,0,0,-0.2,-10.8,-3.4,1.03,0.19,-0.04
7550,37.745,37.745,37.845715,0.002354,0,0,-0.3,-10.7,-3.2,1.03,0.18,-0.04
7551,37.75,37.75,37.84971,0.001348,0,0,-0.4,-10.8,-2.7,1.03,0.18,-0.04
7552,37.755,37.755,37.854737,0.001376,0,0,-0.3,-10.8,-2.5,1.03,0.18,-0.04
7553,37.76,37.76,37.860694,0.002333,0,0,-0.3,-10.8,-2.7,1.04,0.18,-0.04
7554,37.765,37.765,37.864672,0.001311,0,0,-0.3,-10.7,-3,1.04,0.19,-0.04
7555,37.77,37.77,37.869669,0.001308,0,0,-0.3,-10.7,-2.7,1.03,0.18,-0.03
7556,37.775,37.775,37.874803,0.001442,0,0,-0.3,-10.8,-3,1.03,0.18,-0.04
7557,37.78,37.78,37.880696,0.002335,0,0,-0.1,-10.7,-2.6,1.04,0.17,-0.04
7558,37.785,37.785001,37.884671,0.001308,9.99999997475243e-07,0,-0.1,-10.7,-2.1,1.04,0.16,-0.03
7559,37.79,37.79,37.889686,0.001325,0,0,-0.1,-10.7,-2.3,1.04,0.17,-0.04
7560,37.795,37.795,37.895698,0.002337,0,0,-0.2,-10.7,-2.2,1.04,0.18,-0.04
7561,37.8,37.800001,37.899672,0.00131,9.99999997475243e-07,0,-0.2,-10.7,-2.6,1.04,0.18,-0.04
7562,37.805,37.805,37.904756,0.001395,0,0,-0.1,-10.7,-2.9,1.03,0.18,-0.04
7563,37.81,37.81,37.910851,0.00249,0,0,-0.3,-10.7,-3.3,1.03,0.19,-0.04
7564,37.815,37.815,37.914789,0.001427,0,0,-0.4,-10.8,-3.5,1.04,0.19,-0.04
7565,37.82,37.82,37.919717,0.001356,0,0,-0.3,-10.8,-3.9,1.03,0.19,-0.05
7566,37.825,37.825,37.925739,0.002378,0,0,-0.4,-10.7,-4,1.04,0.2,-0.05
7567,37.83,37.83,37.930766,0.002404,0,0,-0.5,-10.8,-3.6,1.04,0.2,-0.05
7568,37.835,37.835,37.934759,0.001398,0,0,-0.4,-10.8,-3.5,1.04,0.19,-0.05
7569,37.84,37.84,37.940785,0.002424,0,0,-0.3,-10.8,-2.6,1.04,0.18,-0.04
7570,37.845,37.845,37.945697,0.002335,0,0,-0.2,-10.8,-2.7,1.04,0.18,-0.04
7571,37.85,37.85,37.949734,0.001372,0,0,-0.3,-10.8,-2.4,1.04,0.18,-0.04
7572,37.855,37.855001,37.955717,0.002355,9.99999997475243e-07,0,-0.4,-10.8,-2.6,1.04,0.18,-0.04
7573,37.86,37.86,37.960681,0.00232,0,0,-0.5,-10.7,-2.9,1.04,0.18,-0.04
7574,37.865,37.865,37.964693,0.001332,0,0,-0.4,-10.7,-3,1.04,0.18,-0.04
7575,37.87,37.870002,37.970234,0.001872,2.00000000205591e-06,0,-0.3,-10.7,-3.3,1.04,0.18,-0.05
7576,37.875,37.875,37.976168,0.002807,0,0,-0.4,-10.7,-3.1,1.04,0.18,-0.05
7577,37.88,37.880002,37.981003,0.00264,1.99999999495049e-06,0,-0.4,-10.8,-3.1,1.04,0.19,-0.04
7578,37.885,37.885,37.984793,0.001431,0,0,-0.4,-10.8,-3.1,1.04,0.19,-0.04
7579,37.89,37.890001,37.990946,0.002584,9.99999997475243e-07,0,-0.3,-10.6,-2.8,1.04,0.18,-0.04
7580,37.895,37.895,37.994932,0.00157,0,0,-0.2,-10.5,-2.8,1.04,0.18,-0.04
7581,37.9,37.9,38.000053,0.001692,0,0,-0.2,-10.7,-2.2,1.04,0.18,-0.04
7582,37.905,37.905002,38.005395,0.002032,2.00000000205591e-06,0,-0.2,-10.7,-2.3,1.04,0.18,-0.04
7583,37.91,37.910001,38.009833,0.00147,9.99999997475243e-07,0,-0.2,-10.7,-2.8,1.03,0.18,-0.04
7584,37.915,37.915001,38.014889,0.001527,9.99999997475243e-07,0,-0.4,-10.7,-2.9,1.04,0.19,-0.04
7585,37.92,37.92,38.020838,0.002477,0,0,-0.5,-10.7,-2.7,1.04,0.19,-0.04
7586,37.925,37.925001,38.024905,0.001542,9.99999997475243e-07,0,-0.4,-10.8,-2.4,1.04,0.18,-0.04
7587,37.93,37.93,38.029796,0.001435,0,0,-0.3,-10.8,-2,1.05,0.17,-0.04
7588,37.935,37.935,38.035722,0.002361,0,0,-0.3,-10.7,-2.1,1.04,0.17,-0.04
7589,37.94,37.94,38.040721,0.002359,0,0,-0.3,-10.8,-1.7,1.05,0.16,-0.04
7590,37.945,37.945,38.044711,0.001354,0,0,-0.4,-10.8,-1.8,1.05,0.17,-0.04
7591,37.95,37.95,38.04976,0.001398,0,0,-0.4,-10.7,-2.4,1.04,0.18,-0.04
7592,37.955,37.955,38.055711,0.00235,0,0,-0.3,-10.6,-1.8,1.04,0.16,-0.03
7593,37.96,37.96,38.060709,0.002348,0,0,-0.2,-10.7,-2,1.04,0.16,-0.04
7594,37.965,37.965,38.064785,0.001424,0,0,-0.3,-10.7,-1.7,1.05,0.16,-0.04
7595,37.97,37.97,38.07109,0.00273,0,0,-0.4,-10.7,-2.7,1.04,0.18,-0.04
7596,37.975,37.975002,38.075993,0.002629,2.00000000205591e-06,0,-0.4,-10.8,-3.2,1.03,0.19,-0.04
7597,37.98,37.980001,38.079717,0.001355,9.99999997475243e-07,0,-0.4,-10.8,-2.7,1.04,0.19,-0.04
7598,37.985,37.985,38.084786,0.001425,0,0,-0.4,-10.8,-2.9,1.04,0.18,-0.04
7599,37.99,37.99,38.091096,0.002735,0,0,-0.5,-10.7,-3.5,1.03,0.19,-0.05
7600,37.995,37.995001,38.094839,0.001477,1.00000000458067e-06,0,-0.3,-10.6,-3.4,1.03,0.19,-0.04
7601,38,38,38.099847,0.001485,0,0,-0.4,-10.8,-3,1.03,0.19,-0.04
7602,38.005,38.005001,38.105828,0.002466,9.99999997475243e-07,0,-0.4,-10.8,-2.9,1.04,0.19,-0.04
7603,38.01,38.01,38.109698,0.001337,0,0,-0.3,-10.8,-2.7,1.05,0.17,-0.04
7604,38.015,38.015,38.114809,0.001447,0,0,-0.2,-10.7,-3.1,1.04,0.18,-0.05
7605,38.02,38.02,38.120703,0.002342,0,0,-0.3,-10.7,-2.6,1.04,0.17,-0.04
7606,38.025,38.025,38.125772,0.00241,0,0,-0.2,-10.7,-1.9,1.04,0.17,-0.04
7607,38.03,38.03,38.129752,0.00139,0,0,-0.3,-10.8,-2.6,1.04,0.18,-0.04
7608,38.035,38.035001,38.135704,0.002341,9.99999997475243e-07,0,-0.3,-10.8,-2.3,1.04,0.18,-0.04
7609,38.04,38.04,38.140703,0.002342,0,0,-0.4,-10.8,-2.7,1.04,0.18,-0.04
7610,38.045,38.045,38.144659,0.001298,0,0,-0.4,-10.7,-3.3,1.04,0.18,-0.04
7611,38.05,38.050001,38.149773,0.00141,9.99999997475243e-07,0,-0.4,-10.7,-2.9,1.04,0.18,-0.04
7612,38.055,38.055,38.155808,0.002446,0,0,-0.5,-10.8,-3.2,1.04,0.2,-0.04
7613,38.06,38.06,38.159683,0.001323,0,0,-0.4,-10.8,-2.6,1.04,0.18,-0.04
7614,38.065,38.065,38.164769,0.001408,0,0,-0.4,-10.7,-2.5,1.04,0.18,-0.04
7615,38.07,38.07,38.170789,0.002427,0,0,-0.4,-10.7,-2.2,1.04,0.18,-0.03
7616,38.075,38.075,38.175772,0.002411,0,0,-0.4,-10.7,-2.3,1.04,0.18,-0.04
7617,38.08,38.08,38.17972,0.001359,0,0,-0.4,-10.8,-2.2,1.04,0.19,-0.04
7618,38.085,38.085,38.185762,0.002401,0,0,-0.4,-10.7,-1.9,1.04,0.18,-0.04
7619,38.09,38.09,38.190715,0.002353,0,0,-0.4,-10.8,-2,1.04,0.18,-0.04
7620,38.095,38.095,38.194787,0.001425,0,0,-0.6,-10.9,-2.4,1.04,0.19,-0.04
7621,38.1,38.1,38.200749,0.002389,0,0,-0.5,-10.7,-2.5,1.04,0.18,-0.04
7622,38.105,38.105001,38.20585,0.002489,9.99999997475243e-07,0,-0.4,-10.6,-2.2,1.05,0.17,-0.04
7623,38.11,38.11,38.209699,0.001338,0,0,-0.2,-10.5,-1.9,1.05,0.17,-0.04
7624,38.115,38.115,38.215708,0.002347,0,0,-0.2,-10.6,-2,1.05,0.17,-0.04
7625,38.12,38.12,38.220745,0.002385,0,0,-0.3,-10.7,-2.2,1.05,0.18,-0.04
7626,38.125,38.125002,38.224704,0.001341,2.00000000205591e-06,0,-0.3,-10.8,-2.5,1.04,0.19,-0.04
7627,38.13,38.13,38.229883,0.001521,0,0,-0.3,-10.8,-2.8,1.04,0.19,-0.04
7628,38.135,38.135,38.235872,0.002511,0,0,-0.3,-10.9,-3.2,1.03,0.19,-0.04
7629,38.14,38.14,38.239699,0.001338,0,0,-0.3,-10.8,-3,1.04,0.19,-0.04
7630,38.145,38.145,38.24476,0.001399,0,0,-0.3,-10.8,-2.9,1.04,0.18,-0.04
7631,38.15,38.15,38.250708,0.002347,0,0,-0.2,-10.7,-2.7,1.04,0.18,-0.04
7632,38.155,38.155,38.254675,0.001314,0,0,-0.2,-10.7,-2.3,1.05,0.17,-0.04
7633,38.16,38.160001,38.259672,0.00131,9.99999997475243e-07,0,-0.3,-10.8,-2.3,1.04,0.18,-0.04
7634,38.165,38.165001,38.265433,0.002071,9.99999997475243e-07,0,-0.3,-10.7,-2.2,1.04,0.17,-0.03
7635,38.17,38.170002,38.270973,0.00261,1.99999999495049e-06,0,-0.4,-10.8,-1.7,1.04,0.17,-0.03
7636,38.175,38.175001,38.27481,0.001448,9.99999997475243e-07,0,-0.5,-10.8,-2.7,1.04,0.19,-0.04
7637,38.18,38.18,38.280257,0.001896,0,0,-0.5,-10.9,-2.4,1.04,0.19,-0.04
7638,38.185,38.185001,38.286322,0.00296,9.99999997475243e-07,0,-0.5,-10.8,-2.8,1.04,0.2,-0.04
7639,38.19,38.190001,38.289981,0.00162,1.00000000458067e-06,0,-0.5,-10.8,-2.5,1.04,0.19,-0.04
7640,38.195,38.195001,38.295941,0.002584,9.99999997475243e-07,0,-0.4,-10.7,-2.4,1.04,0.18,-0.03
7641,38.2,38.2,38.299699,0.001338,0,0,-0.3,-10.7,-3.1,1.03,0.18,-0.04
7642,38.205,38.205,38.304759,0.001398,0,0,-0.4,-10.7,-3.3,1.03,0.19,-0.04
7643,38.21,38.21,38.310801,0.002439,0,0,-0.4,-10.6,-3,1.03,0.19,-0.04
7644,38.215,38.215,38.315725,0.002364,0,0,-0.4,-10.7,-3.3,1.03,0.2,-0.04
7645,38.22,38.22,38.319786,0.001425,0,0,-0.5,-10.8,-3.4,1.03,0.2,-0.05
7646,38.225,38.225,38.324904,0.001544,0,0,-0.5,-10.7,-3.7,1.02,0.21,-0.04
7647,38.23,38.230001,38.330793,0.00243,9.99999997475243e-07,0,-0.4,-10.8,-3,1.03,0.19,-0.04
7648,38.235,38.235001,38.334818,0.001456,9.99999997475243e-07,0,-0.5,-10.7,-3.2,1.03,0.19,-0.04
7649,38.24,38.24,38.339788,0.001426,0,0,-0.4,-10.7,-2,1.05,0.17,-0.04
7650,38.245,38.245,38.345752,0.002391,0,0,-0.3,-10.7,-2.2,1.04,0.17,-0.04
7651,38.25,38.25,38.350698,0.002337,0,0,-0.5,-10.7,-3.1,1.04,0.19,-0.05
7652,38.255,38.255,38.354701,0.001339,0,0,-0.5,-10.7,-3.6,1.03,0.2,-0.05
7653,38.26,38.26,38.359911,0.001549,0,0,-0.4,-10.7,-2.9,1.03,0.19,-0.04
7654,38.265,38.265,38.365807,0.002445,0,0,-0.2,-10.7,-3,1.04,0.18,-0.04
7655,38.27,38.27,38.369807,0.001445,0,0,-0.4,-10.7,-2.9,1.04,0.19,-0.04
7656,38.275,38.275001,38.374984,0.001623,1.00000000458067e-06,0,-0.4,-10.6,-3.1,1.04,0.19,-0.04
7657,38.28,38.280001,38.381125,0.002763,9.99999997475243e-07,0,-0.2,-10.7,-2.9,1.04,0.19,-0.04
7658,38.285,38.285006,38.386585,0.003218,5.99999999906231e-06,0,-0.1,-10.8,-2.6,1.04,0.18,-0.04
7659,38.29,38.290003,38.390478,0.002114,2.99999999953116e-06,0,-0.2,-10.7,-3.3,1.03,0.19,-0.04
7660,38.295,38.295,38.39654,0.003181,0,0,-0.3,-10.7,-3.6,1.03,0.19,-0.04
7661,38.3,38.300002,38.400125,0.001763,1.99999999495049e-06,0,-0.5,-10.8,-4.2,1.03,0.21,-0.05
7662,38.305,38.305002,38.406453,0.003092,2.00000000205591e-06,0,-0.4,-10.8,-4,1.03,0.2,-0.05
7663,38.31,38.310002,38.410563,0.0022,1.99999999495049e-06,0,-0.4,-10.8,-3.4,1.03,0.19,-0.05
7664,38.315,38.315001,38.414995,0.001631,1.00000000458067e-06,0,-0.3,-10.8,-3.7,1.03,0.19,-0.05
7665,38.32,38.320001,38.421051,0.002689,9.99999997475243e-07,0,-0.4,-10.7,-3.5,1.03,0.19,-0.05
7666,38.325,38.325001,38.424847,0.001485,9.99999997475243e-07,0,-0.3,-10.8,-2,1.05,0.17,-0.04
7667,38.33,38.330001,38.430101,0.001739,1.00000000458067e-06,0,-0.2,-10.7,-2.3,1.04,0.17,-0.04
7668,38.335,38.335001,38.436171,0.00281,9.99999997475243e-07,0,-0.4,-10.7,-2.1,1.04,0.18,-0.04
7669,38.34,38.340001,38.440027,0.001666,9.99999997475243e-07,0,-0.4,-10.8,-2.4,1.04,0.18,-0.04
7670,38.345,38.345,38.445933,0.002573,0,0,-0.4,-10.7,-2.4,1.04,0.18,-0.04
7671,38.35,38.35,38.450726,0.002364,0,0,-0.4,-10.8,-2.7,1.04,0.19,-0.04
7672,38.355,38.355001,38.454684,0.001322,9.99999997475243e-07,0,-0.5,-10.9,-3.6,1.03,0.2,-0.05
7673,38.36,38.36,38.459828,0.001462,0,0,-0.4,-10.8,-3,1.04,0.19,-0.04
7674,38.365,38.365,38.465818,0.002456,0,0,-0.3,-10.8,-3,1.04,0.19,-0.04
7675,38.37,38.37,38.469813,0.001452,0,0,-0.2,-10.7,-3.1,1.04,0.18,-0.04
7676,38.375,38.375,38.474772,0.001412,0,0,-0.2,-10.6,-3,1.04,0.18,-0.04
7677,38.38,38.38,38.480827,0.002466,0,0,-0.3,-10.7,-2.7,1.04,0.18,-0.04
7678,38.385,38.385,38.484696,0.001335,0,0,-0.4,-10.8,-2.4,1.05,0.18,-0.04
7679,38.39,38.39,38.489755,0.001393,0,0,-0.4,-10.8,-2.5,1.04,0.19,-0.04
7680,38.395,38.395,38.495766,0.002405,0,0,-0.5,-10.9,-2.7,1.04,0.19,-0.04
7681,38.4,38.4,38.499682,0.001321,0,0,-0.4,-10.8,-2,1.04,0.18,-0.04
7682,38.405,38.405,38.504684,0.001322,0,0,-0.4,-10.8,-1.7,1.05,0.18,-0.04
7683,38.41,38.410001,38.510816,0.002454,9.99999997475243e-07,0,-0.5,-10.9,-1.2,1.05,0.18,-0.03
7684,38.415,38.415,38.515759,0.0024,0,0,-0.6,-10.9,-2.8,1.04,0.2,-0.04
7685,38.42,38.42,38.51973,0.001369,0,0,-0.7,-10.9,-3.2,1.04,0.21,-0.04
7686,38.425,38.425001,38.525741,0.002379,9.99999997475243e-07,0,-0.6,-10.9,-3,1.04,0.2,-0.04
7687,38.43,38.43,38.530737,0.002376,0,0,-0.6,-10.8,-3,1.04,0.2,-0.05
7688,38.435,38.435,38.53474,0.001379,0,0,-0.7,-10.9,-2.9,1.04,0.21,-0.04
7689,38.44,38.44,38.540732,0.002371,0,0,-0.7,-10.9,-3.1,1.04,0.21,-0.04
7690,38.445,38.445,38.545696,0.002334,0,0,-0.6,-10.9,-3.1,1.04,0.21,-0.05
7691,38.45,38.45,38.549673,0.001311,0,0,-0.7,-10.9,-3,1.04,0.2,-0.04
7692,38.455,38.455,38.554745,0.001384,0,0,-0.6,-10.8,-3.5,1.03,0.2,-0.04
7693,38.46,38.46,38.560715,0.002353,0,0,-0.5,-10.7,-3,1.03,0.2,-0.04
7694,38.465,38.465,38.564719,0.001358,0,0,-0.5,-10.8,-2.9,1.04,0.2,-0.04
7695,38.47,38.47,38.569708,0.001347,0,0,-0.5,-10.7,-3.1,1.03,0.2,-0.04
7696,38.475,38.475,38.575719,0.002358,0,0,-0.4,-10.7,-2.2,1.04,0.18,-0.04
7697,38.48,38.480001,38.580734,0.002371,9.99999997475243e-07,0,-0.2,-10.7,-2.4,1.04,0.18,-0.04
7698,38.485,38.485001,38.584697,0.001335,9.99999997475243e-07,0,-0.3,-10.7,-2.3,1.04,0.18,-0.04
7699,38.49,38.49,38.590689,0.002328,0,0,-0.2,-10.7,-2,1.03,0.17,-0.04
7700,38.495,38.495,38.595705,0.002344,0,0,-0.5,-10.7,-2.8,1.03,0.19,-0.04
7701,38.5,38.5,38.599707,0.001346,0,0,-0.4,-10.7,-2.8,1.04,0.19,-0.04
7702,38.505,38.505,38.604752,0.001391,0,0,-0.4,-10.7,-3.3,1.04,0.2,-0.04
7703,38.51,38.51,38.610748,0.002386,0,0,-0.4,-10.6,-3.4,1.03,0.19,-0.04
7704,38.515,38.515,38.614711,0.00135,0,0,-0.4,-10.6,-3.6,1.03,0.2,-0.04
7705,38.52,38.52,38.619821,0.00146,0,0,-0.4,-10.6,-3.4,1.03,0.19,-0.04
7706,38.525,38.525,38.625701,0.002339,0,0,-0.4,-10.6,-3.1,1.04,0.19,-0.04
7707,38.53,38.53,38.630699,0.002337,0,0,-0.5,-10.7,-2.8,1.03,0.19,-0.04
7708,38.535,38.535001,38.634684,0.001322,9.99999997475243e-07,0,-0.5,-10.7,-2.6,1.04,0.19,-0.03
7709,38.54,38.54,38.640747,0.002386,0,0,-0.3,-10.7,-2.6,1.03,0.19,-0.04
7710,38.545,38.545001,38.645689,0.002327,9.99999997475243e-07,0,-0.3,-10.8,-2.6,1.03,0.19,-0.03
7711,38.55,38.550001,38.649668,0.001306,9.99999997475243e-07,0,-0.2,-10.6,-2,1.04,0.17,-0.03
7712,38.555,38.555,38.654769,0.001408,0,0,-0.2,-10.7,-2.3,1.03,0.18,-0.03
7713,38.56,38.56,38.660733,0.002372,0,0,-0.3,-10.7,-2.7,1.03,0.19,-0.04
7714,38.565,38.565,38.665725,0.002363,0,0,-0.5,-10.8,-2.8,1.04,0.2,-0.04
7715,38.57,38.57,38.669729,0.001368,0,0,-0.4,-10.9,-2.5,1.04,0.19,-0.04
7716,38.575,38.575,38.675759,0.002397,0,0,-0.4,-10.9,-2.3,1.04,0.19,-0.04
7717,38.58,38.58,38.680713,0.002354,0,0,-0.6,-10.9,-2.4,1.04,0.19,-0.04
7718,38.585,38.585,38.684777,0.001417,0,0,-0.6,-10.8,-2.3,1.04,0.2,-0.04
7719,38.59,38.59,38.68993,0.001569,0,0,-0.7,-10.8,-2.6,1.04,0.21,-0.04
7720,38.595,38.595,38.695748,0.002388,0,0,-0.7,-10.8,-2.3,1.05,0.2,-0.04
7721,38.6,38.6,38.699714,0.001353,0,0,-0.6,-10.8,-2.4,1.05,0.19,-0.04
7722,38.605,38.605001,38.704899,0.001536,9.99999997475243e-07,0,-0.6,-10.7,-2.3,1.04,0.19,-0.04
7723,38.61,38.61,38.710757,0.002395,0,0,-0.5,-10.6,-2.5,1.04,0.19,-0.04
7724,38.615,38.615,38.714729,0.001368,0,0,-0.4,-10.5,-2.9,1.04,0.19,-0.04
7725,38.62,38.62,38.719757,0.001396,0,0,-0.3,-10.6,-1.9,1.04,0.17,-0.03
7726,38.625,38.625,38.725925,0.002563,0,0,-0.4,-10.6,-2.1,1.04,0.18,-0.03
7727,38.63,38.63,38.730776,0.002415,0,0,-0.5,-10.7,-2.5,1.04,0.19,-0.04
7728,38.635,38.635,38.734888,0.001527,0,0,-0.6,-10.8,-2.7,1.04,0.2,-0.04
7729,38.64,38.64,38.739907,0.001545,0,0,-0.4,-10.7,-3.1,1.04,0.2,-0.04
7730,38.645,38.645,38.745787,0.002426,0,0,-0.3,-10.6,-2.4,1.04,0.18,-0.04
7731,38.65,38.65,38.749716,0.001355,0,0,-0.4,-10.7,-3.6,1.03,0.2,-0.05
7732,38.655,38.655,38.754843,0.001481,0,0,-0.4,-10.6,-3.6,1.03,0.2,-0.04
7733,38.66,38.660001,38.760767,0.002404,9.99999997475243e-07,0,-0.5,-10.8,-3.7,1.04,0.2,-0.05
7734,38.665,38.665,38.764709,0.001349,0,0,-0.5,-10.8,-3.9,1.03,0.21,-0.05
7735,38.67,38.67,38.769871,0.00151,0,0,-0.3,-10.7,-2.6,1.04,0.18,-0.04
7736,38.675,38.675001,38.775987,0.002625,9.99999997475243e-07,0,-0.3,-10.7,-2.7,1.04,0.18,-0.04
7737,38.68,38.68,38.779892,0.001531,0,0,-0.2,-10.7,-2.4,1.04,0.18,-0.04
7738,38.685,38.685,38.785146,0.001784,0,0,-0.2,-10.6,-2.9,1.04,0.19,-0.04
7739,38.69,38.69,38.790906,0.002544,0,0,-0.4,-10.7,-2.6,1.04,0.19,-0.04
7740,38.695,38.695,38.794704,0.001343,0,0,-0.4,-10.7,-2.5,1.04,0.18,-0.04
7741,38.7,38.7,38.799857,0.001496,0,0,-0.4,-10.7,-3,1.04,0.19,-0.04
7742,38.705,38.705,38.805812,0.00245,0,0,-0.4,-10.7,-2.9,1.04,0.19,-0.04
7743,38.71,38.71,38.809744,0.001382,0,0,-0.3,-10.6,-3,1.04,0.18,-0.04
7744,38.715,38.715,38.814889,0.001527,0,0,-0.2,-10.7,-2.8,1.04,0.18,-0.04
7745,38.72,38.72,38.820763,0.002402,0,0,-0.3,-10.7,-3.2,1.03,0.19,-0.04
7746,38.725,38.725,38.824682,0.001321,0,0,-0.3,-10.8,-2.6,1.04,0.19,-0.03
7747,38.73,38.730001,38.829938,0.001576,9.99999997475243e-07,0,-0.4,-10.8,-2.4,1.03,0.19,-0.03
7748,38.735,38.735,38.8358,0.002438,0,0,-0.6,-10.8,-3.6,1.03,0.21,-0.04
7749,38.74,38.74,38.840693,0.002332,0,0,-0.5,-10.8,-3.9,1.03,0.21,-0.04
7750,38.745,38.745,38.844902,0.001541,0,0,-0.2,-10.8,-2.6,1.04,0.18,-0.04
7751,38.75,38.75,38.850785,0.002424,0,0,-0.3,-10.7,-2.5,1.04,0.18,-0.04
7752,38.755,38.755,38.855694,0.002333,0,0,-0.2,-10.8,-2.5,1.04,0.17,-0.04
7753,38.76,38.76,38.860008,0.001647,0,0,-0.2,-10.8,-2.4,1.04,0.18,-0.04
7754,38.765,38.765,38.865835,0.002474,0,0,-0.4,-10.8,-2.5,1.04,0.19,-0.04
7755,38.77,38.77,38.869694,0.001333,0,0,-0.4,-10.8,-2.7,1.04,0.19,-0.04
7756,38.775,38.775,38.87477,0.001409,0,0,-0.4,-10.8,-2.6,1.04,0.19,-0.04
7757,38.78,38.78,38.880795,0.002434,0,0,-0.4,-10.8,-2.7,1.04,0.19,-0.04
7758,38.785,38.785001,38.884688,0.001326,9.99999997475243e-07,0,-0.2,-10.7,-2,1.05,0.17,-0.04
7759,38.79,38.79,38.889788,0.001427,0,0,-0.4,-10.8,-2.4,1.05,0.19,-0.04
7760,38.795,38.795001,38.895868,0.002506,9.99999997475243e-07,0,-0.3,-10.8,-1.9,1.05,0.19,-0.03
7761,38.8,38.800001,38.899707,0.001345,9.99999997475243e-07,0,-0.3,-10.7,-2.9,1.05,0.19,-0.04
7762,38.805,38.805,38.904744,0.001383,0,0,-0.4,-10.8,-2.9,1.04,0.19,-0.04
7763,38.81,38.81,38.910742,0.00238,0,0,-0.6,-10.8,-3.2,1.03,0.2,-0.04
7764,38.815,38.815,38.91471,0.001349,0,0,-0.6,-10.8,-3.3,1.04,0.2,-0.04
7765,38.82,38.82,38.919724,0.001362,0,0,-0.5,-10.7,-3.4,1.03,0.2,-0.04
7766,38.825,38.825,38.925813,0.002451,0,0,-0.4,-10.8,-2.3,1.04,0.19,-0.04
7767,38.83,38.83,38.929707,0.001346,0,0,-0.4,-10.9,-2.6,1.04,0.19,-0.04
7768,38.835,38.835,38.934752,0.00139,0,0,-0.2,-10.8,-2.3,1.04,0.18,-0.04
7769,38.84,38.84,38.94079,0.002429,0,0,-0.2,-10.8,-2.3,1.05,0.18,-0.04
7770,38.845,38.845,38.944692,0.001331,0,0,-0.3,-10.8,-1.7,1.05,0.18,-0.03
7771,38.85,38.85,38.949726,0.001365,0,0,-0.4,-10.7,-1.8,1.05,0.17,-0.03
7772,38.855,38.855001,38.955799,0.002436,9.99999997475243e-07,0,-0.3,-10.8,-2,1.05,0.18,-0.04
7773,38.86,38.86,38.960738,0.002376,0,0,-0.4,-10.8,-2.4,1.04,0.19,-0.04
7774,38.865,38.865,38.964977,0.001616,0,0,-0.4,-10.7,-2.4,1.04,0.19,-0.04
7775,38.87,38.87,38.969905,0.001543,0,0,-0.3,-10.7,-2.8,1.04,0.18,-0.04
7776,38.875,38.875,38.975718,0.002357,0,0,-0.2,-10.6,-2.5,1.04,0.17,-0.04
7777,38.88,38.88,38.979792,0.001431,0,0,-0.3,-10.8,-3.1,1.03,0.19,-0.04
7778,38.885,38.885,38.984801,0.00144,0,0,-0.4,-10.7,-2.7,1.04,0.19,-0.04
7779,38.89,38.89,38.991088,0.002728,0,0,-0.4,-10.7,-3,1.03,0.2,-0.04
7780,38.895,38.895001,38.996219,0.002859,9.99999997475243e-07,0,-0.4,-10.7,-3,1.04,0.19,-0.04
7781,38.9,38.900001,39.000248,0.001887,1.00000000458067e-06,0,-0.3,-10.7,-2.5,1.04,0.19,-0.03
7782,38.905,38.905001,39.005375,0.002014,9.99999997475243e-07,0,-0.2,-10.7,-1.9,1.04,0.17,-0.03
7783,38.91,38.910003,39.011312,0.002948,2.99999999953116e-06,0,-0.3,-10.7,-2.7,1.03,0.18,-0.04
7784,38.915,38.915002,39.015288,0.001927,2.00000000205591e-06,0,-0.4,-10.8,-3,1.03,0.19,-0.04
7785,38.92,38.920001,39.019961,0.0016,9.99999997475243e-07,0,-0.2,-10.7,-2.5,1.04,0.18,-0.04
7786,38.925,38.925002,39.025823,0.00246,1.99999999495049e-06,0,-0.5,-10.8,-2.5,1.03,0.19,-0.04
7787,38.93,38.93,39.029794,0.001432,0,0,-0.5,-10.8,-3,1.04,0.19,-0.04
7788,38.935,38.935001,39.034899,0.001538,9.99999997475243e-07,0,-0.5,-10.8,-2.8,1.04,0.19,-0.04
7789,38.94,38.940064,39.040904,0.002476,6.40000000018404e-05,0,-0.6,-10.8,-3.5,1.04,0.2,-0.04
7790,38.945,38.945,39.04585,0.00249,0,0,-0.6,-10.9,-3.8,1.04,0.21,-0.05
7791,38.95,38.95,39.049815,0.001454,0,0,-0.6,-10.8,-3,1.04,0.19,-0.04
7792,38.955,38.955,39.055784,0.002422,0,0,-0.3,-10.8,-2.9,1.04,0.18,-0.04
7793,38.96,38.96,39.060709,0.002348,0,0,-0.4,-10.7,-3.2,1.04,0.18,-0.04
7794,38.965,38.965,39.064794,0.001432,0,0,-0.4,-10.7,-2.6,1.04,0.18,-0.04
7795,38.97,38.97,39.070733,0.002372,0,0,-0.4,-10.8,-2.5,1.05,0.18,-0.04
7796,38.975,38.975,39.075701,0.00234,0,0,-0.3,-10.8,-2.6,1.04,0.18,-0.04
7797,38.98,38.980001,39.0801,0.001738,9.99999997475243e-07,0,-0.3,-10.7,-2.4,1.04,0.18,-0.04
7798,38.985,38.985,39.084948,0.001587,0,0,-0.3,-10.6,-2.3,1.04,0.17,-0.04
7799,38.99,38.99,39.090753,0.002392,0,0,-0.3,-10.6,-2.7,1.04,0.18,-0.04
7800,38.995,38.995,39.094678,0.001317,0,0,-0.2,-10.7,-2.6,1.04,0.18,-0.04
7801,39,39,39.099989,0.001627,0,0,-0.2,-10.7,-2,1.04,0.17,-0.04
7802,39.005,39.005,39.105722,0.002361,0,0,-0.2,-10.7,-2,1.05,0.18,-0.04
7803,39.01,39.01,39.109681,0.001319,0,0,-0.3,-10.7,-1.9,1.04,0.18,-0.03
7804,39.015,39.015,39.114934,0.001573,0,0,-0.5,-10.7,-2.3,1.05,0.18,-0.04
7805,39.02,39.02,39.120746,0.002384,0,0,-0.5,-10.8,-1.7,1.05,0.17,-0.04
7806,39.025,39.025,39.124692,0.001331,0,0,-0.4,-10.8,-1.4,1.06,0.16,-0.04
7807,39.03,39.03,39.129813,0.001452,0,0,-0.5,-10.8,-1.9,1.05,0.18,-0.04
7808,39.035,39.035001,39.135715,0.002352,9.99999997475243e-07,0,-0.6,-10.9,-2.1,1.04,0.19,-0.03
7809,39.04,39.04,39.139684,0.001322,0,0,-0.5,-10.8,-1.5,1.05,0.18,-0.03
7810,39.045,39.045,39.144693,0.001331,0,0,-0.4,-10.7,-1.4,1.05,0.17,-0.03
7811,39.05,39.050001,39.150759,0.002396,9.99999997475243e-07,0,-0.5,-10.7,-2.1,1.05,0.19,-0.04
7812,39.055,39.055,39.154769,0.001409,0,0,-0.4,-10.8,-1.7,1.05,0.18,-0.03
7813,39.06,39.060001,39.159836,0.001474,9.99999997475243e-07,0,-0.2,-10.8,-2.2,1.04,0.18,-0.04
7814,39.065,39.065001,39.165838,0.002476,1.00000000458067e-06,0,-0.2,-10.7,-1.9,1.04,0.17,-0.03
7815,39.07,39.07,39.170788,0.002426,0,0,-0.2,-10.7,-2.4,1.04,0.18,-0.04
7816,39.075,39.075,39.1747,0.00134,0,0,-0.1,-10.7,-1.9,1.04,0.17,-0.03
7817,39.08,39.08,39.180755,0.002393,0,0,-0.4,-10.8,-1.7,1.05,0.17,-0.03
7818,39.085,39.085,39.184695,0.001334,0,0,-0.3,-10.7,-2.2,1.04,0.18,-0.03
7819,39.09,39.09,39.189719,0.001358,0,0,-0.2,-10.8,-2.1,1.04,0.18,-0.04
7820,39.095,39.095,39.195716,0.002355,0,0,-0.3,-10.8,-2.8,1.04,0.19,-0.04
7821,39.1,39.1,39.200711,0.00235,0,0,-0.4,-10.7,-2.6,1.04,0.18,-0.04
7822,39.105,39.105001,39.204798,0.001435,9.99999997475243e-07,0,-0.3,-10.8,-1.9,1.05,0.17,-0.04
7823,39.11,39.11,39.210756,0.002395,0,0,-0.4,-10.7,-2,1.04,0.18,-0.04
7824,39.115,39.115,39.215779,0.002418,0,0,-0.5,-10.6,-2.4,1.04,0.19,-0.04
7825,39.12,39.12,39.219685,0.001324,0,0,-0.5,-10.7,-3.2,1.04,0.2,-0.05
7826,39.125,39.125,39.225754,0.002393,0,0,-0.1,-10.6,-3.2,1.04,0.18,-0.05
7827,39.13,39.13,39.230725,0.002363,0,0,-0.1,-10.7,-2.5,1.04,0.17,-0.04
7828,39.135,39.135,39.234838,0.001477,0,0,-0.3,-10.7,-2.3,1.04,0.18,-0.04
7829,39.14,39.14,39.240767,0.002407,0,0,-0.2,-10.7,-2.1,1.04,0.17,-0.04
7830,39.145,39.145,39.245758,0.002397,0,0,-0.1,-10.7,-2.4,1.04,0.17,-0.04
7831,39.15,39.15,39.24976,0.001398,0,0,-0.1,-10.7,-2.3,1.05,0.17,-0.04
7832,39.155,39.155,39.255778,0.002417,0,0,-0.2,-10.8,-2.6,1.05,0.18,-0.04
7833,39.16,39.160001,39.260765,0.002403,9.99999997475243e-07,0,-0.2,-10.8,-2.8,1.04,0.18,-0.04
7834,39.165,39.165,39.264781,0.001419,0,0,-0.4,-10.6,-2,1.04,0.18,-0.04
7835,39.17,39.17,39.270786,0.002424,0,0,-0.2,-10.6,-1.7,1.05,0.16,-0.04
7836,39.175,39.175001,39.275725,0.002363,9.99999997475243e-07,0,-0.3,-10.8,-2.2,1.04,0.18,-0.04
7837,39.18,39.18,39.279703,0.001342,0,0,-0.3,-10.8,-2.3,1.04,0.17,-0.04
7838,39.185,39.185,39.284802,0.001441,0,0,-0.3,-10.7,-2.8,1.04,0.18,-0.04
7839,39.19,39.19,39.290786,0.002425,0,0,-0.5,-10.7,-2.9,1.04,0.19,-0.04
7840,39.195,39.195,39.294697,0.001336,0,0,-0.4,-10.6,-3.1,1.03,0.19,-0.04
7841,39.2,39.2,39.29981,0.001448,0,0,-0.3,-10.6,-3.2,1.03,0.18,-0.04
7842,39.205,39.205,39.305751,0.002389,0,0,-0.4,-10.8,-3.1,1.03,0.19,-0.04
7843,39.21,39.21,39.309684,0.001323,0,0,-0.4,-10.7,-2.7,1.04,0.19,-0.04
7844,39.215,39.215,39.31485,0.001488,0,0,-0.4,-10.7,-2.6,1.04,0.19,-0.04
7845,39.22,39.22,39.320868,0.002506,0,0,-0.4,-10.7,-3,1.04,0.18,-0.04
7846,39.225,39.225001,39.324796,0.001434,9.99999997475243e-07,0,-0.4,-10.7,-2.7,1.04,0.18,-0.04
7847,39.23,39.230001,39.329826,0.001464,9.99999997475243e-07,0,-0.4,-10.6,-2.7,1.04,0.18,-0.04
7848,39.235,39.235,39.335717,0.002356,0,0,-0.4,-10.7,-2.4,1.04,0.18,-0.04
7849,39.24,39.24,39.340712,0.002351,0,0,-0.4,-10.7,-3.6,1.03,0.21,-0.04
7850,39.245,39.245,39.344716,0.001354,0,0,-0.6,-10.8,-3.4,1.03,0.21,-0.04
7851,39.25,39.25,39.349847,0.001485,0,0,-0.7,-10.8,-3.3,1.03,0.21,-0.04
7852,39.255,39.255,39.355756,0.002395,0,0,-0.6,-10.7,-2.8,1.04,0.2,-0.04
7853,39.26,39.26,39.359687,0.001325,0,0,-0.4,-10.7,-2.8,1.04,0.19,-0.05
7854,39.265,39.265,39.364801,0.001439,0,0,-0.4,-10.7,-2.5,1.05,0.19,-0.04
7855,39.27,39.27,39.370768,0.002407,0,0,-0.5,-10.8,-2.1,1.05,0.19,-0.04
7856,39.275,39.275,39.375683,0.002322,0,0,-0.4,-10.7,-2,1.04,0.18,-0.04
7857,39.28,39.28,39.379754,0.001393,0,0,-0.4,-10.6,-2.2,1.04,0.19,-0.03
7858,39.285,39.285001,39.385714,0.002352,9.99999997475243e-07,0,-0.4,-10.7,-2.5,1.04,0.19,-0.04
7859,39.29,39.29,39.39077,0.002409,0,0,-0.4,-10.8,-2.6,1.04,0.19,-0.04
7860,39.295,39.295,39.394691,0.00133,0,0,-0.4,-10.7,-2.3,1.04,0.19,-0.04
7861,39.3,39.300001,39.399781,0.001418,9.99999997475243e-07,0,-0.4,-10.7,-2.9,1.04,0.2,-0.04
7862,39.305,39.305,39.405754,0.002392,0,0,-0.5,-10.7,-2.5,1.05,0.2,-0.04
7863,39.31,39.31,39.409688,0.001327,0,0,-0.3,-10.7,-2.5,1.04,0.19,-0.04
7864,39.315,39.315,39.414755,0.001393,0,0,-0.2,-10.6,-2.6,1.04,0.18,-0.04
7865,39.32,39.32,39.420763,0.002401,0,0,-0.3,-10.8,-2.4,1.04,0.19,-0.04
7866,39.325,39.325,39.424692,0.001331,0,0,-0.3,-10.8,-1.7,1.05,0.17,-0.04
7867,39.33,39.33,39.429791,0.001429,0,0,-0.3,-10.8,-2.5,1.05,0.18,-0.04
7868,39.335,39.335,39.435704,0.002342,0,0,-0.4,-10.8,-2.3,1.05,0.18,-0.04
7869,39.34,39.34,39.440702,0.002341,0,0,-0.3,-10.7,-2.5,1.04,0.19,-0.04
7870,39.345,39.345,39.444687,0.001326,0,0,-0.2,-10.6,-1.7,1.05,0.17,-0.04
7871,39.35,39.35,39.449961,0.001599,0,0,-0.3,-10.8,-2.2,1.04,0.18,-0.04
7872,39.355,39.355001,39.455829,0.002466,9.99999997475243e-07,0,-0.3,-10.8,-2,1.04,0.18,-0.04
7873,39.36,39.36,39.459688,0.001327,0,0,-0.1,-10.7,-2.8,1.04,0.17,-0.04
7874,39.365,39.365,39.46478,0.001419,0,0,-0.4,-10.8,-2.4,1.04,0.18,-0.04
7875,39.37,39.37,39.470716,0.002355,0,0,-0.4,-10.7,-2,1.04,0.18,-0.03
7876,39.375,39.375,39.474704,0.001342,0,0,-0.3,-10.7,-2.5,1.03,0.18,-0.04
7877,39.38,39.38,39.479778,0.001417,0,0,-0.4,-10.7,-2.3,1.04,0.18,-0.03
7878,39.385,39.385,39.485713,0.002352,0,0,-0.4,-10.8,-2.4,1.04,0.19,-0.04
7879,39.39,39.39,39.489705,0.001344,0,0,-0.3,-10.8,-1.8,1.05,0.18,-0.03
7880,39.395,39.395,39.494695,0.001334,0,0,-0.3,-10.8,-2.3,1.04,0.19,-0.04
7881,39.4,39.4,39.500693,0.002332,0,0,-0.3,-10.7,-2,1.05,0.18,-0.04
7882,39.405,39.405,39.505737,0.002376,0,0,-0.5,-10.7,-2.6,1.04,0.18,-0.04
7883,39.41,39.410001,39.509699,0.001336,9.99999997475243e-07,0,-0.4,-10.7,-2.4,1.04,0.19,-0.04
7884,39.415,39.415,39.514886,0.001524,0,0,-0.4,-10.7,-2.6,1.04,0.19,-0.04
7885,39.42,39.42,39.520718,0.002357,0,0,-0.3,-10.7,-3.2,1.03,0.19,-0.04
7886,39.425,39.425001,39.524714,0.001352,9.99999997475243e-07,0,-0.3,-10.6,-3.1,1.04,0.19,-0.04
7887,39.43,39.43,39.529835,0.001474,0,0,-0.4,-10.7,-3.3,1.04,0.19,-0.04
7888,39.435,39.435,39.53579,0.002428,0,0,-0.3,-10.6,-3.3,1.04,0.19,-0.04
7889,39.44,39.44,39.539728,0.001367,0,0,-0.3,-10.6,-3,1.04,0.18,-0.04
7890,39.445,39.445,39.544715,0.001354,0,0,-0.3,-10.7,-2.8,1.04,0.18,-0.04
7891,39.45,39.45,39.550705,0.002344,0,0,-0.2,-10.7,-2,1.04,0.17,-0.03
7892,39.455,39.455,39.555685,0.002324,0,0,-0.2,-10.7,-1.8,1.04,0.16,-0.03
7893,39.46,39.46,39.559864,0.001503,0,0,-0.3,-10.7,-2.3,1.04,0.18,-0.04
7894,39.465,39.465,39.564909,0.001548,0,0,-0.4,-10.7,-2.5,1.04,0.18,-0.04
7895,39.47,39.47,39.570699,0.002338,0,0,-0.6,-10.7,-3,1.03,0.2,-0.04
7896,39.475,39.475,39.574663,0.001302,0,0,-0.6,-10.8,-2.8,1.04,0.2,-0.04
7897,39.48,39.480001,39.579766,0.001404,9.99999997475243e-07,0,-0.5,-10.8,-2.9,1.04,0.19,-0.04
7898,39.485,39.485,39.585831,0.002471,0,0,-0.6,-10.8,-3.5,1.03,0.21,-0.05
7899,39.49,39.49,39.589693,0.001332,0,0,-0.5,-10.7,-3,1.03,0.19,-0.05
7900,39.495,39.495,39.59471,0.001349,0,0,-0.4,-10.7,-3.1,1.03,0.19,-0.04
7901,39.5,39.5,39.600683,0.002321,0,0,-0.4,-10.8,-3,1.04,0.2,-0.04
7902,39.505,39.505,39.604783,0.001423,0,0,-0.4,-10.7,-3,1.03,0.19,-0.04
7903,39.51,39.51,39.609885,0.001523,0,0,-0.3,-10.7,-2.8,1.03,0.18,-0.04
7904,39.515,39.515,39.61575,0.002389,0,0,-0.5,-10.7,-3.1,1.03,0.19,-0.05
7905,39.52,39.52,39.620805,0.002443,0,0,-0.4,-10.7,-3.3,1.03,0.19,-0.05
7906,39.525,39.525,39.624747,0.001386,0,0,-0.4,-10.7,-2.4,1.04,0.17,-0.04
7907,39.53,39.53,39.629815,0.001454,0,0,-0.5,-10.8,-2.4,1.05,0.18,-0.04
7908,39.535,39.535001,39.635708,0.002346,9.99999997475243e-07,0,-0.2,-10.8,-2.3,1.04,0.17,-0.04
7909,39.54,39.54,39.6397,0.001339,0,0,-0.3,-10.9,-2.3,1.04,0.17,-0.04
7910,39.545,39.545,39.644689,0.001328,0,0,-0.2,-10.8,-2.5,1.04,0.18,-0.04
7911,39.55,39.550001,39.650735,0.002372,9.99999997475243e-07,0,-0.1,-10.7,-2.2,1.04,0.17,-0.04
7912,39.555,39.555,39.654685,0.001324,0,0,-0.3,-10.7,-2.2,1.04,0.17,-0.04
7913,39.56,39.56,39.659681,0.00132,0,0,-0.4,-10.7,-2.7,1.04,0.18,-0.04
7914,39.565,39.565,39.665719,0.002358,0,0,-0.5,-10.7,-2.3,1.04,0.18,-0.04
7915,39.57,39.57,39.670685,0.002324,0,0,-0.2,-10.7,-2.2,1.04,0.17,-0.04
7916,39.575,39.575,39.674675,0.001313,0,0,-0.3,-10.8,-1.8,1.04,0.17,-0.04
7917,39.58,39.58,39.680704,0.002343,0,0,-0.3,-10.8,-2,1.04,0.17,-0.04
7918,39.585,39.585,39.685694,0.002333,0,0,-0.2,-10.7,-1.7,1.04,0.17,-0.03
7919,39.59,39.59,39.689734,0.001374,0,0,-0.3,-10.9,-1.7,1.04,0.17,-0.03
7920,39.595,39.595,39.694741,0.00138,0,0,-0.3,-10.9,-1.6,1.05,0.17,-0.03
7921,39.6,39.6,39.700709,0.002349,0,0,-0.3,-10.9,-2,1.05,0.17,-0.03
7922,39.605,39.605001,39.70472,0.001358,9.99999997475243e-07,0,-0.3,-10.8,-1.9,1.05,0.17,-0.03
7923,39.61,39.61,39.709681,0.00132,0,0,-0.3,-10.8,-2,1.04,0.17,-0.03
7924,39.615,39.615,39.7159,0.002538,0,0,-0.3,-10.7,-2.5,1.04,0.18,-0.04
7925,39.62,39.62,39.719774,0.001413,0,0,-0.3,-10.6,-2.8,1.03,0.18,-0.04
7926,39.625,39.625,39.724723,0.001362,0,0,-0.4,-10.7,-1.9,1.05,0.18,-0.03
7927,39.63,39.63,39.730753,0.002392,0,0,-0.5,-10.8,-1.8,1.05,0.18,-0.03
7928,39.635,39.635,39.735701,0.00234,0,0,-0.4,-10.8,-2.3,1.04,0.19,-0.04
7929,39.64,39.64,39.739678,0.001317,0,0,-0.5,-10.8,-2.6,1.04,0.19,-0.04
7930,39.645,39.645,39.745724,0.002363,0,0,-0.3,-10.7,-2.1,1.05,0.17,-0.03
7931,39.65,39.65,39.750738,0.002377,0,0,-0.3,-10.7,-2,1.05,0.18,-0.03
7932,39.655,39.655,39.754765,0.001404,0,0,-0.3,-10.7,-2.4,1.04,0.18,-0.04
7933,39.66,39.660001,39.759885,0.001522,9.99999997475243e-07,0,-0.3,-10.7,-3,1.04,0.19,-0.04
7934,39.665,39.665,39.765703,0.002342,0,0,-0.4,-10.8,-2.8,1.04,0.19,-0.04
7935,39.67,39.67,39.769704,0.001343,0,0,-0.4,-10.8,-2.2,1.04,0.19,-0.04
7936,39.675,39.675001,39.774707,0.001345,9.99999997475243e-07,0,-0.3,-10.7,-2.7,1.03,0.18,-0.04
7937,39.68,39.68,39.780722,0.00236,0,0,-0.2,-10.7,-2.6,1.03,0.18,-0.04
7938,39.685,39.685,39.784674,0.001313,0,0,-0.3,-10.6,-2.7,1.04,0.19,-0.04
7939,39.69,39.69,39.789683,0.001322,0,0,-0.2,-10.7,-2.1,1.04,0.18,-0.04
7940,39.695,39.695,39.79578,0.002419,0,0,-0.4,-10.8,-2.3,1.05,0.19,-0.04
7941,39.7,39.7,39.800703,0.002343,0,0,-0.3,-10.7,-2.1,1.05,0.17,-0.04
7942,39.705,39.705,39.804719,0.001357,0,0,-0.3,-10.7,-2.2,1.05,0.18,-0.04
7943,39.71,39.71,39.809822,0.001461,0,0,-0.3,-10.7,-1.9,1.04,0.18,-0.04
7944,39.715,39.715,39.815733,0.002371,0,0,-0.4,-10.7,-1.8,1.04,0.18,-0.04
7945,39.72,39.72,39.820868,0.002506,0,0,-0.3,-10.7,-1.7,1.05,0.17,-0.03
7946,39.725,39.725,39.824746,0.001384,0,0,-0.4,-10.7,-1.6,1.05,0.17,-0.04
7947,39.73,39.730001,39.830786,0.002424,9.99999997475243e-07,0,-0.4,-10.6,-2.2,1.04,0.17,-0.04
7948,39.735,39.735,39.835714,0.002353,0,0,-0.3,-10.7,-3.2,1.04,0.19,-0.04
7949,39.74,39.74,39.839727,0.001367,0,0,-0.2,-10.7,-2.9,1.04,0.18,-0.04
7950,39.745,39.745,39.844775,0.001414,0,0,-0.4,-10.7,-2.6,1.03,0.19,-0.04
7951,39.75,39.75,39.850735,0.002373,0,0,-0.4,-10.7,-2.9,1.04,0.19,-0.04
7952,39.755,39.755,39.854699,0.001338,0,0,-0.4,-10.7,-2.6,1.04,0.18,-0.04
7953,39.76,39.76,39.859751,0.00139,0,0,-0.5,-10.7,-2.4,1.05,0.18,-0.04
7954,39.765,39.765,39.865767,0.002405,0,0,-0.6,-10.7,-2.7,1.05,0.2,-0.04
7955,39.77,39.77,39.869691,0.00133,0,0,-0.6,-10.8,-2.5,1.05,0.2,-0.04
7956,39.775,39.775,39.874696,0.001335,0,0,-0.5,-10.8,-2,1.05,0.19,-0.04
7957,39.78,39.78,39.880715,0.002354,0,0,-0.3,-10.8,-1.8,1.05,0.18,-0.04
7958,39.785,39.785001,39.885693,0.002331,9.99999997475243e-07,0,-0.3,-10.7,-2.2,1.05,0.18,-0.04
7959,39.79,39.79,39.889684,0.001323,0,0,-0.1,-10.7,-2.2,1.04,0.17,-0.04
7960,39.795,39.795,39.895747,0.002385,0,0,-0.3,-10.7,-2.5,1.04,0.18,-0.04
7961,39.8,39.800001,39.900718,0.002356,9.99999997475243e-07,0,-0.3,-10.7,-3,1.04,0.18,-0.04
7962,39.805,39.805,39.904683,0.001322,0,0,-0.3,-10.8,-3.5,1.03,0.2,-0.05
7963,39.81,39.81,39.90997,0.001608,0,0,-0.3,-10.8,-3.3,1.04,0.19,-0.05
7964,39.815,39.815,39.915773,0.002412,0,0,-0.4,-10.7,-2.4,1.04,0.18,-0.04
7965,39.82,39.82,39.91969,0.001328,0,0,-0.3,-10.7,-2.7,1.04,0.19,-0.04
7966,39.825,39.825,39.924704,0.001343,0,0,-0.5,-10.8,-2.7,1.04,0.19,-0.04
7967,39.83,39.83,39.930741,0.002379,0,0,-0.2,-10.7,-2.4,1.04,0.17,-0.04
7968,39.835,39.835,39.935748,0.002388,0,0,-0.3,-10.7,-2.8,1.04,0.18,-0.04
7969,39.84,39.84,39.93973,0.001369,0,0,-0.4,-10.8,-3.1,1.04,0.2,-0.04
7970,39.845,39.845,39.945777,0.002416,0,0,-0.2,-10.9,-2.6,1.03,0.18,-0.04
7971,39.85,39.85,39.950721,0.00236,0,0,-0.3,-10.8,-3,1.04,0.19,-0.04
7972,39.855,39.855001,39.954677,0.001315,9.99999997475243e-07,0,-0.3,-10.6,-2.9,1.04,0.19,-0.04
7973,39.86,39.86,39.959886,0.001525,0,0,-0.3,-10.5,-2.7,1.04,0.17,-0.04
7974,39.865,39.865,39.965761,0.002399,0,0,-0.4,-10.6,-2.4,1.04,0.17,-0.04
7975,39.87,39.87,39.96977,0.001409,0,0,-0.4,-10.6,-2.2,1.04,0.17,-0.04
7976,39.875,39.875,39.97484,0.001479,0,0,-0.5,-10.8,-2.9,1.03,0.2,-0.04
7977,39.88,39.88,39.980707,0.002346,0,0,-0.5,-10.7,-2.9,1.03,0.2,-0.04
7978,39.885,39.885,39.984741,0.00138,0,0,-0.4,-10.8,-2.7,1.03,0.19,-0.04
7979,39.89,39.89,39.989843,0.001482,0,0,-0.4,-10.7,-2.8,1.03,0.19,-0.04
7980,39.895,39.895,39.995717,0.002355,0,0,-0.5,-10.8,-3.2,1.03,0.2,-0.04
7981,39.9,39.9,40.0007,0.002339,0,0,-0.5,-10.8,-2.5,1.04,0.19,-0.03
7982,39.905,39.905,40.004687,0.001326,0,0,-0.4,-10.8,-2.6,1.04,0.19,-0.04
7983,39.91,39.910001,40.010725,0.002363,9.99999997475243e-07,0,-0.5,-10.8,-2.4,1.04,0.2,-0.04
7984,39.915,39.915,40.015705,0.002344,0,0,-0.6,-10.9,-3.2,1.04,0.21,-0.05
7985,39.92,39.92,40.019784,0.001423,0,0,-0.5,-10.8,-3,1.04,0.2,-0.04
7986,39.925,39.925001,40.024777,0.001415,9.99999997475243e-07,0,-0.4,-10.8,-2.2,1.04,0.19,-0.04
7987,39.93,39.93,40.030857,0.002497,0,0,-0.5,-10.8,-2.5,1.03,0.2,-0.04
7988,39.935,39.935,40.034715,0.001354,0,0,-0.4,-10.8,-2.5,1.04,0.18,-0.04
7989,39.94,39.94,40.039804,0.001443,0,0,-0.5,-10.9,-2.3,1.04,0.19,-0.03
7990,39.945,39.945,40.045788,0.002426,0,0,-0.4,-10.8,-2.3,1.04,0.18,-0.03
7991,39.95,39.95,40.049689,0.001328,0,0,-0.6,-10.9,-2.4,1.04,0.2,-0.03
7992,39.955,39.955,40.055007,0.001646,0,0,-0.6,-10.8,-2.4,1.04,0.2,-0.04
7993,39.96,39.96,40.060771,0.002409,0,0,-0.6,-10.8,-3.1,1.03,0.2,-0.04
7994,39.965,39.965,40.064761,0.0014,0,0,-0.6,-10.7,-3.4,1.03,0.21,-0.04
7995,39.97,39.97,40.069794,0.001433,0,0,-0.7,-10.7,-3.1,1.04,0.2,-0.04
7996,39.975,39.975,40.074855,0.001493,0,0,-0.6,-10.8,-3.1,1.04,0.2,-0.04
7997,39.98,39.980001,40.080727,0.002365,9.99999997475243e-07,0,-0.5,-10.8,-2.9,1.04,0.2,-0.04
7998,39.985,39.985,40.084818,0.001457,0,0,-0.6,-10.8,-3.6,1.03,0.21,-0.04
7999,39.99,39.99,40.090022,0.001661,0,0,-0.5,-10.9,-3,1.03,0.2,-0.04
8000,39.995,39.995001,40.095941,0.002579,1.00000000458067e-06,0,-0.5,-10.9,-2.5,1.04,0.2,-0.04
8001,40,40,40.099722,0.00136,0,0,-0.5,-10.9,-2.9,1.03,0.2,-0.04
8002,40.005,40.005,40.104773,0.001412,0,0,-0.4,-10.9,-2.4,1.04,0.2,-0.04
8003,40.01,40.01,40.110761,0.002401,0,0,-0.5,-10.8,-1.8,1.04,0.19,-0.03
8004,40.015,40.015,40.115767,0.002405,0,0,-0.5,-10.7,-1.7,1.04,0.18,-0.03
8005,40.02,40.02,40.119691,0.00133,0,0,-0.4,-10.7,-1.6,1.05,0.17,-0.03
8006,40.025,40.025,40.125328,0.001968,0,0,-0.5,-10.7,-1.5,1.05,0.18,-0.03
8007,40.03,40.030001,40.130916,0.002554,9.99999997475243e-07,0,-0.6,-10.8,-2.5,1.05,0.2,-0.04
8008,40.035,40.035001,40.134785,0.001422,9.99999997475243e-07,0,-0.6,-10.9,-3,1.04,0.2,-0.04
8009,40.04,40.04,40.139942,0.00158,0,0,-0.6,-10.8,-2.4,1.04,0.19,-0.03
8010,40.045,40.045,40.145933,0.002572,0,0,-0.6,-10.8,-2.2,1.04,0.19,-0.04
8011,40.05,40.050001,40.149756,0.001393,9.99999997475243e-07,0,-0.5,-10.8,-2,1.04,0.17,-0.04
8012,40.055,40.055,40.154745,0.001384,0,0,-0.4,-10.8,-2.3,1.04,0.18,-0.04
8013,40.06,40.06,40.160757,0.002396,0,0,-0.4,-10.9,-2.6,1.04,0.19,-0.04
8014,40.065,40.065,40.165744,0.002382,0,0,-0.2,-10.8,-3.5,1.03,0.19,-0.05
8015,40.07,40.07,40.169707,0.001345,0,0,-0.3,-10.8,-3.4,1.03,0.19,-0.04
8016,40.075,40.075,40.174705,0.001344,0,0,-0.5,-10.8,-3.2,1.03,0.2,-0.04
8017,40.08,40.08,40.180709,0.002348,0,0,-0.5,-10.8,-3.9,1.02,0.2,-0.04
8018,40.085,40.085,40.184696,0.001336,0,0,-0.4,-10.7,-2.8,1.03,0.19,-0.04
8019,40.09,40.09,40.189713,0.001352,0,0,-0.4,-10.8,-3,1.03,0.19,-0.04
8020,40.095,40.095,40.194731,0.001369,0,0,-0.4,-10.8,-2.7,1.03,0.19,-0.04
8021,40.1,40.1,40.200732,0.002371,0,0,-0.4,-10.8,-2.2,1.04,0.18,-0.04
8022,40.105,40.105001,40.204685,0.001323,9.99999997475243e-07,0,-0.4,-10.7,-2.1,1.04,0.18,-0.04
8023,40.11,40.11,40.209742,0.001381,0,0,-0.4,-10.7,-1.9,1.04,0.18,-0.04
8024,40.115,40.115,40.215684,0.002322,0,0,-0.4,-10.6,-2.4,1.04,0.19,-0.04
8025,40.12,40.12,40.220678,0.002317,0,0,-0.6,-10.8,-2.9,1.03,0.2,-0.05
8026,40.125,40.125,40.224673,0.001311,0,0,-0.5,-10.8,-3.4,1.03,0.21,-0.05
8027,40.13,40.13,40.229843,0.001481,0,0,-0.4,-10.7,-3.6,1.03,0.21,-0.05
8028,40.135,40.135,40.235756,0.002395,0,0,-0.3,-10.7,-3.3,1.03,0.2,-0.05
8029,40.14,40.14,40.240692,0.002331,0,0,-0.4,-10.7,-3,1.03,0.2,-0.04
8030,40.145,40.145,40.245684,0.002322,0,0,-0.4,-10.6,-2.8,1.03,0.2,-0.04
8031,40.15,40.15,40.250708,0.002348,0,0,-0.5,-10.7,-2.9,1.03,0.2,-0.04
8032,40.155,40.155,40.255674,0.002313,0,0,-0.5,-10.7,-2.8,1.03,0.2,-0.04
8033,40.16,40.160001,40.259708,0.001346,9.99999997475243e-07,0,-0.4,-10.6,-3.1,1.03,0.19,-0.04
8034,40.165,40.165,40.26581,0.002448,0,0,-0.4,-10.7,-3,1.03,0.19,-0.04
8035,40.17,40.17,40.269775,0.001415,0,0,-0.3,-10.7,-3.7,1.02,0.2,-0.04
8036,40.175,40.175001,40.274885,0.001522,9.99999997475243e-07,0,-0.3,-10.7,-3.5,1.03,0.19,-0.04
8037,40.18,40.18,40.279874,0.001513,0,0,-0.3,-10.6,-3.8,1.04,0.19,-0.05
8038,40.185,40.185,40.285782,0.002421,0,0,-0.3,-10.7,-3.2,1.04,0.19,-0.04
8039,40.19,40.19,40.289736,0.001374,0,0,-0.3,-10.7,-4,1.03,0.2,-0.04
8040,40.195,40.195001,40.29477,0.001408,9.99999997475243e-07,0,-0.3,-10.7,-3.7,1.03,0.19,-0.05
8041,40.2,40.2,40.300752,0.00239,0,0,-0.4,-10.7,-3.5,1.03,0.2,-0.05
8042,40.205,40.205,40.304687,0.001326,0,0,-0.3,-10.8,-2.9,1.04,0.19,-0.04
8043,40.21,40.21,40.309821,0.00146,0,0,-0.3,-10.8,-2.8,1.04,0.19,-0.04
8044,40.215,40.215002,40.315075,0.001711,1.99999999495049e-06,0,-0.3,-10.8,-3.3,1.04,0.19,-0.04
8045,40.22,40.22,40.321092,0.002731,0,0,-0.3,-10.7,-2.9,1.05,0.18,-0.04
8046,40.225,40.225036,40.326177,0.00278,3.60000000014793e-05,0,-0.5,-10.8,-2.9,1.04,0.19,-0.04
8047,40.23,40.230001,40.32999,0.001628,9.99999997475243e-07,0,-0.4,-10.7,-2.9,1.04,0.19,-0.04
8048,40.235,40.235,40.335921,0.00256,0,0,-0.4,-10.8,-3.3,1.03,0.2,-0.04
8049,40.24,40.24,40.340751,0.002389,0,0,-0.4,-10.9,-3.1,1.03,0.2,-0.04
8050,40.245,40.245,40.344718,0.001357,0,0,-0.4,-10.8,-2.7,1.04,0.19,-0.04
8051,40.25,40.25,40.350785,0.002424,0,0,-0.5,-10.9,-2.8,1.04,0.2,-0.04
8052,40.255,40.255,40.354677,0.001316,0,0,-0.5,-10.8,-2.2,1.04,0.19,-0.04
8053,40.26,40.26,40.359713,0.001352,0,0,-0.3,-10.8,-2.3,1.04,0.18,-0.04
8054,40.265,40.265,40.365794,0.002432,0,0,-0.3,-10.8,-2.5,1.04,0.19,-0.04
8055,40.27,40.27,40.369691,0.00133,0,0,-0.4,-10.9,-2.5,1.05,0.19,-0.04
8056,40.275,40.275,40.374691,0.00133,0,0,-0.2,-10.8,-2.6,1.04,0.18,-0.04
8057,40.28,40.28,40.380747,0.002386,0,0,-0.4,-10.8,-2.5,1.04,0.18,-0.03
8058,40.285,40.285001,40.385719,0.002358,9.99999997475243e-07,0,-0.3,-10.8,-2,1.04,0.17,-0.03
8059,40.29,40.290001,40.389725,0.001363,9.99999997475243e-07,0,-0.3,-10.7,-2,1.04,0.17,-0.03
8060,40.295,40.295,40.395732,0.002371,0,0,-0.3,-10.8,-2.2,1.04,0.18,-0.03
8061,40.3,40.300001,40.400696,0.002334,9.99999997475243e-07,0,-0.4,-10.9,-1.9,1.05,0.18,-0.03
8062,40.305,40.305,40.404709,0.001348,0,0,-0.4,-10.8,-2.2,1.04,0.18,-0.03
8063,40.31,40.31,40.410752,0.00239,0,0,-0.4,-10.8,-3.1,1.03,0.19,-0.03
8064,40.315,40.315,40.41573,0.002369,0,0,-0.4,-10.8,-3.2,1.03,0.19,-0.04
8065,40.32,40.32,40.419747,0.001387,0,0,-0.3,-10.8,-3.1,1.03,0.19,-0.04
8066,40.325,40.325,40.424822,0.001461,0,0,-0.3,-10.7,-2.4,1.04,0.17,-0.04
8067,40.33,40.33,40.430844,0.002482,0,0,-0.4,-10.8,-2.3,1.04,0.18,-0.04
8068,40.335,40.335,40.434712,0.001351,0,0,-0.5,-10.8,-2.4,1.04,0.19,-0.04
8069,40.34,40.34,40.439697,0.001335,0,0,-0.5,-10.8,-2.2,1.04,0.18,-0.04
8070,40.345,40.345,40.445685,0.002324,0,0,-0.5,-10.8,-2.4,1.04,0.18,-0.04
8071,40.35,40.35,40.450693,0.002332,0,0,-0.5,-10.8,-2.8,1.03,0.19,-0.04
8072,40.355,40.355001,40.454827,0.001465,9.99999997475243e-07,0,-0.4,-10.8,-3.4,1.03,0.2,-0.04
8073,40.36,40.36,40.460699,0.002337,0,0,-0.3,-10.7,-2.3,1.04,0.18,-0.04
8074,40.365,40.365,40.465722,0.002361,0,0,-0.3,-10.7,-2.1,1.04,0.18,-0.04
8075,40.37,40.37,40.469721,0.001361,0,0,-0.3,-10.7,-2.2,1.04,0.18,-0.03
8076,40.375,40.375,40.474944,0.001583,0,0,-0.3,-10.7,-2.3,1.04,0.19,-0.03
8077,40.38,40.38,40.480776,0.002414,0,0,-0.4,-10.7,-3.2,1.03,0.2,-0.04
8078,40.385,40.385,40.484711,0.00135,0,0,-0.4,-10.7,-3.5,1.03,0.19,-0.04
8079,40.39,40.39,40.48984,0.001478,0,0,-0.4,-10.8,-3,1.03,0.19,-0.04
8080,40.395,40.395,40.495773,0.002412,0,0,-0.5,-10.9,-3.2,1.04,0.21,-0.04
8081,40.4,40.4,40.49973,0.001369,0,0,-0.5,-10.8,-3.1,1.04,0.2,-0.04
8082,40.405,40.405,40.504854,0.001493,0,0,-0.6,-10.8,-3.2,1.04,0.22,-0.04
8083,40.41,40.410001,40.510706,0.002343,9.99999997475243e-07,0,-0.4,-10.7,-2.9,1.03,0.19,-0.04
8084,40.415,40.415,40.514701,0.00134,0,0,-0.4,-10.7,-2.6,1.03,0.19,-0.03
8085,40.42,40.42,40.519728,0.001367,0,0,-0.3,-10.7,-2.9,1.04,0.18,-0.04
8086,40.425,40.425002,40.524997,0.001633,1.99999999495049e-06,0,-0.4,-10.8,-2.8,1.04,0.18,-0.04
8087,40.43,40.43,40.529761,0.001399,0,0,-0.3,-10.8,-1.9,1.04,0.17,-0.03
8088,40.435,40.435,40.534704,0.001343,0,0,-0.2,-10.8,-1.7,1.04,0.17,-0.03
8089,40.44,40.44,40.540852,0.002491,0,0,-0.4,-10.9,-2.1,1.04,0.18,-0.04
8090,40.445,40.445,40.545775,0.002413,0,0,-0.6,-10.8,-1.9,1.05,0.18,-0.04
8091,40.45,40.45,40.5497,0.001339,0,0,-0.5,-10.8,-2.7,1.04,0.2,-0.04
8092,40.455,40.455,40.555775,0.002415,0,0,-0.5,-10.8,-3.5,1.03,0.2,-0.04
8093,40.46,40.46,40.560684,0.002323,0,0,-0.2,-10.7,-2.9,1.03,0.17,-0.04
8094,40.465,40.465,40.564696,0.001335,0,0,-0.4,-10.7,-3.3,1.03,0.18,-0.04
8095,40.47,40.47,40.569871,0.00151,0,0,-0.5,-10.7,-2.8,1.03,0.19,-0.04
8096,40.475,40.475,40.575728,0.002367,0,0,-0.5,-10.7,-3,1.03,0.19,-0.04
8097,40.48,40.480001,40.57975,0.001388,9.99999997475243e-07,0,-0.5,-10.6,-3.3,1.03,0.19,-0.04
8098,40.485,40.485,40.584828,0.001467,0,0,-0.4,-10.7,-3.5,1.03,0.19,-0.04
8099,40.49,40.49,40.590811,0.00245,0,0,-0.3,-10.7,-3.1,1.03,0.19,-0.04
8100,40.495,40.495,40.595709,0.002348,0,0,-0.4,-10.7,-2.5,1.04,0.18,-0.04
8101,40.5,40.5,40.600705,0.002344,0,0,-0.4,-10.7,-3.1,1.04,0.19,-0.04
8102,40.505,40.505,40.605704,0.002343,0,0,-0.5,-10.8,-2.8,1.04,0.19,-0.04
8103,40.51,40.51,40.610694,0.002333,0,0,-0.4,-10.8,-2.5,1.04,0.18,-0.04
8104,40.515,40.515,40.614697,0.001336,0,0,-0.4,-10.7,-2.9,1.03,0.19,-0.04
8105,40.52,40.52,40.619819,0.001458,0,0,-0.4,-10.7,-3.1,1.03,0.19,-0.04
8106,40.525,40.525,40.625718,0.002357,0,0,-0.6,-10.8,-3.3,1.03,0.21,-0.04
8107,40.53,40.53,40.630701,0.00234,0,0,-0.5,-10.8,-2.5,1.04,0.2,-0.04
8108,40.535,40.535001,40.634984,0.001622,9.99999997475243e-07,0,-0.5,-10.8,-2.4,1.03,0.19,-0.04
8109,40.54,40.54,40.640709,0.002349,0,0,-0.4,-10.7,-2.8,1.04,0.19,-0.05
8110,40.545,40.545,40.644672,0.001311,0,0,-0.5,-10.8,-2.8,1.04,0.19,-0.05
8111,40.55,40.550001,40.649675,0.001313,9.99999997475243e-07,0,-0.4,-10.8,-2.5,1.04,0.18,-0.05
8112,40.555,40.555,40.655804,0.002443,0,0,-0.4,-10.8,-3,1.04,0.19,-0.05
8113,40.56,40.56,40.660685,0.002324,0,0,-0.5,-10.7,-2.7,1.04,0.19,-0.04
8114,40.565,40.565,40.664687,0.001326,0,0,-0.4,-10.7,-3.2,1.04,0.19,-0.05
8115,40.57,40.57,40.669804,0.001443,0,0,-0.3,-10.6,-2.9,1.03,0.19,-0.04
8116,40.575,40.575,40.675736,0.002375,0,0,-0.3,-10.6,-3.3,1.03,0.2,-0.05
8117,40.58,40.58,40.679778,0.001418,0,0,-0.3,-10.7,-3,1.03,0.2,-0.04
8118,40.585,40.585,40.684706,0.001344,0,0,-0.4,-10.8,-2.7,1.03,0.2,-0.04
8119,40.59,40.59,40.690716,0.002355,0,0,-0.3,-10.7,-2.7,1.04,0.19,-0.04
8120,40.595,40.595,40.695688,0.002326,0,0,-0.3,-10.8,-2.2,1.05,0.18,-0.04
8121,40.6,40.6,40.699663,0.001302,0,0,-0.3,-10.7,-2.7,1.04,0.19,-0.04
8122,40.605,40.605001,40.704803,0.00144,9.99999997475243e-07,0,-0.5,-10.8,-3,1.03,0.19,-0.05
8123,40.61,40.61,40.710686,0.002324,0,0,-0.5,-10.8,-2.9,1.03,0.2,-0.04
8124,40.615,40.615,40.714687,0.001326,0,0,-0.4,-10.9,-3,1.03,0.2,-0.04
8125,40.62,40.62,40.719675,0.001314,0,0,-0.3,-10.8,-2.4,1.04,0.18,-0.03
8126,40.625,40.625,40.725687,0.002326,0,0,-0.3,-10.9,-2,1.04,0.18,-0.03
8127,40.63,40.63,40.730782,0.002421,0,0,-0.4,-10.7,-2.1,1.04,0.18,-0.03
8128,40.635,40.635,40.734722,0.001362,0,0,-0.5,-10.8,-2.3,1.04,0.19,-0.04
8129,40.64,40.64,40.740734,0.002374,0,0,-0.6,-10.8,-2.6,1.04,0.19,-0.04
8130,40.645,40.645,40.74573,0.002369,0,0,-0.4,-10.7,-2.6,1.04,0.18,-0.04
8131,40.65,40.65,40.749698,0.001336,0,0,-0.5,-10.7,-3,1.04,0.19,-0.05
8132,40.655,40.655,40.754885,0.001525,0,0,-0.4,-10.7,-2.8,1.04,0.18,-0.05
8133,40.66,40.660001,40.760739,0.002376,9.99999997475243e-07,0,-0.5,-10.7,-3.1,1.03,0.2,-0.04
8134,40.665,40.665,40.7647,0.001339,0,0,-0.6,-10.8,-2.7,1.04,0.2,-0.04
8135,40.67,40.67,40.769738,0.001377,0,0,-0.5,-10.8,-2.6,1.04,0.2,-0.04
8136,40.675,40.675001,40.775716,0.002354,9.99999997475243e-07,0,-0.5,-10.8,-3.2,1.04,0.19,-0.04
8137,40.68,40.68,40.780732,0.00237,0,0,-0.6,-10.8,-3.3,1.04,0.21,-0.04
8138,40.685,40.685,40.784678,0.001317,0,0,-0.5,-10.8,-3,1.04,0.2,-0.04
8139,40.69,40.69,40.790682,0.002322,0,0,-0.5,-10.8,-3.3,1.04,0.2,-0.04
8140,40.695,40.695,40.795668,0.002307,0,0,-0.5,-10.8,-3,1.04,0.19,-0.04
8141,40.7,40.7,40.799647,0.001286,0,0,-0.5,-10.8,-3.6,1.04,0.2,-0.04
8142,40.705,40.705,40.804935,0.001574,0,0,-0.5,-10.8,-3.5,1.04,0.2,-0.05
8143,40.71,40.71,40.810827,0.002465,0,0,-0.6,-10.9,-3.1,1.04,0.2,-0.05
8144,40.715,40.715,40.81469,0.001329,0,0,-0.4,-10.7,-3.1,1.04,0.19,-0.05
8145,40.72,40.720002,40.820019,0.001655,2.00000000205591e-06,0,-0.4,-10.7,-3.2,1.04,0.19,-0.05
8146,40.725,40.725,40.825734,0.002372,0,0,-0.4,-10.8,-2.7,1.04,0.19,-0.04
8147,40.73,40.730001,40.829737,0.001374,9.99999997475243e-07,0,-0.3,-10.7,-2.7,1.04,0.19,-0.04
8148,40.735,40.735001,40.834907,0.001545,9.99999997475243e-07,0,-0.4,-10.8,-2.8,1.04,0.19,-0.04
8149,40.74,40.74,40.841046,0.002684,0,0,-0.3,-10.7,-3.2,1.03,0.19,-0.04
8150,40.745,40.745,40.845953,0.002593,0,0,-0.4,-10.7,-3.1,1.03,0.19,-0.04
8151,40.75,40.750001,40.850107,0.001746,9.99999997475243e-07,0,-0.3,-10.7,-2.8,1.03,0.18,-0.04
8152,40.755,40.755,40.856174,0.002813,0,0,-0.3,-10.7,-2.7,1.03,0.18,-0.04
8153,40.76,40.76,40.859928,0.001567,0,0,-0.4,-10.8,-2.7,1.03,0.19,-0.03
8154,40.765,40.765,40.864962,0.0016,0,0,-0.4,-10.9,-3,1.03,0.19,-0.03
8155,40.77,40.77,40.870801,0.00244,0,0,-0.3,-10.8,-3.9,1.02,0.2,-0.04
8156,40.775,40.775,40.874676,0.001314,0,0,-0.2,-10.8,-3.5,1.03,0.19,-0.04
8157,40.78,40.78,40.879783,0.001422,0,0,-0.5,-10.7,-3.5,1.03,0.2,-0.05
8158,40.785,40.785001,40.885794,0.002432,9.99999997475243e-07,0,-0.4,-10.7,-4,1.03,0.21,-0.05
8159,40.79,40.79,40.889709,0.001349,0,0,-0.5,-10.8,-3.4,1.03,0.2,-0.04
8160,40.795,40.795001,40.894851,0.00149,9.99999997475243e-07,0,-0.6,-10.8,-3.3,1.04,0.2,-0.05
8161,40.8,40.800001,40.900926,0.002563,9.99999997475243e-07,0,-0.5,-10.8,-3.1,1.03,0.19,-0.04
8162,40.805,40.805,40.905738,0.002377,0,0,-0.5,-10.8,-3.5,1.03,0.2,-0.05
8163,40.81,40.81,40.909688,0.001327,0,0,-0.4,-10.7,-2.7,1.04,0.19,-0.04
8164,40.815,40.815,40.914862,0.0015,0,0,-0.5,-10.8,-3.1,1.04,0.19,-0.05
8165,40.82,40.82,40.920703,0.002342,0,0,-0.2,-10.8,-3,1.03,0.18,-0.04
8166,40.825,40.825,40.924689,0.001328,0,0,-0.2,-10.7,-3.2,1.03,0.19,-0.04
8167,40.83,40.83,40.92973,0.001369,0,0,-0.3,-10.6,-2.9,1.03,0.19,-0.04
8168,40.835,40.835,40.9357,0.002339,0,0,-0.3,-10.6,-2.5,1.03,0.18,-0.04
8169,40.84,40.84,40.939684,0.001323,0,0,-0.3,-10.6,-2.4,1.04,0.18,-0.04
8170,40.845,40.845,40.944709,0.001348,0,0,-0.3,-10.7,-2.3,1.04,0.18,-0.04
8171,40.85,40.85,40.950722,0.002361,0,0,-0.2,-10.7,-2.5,1.03,0.18,-0.04
8172,40.855,40.855001,40.955707,0.002345,9.99999997475243e-07,0,-0.2,-10.6,-2.6,1.04,0.18,-0.04
8173,40.86,40.86,40.959676,0.001314,0,0,-0.4,-10.8,-2.5,1.04,0.18,-0.04
8174,40.865,40.865,40.964824,0.001462,0,0,-0.4,-10.8,-3.4,1.03,0.2,-0.04
8175,40.87,40.87,40.970697,0.002336,0,0,-0.4,-10.8,-3.2,1.04,0.19,-0.05
8176,40.875,40.875,40.974675,0.001314,0,0,-0.3,-10.7,-2.8,1.04,0.18,-0.04
8177,40.88,40.88,40.979732,0.00137,0,0,-0.2,-10.8,-2,1.04,0.17,-0.04
8178,40.885,40.885,40.985699,0.002338,0,0,-0.3,-10.8,-2,1.05,0.17,-0.04
8179,40.89,40.89,40.989672,0.001311,0,0,-0.4,-10.7,-1.8,1.05,0.17,-0.04
8180,40.895,40.895,40.994723,0.001363,0,0,-0.6,-10.8,-2.4,1.04,0.18,-0.04
8181,40.9,40.9,41.000699,0.002338,0,0,-0.3,-10.7,-2.5,1.04,0.18,-0.04
8182,40.905,40.905,41.005696,0.002335,0,0,-0.4,-10.8,-2.6,1.04,0.18,-0.04
8183,40.91,40.910001,41.009702,0.001339,9.99999997475243e-07,0,-0.4,-10.8,-2.7,1.04,0.19,-0.04
8184,40.915,40.915,41.014849,0.001488,0,0,-0.5,-10.7,-2,1.05,0.18,-0.03
8185,40.92,40.92,41.020793,0.002427,0,0,-0.5,-10.8,-2,1.04,0.18,-0.03
8186,40.925,40.925001,41.024673,0.001311,9.99999997475243e-07,0,-0.6,-10.8,-2.6,1.04,0.19,-0.04
8187,40.93,40.93,41.029729,0.001368,0,0,-0.4,-10.8,-2.2,1.04,0.18,-0.04
8188,40.935,40.935001,41.035709,0.002346,9.99999997475243e-07,0,-0.4,-10.9,-2.5,1.04,0.18,-0.04
8189,40.94,40.94,41.039682,0.001321,0,0,-0.4,-10.9,-2.8,1.04,0.18,-0.04
8190,40.945,40.945,41.044671,0.00131,0,0,-0.5,-10.9,-2.5,1.04,0.19,-0.04
8191,40.95,40.95,41.050723,0.002362,0,0,-0.4,-10.7,-3.3,1.03,0.19,-0.04
8192,40.955,40.955,41.055695,0.002334,0,0,-0.4,-10.7,-3.2,1.03,0.19,-0.04
8193,40.96,40.96,41.059672,0.001311,0,0,-0.3,-10.7,-2.8,1.04,0.18,-0.04
8194,40.965,40.965,41.064823,0.001461,0,0,-0.3,-10.7,-2.8,1.04,0.18,-0.04
8195,40.97,40.97,41.07073,0.002369,0,0,-0.4,-10.7,-2,1.04,0.17,-0.04
8196,40.975,40.975,41.07574,0.002378,0,0,-0.4,-10.7,-1.9,1.04,0.18,-0.04
8197,40.98,40.980001,41.079756,0.001394,9.99999997475243e-07,0,-0.5,-10.8,-2.1,1.04,0.18,-0.04
8198,40.985,40.985,41.085731,0.00237,0,0,-0.6,-10.8,-2.7,1.04,0.19,-0.04
8199,40.99,40.99,41.090769,0.002407,0,0,-0.4,-10.8,-2.2,1.04,0.17,-0.04
8200,40.995,40.995,41.094692,0.00133,0,0,-0.4,-10.8,-2.6,1.04,0.18,-0.04
8201,41,41,41.099769,0.001408,0,0,-0.3,-10.8,-3.3,1.04,0.19,-0.04
8202,41.005,41.005,41.105791,0.002431,0,0,-0.4,-10.8,-3.2,1.04,0.19,-0.04
8203,41.01,41.01,41.109694,0.001333,0,0,-0.4,-10.8,-2.9,1.03,0.19,-0.04
8204,41.015,41.015,41.114822,0.00146,0,0,-0.5,-10.8,-2.2,1.04,0.18,-0.04
8205,41.02,41.02,41.120701,0.00234,0,0,-0.4,-10.8,-2.1,1.04,0.17,-0.03
8206,41.025,41.025,41.124675,0.001313,0,0,-0.3,-10.8,-2.6,1.04,0.18,-0.04
8207,41.03,41.03,41.129776,0.001415,0,0,-0.3,-10.9,-2.9,1.04,0.19,-0.04
8208,41.035,41.035001,41.135739,0.002376,9.99999997475243e-07,0,-0.4,-10.9,-2.5,1.04,0.19,-0.03
8209,41.04,41.04,41.139759,0.001398,0,0,-0.6,-10.8,-2.4,1.05,0.19,-0.04
8210,41.045,41.045,41.144682,0.001321,0,0,-0.5,-10.9,-2.4,1.05,0.19,-0.04
8211,41.05,41.050001,41.150685,0.002323,9.99999997475243e-07,0,-0.4,-10.7,-2.1,1.05,0.18,-0.04
8212,41.055,41.055,41.154776,0.001416,0,0,-0.4,-10.7,-3,1.04,0.19,-0.04
8213,41.06,41.06,41.159707,0.001346,0,0,-0.3,-10.7,-2.7,1.04,0.18,-0.04
8214,41.065,41.065,41.165717,0.002356,0,0,-0.4,-10.8,-2.7,1.04,0.19,-0.04
8215,41.07,41.07,41.170709,0.002348,0,0,-0.3,-10.8,-2.4,1.04,0.18,-0.04
8216,41.075,41.075,41.174666,0.001305,0,0,-0.3,-10.8,-2.2,1.04,0.18,-0.04
8217,41.08,41.08,41.179777,0.001416,0,0,-0.4,-10.7,-1.7,1.04,0.18,-0.04
8218,41.085,41.085,41.185729,0.002368,0,0,-0.4,-10.7,-2.3,1.04,0.19,-0.04
8219,41.09,41.09,41.189744,0.001383,0,0,-0.5,-10.8,-2.7,1.04,0.19,-0.04
8220,41.095,41.095,41.194716,0.001354,0,0,-0.4,-10.7,-3.2,1.03,0.2,-0.04
8221,41.1,41.1,41.200743,0.002387,0,0,-0.4,-10.7,-3.1,1.04,0.18,-0.04
8222,41.105,41.105001,41.205739,0.002376,9.99999997475243e-07,0,-0.4,-10.7,-3,1.04,0.19,-0.04
8223,41.11,41.11,41.209725,0.001363,0,0,-0.4,-10.7,-3.2,1.04,0.2,-0.04
8224,41.115,41.115,41.215711,0.002349,0,0,-0.4,-10.7,-3.5,1.03,0.2,-0.04
8225,41.12,41.12,41.220831,0.002471,0,0,-0.4,-10.7,-2.8,1.04,0.18,-0.04
8226,41.125,41.125001,41.224701,0.001339,9.99999997475243e-07,0,-0.4,-10.8,-2.6,1.05,0.19,-0.04
8227,41.13,41.13,41.229762,0.001401,0,0,-0.4,-10.8,-2.6,1.05,0.18,-0.04
8228,41.135,41.135,41.235925,0.002564,0,0,-0.3,-10.7,-2.4,1.05,0.17,-0.04
8229,41.14,41.14,41.239753,0.001392,0,0,-0.3,-10.8,-2.1,1.05,0.17,-0.04
8230,41.145,41.145,41.244742,0.00138,0,0,-0.4,-10.7,-2.2,1.04,0.18,-0.04
8231,41.15,41.15,41.25078,0.002418,0,0,-0.3,-10.8,-2.2,1.03,0.17,-0.04
8232,41.155,41.155,41.255696,0.002335,0,0,-0.2,-10.8,-2.4,1.04,0.17,-0.04
8233,41.16,41.160001,41.259805,0.001444,9.99999997475243e-07,0,-0.2,-10.9,-2.1,1.04,0.17,-0.04
8234,41.165,41.165,41.26488,0.001519,0,0,-0.3,-10.8,-2.8,1.04,0.19,-0.04
8235,41.17,41.17,41.270768,0.002407,0,0,-0.4,-10.9,-2.4,1.04,0.19,-0.04
8236,41.175,41.175001,41.275688,0.002326,9.99999997475243e-07,0,-0.3,-10.9,-2,1.05,0.18,-0.04
8237,41.18,41.18,41.279676,0.001315,0,0,-0.3,-10.8,-2.5,1.04,0.18,-0.03
8238,41.185,41.185,41.285804,0.002444,0,0,-0.2,-10.8,-2.5,1.04,0.18,-0.04
8239,41.19,41.19,41.290766,0.002405,0,0,-0.2,-10.8,-2.5,1.03,0.18,-0.04
8240,41.195,41.195,41.29467,0.001309,0,0,-0.3,-10.8,-2.7,1.03,0.18,-0.03
8241,41.2,41.2,41.299835,0.001474,0,0,-0.3,-10.8,-2.5,1.04,0.18,-0.04
8242,41.205,41.205,41.305784,0.002423,0,0,-0.4,-10.7,-3.2,1.04,0.19,-0.04
8243,41.21,41.21,41.309679,0.001318,0,0,-0.5,-10.7,-3.2,1.03,0.19,-0.04
8244,41.215,41.215,41.314809,0.001448,0,0,-0.3,-10.8,-2.4,1.04,0.18,-0.04
8245,41.22,41.22,41.320806,0.002445,0,0,-0.2,-10.7,-2.3,1.04,0.19,-0.04
8246,41.225,41.225,41.324715,0.001353,0,0,-0.2,-10.8,-2.2,1.04,0.18,-0.04
8247,41.23,41.230001,41.329801,0.001439,9.99999997475243e-07,0,-0.1,-10.7,-2.2,1.04,0.17,-0.04
8248,41.235,41.235,41.335753,0.002392,0,0,-0.1,-10.8,-2,1.04,0.17,-0.04
8249,41.24,41.24,41.34068,0.002319,0,0,-0.2,-10.8,-1.9,1.04,0.17,-0.04
8250,41.245,41.245,41.344669,0.001308,0,0,-0.2,-10.8,-2.3,1.04,0.18,-0.04
8251,41.25,41.25,41.34981,0.001448,0,0,-0.5,-10.8,-2.4,1.04,0.19,-0.04
8252,41.255,41.255,41.355758,0.002397,0,0,-0.4,-10.8,-2.5,1.04,0.19,-0.04
8253,41.26,41.26,41.3597,0.001339,0,0,-0.4,-10.7,-2.4,1.05,0.18,-0.04
8254,41.265,41.265,41.364879,0.001517,0,0,-0.6,-10.9,-2.6,1.04,0.19,-0.04
8255,41.27,41.27,41.370823,0.002462,0,0,-0.5,-10.8,-2.3,1.04,0.18,-0.04
8256,41.275,41.275,41.374734,0.001372,0,0,-0.4,-10.8,-2.7,1.04,0.18,-0.04
8257,41.28,41.28,41.37997,0.001608,0,0,-0.4,-10.8,-2.9,1.04,0.18,-0.04
8258,41.285,41.285001,41.385928,0.002567,9.99999997475243e-07,0,-0.6,-10.8,-2.8,1.04,0.2,-0.04
8259,41.29,41.29,41.389727,0.001366,0,0,-0.6,-10.8,-3.2,1.04,0.2,-0.05
8260,41.295,41.295,41.394814,0.001454,0,0,-0.4,-10.8,-2.9,1.04,0.19,-0.04
8261,41.3,41.300001,41.400761,0.002399,9.99999997475243e-07,0,-0.4,-10.8,-2.7,1.04,0.19,-0.04
8262,41.305,41.305,41.405789,0.002427,0,0,-0.4,-10.9,-2.5,1.04,0.19,-0.04
8263,41.31,41.31,41.409689,0.001327,0,0,-0.1,-10.7,-2.3,1.04,0.17,-0.04
8264,41.315,41.315,41.414825,0.001464,0,0,-0.3,-10.8,-2.2,1.04,0.18,-0.04
8265,41.32,41.32,41.420697,0.002336,0,0,-0.3,-10.8,-2.4,1.04,0.18,-0.04
8266,41.325,41.325,41.424681,0.00132,0,0,-0.4,-10.8,-2.2,1.03,0.18,-0.04
8267,41.33,41.33,41.429772,0.001411,0,0,-0.5,-10.8,-2.6,1.04,0.19,-0.05
8268,41.335,41.335001,41.435867,0.002504,9.99999997475243e-07,0,-0.4,-10.9,-3.3,1.03,0.2,-0.05
8269,41.34,41.34,41.439702,0.00134,0,0,-0.5,-10.9,-2.4,1.04,0.19,-0.04
8270,41.345,41.345,41.44482,0.001458,0,0,-0.3,-10.7,-3.1,1.04,0.2,-0.05
8271,41.35,41.35,41.450747,0.002386,0,0,-0.5,-10.7,-3,1.03,0.2,-0.04
8272,41.355,41.355001,41.455718,0.002356,9.99999997475243e-07,0,-0.6,-10.8,-3.4,1.03,0.21,-0.05
8273,41.36,41.36,41.459695,0.001334,0,0,-0.6,-10.9,-3.6,1.03,0.21,-0.05
8274,41.365,41.365,41.464799,0.001438,0,0,-0.6,-10.8,-2.9,1.04,0.2,-0.04
8275,41.37,41.37,41.470973,0.002612,0,0,-0.4,-10.8,-2.5,1.04,0.19,-0.04
8276,41.375,41.375,41.474787,0.001427,0,0,-0.4,-10.7,-2.6,1.04,0.18,-0.04
8277,41.38,41.38,41.47975,0.001388,0,0,-0.5,-10.8,-2.4,1.04,0.19,-0.04
8278,41.385,41.385,41.48584,0.002479,0,0,-0.5,-10.8,-2.6,1.04,0.19,-0.04
8279,41.39,41.390001,41.489817,0.001455,9.99999997475243e-07,0,-0.4,-10.8,-2.8,1.04,0.19,-0.04
8280,41.395,41.395,41.494744,0.001383,0,0,-0.5,-10.8,-2.8,1.04,0.19,-0.04
8281,41.4,41.4,41.500744,0.002383,0,0,-0.5,-10.8,-3.4,1.03,0.2,-0.05
8282,41.405,41.405,41.505725,0.002364,0,0,-0.5,-10.7,-2.6,1.03,0.19,-0.04
8283,41.41,41.410001,41.509714,0.001351,9.99999997475243e-07,0,-0.4,-10.7,-2.3,1.04,0.17,-0.04
8284,41.415,41.415,41.514788,0.001427,0,0,-0.4,-10.8,-1.8,1.04,0.17,-0.04
8285,41.42,41.42,41.520733,0.002373,0,0,-0.4,-10.7,-1.9,1.04,0.17,-0.04
8286,41.425,41.425001,41.524697,0.001334,9.99999997475243e-07,0,-0.4,-10.7,-2.1,1.04,0.17,-0.04
8287,41.43,41.43,41.529756,0.001395,0,0,-0.4,-10.6,-1.9,1.04,0.17,-0.04
8288,41.435,41.435,41.535699,0.002337,0,0,-0.4,-10.5,-2,1.04,0.17,-0.04
8289,41.44,41.44,41.539686,0.001325,0,0,-0.4,-10.6,-1.7,1.04,0.17,-0.04
8290,41.445,41.445,41.544672,0.001311,0,0,-0.5,-10.6,-2,1.04,0.18,-0.04
8291,41.45,41.45,41.550696,0.002335,0,0,-0.5,-10.6,-1.8,1.05,0.18,-0.04
8292,41.455,41.455,41.555751,0.00239,0,0,-0.3,-10.7,-1.6,1.05,0.17,-0.03
8293,41.46,41.46,41.559837,0.001477,0,0,-0.3,-10.7,-2,1.04,0.18,-0.03
8294,41.465,41.465,41.565744,0.002383,0,0,-0.3,-10.7,-1.5,1.05,0.17,-0.03
8295,41.47,41.47,41.570693,0.002332,0,0,-0.3,-10.8,-1.3,1.04,0.17,-0.03
8296,41.475,41.475,41.574675,0.001314,0,0,-0.4,-10.8,-1.4,1.05,0.18,-0.04
8297,41.48,41.480001,41.579874,0.001513,9.99999997475243e-07,0,-0.5,-10.8,-2.1,1.04,0.19,-0.04
8298,41.485,41.485,41.585716,0.002354,0,0,-0.3,-10.8,-1.9,1.04,0.18,-0.04
8299,41.49,41.49,41.589672,0.00131,0,0,-0.3,-10.7,-2.3,1.04,0.18,-0.04
8300,41.495,41.495,41.594743,0.001381,0,0,-0.2,-10.6,-2.5,1.04,0.18,-0.04
8301,41.5,41.5,41.600703,0.002342,0,0,-0.3,-10.6,-2.9,1.03,0.18,-0.04
8302,41.505,41.505,41.605751,0.002389,0,0,-0.2,-10.6,-2.8,1.03,0.18,-0.04
8303,41.51,41.51,41.609694,0.001332,0,0,-0.3,-10.7,-2.4,1.03,0.18,-0.04
8304,41.515,41.515,41.614706,0.001345,0,0,-0.3,-10.7,-2.9,1.03,0.18,-0.04
8305,41.52,41.52,41.620719,0.002358,0,0,-0.3,-10.7,-2.5,1.04,0.18,-0.04
8306,41.525,41.525,41.625681,0.00232,0,0,-0.3,-10.8,-2.7,1.04,0.19,-0.04
8307,41.53,41.53,41.629728,0.001367,0,0,-0.4,-10.8,-2.9,1.03,0.19,-0.04
8308,41.535,41.535001,41.635728,0.002366,9.99999997475243e-07,0,-0.4,-10.8,-2.4,1.04,0.19,-0.04
8309,41.54,41.54,41.639692,0.001331,0,0,-0.4,-10.8,-2.6,1.03,0.19,-0.04
8310,41.545,41.545002,41.645235,0.001873,1.99999999495049e-06,0,-0.3,-10.7,-2.9,1.03,0.19,-0.04
8311,41.55,41.550002,41.650434,0.002072,1.99999999495049e-06,0,-0.4,-10.7,-3.3,1.03,0.19,-0.04
8312,41.555,41.555,41.656243,0.002882,0,0,-0.4,-10.7,-2.6,1.04,0.18,-0.04
8313,41.56,41.560001,41.660156,0.001795,9.99999997475243e-07,0,-0.4,-10.7,-2.3,1.04,0.18,-0.04
8314,41.565,41.565061,41.664994,0.001571,6.10000000023092e-05,0,-0.6,-10.8,-2.9,1.04,0.2,-0.04
8315,41.57,41.57,41.670749,0.002388,0,0,-0.5,-10.8,-2.1,1.05,0.18,-0.04
8316,41.575,41.575,41.67468,0.001318,0,0,-0.6,-10.7,-2,1.05,0.19,-0.04
8317,41.58,41.58,41.679709,0.001348,0,0,-0.5,-10.5,-2.2,1.04,0.18,-0.03
8318,41.585,41.585,41.685753,0.002392,0,0,-0.4,-10.6,-1.8,1.05,0.17,-0.03
8319,41.59,41.59,41.690735,0.002373,0,0,-0.5,-10.7,-2.1,1.04,0.17,-0.04
8320,41.595,41.595,41.69479,0.00143,0,0,-0.5,-10.7,-2.7,1.04,0.18,-0.04
8321,41.6,41.6,41.700853,0.002491,0,0,-0.5,-10.7,-2.4,1.04,0.18,-0.04
8322,41.605,41.605001,41.704724,0.001362,9.99999997475243e-07,0,-0.5,-10.7,-2.5,1.04,0.18,-0.04
8323,41.61,41.61,41.70971,0.001349,0,0,-0.5,-10.7,-2.8,1.03,0.18,-0.04
8324,41.615,41.615,41.715785,0.002423,0,0,-0.5,-10.7,-2.4,1.04,0.17,-0.04
8325,41.62,41.62,41.720728,0.002367,0,0,-0.3,-10.7,-2.2,1.03,0.17,-0.04
8326,41.625,41.625,41.724688,0.001327,0,0,-0.4,-10.8,-2.2,1.04,0.18,-0.04
8327,41.63,41.63,41.730744,0.002384,0,0,-0.5,-10.8,-2.5,1.04,0.19,-0.04
8328,41.635,41.635,41.735704,0.002342,0,0,-0.5,-10.8,-2.5,1.04,0.18,-0.04
8329,41.64,41.64,41.739781,0.00142,0,0,-0.6,-10.8,-2.8,1.04,0.19,-0.04
8330,41.645,41.645,41.744934,0.001572,0,0,-0.5,-10.8,-2.1,1.04,0.19,-0.04
8331,41.65,41.65,41.75079,0.002429,0,0,-0.4,-10.7,-2,1.04,0.18,-0.04
8332,41.655,41.655,41.754726,0.001365,0,0,-0.4,-10.8,-2.7,1.04,0.19,-0.04
8333,41.66,41.660001,41.76076,0.002398,9.99999997475243e-07,0,-0.4,-10.8,-2.8,1.04,0.19,-0.04
8334,41.665,41.665,41.765774,0.002413,0,0,-0.4,-10.8,-2.5,1.04,0.19,-0.04
8335,41.67,41.67,41.769693,0.001331,0,0,-0.5,-10.8,-2.8,1.04,0.2,-0.04
8336,41.675,41.675001,41.774874,0.001511,9.99999997475243e-07,0,-0.6,-10.8,-2.6,1.04,0.19,-0.04
8337,41.68,41.68,41.780788,0.002427,0,0,-0.7,-10.9,-3.4,1.03,0.21,-0.05
8338,41.685,41.685,41.78469,0.001329,0,0,-0.6,-10.8,-3.3,1.03,0.2,-0.04
8339,41.69,41.69,41.789748,0.001386,0,0,-0.4,-10.7,-3.2,1.03,0.2,-0.04
8340,41.695,41.695001,41.795856,0.002494,9.99999997475243e-07,0,-0.4,-10.8,-3.6,1.03,0.2,-0.04
8341,41.7,41.7,41.799692,0.001331,0,0,-0.5,-10.7,-3.4,1.03,0.2,-0.04
8342,41.705,41.705,41.804692,0.001331,0,0,-0.5,-10.8,-3.8,1.03,0.21,-0.05
8343,41.71,41.71,41.810811,0.002449,0,0,-0.3,-10.7,-2.8,1.03,0.19,-0.04
8344,41.715,41.715,41.814696,0.001335,0,0,-0.3,-10.7,-3,1.03,0.19,-0.04
8345,41.72,41.72,41.819733,0.001373,0,0,-0.3,-10.8,-2.3,1.04,0.19,-0.04
8346,41.725,41.725,41.825756,0.002395,0,0,-0.4,-10.8,-3,1.03,0.2,-0.04
8347,41.73,41.730001,41.830727,0.002365,9.99999997475243e-07,0,-0.3,-10.8,-3,1.04,0.19,-0.04
8348,41.735,41.735,41.83469,0.001328,0,0,-0.3,-10.8,-2.7,1.04,0.18,-0.04
8349,41.74,41.74,41.839791,0.00143,0,0,-0.3,-10.8,-3,1.03,0.19,-0.04
8350,41.745,41.745,41.8457,0.002339,0,0,-0.4,-10.8,-3,1.03,0.19,-0.04
8351,41.75,41.75,41.849686,0.001325,0,0,-0.4,-10.7,-2.9,1.03,0.19,-0.04
8352,41.755,41.755,41.854758,0.001397,0,0,-0.5,-10.8,-2.7,1.03,0.19,-0.04
8353,41.76,41.76,41.860694,0.002333,0,0,-0.4,-10.8,-2.6,1.04,0.19,-0.04
8354,41.765,41.765,41.864683,0.001321,0,0,-0.5,-10.8,-3.3,1.03,0.2,-0.05
8355,41.77,41.77,41.869696,0.001335,0,0,-0.5,-10.8,-3.2,1.03,0.2,-0.04
8356,41.775,41.775,41.87571,0.002349,0,0,-0.4,-10.8,-3,1.04,0.2,-0.04
8357,41.78,41.78,41.880709,0.002347,0,0,-0.5,-10.8,-3,1.04,0.19,-0.04
8358,41.785,41.785001,41.884668,0.001306,9.99999997475243e-07,0,-0.5,-10.8,-2.7,1.04,0.18,-0.04
8359,41.79,41.79,41.890695,0.002333,0,0,-0.5,-10.8,-2.7,1.03,0.19,-0.04
8360,41.795,41.795,41.895689,0.002327,0,0,-0.5,-10.9,-2.8,1.03,0.18,-0.04
8361,41.8,41.800001,41.899672,0.00131,9.99999997475243e-07,0,-0.4,-10.9,-2.9,1.04,0.18,-0.04
8362,41.805,41.805,41.904834,0.001473,0,0,-0.6,-10.8,-2.6,1.04,0.19,-0.04
8363,41.81,41.81,41.910732,0.002372,0,0,-0.6,-10.8,-2.5,1.05,0.19,-0.04
8364,41.815,41.815,41.914689,0.001328,0,0,-0.5,-10.9,-2.6,1.04,0.18,-0.04
8365,41.82,41.82,41.919791,0.00143,0,0,-0.5,-10.9,-2.8,1.04,0.18,-0.04
8366,41.825,41.825,41.925754,0.002392,0,0,-0.5,-10.9,-2.7,1.04,0.18,-0.04
8367,41.83,41.83,41.929764,0.001402,0,0,-0.5,-10.8,-2.4,1.04,0.18,-0.04
8368,41.835,41.835,41.934706,0.001345,0,0,-0.5,-10.8,-2.7,1.04,0.19,-0.04
8369,41.84,41.84,41.940729,0.002368,0,0,-0.6,-10.8,-2.5,1.04,0.19,-0.04
8370,41.845,41.845,41.945718,0.002357,0,0,-0.6,-10.8,-2.3,1.03,0.18,-0.04
8371,41.85,41.85,41.949669,0.001308,0,0,-0.4,-10.9,-2.3,1.03,0.19,-0.04
8372,41.855,41.855001,41.954931,0.001569,9.99999997475243e-07,0,-0.3,-10.9,-1.9,1.04,0.17,-0.04
8373,41.86,41.86,41.960702,0.002341,0,0,-0.3,-10.9,-2.2,1.04,0.18,-0.04
8374,41.865,41.865,41.96468,0.001319,0,0,-0.3,-10.7,-2.3,1.03,0.17,-0.04
8375,41.87,41.87,41.96973,0.001369,0,0,-0.3,-10.7,-2.2,1.04,0.18,-0.04
8376,41.875,41.875,41.975696,0.002334,0,0,-0.2,-10.7,-2.8,1.03,0.18,-0.04
8377,41.88,41.88,41.979783,0.001422,0,0,-0.3,-10.8,-2.9,1.03,0.19,-0.04
8378,41.885,41.885,41.984683,0.001322,0,0,-0.4,-10.8,-3.5,1.03,0.19,-0.04
8379,41.89,41.89,41.990832,0.00247,0,0,-0.3,-10.7,-3.4,1.03,0.18,-0.04
8380,41.895,41.895,41.994674,0.001313,0,0,-0.5,-10.7,-3.4,1.03,0.2,-0.04
8381,41.9,41.9,41.999692,0.001331,0,0,-0.3,-10.7,-3.2,1.03,0.18,-0.04
8382,41.905,41.905,42.005798,0.002437,0,0,-0.3,-10.6,-2.8,1.03,0.18,-0.04
8383,41.91,41.910001,42.010736,0.002374,9.99999997475243e-07,0,-0.4,-10.8,-2.3,1.04,0.18,-0.04
8384,41.915,41.915,42.014753,0.001392,0,0,-0.3,-10.8,-2.2,1.05,0.17,-0.04
8385,41.92,41.92,42.019802,0.001441,0,0,-0.5,-10.9,-2.3,1.04,0.19,-0.04
8386,41.925,41.925001,42.025692,0.00233,9.99999997475243e-07,0,-0.4,-11,-2.9,1.04,0.19,-0.05
8387,41.93,41.93,42.029746,0.001386,0,0,-0.4,-10.9,-3,1.03,0.19,-0.04
8388,41.935,41.935,42.034837,0.001475,0,0,-0.4,-10.9,-2.5,1.03,0.18,-0.04
8389,41.94,41.94,42.04073,0.002369,0,0,-0.3,-10.8,-2.1,1.03,0.17,-0.04
8390,41.945,41.945,42.0457,0.002339,0,0,-0.3,-10.8,-2.6,1.03,0.18,-0.04
8391,41.95,41.95,42.049673,0.001312,0,0,-0.3,-10.8,-2.7,1.04,0.18,-0.04
8392,41.955,41.955,42.054804,0.001443,0,0,-0.4,-10.8,-3.1,1.03,0.19,-0.05
8393,41.96,41.96,42.060707,0.002346,0,0,-0.5,-10.8,-2.8,1.04,0.19,-0.04
8394,41.965,41.965,42.0647,0.001338,0,0,-0.5,-10.8,-2.1,1.05,0.18,-0.04
8395,41.97,41.97,42.069815,0.001453,0,0,-0.4,-10.8,-2,1.05,0.18,-0.04
8396,41.975,41.975,42.075739,0.002378,0,0,-0.5,-10.8,-2.7,1.04,0.19,-0.04
8397,41.98,41.980001,42.07974,0.001377,9.99999997475243e-07,0,-0.6,-10.9,-2.5,1.05,0.2,-0.04
8398,41.985,41.985,42.084806,0.001444,0,0,-0.3,-10.7,-2.9,1.04,0.18,-0.05
8399,41.99,41.99,42.090791,0.002429,0,0,-0.3,-10.7,-2.7,1.05,0.18,-0.05
8400,41.995,41.995,42.09471,0.001349,0,0,-0.3,-10.7,-2.4,1.04,0.18,-0.04
8401,42,42,42.099715,0.001353,0,0,-0.5,-10.8,-3.4,1.04,0.2,-0.05
8402,42.005,42.005,42.105754,0.002393,0,0,-0.6,-10.8,-3.3,1.04,0.2,-0.05
8403,42.01,42.01,42.109692,0.00133,0,0,-0.4,-10.7,-3,1.04,0.19,-0.04
8404,42.015,42.015028,42.114952,0.001562,2.80000000003611e-05,0,-0.4,-10.8,-2.9,1.03,0.19,-0.04
8405,42.02,42.02,42.120733,0.002373,0,0,-0.5,-10.8,-3.2,1.03,0.19,-0.04
8406,42.025,42.025,42.124812,0.00145,0,0,-0.5,-10.8,-3.2,1.04,0.2,-0.04
8407,42.03,42.03,42.129923,0.001562,0,0,-0.4,-10.7,-3.1,1.04,0.19,-0.04
8408,42.035,42.035001,42.135741,0.002378,9.99999997475243e-07,0,-0.4,-10.7,-2.9,1.04,0.19,-0.04
8409,42.04,42.04,42.140712,0.002351,0,0,-0.5,-10.7,-2.7,1.03,0.19,-0.04
8410,42.045,42.045,42.144745,0.001383,0,0,-0.5,-10.7,-3.1,1.03,0.19,-0.04
8411,42.05,42.050001,42.150738,0.002376,9.99999997475243e-07,0,-0.3,-10.7,-3.2,1.03,0.19,-0.04
8412,42.055,42.055,42.1558,0.002439,0,0,-0.3,-10.7,-2.9,1.03,0.19,-0.04
8413,42.06,42.06,42.159728,0.001367,0,0,-0.3,-10.7,-3.1,1.03,0.19,-0.04
8414,42.065,42.065,42.164923,0.001562,0,0,-0.4,-10.7,-2.5,1.03,0.18,-0.04
8415,42.07,42.07,42.170746,0.002385,0,0,-0.4,-10.8,-3.1,1.03,0.19,-0.04
8416,42.075,42.075,42.174705,0.001344,0,0,-0.6,-10.8,-3.3,1.03,0.2,-0.04
8417,42.08,42.08,42.179771,0.001409,0,0,-0.5,-10.8,-3,1.04,0.19,-0.04
8418,42.085,42.085,42.185721,0.00236,0,0,-0.6,-10.8,-2.8,1.05,0.18,-0.04
8419,42.09,42.09,42.190726,0.002364,0,0,-0.6,-10.8,-3.1,1.04,0.2,-0.04
8420,42.095,42.095,42.194725,0.001363,0,0,-0.5,-10.8,-2.8,1.04,0.19,-0.04
8421,42.1,42.1,42.199826,0.001465,0,0,-0.4,-10.9,-3,1.04,0.19,-0.04
8422,42.105,42.105002,42.205813,0.00245,1.99999999495049e-06,0,-0.3,-10.8,-2.6,1.04,0.19,-0.04
8423,42.11,42.11,42.209703,0.001342,0,0,-0.3,-10.8,-2.3,1.04,0.19,-0.04
8424,42.115,42.115,42.214711,0.00135,0,0,-0.3,-10.7,-2.1,1.05,0.18,-0.04
8425,42.12,42.12,42.22071,0.002349,0,0,-0.4,-10.8,-2,1.05,0.18,-0.04
8426,42.125,42.125,42.224731,0.001368,0,0,-0.4,-10.6,-2.7,1.04,0.18,-0.04
8427,42.13,42.13,42.229776,0.001414,0,0,-0.3,-10.6,-2.8,1.04,0.18,-0.04
8428,42.135,42.135,42.235739,0.002378,0,0,-0.4,-10.8,-2.6,1.04,0.19,-0.04
8429,42.14,42.14,42.239738,0.001377,0,0,-0.5,-10.9,-2.7,1.04,0.19,-0.04
8430,42.145,42.145,42.244751,0.00139,0,0,-0.4,-10.9,-3,1.03,0.2,-0.04
8431,42.15,42.15,42.25071,0.002349,0,0,-0.4,-10.8,-3,1.03,0.2,-0.04
8432,42.155,42.155,42.255768,0.002407,0,0,-0.4,-10.8,-2.7,1.04,0.19,-0.04
8433,42.16,42.160001,42.259719,0.001357,9.99999997475243e-07,0,-0.4,-10.8,-2.6,1.04,0.18,-0.04
8434,42.165,42.165,42.26575,0.002389,0,0,-0.5,-10.8,-2.5,1.04,0.19,-0.04
8435,42.17,42.17,42.269845,0.001483,0,0,-0.4,-10.8,-2.2,1.04,0.19,-0.04
8436,42.175,42.175001,42.274724,0.001361,9.99999997475243e-07,0,-0.4,-10.7,-2.7,1.04,0.19,-0.04
8437,42.18,42.18,42.280783,0.002421,0,0,-0.3,-10.8,-2.8,1.04,0.19,-0.05
8438,42.185,42.185,42.284733,0.001372,0,0,-0.3,-10.8,-2.6,1.04,0.18,-0.05
8439,42.19,42.19,42.289771,0.001409,0,0,-0.4,-10.8,-2.7,1.04,0.18,-0.05
8440,42.195,42.195,42.295741,0.00238,0,0,-0.2,-10.8,-2.1,1.04,0.17,-0.04
8441,42.2,42.2,42.300708,0.002347,0,0,-0.3,-10.8,-2.5,1.04,0.17,-0.04
8442,42.205,42.205,42.304717,0.001356,0,0,-0.2,-10.7,-3.4,1.03,0.18,-0.05
8443,42.21,42.21,42.309741,0.00138,0,0,-0.2,-10.8,-3.1,1.03,0.18,-0.05
8444,42.215,42.215,42.315744,0.002382,0,0,-0.4,-10.7,-3.3,1.04,0.19,-0.05
8445,42.22,42.22,42.320693,0.002332,0,0,-0.4,-10.8,-3.1,1.03,0.2,-0.05
8446,42.225,42.225,42.32482,0.001458,0,0,-0.4,-10.8,-3,1.03,0.2,-0.05
8447,42.23,42.230001,42.330752,0.002389,9.99999997475243e-07,0,-0.3,-10.8,-2.7,1.04,0.18,-0.04
8448,42.235,42.235,42.33575,0.002389,0,0,-0.3,-10.7,-2.9,1.03,0.18,-0.04
8449,42.24,42.24,42.339708,0.001347,0,0,-0.2,-10.7,-2.7,1.03,0.18,-0.04
8450,42.245,42.245,42.344804,0.001443,0,0,-0.1,-10.7,-2.3,1.04,0.17,-0.04
8451,42.25,42.25,42.350703,0.002342,0,0,-0.2,-10.7,-2.5,1.04,0.18,-0.04
8452,42.255,42.255,42.354823,0.001461,0,0,-0.2,-10.7,-2.8,1.03,0.18,-0.04
8453,42.26,42.26,42.359706,0.001345,0,0,-0.3,-10.7,-2.7,1.03,0.19,-0.04
8454,42.265,42.265,42.365801,0.00244,0,0,-0.2,-10.7,-3,1.04,0.18,-0.05
8455,42.27,42.27,42.369707,0.001346,0,0,-0.3,-10.6,-3.1,1.03,0.19,-0.05
8456,42.275,42.275,42.374695,0.001334,0,0,-0.5,-10.7,-2.6,1.04,0.19,-0.05
8457,42.28,42.28,42.380726,0.002365,0,0,-0.4,-10.7,-3.2,1.04,0.2,-0.05
8458,42.285,42.285001,42.385711,0.002349,9.99999997475243e-07,0,-0.4,-10.8,-4,1.03,0.21,-0.05
8459,42.29,42.29,42.389732,0.00137,0,0,-0.3,-10.7,-3.9,1.03,0.2,-0.05
8460,42.295,42.295,42.395732,0.002376,0,0,-0.4,-10.6,-3.1,1.04,0.19,-0.05
8461,42.3,42.300001,42.40069,0.002327,9.99999997475243e-07,0,-0.5,-10.6,-3.6,1.04,0.2,-0.05
8462,42.305,42.305,42.404692,0.001331,0,0,-0.5,-10.7,-3.7,1.03,0.21,-0.04
8463,42.31,42.31,42.410706,0.002345,0,0,-0.5,-10.7,-3.5,1.03,0.2,-0.04
8464,42.315,42.315,42.415705,0.002343,0,0,-0.3,-10.7,-2.6,1.04,0.19,-0.04
8465,42.32,42.32,42.419671,0.00131,0,0,-0.3,-10.8,-2.5,1.04,0.18,-0.04
8466,42.325,42.325,42.424777,0.001415,0,0,-0.2,-10.7,-2.1,1.04,0.17,-0.04
8467,42.33,42.33,42.430859,0.002498,0,0,-0.1,-10.6,-1.9,1.04,0.16,-0.03
8468,42.335,42.335,42.434757,0.001395,0,0,-0.3,-10.8,-1.8,1.04,0.17,-0.03
8469,42.34,42.34,42.43978,0.001419,0,0,-0.4,-10.9,-1.8,1.05,0.18,-0.03
8470,42.345,42.345,42.445797,0.002435,0,0,-0.3,-10.7,-1.8,1.04,0.18,-0.03
8471,42.35,42.35,42.45073,0.002369,0,0,-0.3,-10.7,-1.7,1.04,0.17,-0.04
8472,42.355,42.355001,42.4547,0.001338,9.99999997475243e-07,0,-0.4,-10.8,-2.8,1.03,0.19,-0.04
8473,42.36,42.36,42.460029,0.001667,0,0,-0.3,-10.7,-2.5,1.03,0.18,-0.04
8474,42.365,42.365,42.465791,0.002429,0,0,-0.4,-10.8,-3.2,1.03,0.2,-0.04
8475,42.37,42.37,42.469761,0.0014,0,0,-0.4,-10.6,-3.3,1.03,0.19,-0.05
8476,42.375,42.375,42.474835,0.001474,0,0,-0.3,-10.7,-2.6,1.04,0.18,-0.04
8477,42.38,42.38,42.480728,0.002367,0,0,-0.3,-10.7,-2.6,1.04,0.18,-0.04
8478,42.385,42.385,42.484679,0.001318,0,0,-0.2,-10.6,-2.3,1.04,0.17,-0.04
8479,42.39,42.39,42.489697,0.001336,0,0,-0.3,-10.7,-2.5,1.04,0.18,-0.04
8480,42.395,42.395,42.495715,0.002354,0,0,-0.3,-10.7,-2.7,1.03,0.18,-0.04
8481,42.4,42.4,42.499729,0.001369,0,0,-0.3,-10.8,-2.8,1.03,0.19,-0.03
8482,42.405,42.405,42.504676,0.001315,0,0,-0.1,-10.7,-2.7,1.03,0.18,-0.04
8483,42.41,42.410001,42.510725,0.002363,9.99999997475243e-07,0,-0.1,-10.8,-2.7,1.03,0.18,-0.04
8484,42.415,42.415,42.515732,0.002371,0,0,-0.1,-10.8,-2.2,1.03,0.17,-0.04
8485,42.42,42.42,42.51976,0.001398,0,0,-0.4,-10.8,-2.2,1.04,0.18,-0.04
8486,42.425,42.425001,42.524783,0.001421,9.99999997475243e-07,0,-0.3,-10.7,-2.3,1.04,0.18,-0.04
8487,42.43,42.430001,42.531001,0.002638,9.99999997475243e-07,0,-0.3,-10.8,-2.2,1.05,0.18,-0.04
8488,42.435,42.435,42.534752,0.001392,0,0,-0.4,-10.8,-1.8,1.04,0.18,-0.04
8489,42.44,42.44,42.539739,0.001377,0,0,-0.3,-10.7,-2.2,1.04,0.17,-0.04
8490,42.445,42.445,42.545809,0.002447,0,0,-0.2,-10.7,-2.2,1.04,0.17,-0.04
8491,42.45,42.45,42.550716,0.002355,0,0,-0.2,-10.7,-2.3,1.04,0.18,-0.04
8492,42.455,42.455,42.554696,0.001334,0,0,-0.2,-10.7,-2.4,1.05,0.17,-0.04
8493,42.46,42.46,42.559861,0.0015,0,0,-0.3,-10.7,-2.9,1.04,0.18,-0.04
8494,42.465,42.465,42.565908,0.002546,0,0,-0.4,-10.7,-2.5,1.04,0.19,-0.04
8495,42.47,42.47,42.569758,0.001397,0,0,-0.2,-10.7,-2.6,1.04,0.17,-0.05
8496,42.475,42.475,42.574823,0.001462,0,0,-0.2,-10.8,-2.6,1.04,0.17,-0.04
8497,42.48,42.480002,42.58083,0.002467,1.99999999495049e-06,0,-0.3,-10.7,-2.5,1.04,0.18,-0.04
8498,42.485,42.485,42.584705,0.001344,0,0,-0.3,-10.7,-2.3,1.04,0.18,-0.03
8499,42.49,42.49,42.589686,0.001325,0,0,-0.4,-10.8,-2.5,1.04,0.19,-0.04
8500,42.495,42.495,42.594937,0.001576,0,0,-0.3,-10.8,-2.4,1.03,0.18,-0.04
8501,42.5,42.5,42.600723,0.002361,0,0,-0.3,-10.7,-2.7,1.03,0.19,-0.04
8502,42.505,42.505,42.604696,0.001335,0,0,-0.4,-10.7,-2.7,1.03,0.19,-0.04
8503,42.51,42.51,42.609696,0.001334,0,0,-0.4,-10.7,-2.2,1.04,0.19,-0.04
8504,42.515,42.515,42.61575,0.002388,0,0,-0.5,-10.8,-3.2,1.03,0.2,-0.05
8505,42.52,42.52,42.619747,0.001386,0,0,-0.4,-10.8,-3,1.03,0.19,-0.04
8506,42.525,42.525,42.624744,0.001382,0,0,-0.4,-10.8,-3.1,1.04,0.19,-0.04
8507,42.53,42.53,42.630804,0.002442,0,0,-0.4,-10.7,-3.9,1.03,0.2,-0.05
8508,42.535,42.535001,42.635738,0.002377,9.99999997475243e-07,0,-0.5,-10.8,-3.5,1.04,0.2,-0.05
8509,42.54,42.54,42.639714,0.001353,0,0,-0.5,-10.8,-3.5,1.04,0.2,-0.05
8510,42.545,42.545,42.645763,0.002402,0,0,-0.4,-10.8,-2.5,1.04,0.18,-0.04
8511,42.55,42.550001,42.650733,0.002371,9.99999997475243e-07,0,-0.4,-10.9,-2.6,1.04,0.18,-0.04
8512,42.555,42.555,42.654697,0.001336,0,0,-0.4,-10.9,-3,1.03,0.2,-0.04
8513,42.56,42.56,42.660719,0.002359,0,0,-0.4,-10.8,-3.1,1.04,0.19,-0.05
8514,42.565,42.565,42.665907,0.002545,0,0,-0.4,-10.9,-3.2,1.04,0.19,-0.04
8515,42.57,42.57,42.669813,0.001453,0,0,-0.5,-10.8,-2.7,1.04,0.19,-0.04
8516,42.575,42.575,42.674819,0.001458,0,0,-0.4,-10.8,-2.9,1.04,0.19,-0.05
8517,42.58,42.580001,42.680451,0.00209,1.00000000458067e-06,0,-0.5,-10.8,-3,1.04,0.19,-0.05
8518,42.585,42.585,42.684787,0.001425,0,0,-0.4,-10.7,-2.7,1.04,0.18,-0.04
8519,42.59,42.59,42.689731,0.00137,0,0,-0.5,-10.7,-2.7,1.04,0.19,-0.05
8520,42.595,42.595,42.695866,0.002505,0,0,-0.5,-10.7,-2.5,1.04,0.18,-0.04
8521,42.6,42.6,42.699752,0.00139,0,0,-0.6,-10.7,-2.8,1.04,0.19,-0.04
8522,42.605,42.605001,42.704717,0.001354,9.99999997475243e-07,0,-0.5,-10.7,-2.4,1.04,0.19,-0.04
8523,42.61,42.61,42.710739,0.002378,0,0,-0.6,-10.8,-2.4,1.04,0.19,-0.04
8524,42.615,42.615,42.714689,0.001328,0,0,-0.6,-10.7,-2.2,1.04,0.19,-0.04
8525,42.62,42.62,42.719718,0.001358,0,0,-0.5,-10.7,-2.3,1.05,0.19,-0.04
8526,42.625,42.625,42.725747,0.002386,0,0,-0.6,-10.7,-2.6,1.04,0.19,-0.04
8527,42.63,42.63,42.730756,0.002395,0,0,-0.4,-10.7,-2.7,1.04,0.19,-0.04
8528,42.635,42.635,42.734687,0.001326,0,0,-0.4,-10.6,-2.3,1.04,0.17,-0.04
8529,42.64,42.64,42.739774,0.001412,0,0,-0.4,-10.7,-2.7,1.04,0.18,-0.04
8530,42.645,42.645,42.745687,0.002326,0,0,-0.5,-10.7,-2.3,1.04,0.19,-0.04
8531,42.65,42.65,42.749675,0.001314,0,0,-0.6,-10.7,-2.2,1.05,0.19,-0.04
8532,42.655,42.655,42.754725,0.001364,0,0,-0.6,-10.7,-2.6,1.04,0.19,-0.04
8533,42.66,42.660001,42.760726,0.002363,9.99999997475243e-07,0,-0.5,-10.7,-2.9,1.04,0.2,-0.04
8534,42.665,42.665,42.765703,0.002342,0,0,-0.5,-10.7,-2.4,1.04,0.19,-0.04
8535,42.67,42.67,42.76977,0.001409,0,0,-0.4,-10.7,-1.8,1.05,0.19,-0.03
8536,42.675,42.675001,42.774738,0.001375,9.99999997475243e-07,0,-0.4,-10.6,-2.2,1.04,0.19,-0.03
8537,42.68,42.68,42.780794,0.002432,0,0,-0.4,-10.8,-2.3,1.04,0.2,-0.03
8538,42.685,42.685,42.78468,0.001318,0,0,-0.5,-10.8,-2.3,1.04,0.2,-0.04
8539,42.69,42.690001,42.790224,0.001863,1.00000000458067e-06,0,-0.3,-10.7,-2.2,1.04,0.19,-0.03
8540,42.695,42.695001,42.79522,0.001858,9.99999997475243e-07,0,-0.2,-10.8,-2.3,1.04,0.18,-0.04
8541,42.7,42.700002,42.801353,0.002993,1.99999999495049e-06,0,-0.3,-10.7,-2.2,1.05,0.18,-0.03
8542,42.705,42.705,42.804887,0.001525,0,0,-0.4,-10.8,-2.1,1.05,0.19,-0.03
8543,42.71,42.710001,42.810012,0.001651,9.99999997475243e-07,0,-0.3,-10.7,-1.5,1.05,0.18,-0.03
8544,42.715,42.715001,42.81574,0.002378,9.99999997475243e-07,0,-0.3,-10.7,-2.1,1.04,0.18,-0.03
8545,42.72,42.720001,42.820213,0.001852,1.00000000458067e-06,0,-0.3,-10.7,-2.2,1.04,0.18,-0.04
8546,42.725,42.725001,42.825239,0.001878,9.99999997475243e-07,0,-0.3,-10.8,-1.9,1.04,0.18,-0.03
8547,42.73,42.730001,42.831093,0.00273,9.99999997475243e-07,0,-0.3,-10.8,-1.4,1.05,0.17,-0.03
8548,42.735,42.735001,42.834783,0.001422,9.99999997475243e-07,0,-0.4,-10.8,-1.9,1.04,0.19,-0.04
8549,42.74,42.74,42.839879,0.001517,0,0,-0.4,-10.8,-2.7,1.03,0.19,-0.04
8550,42.745,42.745,42.845732,0.002371,0,0,-0.4,-10.8,-2.5,1.04,0.19,-0.04
8551,42.75,42.75,42.849689,0.001328,0,0,-0.4,-10.8,-2.4,1.04,0.2,-0.04
8552,42.755,42.755,42.854805,0.001443,0,0,-0.2,-10.8,-2.1,1.04,0.18,-0.04
8553,42.76,42.760001,42.860883,0.002521,1.00000000458067e-06,0,-0.4,-10.8,-2.4,1.04,0.19,-0.04
8554,42.765,42.765,42.864779,0.001419,0,0,-0.3,-10.8,-2.6,1.04,0.19,-0.04
8555,42.77,42.77,42.869773,0.001411,0,0,-0.2,-10.7,-2.6,1.03,0.18,-0.04
8556,42.775,42.775,42.875723,0.002362,0,0,-0.3,-10.7,-2.8,1.04,0.18,-0.04
8557,42.78,42.78,42.880727,0.002366,0,0,-0.3,-10.7,-2.2,1.04,0.18,-0.04
8558,42.785,42.785001,42.884696,0.001334,9.99999997475243e-07,0,-0.2,-10.7,-2.3,1.04,0.18,-0.04
8559,42.79,42.79,42.88986,0.001498,0,0,-0.4,-10.7,-2.6,1.04,0.19,-0.04
8560,42.795,42.795,42.895815,0.002454,0,0,-0.3,-10.7,-2.8,1.03,0.19,-0.04
8561,42.8,42.800001,42.899742,0.001381,9.99999997475243e-07,0,-0.3,-10.7,-1.8,1.05,0.17,-0.04
8562,42.805,42.805,42.904783,0.001422,0,0,-0.3,-10.7,-1.8,1.04,0.17,-0.04
8563,42.81,42.81,42.910745,0.002384,0,0,-0.4,-10.9,-2.2,1.04,0.19,-0.04
8564,42.815,42.815,42.915732,0.00237,0,0,-0.4,-10.9,-2.8,1.03,0.2,-0.05
8565,42.82,42.82,42.9197,0.001338,0,0,-0.4,-10.8,-3.1,1.02,0.19,-0.04
8566,42.825,42.825,42.924884,0.001522,0,0,-0.4,-10.8,-2.6,1.04,0.19,-0.04
8567,42.83,42.83,42.930903,0.002542,0,0,-0.4,-10.8,-2.4,1.04,0.19,-0.04
8568,42.835,42.835,42.934763,0.001402,0,0,-0.4,-10.7,-3,1.04,0.19,-0.05
8569,42.84,42.84,42.939915,0.001554,0,0,-0.4,-10.8,-3.2,1.03,0.2,-0.04
8570,42.845,42.845,42.945848,0.002487,0,0,-0.4,-10.7,-3.1,1.03,0.19,-0.04
8571,42.85,42.85,42.949727,0.001367,0,0,-0.5,-10.7,-2.7,1.04,0.2,-0.04
8572,42.855,42.855001,42.954703,0.001341,9.99999997475243e-07,0,-0.6,-10.8,-2.5,1.04,0.19,-0.04
8573,42.86,42.86,42.960721,0.00236,0,0,-0.5,-10.8,-2.1,1.04,0.19,-0.04
8574,42.865,42.865,42.964736,0.001375,0,0,-0.3,-10.8,-2,1.04,0.18,-0.04
8575,42.87,42.87,42.969778,0.001417,0,0,-0.5,-10.8,-2.6,1.04,0.19,-0.04
8576,42.875,42.875,42.975789,0.002428,0,0,-0.3,-10.7,-2.7,1.04,0.19,-0.04
8577,42.88,42.88,42.979733,0.001372,0,0,-0.3,-10.7,-3,1.03,0.19,-0.05
8578,42.885,42.885,42.984703,0.001342,0,0,-0.5,-10.8,-2.9,1.04,0.2,-0.05
8579,42.89,42.89,42.990797,0.002437,0,0,-0.4,-10.9,-2.5,1.03,0.19,-0.04
8580,42.895,42.895,42.995706,0.002345,0,0,-0.3,-10.8,-2.5,1.04,0.18,-0.04
8581,42.9,42.900001,42.999843,0.00148,1.00000000458067e-06,0,-0.4,-10.7,-2.2,1.04,0.17,-0.04
8582,42.905,42.905,43.004768,0.001406,0,0,-0.3,-10.7,-2.2,1.04,0.17,-0.04
8583,42.91,42.910001,43.010875,0.002512,9.99999997475243e-07,0,-0.4,-10.7,-2.3,1.03,0.19,-0.04
8584,42.915,42.915001,43.015999,0.002638,9.99999997475243e-07,0,-0.4,-10.7,-2.6,1.04,0.18,-0.04
8585,42.92,42.920001,43.020091,0.00173,9.99999997475243e-07,0,-0.4,-10.7,-2.7,1.04,0.18,-0.04
8586,42.925,42.925001,43.026052,0.002689,9.99999997475243e-07,0,-0.4,-10.8,-2.6,1.04,0.19,-0.04
8587,42.93,42.93,43.02983,0.001469,0,0,-0.3,-10.7,-2.3,1.04,0.18,-0.04
8588,42.935,42.935,43.034763,0.001402,0,0,-0.4,-10.7,-2.6,1.04,0.19,-0.04
8589,42.94,42.94,43.040774,0.002413,0,0,-0.3,-10.8,-2.6,1.04,0.18,-0.04
8590,42.945,42.945,43.045758,0.002397,0,0,-0.2,-10.7,-2.3,1.04,0.17,-0.04
8591,42.95,42.95,43.049804,0.001443,0,0,-0.3,-10.7,-2.4,1.03,0.17,-0.04
8592,42.955,42.955,43.055066,0.001706,0,0,-0.4,-10.7,-3,1.04,0.19,-0.04
8593,42.96,42.96,43.060755,0.002394,0,0,-0.4,-10.8,-2.7,1.04,0.19,-0.05
8594,42.965,42.965,43.064736,0.001375,0,0,-0.3,-10.8,-2.1,1.04,0.18,-0.04
8595,42.97,42.97,43.069791,0.00143,0,0,-0.3,-10.9,-2.9,1.03,0.19,-0.05
8596,42.975,42.975,43.07579,0.002429,0,0,-0.4,-10.8,-2.9,1.03,0.19,-0.05
8597,42.98,42.980001,43.079766,0.001404,9.99999997475243e-07,0,-0.4,-10.8,-3.5,1.03,0.2,-0.04
8598,42.985,42.985,43.084735,0.001373,0,0,-0.3,-10.8,-2.7,1.03,0.19,-0.04
8599,42.99,42.99,43.090763,0.002401,0,0,-0.2,-10.8,-2.4,1.03,0.18,-0.04
8600,42.995,42.995,43.095707,0.002346,0,0,-0.3,-10.8,-1.7,1.04,0.18,-0.03
8601,43,43,43.099761,0.001399,0,0,-0.2,-10.7,-2,1.04,0.17,-0.03
8602,43.005,43.005,43.104892,0.001531,0,0,-0.2,-10.7,-2.1,1.04,0.17,-0.04
8603,43.01,43.01,43.110772,0.002411,0,0,-0.4,-10.8,-2.1,1.04,0.18,-0.04
8604,43.015,43.015,43.114695,0.001333,0,0,-0.3,-10.7,-2.6,1.04,0.19,-0.04
8605,43.02,43.02,43.119814,0.001454,0,0,-0.2,-10.6,-2.5,1.04,0.18,-0.04
8606,43.025,43.025,43.125776,0.002415,0,0,-0.2,-10.7,-2.5,1.03,0.18,-0.04
8607,43.03,43.03,43.130834,0.002472,0,0,-0.2,-10.7,-1.6,1.04,0.17,-0.04
8608,43.035,43.035001,43.134779,0.001417,9.99999997475243e-07,0,-0.3,-10.7,-2,1.04,0.17,-0.04
8609,43.04,43.04,43.140773,0.002413,0,0,-0.3,-10.8,-2,1.04,0.18,-0.04
8610,43.045,43.045,43.144827,0.001465,0,0,-0.3,-10.8,-1.8,1.05,0.18,-0.03
8611,43.05,43.050001,43.149709,0.001347,9.99999997475243e-07,0,-0.2,-10.7,-1.8,1.04,0.18,-0.03
8612,43.055,43.055,43.15487,0.00151,0,0,-0.2,-10.7,-1.7,1.04,0.17,-0.03
8613,43.06,43.06,43.160721,0.00236,0,0,-0.4,-10.7,-2.3,1.04,0.19,-0.04
8614,43.065,43.065,43.164756,0.001394,0,0,-0.3,-10.8,-2.5,1.04,0.18,-0.04
8615,43.07,43.07,43.169755,0.001395,0,0,-0.4,-10.7,-2.9,1.03,0.19,-0.04
8616,43.075,43.075,43.175712,0.002351,0,0,-0.4,-10.7,-3,1.03,0.19,-0.04
8617,43.08,43.08,43.180921,0.002559,0,0,-0.2,-10.7,-2.3,1.04,0.17,-0.03
8618,43.085,43.085,43.184703,0.001341,0,0,-0.4,-10.8,-2.2,1.04,0.19,-0.04
8619,43.09,43.09,43.190741,0.00238,0,0,-0.4,-10.8,-1.8,1.05,0.18,-0.04
8620,43.095,43.095,43.195741,0.00238,0,0,-0.5,-10.8,-2,1.05,0.18,-0.04
8621,43.1,43.1,43.199733,0.001372,0,0,-0.5,-10.8,-2.6,1.04,0.19,-0.05
8622,43.105,43.105001,43.204801,0.001439,9.99999997475243e-07,0,-0.5,-10.8,-2.7,1.04,0.2,-0.05
8623,43.11,43.11,43.210735,0.002374,0,0,-0.4,-10.7,-3.2,1.03,0.2,-0.04
8624,43.115,43.115,43.214819,0.001457,0,0,-0.5,-10.7,-2.8,1.03,0.19,-0.04
8625,43.12,43.12,43.219777,0.001416,0,0,-0.4,-10.7,-2.9,1.03,0.2,-0.04
8626,43.125,43.125,43.225715,0.002354,0,0,-0.5,-10.8,-2.9,1.03,0.2,-0.04
8627,43.13,43.130001,43.229803,0.001441,9.99999997475243e-07,0,-0.4,-10.8,-2.9,1.03,0.2,-0.04
8628,43.135,43.135,43.234766,0.001406,0,0,-0.3,-10.8,-3.1,1.03,0.2,-0.04
8629,43.14,43.14,43.240698,0.002337,0,0,-0.3,-10.7,-2.7,1.03,0.19,-0.04
8630,43.145,43.145,43.246071,0.002712,0,0,-0.4,-10.8,-2.3,1.03,0.19,-0.04
8631,43.15,43.15,43.249783,0.001421,0,0,-0.4,-10.8,-1.7,1.04,0.18,-0.03
8632,43.155,43.155,43.255732,0.002371,0,0,-0.3,-10.7,-1.9,1.04,0.17,-0.03
8633,43.16,43.160001,43.260738,0.002376,9.99999997475243e-07,0,-0.3,-10.7,-2.6,1.03,0.18,-0.03
8634,43.165,43.165,43.264711,0.001349,0,0,-0.2,-10.8,-2.2,1.04,0.18,-0.04
8635,43.17,43.17,43.269855,0.001494,0,0,-0.2,-10.7,-2.4,1.03,0.18,-0.04
8636,43.175,43.175001,43.275776,0.002413,9.99999997475243e-07,0,-0.3,-10.7,-2.4,1.04,0.18,-0.04
8637,43.18,43.18,43.279737,0.001375,0,0,-0.2,-10.7,-2.3,1.04,0.18,-0.04
8638,43.185,43.185,43.284785,0.001424,0,0,-0.2,-10.6,-2.1,1.05,0.17,-0.04
8639,43.19,43.19,43.290729,0.002368,0,0,-0.3,-10.7,-1.9,1.05,0.18,-0.04
8640,43.195,43.195,43.294669,0.001308,0,0,-0.4,-10.8,-1.7,1.05,0.18,-0.04
8641,43.2,43.2,43.299675,0.001314,0,0,-0.6,-10.8,-2.3,1.04,0.19,-0.04
8642,43.205,43.205,43.305722,0.002361,0,0,-0.8,-10.9,-2.6,1.04,0.21,-0.04
8643,43.21,43.21,43.310727,0.002366,0,0,-0.6,-10.8,-2.6,1.04,0.2,-0.04
8644,43.215,43.215,43.314733,0.001371,0,0,-0.6,-10.8,-2.8,1.04,0.2,-0.04
8645,43.22,43.22,43.320706,0.002345,0,0,-0.4,-10.8,-2.2,1.04,0.18,-0.04
8646,43.225,43.225186,43.326018,0.002469,0.000185999999999353,0,-0.3,-10.8,-2.1,1.04,0.18,-0.04
8647,43.23,43.230001,43.329776,0.001414,9.99999997475243e-07,0,-0.4,-10.7,-2,1.05,0.18,-0.04
8648,43.235,43.235,43.335054,0.001694,0,0,-0.4,-10.7,-2,1.04,0.19,-0.04
8649,43.24,43.24,43.340827,0.002465,0,0,-0.5,-10.8,-1.9,1.05,0.19,-0.04
8650,43.245,43.245,43.344799,0.001437,0,0,-0.5,-10.8,-2.4,1.04,0.19,-0.04
8651,43.25,43.25,43.349883,0.001521,0,0,-0.5,-10.8,-2.9,1.04,0.2,-0.04
8652,43.255,43.255,43.355763,0.002401,0,0,-0.6,-10.8,-2.8,1.04,0.2,-0.04
8653,43.26,43.26,43.359735,0.001374,0,0,-0.5,-10.8,-2.7,1.04,0.2,-0.04
8654,43.265,43.265,43.364865,0.001503,0,0,-0.4,-10.9,-2.5,1.04,0.19,-0.04
8655,43.27,43.27,43.370765,0.002404,0,0,-0.4,-10.8,-3,1.03,0.19,-0.05
8656,43.275,43.275,43.374692,0.001331,0,0,-0.4,-10.7,-2.8,1.03,0.19,-0.04
8657,43.28,43.28,43.379718,0.001357,0,0,-0.3,-10.7,-2.1,1.04,0.18,-0.04
8658,43.285,43.285001,43.385741,0.002379,9.99999997475243e-07,0,-0.2,-10.7,-1.9,1.04,0.18,-0.04
8659,43.29,43.29,43.389728,0.001366,0,0,-0.3,-10.7,-2.8,1.03,0.19,-0.04
8660,43.295,43.295,43.394744,0.001383,0,0,-0.3,-10.8,-3.2,1.03,0.2,-0.04
8661,43.3,43.300001,43.400749,0.002386,9.99999997475243e-07,0,-0.2,-10.7,-3.2,1.03,0.19,-0.04
8662,43.305,43.305,43.404701,0.001341,0,0,-0.2,-10.7,-3,1.03,0.18,-0.04
8663,43.31,43.31,43.409798,0.001436,0,0,-0.2,-10.8,-2.7,1.03,0.18,-0.04
8664,43.315,43.315,43.415823,0.002462,0,0,-0.3,-10.7,-2.7,1.04,0.18,-0.04
8665,43.32,43.32,43.419759,0.001398,0,0,-0.4,-10.7,-2.9,1.03,0.19,-0.04
8666,43.325,43.325,43.424781,0.001419,0,0,-0.4,-10.7,-3.3,1.03,0.19,-0.04
8667,43.33,43.330001,43.429887,0.001525,1.00000000458067e-06,0,-0.5,-10.8,-3.4,1.03,0.2,-0.05
8668,43.335,43.335,43.435719,0.002357,0,0,-0.5,-10.7,-3.5,1.03,0.2,-0.05
8669,43.34,43.34,43.439771,0.001411,0,0,-0.6,-10.8,-2.9,1.04,0.2,-0.05
8670,43.345,43.345,43.444796,0.001435,0,0,-0.6,-10.8,-3.2,1.04,0.21,-0.05
8671,43.35,43.35,43.450724,0.002363,0,0,-0.5,-10.9,-3.4,1.03,0.21,-0.05
8672,43.355,43.355001,43.454683,0.001321,9.99999997475243e-07,0,-0.6,-10.9,-3.2,1.03,0.2,-0.05
8673,43.36,43.360001,43.45983,0.001467,9.99999997475243e-07,0,-0.5,-10.9,-3,1.03,0.19,-0.04
8674,43.365,43.365,43.465837,0.002475,0,0,-0.4,-10.9,-2.7,1.04,0.19,-0.04
8675,43.37,43.37,43.470788,0.002426,0,0,-0.5,-10.8,-2.9,1.04,0.2,-0.04
8676,43.375,43.375,43.4747,0.001339,0,0,-0.4,-10.8,-2.5,1.04,0.19,-0.04
8677,43.38,43.380001,43.479821,0.00146,9.99999997475243e-07,0,-0.3,-10.7,-2.9,1.03,0.19,-0.03
8678,43.385,43.385,43.4857,0.002339,0,0,-0.4,-10.8,-2.9,1.04,0.2,-0.03
8679,43.39,43.39,43.489704,0.001344,0,0,-0.3,-10.9,-3.1,1.04,0.19,-0.04
8680,43.395,43.395,43.494751,0.00139,0,0,-0.4,-10.8,-3,1.04,0.19,-0.04
8681,43.4,43.4,43.500741,0.00238,0,0,-0.5,-10.7,-3.1,1.03,0.21,-0.04
8682,43.405,43.405,43.505706,0.002345,0,0,-0.5,-10.8,-2.6,1.03,0.2,-0.04
8683,43.41,43.410001,43.509704,0.001342,9.99999997475243e-07,0,-0.6,-10.9,-3.1,1.03,0.21,-0.04
8684,43.415,43.415,43.514926,0.001564,0,0,-0.7,-10.9,-2.8,1.03,0.21,-0.04
8685,43.42,43.42,43.520721,0.00236,0,0,-0.7,-10.7,-3.5,1.03,0.22,-0.04
8686,43.425,43.425001,43.524675,0.001313,9.99999997475243e-07,0,-0.5,-10.8,-3,1.04,0.21,-0.04
8687,43.43,43.43,43.529756,0.001395,0,0,-0.4,-10.7,-2.8,1.04,0.19,-0.04
8688,43.435,43.435,43.535773,0.002413,0,0,-0.6,-10.7,-2.8,1.03,0.2,-0.03
8689,43.44,43.44,43.539705,0.001343,0,0,-0.6,-10.8,-2.9,1.03,0.21,-0.04
8690,43.445,43.445,43.544762,0.0014,0,0,-0.5,-10.8,-2.7,1.03,0.2,-0.04
8691,43.45,43.45,43.55071,0.002349,0,0,-0.4,-10.8,-3.1,1.03,0.19,-0.05
8692,43.455,43.455,43.555689,0.002328,0,0,-0.5,-10.7,-3.5,1.03,0.2,-0.05
8693,43.46,43.46,43.559683,0.001326,0,0,-0.5,-10.7,-3.6,1.03,0.2,-0.04
8694,43.465,43.465,43.564886,0.001524,0,0,-0.5,-10.7,-3.6,1.03,0.21,-0.04
8695,43.47,43.47,43.570723,0.002362,0,0,-0.3,-10.8,-3,1.03,0.2,-0.04
8696,43.475,43.475,43.574677,0.001316,0,0,-0.4,-10.8,-2.7,1.03,0.2,-0.04
8697,43.48,43.480001,43.579814,0.001441,9.99999997475243e-07,0,-0.4,-10.7,-2.1,1.03,0.19,-0.03
8698,43.485,43.485,43.585705,0.002344,0,0,-0.4,-10.8,-1.9,1.04,0.18,-0.03
8699,43.49,43.49,43.589776,0.001415,0,0,-0.3,-10.7,-1.6,1.04,0.18,-0.03
8700,43.495,43.495,43.594741,0.00138,0,0,-0.3,-10.8,-1.8,1.04,0.17,-0.03
8701,43.5,43.5,43.600709,0.002348,0,0,-0.3,-10.8,-2,1.04,0.18,-0.04
8702,43.505,43.505,43.605807,0.002447,0,0,-0.3,-10.8,-2.3,1.04,0.19,-0.03
8703,43.51,43.51,43.609748,0.001387,0,0,-0.4,-10.7,-2.7,1.04,0.18,-0.04
8704,43.515,43.515,43.614838,0.001476,0,0,-0.3,-10.7,-2.6,1.04,0.18,-0.04
8705,43.52,43.52,43.620719,0.002358,0,0,-0.3,-10.8,-2.6,1.04,0.18,-0.04
8706,43.525,43.525,43.624689,0.001328,0,0,-0.3,-10.8,-2.2,1.04,0.18,-0.04
8707,43.53,43.53,43.629672,0.001311,0,0,-0.4,-10.7,-2.6,1.04,0.18,-0.04
8708,43.535,43.535001,43.635758,0.002397,9.99999997475243e-07,0,-0.5,-10.8,-2.9,1.04,0.19,-0.04
8709,43.54,43.54,43.639722,0.00136,0,0,-0.4,-10.7,-2.3,1.04,0.19,-0.04
8710,43.545,43.545,43.6447,0.001339,0,0,-0.5,-10.7,-2.3,1.04,0.19,-0.04
8711,43.55,43.550002,43.650805,0.002443,1.99999999495049e-06,0,-0.2,-10.8,-2.1,1.04,0.18,-0.04
8712,43.555,43.555,43.655706,0.002345,0,0,-0.3,-10.8,-2.7,1.03,0.19,-0.04
8713,43.56,43.56,43.659703,0.001343,0,0,-0.4,-10.7,-2.8,1.04,0.19,-0.04
8714,43.565,43.565,43.665749,0.002387,0,0,-0.5,-10.7,-2.4,1.04,0.19,-0.04
8715,43.57,43.57,43.67069,0.002329,0,0,-0.2,-10.8,-2,1.04,0.18,-0.04
8716,43.575,43.575,43.674711,0.00135,0,0,-0.3,-10.8,-3.3,1.04,0.19,-0.04
8717,43.58,43.580001,43.68008,0.001719,1.00000000458067e-06,0,-0.3,-10.8,-3,1.04,0.18,-0.04
8718,43.585,43.585,43.685749,0.002388,0,0,-0.4,-10.7,-3.3,1.04,0.19,-0.04
8719,43.59,43.59,43.689671,0.00131,0,0,-0.4,-10.7,-3.2,1.03,0.19,-0.04
8720,43.595,43.595,43.695199,0.001839,0,0,-0.4,-10.8,-2.8,1.04,0.18,-0.04
8721,43.6,43.600002,43.70107,0.002707,2.00000000205591e-06,0,-0.3,-10.7,-2.7,1.03,0.18,-0.04
8722,43.605,43.605001,43.704737,0.001374,9.99999997475243e-07,0,-0.2,-10.7,-2.8,1.03,0.18,-0.04
8723,43.61,43.61,43.710805,0.002443,0,0,-0.3,-10.7,-2.6,1.03,0.19,-0.04
8724,43.615,43.615001,43.715906,0.002544,9.99999997475243e-07,0,-0.4,-10.7,-1.8,1.03,0.18,-0.04
8725,43.62,43.62,43.719729,0.001367,0,0,-0.5,-10.8,-2.8,1.03,0.2,-0.04
8726,43.625,43.625,43.724886,0.001524,0,0,-0.6,-10.8,-2.7,1.03,0.19,-0.03
8727,43.63,43.63,43.730757,0.002396,0,0,-0.5,-10.8,-2.8,1.03,0.2,-0.04
8728,43.635,43.635,43.734802,0.00144,0,0,-0.4,-10.7,-2.4,1.03,0.18,-0.03
8729,43.64,43.64,43.739835,0.001474,0,0,-0.4,-10.8,-2.4,1.03,0.19,-0.04
8730,43.645,43.645,43.745933,0.002572,0,0,-0.3,-10.8,-2.4,1.03,0.18,-0.04
8731,43.65,43.650001,43.749937,0.001576,1.00000000458067e-06,0,-0.5,-10.8,-3.2,1.02,0.2,-0.04
8732,43.655,43.655001,43.755062,0.0017,9.99999997475243e-07,0,-0.5,-10.7,-3.4,1.02,0.2,-0.04
8733,43.66,43.660001,43.760723,0.002361,9.99999997475243e-07,0,-0.4,-10.8,-2.8,1.03,0.2,-0.04
8734,43.665,43.665,43.764736,0.001374,0,0,-0.3,-10.8,-2.9,1.03,0.19,-0.04
8735,43.67,43.67,43.769723,0.001362,0,0,-0.2,-10.7,-2.7,1.03,0.18,-0.04
8736,43.675,43.675001,43.7757,0.002338,9.99999997475243e-07,0,-0.4,-10.8,-2.9,1.04,0.19,-0.04
8737,43.68,43.680001,43.780903,0.00254,9.99999997475243e-07,0,-0.3,-10.7,-3,1.03,0.19,-0.04
8738,43.685,43.685,43.784708,0.001347,0,0,-0.4,-10.8,-2.8,1.04,0.18,-0.05
8739,43.69,43.69,43.790883,0.002523,0,0,-0.4,-10.8,-3.9,1.03,0.2,-0.05
8740,43.695,43.695,43.795797,0.002436,0,0,-0.4,-10.7,-3.7,1.03,0.19,-0.05
8741,43.7,43.7,43.799711,0.00135,0,0,-0.3,-10.7,-3.3,1.03,0.19,-0.05
8742,43.705,43.705,43.804977,0.001615,0,0,-0.3,-10.9,-3.4,1.03,0.19,-0.05
8743,43.71,43.71,43.810798,0.002437,0,0,-0.2,-10.7,-2.5,1.04,0.17,-0.04
8744,43.715,43.715,43.814743,0.001383,0,0,-0.3,-10.9,-2.6,1.04,0.18,-0.04
8745,43.72,43.72,43.819783,0.001421,0,0,-0.3,-10.8,-1.9,1.04,0.17,-0.04
8746,43.725,43.725001,43.825938,0.002576,9.99999997475243e-07,0,-0.3,-10.8,-1.8,1.04,0.17,-0.04
8747,43.73,43.730001,43.830748,0.002386,9.99999997475243e-07,0,-0.3,-10.7,-2.1,1.04,0.18,-0.04
8748,43.735,43.735,43.834723,0.001362,0,0,-0.4,-10.7,-2,1.04,0.18,-0.04
8749,43.74,43.74,43.840742,0.002381,0,0,-0.4,-10.7,-3,1.03,0.19,-0.04
8750,43.745,43.745,43.845798,0.002437,0,0,-0.4,-10.7,-2.8,1.03,0.19,-0.04
8751,43.75,43.75,43.849688,0.001327,0,0,-0.3,-10.6,-3.2,1.03,0.18,-0.04
8752,43.755,43.755,43.855736,0.002375,0,0,-0.3,-10.6,-2.8,1.03,0.18,-0.03
8753,43.76,43.76,43.860771,0.002411,0,0,-0.3,-10.6,-3.2,1.03,0.18,-0.04
8754,43.765,43.765,43.864705,0.001344,0,0,-0.2,-10.7,-2.7,1.04,0.17,-0.04
8755,43.77,43.77,43.87011,0.001749,0,0,-0.2,-10.7,-2.3,1.04,0.18,-0.04
8756,43.775,43.775,43.875788,0.002426,0,0,-0.3,-10.8,-2.4,1.05,0.18,-0.04
8757,43.78,43.78,43.879734,0.001373,0,0,-0.4,-10.8,-2.6,1.04,0.19,-0.04
8758,43.785,43.785001,43.88468,0.001319,9.99999997475243e-07,0,-0.3,-10.8,-2.8,1.04,0.19,-0.04
8759,43.79,43.79,43.890699,0.002338,0,0,-0.3,-10.8,-2.5,1.04,0.18,-0.04
8760,43.795,43.795,43.894674,0.001312,0,0,-0.3,-10.8,-2.4,1.04,0.17,-0.04
8761,43.8,43.800001,43.89968,0.001318,9.99999997475243e-07,0,-0.3,-10.8,-2.8,1.04,0.18,-0.05
8762,43.805,43.805,43.905723,0.002362,0,0,-0.2,-10.8,-2.7,1.04,0.18,-0.04
8763,43.81,43.81,43.910698,0.002336,0,0,-0.6,-10.9,-2.8,1.04,0.2,-0.04
8764,43.815,43.815,43.914699,0.001338,0,0,-0.6,-10.9,-2.9,1.04,0.2,-0.04
8765,43.82,43.82,43.919804,0.001443,0,0,-0.7,-10.9,-2.7,1.04,0.2,-0.04
8766,43.825,43.825001,43.925966,0.002603,9.99999997475243e-07,0,-0.7,-10.9,-3.1,1.04,0.21,-0.04
8767,43.83,43.83,43.929717,0.001356,0,0,-0.6,-10.8,-3.3,1.03,0.2,-0.05
8768,43.835,43.835,43.934698,0.001337,0,0,-0.6,-10.7,-3.5,1.03,0.21,-0.05
8769,43.84,43.84,43.940826,0.002465,0,0,-0.6,-10.8,-2.9,1.03,0.19,-0.04
8770,43.845,43.845,43.945884,0.002524,0,0,-0.5,-10.8,-2.9,1.03,0.19,-0.04
8771,43.85,43.85,43.949791,0.00143,0,0,-0.4,-10.7,-3.3,1.03,0.19,-0.04
8772,43.855,43.855002,43.955156,0.001793,1.99999999495049e-06,0,-0.4,-10.7,-3.5,1.03,0.2,-0.04
8773,43.86,43.860001,43.961022,0.002659,9.99999997475243e-07,0,-0.5,-10.8,-2.7,1.03,0.2,-0.04
8774,43.865,43.865,43.964782,0.001421,0,0,-0.5,-10.8,-2.7,1.04,0.19,-0.04
8775,43.87,43.870001,43.970069,0.001707,1.00000000458067e-06,0,-0.4,-10.7,-2.5,1.04,0.18,-0.04
8776,43.875,43.875001,43.975878,0.002516,9.99999997475243e-07,0,-0.5,-10.7,-2.6,1.04,0.18,-0.04
8777,43.88,43.88,43.979695,0.001334,0,0,-0.3,-10.8,-2.5,1.05,0.18,-0.04
8778,43.885,43.885,43.985709,0.002348,0,0,-0.4,-10.8,-2.2,1.04,0.18,-0.04
8779,43.89,43.89,43.990735,0.002372,0,0,-0.3,-10.7,-2.9,1.04,0.18,-0.05
8780,43.895,43.895,43.994746,0.001384,0,0,-0.4,-10.8,-2.8,1.04,0.19,-0.04
8781,43.9,43.9,43.999735,0.001373,0,0,-0.5,-10.8,-2.7,1.04,0.19,-0.04
8782,43.905,43.905,44.005721,0.00236,0,0,-0.4,-10.7,-2.3,1.04,0.18,-0.04
8783,43.91,43.910001,44.00971,0.001348,9.99999997475243e-07,0,-0.3,-10.7,-2.1,1.04,0.17,-0.03
8784,43.915,43.915001,44.01501,0.001647,9.99999997475243e-07,0,-0.4,-10.8,-2.5,1.04,0.18,-0.04
8785,43.92,43.92,44.020776,0.002414,0,0,-0.4,-10.8,-2.5,1.04,0.18,-0.04
8786,43.925,43.925001,44.025845,0.002482,9.99999997475243e-07,0,-0.6,-10.8,-2.8,1.04,0.2,-0.04
8787,43.93,43.93,44.029813,0.001451,0,0,-0.6,-10.8,-2.9,1.04,0.2,-0.04
8788,43.935,43.935,44.035759,0.002398,0,0,-0.4,-10.8,-2.4,1.04,0.19,-0.03
8789,43.94,43.94,44.040739,0.002378,0,0,-0.4,-10.7,-2.6,1.04,0.19,-0.04
8790,43.945,43.945001,44.044785,0.001423,9.99999997475243e-07,0,-0.3,-10.7,-2.4,1.04,0.18,-0.04
8791,43.95,43.95,44.049799,0.001438,0,0,-0.4,-10.7,-2.3,1.04,0.19,-0.04
8792,43.955,43.955,44.055735,0.002375,0,0,-0.4,-10.7,-2.8,1.03,0.19,-0.04
8793,43.96,43.96,44.060763,0.002401,0,0,-0.4,-10.7,-3,1.04,0.18,-0.04
8794,43.965,43.965,44.065061,0.0017,0,0,-0.3,-10.7,-2.8,1.04,0.18,-0.04
8795,43.97,43.97,44.070785,0.002423,0,0,-0.2,-10.7,-2.6,1.04,0.18,-0.04
8796,43.975,43.975,44.074729,0.001368,0,0,-0.4,-10.6,-2.7,1.04,0.18,-0.04
8797,43.98,43.980001,44.079898,0.001536,9.99999997475243e-07,0,-0.4,-10.6,-2.7,1.04,0.19,-0.04
8798,43.985,43.985,44.08577,0.002408,0,0,-0.4,-10.7,-2,1.05,0.17,-0.04
8799,43.99,43.99,44.089709,0.001348,0,0,-0.4,-10.7,-1.6,1.05,0.17,-0.04
8800,43.995,43.995,44.094803,0.001441,0,0,-0.4,-10.8,-2.5,1.05,0.18,-0.04
8801,44,44,44.100727,0.002367,0,0,-0.5,-10.8,-2.7,1.05,0.19,-0.04
8802,44.005,44.005,44.104698,0.001336,0,0,-0.7,-10.8,-3,1.04,0.2,-0.04
8803,44.01,44.01,44.109798,0.001437,0,0,-0.5,-10.8,-2.7,1.04,0.19,-0.04
8804,44.015,44.015,44.115772,0.002412,0,0,-0.5,-10.8,-3.2,1.04,0.19,-0.04
8805,44.02,44.02,44.120725,0.002363,0,0,-0.4,-10.8,-3.1,1.04,0.18,-0.04
8806,44.025,44.025,44.124691,0.00133,0,0,-0.3,-10.8,-3.3,1.03,0.18,-0.04
8807,44.03,44.03,44.129915,0.001554,0,0,-0.3,-10.7,-3.6,1.03,0.19,-0.04
8808,44.035,44.035001,44.13581,0.002449,9.99999997475243e-07,0,-0.5,-10.7,-2.8,1.04,0.18,-0.04
8809,44.04,44.04,44.139835,0.001475,0,0,-0.4,-10.8,-2.7,1.04,0.18,-0.04
8810,44.045,44.045,44.145216,0.001855,0,0,-0.5,-10.7,-2.7,1.04,0.19,-0.04
8811,44.05,44.050002,44.150867,0.002503,1.99999999495049e-06,0,-0.4,-10.7,-2.8,1.04,0.18,-0.04
8812,44.055,44.055,44.154708,0.001346,0,0,-0.3,-10.6,-2.8,1.04,0.18,-0.04
8813,44.06,44.06,44.15969,0.001329,0,0,-0.5,-10.7,-3.2,1.04,0.2,-0.04
8814,44.065,44.065,44.165821,0.002459,0,0,-0.5,-10.7,-2.6,1.04,0.19,-0.04
8815,44.07,44.07,44.169739,0.001378,0,0,-0.4,-10.7,-2.9,1.04,0.19,-0.04
8816,44.075,44.075,44.174805,0.001444,0,0,-0.4,-10.7,-2.8,1.04,0.2,-0.04
8817,44.08,44.08,44.179876,0.001515,0,0,-0.3,-10.6,-3,1.03,0.19,-0.04
8818,44.085,44.085,44.185796,0.002435,0,0,-0.3,-10.7,-2.4,1.04,0.18,-0.04
8819,44.09,44.09,44.189831,0.00147,0,0,-0.3,-10.7,-1.8,1.04,0.17,-0.04
8820,44.095,44.095,44.194785,0.001424,0,0,-0.5,-10.8,-2.5,1.04,0.19,-0.04
8821,44.1,44.1,44.200809,0.002447,0,0,-0.5,-10.8,-2.7,1.04,0.19,-0.04
8822,44.105,44.105001,44.205808,0.002446,9.99999997475243e-07,0,-0.5,-10.8,-3.4,1.03,0.2,-0.04
8823,44.11,44.11,44.209725,0.001364,0,0,-0.3,-10.8,-2.9,1.03,0.18,-0.04
8824,44.115,44.115002,44.215653,0.002293,1.99999999495049e-06,0,-0.2,-10.8,-2.7,1.04,0.18,-0.04
8825,44.12,44.120002,44.220974,0.002611,2.00000000205591e-06,0,-0.3,-10.7,-2.2,1.04,0.17,-0.04
8826,44.125,44.125001,44.225135,0.001774,9.99999997475243e-07,0,-0.2,-10.8,-2.2,1.05,0.17,-0.04
8827,44.13,44.130001,44.230549,0.002189,9.99999997475243e-07,0,-0.3,-10.8,-2.8,1.04,0.19,-0.04
8828,44.135,44.135004,44.235672,0.002307,4.00000000411183e-06,0,-0.2,-10.7,-2.7,1.04,0.18,-0.04
8829,44.14,44.140001,44.241109,0.002749,9.99999997475243e-07,0,-0.2,-10.8,-3,1.04,0.18,-0.04
8830,44.145,44.145001,44.245226,0.001864,9.99999997475243e-07,0,-0.4,-10.8,-3.2,1.04,0.19,-0.04
8831,44.15,44.15,44.250924,0.002562,0,0,-0.4,-10.7,-3.5,1.03,0.2,-0.04
8832,44.155,44.155,44.25481,0.001449,0,0,-0.4,-10.7,-2.9,1.04,0.19,-0.04
8833,44.16,44.160001,44.259754,0.001391,9.99999997475243e-07,0,-0.5,-10.8,-2.7,1.04,0.2,-0.04
8834,44.165,44.165001,44.265889,0.002527,9.99999997475243e-07,0,-0.2,-10.8,-2.7,1.03,0.19,-0.04
8835,44.17,44.17,44.269853,0.001491,0,0,-0.2,-10.7,-3.2,1.03,0.19,-0.04
8836,44.175,44.175002,44.275161,0.001799,1.99999999495049e-06,0,-0.2,-10.7,-2.8,1.04,0.18,-0.04
8837,44.18,44.180002,44.281148,0.002785,2.00000000205591e-06,0,-0.5,-10.8,-3.2,1.03,0.19,-0.04
8838,44.185,44.185,44.284782,0.00142,0,0,-0.5,-10.8,-3.3,1.03,0.19,-0.04
8839,44.19,44.19,44.289844,0.001484,0,0,-0.4,-10.7,-2.8,1.04,0.17,-0.04
8840,44.195,44.195,44.295762,0.0024,0,0,-0.3,-10.7,-1.8,1.04,0.16,-0.03
8841,44.2,44.2,44.299739,0.001378,0,0,-0.2,-10.7,-2.2,1.03,0.18,-0.03
8842,44.205,44.205,44.304829,0.001468,0,0,-0.2,-10.8,-2.1,1.04,0.18,-0.03
8843,44.21,44.21,44.310799,0.002438,0,0,-0.5,-10.9,-3,1.04,0.2,-0.04
8844,44.215,44.215,44.31475,0.001389,0,0,-0.5,-10.8,-2.9,1.04,0.2,-0.04
8845,44.22,44.22,44.320712,0.002351,0,0,-0.4,-10.8,-3.1,1.04,0.19,-0.04
8846,44.225,44.225,44.325719,0.002357,0,0,-0.5,-10.8,-3,1.04,0.2,-0.04
8847,44.23,44.230001,44.329731,0.001368,9.99999997475243e-07,0,-0.3,-10.8,-2.8,1.04,0.18,-0.04
8848,44.235,44.235,44.3349,0.001539,0,0,-0.2,-10.7,-3,1.04,0.18,-0.04
8849,44.24,44.24,44.340776,0.002415,0,0,-0.2,-10.8,-3,1.03,0.18,-0.04
8850,44.245,44.245,44.344708,0.001347,0,0,-0.2,-10.8,-2.7,1.04,0.18,-0.04
8851,44.25,44.25,44.349961,0.0016,0,0,-0.1,-10.7,-2.7,1.04,0.17,-0.04
8852,44.255,44.255001,44.355997,0.002636,9.99999997475243e-07,0,-0.3,-10.8,-2.8,1.04,0.19,-0.04
8853,44.26,44.26,44.359806,0.001446,0,0,-0.3,-10.8,-2.9,1.04,0.19,-0.04
8854,44.265,44.265,44.36505,0.001688,0,0,-0.3,-10.8,-2.6,1.04,0.19,-0.04
8855,44.27,44.27,44.370969,0.002607,0,0,-0.4,-10.8,-2.9,1.04,0.19,-0.03
8856,44.275,44.275001,44.374843,0.001481,1.00000000458067e-06,0,-0.3,-10.8,-3.1,1.03,0.19,-0.04
8857,44.28,44.28,44.379991,0.00163,0,0,-0.4,-10.8,-3.1,1.03,0.19,-0.04
8858,44.285,44.285001,44.385794,0.002431,9.99999997475243e-07,0,-0.6,-10.8,-3.3,1.04,0.19,-0.05
8859,44.29,44.29,44.389823,0.001462,0,0,-0.6,-10.8,-3.6,1.03,0.2,-0.05
8860,44.295,44.295,44.395021,0.001659,0,0,-0.5,-10.8,-3.2,1.04,0.2,-0.04
8861,44.3,44.300001,44.400932,0.002569,9.99999997475243e-07,0,-0.4,-10.9,-3.3,1.04,0.2,-0.04
8862,44.305,44.305,44.404738,0.001376,0,0,-0.3,-10.8,-2.8,1.04,0.18,-0.04
8863,44.31,44.31,44.41078,0.002419,0,0,-0.3,-10.8,-2.7,1.04,0.18,-0.04
8864,44.315,44.315,44.415797,0.002435,0,0,-0.3,-10.7,-2.9,1.03,0.18,-0.04
8865,44.32,44.32,44.419732,0.001371,0,0,-0.4,-10.7,-2.7,1.04,0.18,-0.04
8866,44.325,44.325,44.424849,0.001488,0,0,-0.4,-10.8,-3.1,1.03,0.19,-0.04
8867,44.33,44.33,44.430799,0.002438,0,0,-0.4,-10.7,-2.9,1.03,0.18,-0.04
8868,44.335,44.335,44.434718,0.001357,0,0,-0.5,-10.8,-3.6,1.03,0.2,-0.05
8869,44.34,44.34,44.440715,0.002353,0,0,-0.5,-10.7,-3.7,1.03,0.2,-0.04
8870,44.345,44.345,44.445792,0.002432,0,0,-0.5,-10.8,-3.8,1.03,0.2,-0.05
8871,44.35,44.35,44.449722,0.00136,0,0,-0.5,-10.9,-3.3,1.03,0.2,-0.04
8872,44.355,44.355001,44.454846,0.001485,9.99999997475243e-07,0,-0.4,-10.8,-3.2,1.04,0.19,-0.04
8873,44.36,44.36,44.460717,0.002356,0,0,-0.5,-10.9,-3.4,1.04,0.19,-0.04
8874,44.365,44.365,44.464683,0.001322,0,0,-0.5,-10.8,-2.8,1.04,0.18,-0.04
8875,44.37,44.37,44.469754,0.001393,0,0,-0.6,-10.8,-3.4,1.04,0.2,-0.05
8876,44.375,44.375,44.475723,0.002361,0,0,-0.7,-10.8,-3.1,1.04,0.2,-0.04
8877,44.38,44.38,44.479733,0.001371,0,0,-0.8,-10.9,-3,1.04,0.2,-0.04
8878,44.385,44.385,44.484683,0.001321,0,0,-0.6,-10.8,-2.7,1.04,0.19,-0.04
8879,44.39,44.39,44.490701,0.00234,0,0,-0.5,-10.8,-2.7,1.04,0.19,-0.04
8880,44.395,44.395,44.495692,0.002331,0,0,-0.4,-10.7,-2.9,1.04,0.18,-0.04
8881,44.4,44.4,44.499673,0.001312,0,0,-0.4,-10.8,-2.9,1.04,0.19,-0.04
8882,44.405,44.405,44.505687,0.002326,0,0,-0.3,-10.8,-2.5,1.04,0.18,-0.04
8883,44.41,44.410001,44.510675,0.002313,9.99999997475243e-07,0,-0.4,-10.8,-2.3,1.04,0.18,-0.04
8884,44.415,44.415,44.514686,0.001325,0,0,-0.5,-10.9,-2.5,1.04,0.19,-0.04
8885,44.42,44.42,44.51993,0.00157,0,0,-0.6,-10.9,-2.5,1.04,0.19,-0.04
8886,44.425,44.425001,44.52569,0.002328,9.99999997475243e-07,0,-0.5,-10.7,-2.7,1.04,0.19,-0.04
8887,44.43,44.43,44.529702,0.001341,0,0,-0.5,-10.7,-2.6,1.03,0.19,-0.04
8888,44.435,44.435,44.534893,0.001532,0,0,-0.6,-10.7,-3.2,1.03,0.2,-0.04
8889,44.44,44.44,44.540692,0.002331,0,0,-0.5,-10.6,-3.2,1.04,0.2,-0.05
8890,44.445,44.445,44.544682,0.001321,0,0,-0.4,-10.6,-2.9,1.04,0.18,-0.04
8891,44.45,44.45,44.549756,0.001395,0,0,-0.3,-10.6,-3.3,1.04,0.18,-0.04
8892,44.455,44.455,44.55578,0.002419,0,0,-0.2,-10.6,-3.6,1.03,0.19,-0.04
8893,44.46,44.46,44.55969,0.001329,0,0,-0.2,-10.7,-3.3,1.03,0.18,-0.04
8894,44.465,44.465,44.564976,0.001614,0,0,-0.2,-10.7,-3,1.03,0.18,-0.04
8895,44.47,44.47,44.570839,0.002478,0,0,-0.2,-10.8,-2.7,1.03,0.17,-0.04
8896,44.475,44.475,44.574696,0.001335,0,0,-0.3,-10.8,-2.8,1.03,0.18,-0.04
8897,44.48,44.480002,44.579788,0.001426,1.99999999495049e-06,0,-0.3,-10.7,-2.9,1.03,0.18,-0.04
8898,44.485,44.485,44.585734,0.002373,0,0,-0.4,-10.8,-2.4,1.04,0.19,-0.04
8899,44.49,44.49,44.590714,0.002353,0,0,-0.4,-10.8,-2.7,1.03,0.19,-0.04
8900,44.495,44.495,44.594683,0.001322,0,0,-0.3,-10.8,-2.8,1.04,0.19,-0.04
8901,44.5,44.500001,44.600764,0.002403,9.99999997475243e-07,0,-0.2,-10.8,-2.8,1.03,0.18,-0.04
8902,44.505,44.505,44.605793,0.002433,0,0,-0.3,-10.7,-2.9,1.04,0.19,-0.04
8903,44.51,44.51,44.609685,0.001324,0,0,-0.5,-10.8,-2.7,1.04,0.19,-0.04
8904,44.515,44.515,44.614794,0.001432,0,0,-0.5,-10.8,-3.1,1.04,0.19,-0.05
8905,44.52,44.52,44.620782,0.00242,0,0,-0.4,-10.8,-3.1,1.04,0.19,-0.04
8906,44.525,44.525001,44.625873,0.002511,1.00000000458067e-06,0,-0.5,-10.9,-3,1.05,0.2,-0.04
8907,44.53,44.53,44.629778,0.001416,0,0,-0.4,-10.9,-3.4,1.04,0.2,-0.04
8908,44.535,44.535001,44.635744,0.002382,9.99999997475243e-07,0,-0.6,-10.9,-3.5,1.04,0.22,-0.05
8909,44.54,44.54,44.640837,0.002475,0,0,-0.6,-10.7,-3.8,1.03,0.21,-0.05
8910,44.545,44.545,44.644716,0.001355,0,0,-0.5,-10.7,-3,1.03,0.2,-0.04
8911,44.55,44.550001,44.650735,0.002372,9.99999997475243e-07,0,-0.6,-10.7,-3.7,1.03,0.21,-0.04
8912,44.555,44.555,44.65574,0.002379,0,0,-0.6,-10.7,-3.7,1.03,0.21,-0.04
8913,44.56,44.56,44.65975,0.001388,0,0,-0.4,-10.7,-3.4,1.03,0.19,-0.04
8914,44.565,44.565,44.664898,0.001536,0,0,-0.5,-10.8,-2.9,1.04,0.19,-0.04
8915,44.57,44.57,44.670881,0.002519,0,0,-0.5,-10.7,-3.1,1.04,0.19,-0.04
8916,44.575,44.575001,44.674901,0.001539,9.99999997475243e-07,0,-0.3,-10.7,-3.1,1.03,0.19,-0.04
8917,44.58,44.580001,44.680252,0.001892,1.00000000458067e-06,0,-0.3,-10.8,-3.4,1.03,0.2,-0.04
8918,44.585,44.585001,44.684954,0.001592,9.99999997475243e-07,0,-0.3,-10.8,-2.8,1.03,0.19,-0.04
8919,44.59,44.59,44.690753,0.002391,0,0,-0.3,-10.8,-3.2,1.02,0.19,-0.04
8920,44.595,44.595001,44.694877,0.001516,1.00000000458067e-06,0,-0.4,-10.8,-2.6,1.03,0.19,-0.04
8921,44.6,44.600009,44.700173,0.001804,8.99999999859347e-06,0,-0.4,-10.7,-2.8,1.03,0.19,-0.04
8922,44.605,44.605002,44.706053,0.00269,1.99999999495049e-06,0,-0.4,-10.7,-2.4,1.03,0.18,-0.04
8923,44.61,44.610001,44.709896,0.001535,9.99999997475243e-07,0,-0.3,-10.7,-2.5,1.03,0.18,-0.04
8924,44.615,44.615001,44.71528,0.001918,9.99999997475243e-07,0,0,-10.6,-2.8,1.03,0.18,-0.04
8925,44.62,44.620001,44.721193,0.002832,1.00000000458067e-06,0,-0.1,-10.7,-2.3,1.03,0.18,-0.03
8926,44.625,44.625002,44.72537,0.002007,2.00000000205591e-06,0,-0.2,-10.8,-1.2,1.04,0.17,-0.03
8927,44.63,44.630001,44.731203,0.002842,9.99999997475243e-07,0,-0.3,-10.7,-1.1,1.04,0.17,-0.03
8928,44.635,44.635,44.734978,0.001616,0,0,-0.3,-10.7,-1.7,1.04,0.17,-0.03
8929,44.64,44.64,44.739806,0.001444,0,0,-0.3,-10.8,-1.8,1.03,0.18,-0.03
8930,44.645,44.645,44.745858,0.002496,0,0,-0.5,-10.8,-1.6,1.04,0.18,-0.03
8931,44.65,44.65,44.7498,0.001439,0,0,-0.5,-10.8,-1.9,1.04,0.18,-0.03
8932,44.655,44.655001,44.755195,0.001832,9.99999997475243e-07,0,-0.4,-10.7,-2.3,1.04,0.19,-0.03
8933,44.66,44.660001,44.760962,0.0026,9.99999997475243e-07,0,-0.5,-10.8,-1.9,1.04,0.18,-0.04
8934,44.665,44.665001,44.765036,0.001675,9.99999997475243e-07,0,-0.4,-10.8,-1.7,1.05,0.18,-0.04
8935,44.67,44.67,44.770153,0.001792,0,0,-0.4,-10.7,-2.4,1.04,0.18,-0.04
8936,44.675,44.675001,44.776696,0.003336,9.99999997475243e-07,0,-0.4,-10.8,-2.8,1.04,0.2,-0.04
8937,44.68,44.680001,44.781759,0.003397,9.99999997475243e-07,0,-0.4,-10.8,-2.8,1.03,0.19,-0.04
8938,44.685,44.685002,44.785132,0.001769,1.99999999495049e-06,0,-0.4,-10.8,-2.5,1.03,0.19,-0.05
8939,44.69,44.690001,44.790909,0.002547,1.00000000458067e-06,0,-0.3,-10.9,-2.4,1.03,0.18,-0.04
8940,44.695,44.695,44.794726,0.001365,0,0,-0.3,-10.9,-2.7,1.04,0.18,-0.04
8941,44.7,44.7,44.800913,0.002551,0,0,-0.1,-10.6,-2.6,1.04,0.17,-0.04
8942,44.705,44.705,44.804734,0.001372,0,0,-0.3,-10.7,-3,1.03,0.18,-0.04
8943,44.71,44.71,44.809784,0.001423,0,0,-0.4,-10.7,-2.8,1.03,0.18,-0.04
8944,44.715,44.715,44.814741,0.001379,0,0,-0.3,-10.7,-2.2,1.03,0.17,-0.04
8945,44.72,44.72,44.820752,0.002391,0,0,-0.3,-10.7,-2.7,1.03,0.18,-0.04
8946,44.725,44.725,44.824704,0.001343,0,0,-0.3,-10.8,-2.8,1.03,0.19,-0.04
8947,44.73,44.730001,44.830009,0.001647,9.99999997475243e-07,0,-0.3,-10.7,-3,1.03,0.19,-0.04
8948,44.735,44.735,44.835738,0.002377,0,0,-0.3,-10.7,-2.6,1.04,0.18,-0.04
8949,44.74,44.74,44.839723,0.001363,0,0,-0.3,-10.8,-2.8,1.03,0.19,-0.03
8950,44.745,44.745,44.84475,0.001389,0,0,-0.3,-10.9,-2.7,1.03,0.19,-0.03
8951,44.75,44.75,44.850746,0.002385,0,0,-0.2,-10.9,-2.9,1.03,0.19,-0.03
8952,44.755,44.755,44.855726,0.002365,0,0,-0.3,-10.8,-3.3,1.03,0.19,-0.04
8953,44.76,44.760001,44.859684,0.001322,1.00000000458067e-06,0,-0.4,-10.8,-3.2,1.03,0.19,-0.04
8954,44.765,44.765,44.864763,0.001402,0,0,-0.4,-10.9,-3.2,1.04,0.2,-0.04
8955,44.77,44.77,44.870719,0.002359,0,0,-0.6,-10.9,-2.7,1.04,0.19,-0.04
8956,44.775,44.775,44.874694,0.001333,0,0,-0.4,-10.8,-3.3,1.04,0.19,-0.04
8957,44.78,44.78,44.879707,0.001345,0,0,-0.4,-10.8,-2.8,1.04,0.19,-0.04
8958,44.785,44.785001,44.88585,0.002487,9.99999997475243e-07,0,-0.4,-10.7,-2.4,1.04,0.18,-0.04
8959,44.79,44.79,44.890713,0.002352,0,0,-0.4,-10.7,-2.1,1.03,0.17,-0.03
8960,44.795,44.795,44.894761,0.001401,0,0,-0.5,-10.7,-2.5,1.04,0.18,-0.04
8961,44.8,44.800001,44.899867,0.001504,9.99999997475243e-07,0,-0.3,-10.6,-2.4,1.04,0.18,-0.04
8962,44.805,44.805,44.905733,0.002371,0,0,-0.2,-10.7,-2.7,1.04,0.18,-0.04
8963,44.81,44.81,44.909702,0.00134,0,0,-0.3,-10.7,-3,1.04,0.18,-0.04
8964,44.815,44.815,44.91479,0.001429,0,0,-0.4,-10.7,-3.6,1.03,0.2,-0.05
8965,44.82,44.82,44.92082,0.002458,0,0,-0.4,-10.7,-3.3,1.04,0.2,-0.05
8966,44.825,44.825,44.924701,0.001339,0,0,-0.3,-10.7,-2.9,1.03,0.19,-0.04
8967,44.83,44.83,44.929947,0.001586,0,0,-0.3,-10.7,-2.8,1.03,0.18,-0.04
8968,44.835,44.835,44.935824,0.002463,0,0,-0.3,-10.7,-2.9,1.03,0.18,-0.04
8969,44.84,44.84,44.939687,0.001325,0,0,-0.2,-10.7,-2.6,1.03,0.18,-0.04
8970,44.845,44.845,44.944791,0.001429,0,0,-0.4,-10.8,-3.1,1.03,0.2,-0.04
8971,44.85,44.85,44.949974,0.001612,0,0,-0.4,-10.7,-3.1,1.03,0.19,-0.04
8972,44.855,44.855001,44.956024,0.002662,9.99999997475243e-07,0,-0.2,-10.7,-3.4,1.03,0.19,-0.04
8973,44.86,44.86,44.959803,0.001443,0,0,-0.3,-10.7,-3.2,1.03,0.19,-0.04
8974,44.865,44.865,44.964978,0.001616,0,0,-0.3,-10.7,-3.3,1.03,0.2,-0.04
8975,44.87,44.87,44.970959,0.002598,0,0,-0.4,-10.8,-3,1.03,0.19,-0.04
8976,44.875,44.875,44.974737,0.001375,0,0,-0.6,-10.8,-2.9,1.04,0.21,-0.04
8977,44.88,44.88,44.980791,0.00243,0,0,-0.3,-10.8,-2.7,1.04,0.19,-0.04
8978,44.885,44.885,44.985757,0.002396,0,0,-0.2,-10.7,-2.4,1.04,0.18,-0.04
8979,44.89,44.89,44.989731,0.00137,0,0,-0.3,-10.7,-2.8,1.03,0.19,-0.04
8980,44.895,44.895,44.994832,0.001471,0,0,-0.3,-10.8,-3,1.03,0.19,-0.04
8981,44.9,44.9,45.000752,0.002392,0,0,-0.3,-10.8,-2.8,1.03,0.19,-0.04
8982,44.905,44.905,45.004811,0.00145,0,0,-0.3,-10.8,-2.5,1.03,0.19,-0.03
8983,44.91,44.910001,45.009765,0.001402,9.99999997475243e-07,0,-0.4,-10.7,-2.2,1.04,0.18,-0.03
8984,44.915,44.915,45.015775,0.002413,0,0,-0.4,-10.7,-2.7,1.03,0.18,-0.03
8985,44.92,44.92,45.019741,0.00138,0,0,-0.3,-10.6,-3.2,1.03,0.18,-0.04
8986,44.925,44.925002,45.024836,0.001473,1.99999999495049e-06,0,-0.3,-10.7,-2.9,1.03,0.19,-0.04
8987,44.93,44.93,45.030876,0.002514,0,0,-0.1,-10.7,-2.6,1.03,0.18,-0.03
8988,44.935,44.935,45.034795,0.001433,0,0,-0.4,-10.7,-2.8,1.03,0.19,-0.04
8989,44.94,44.94,45.03984,0.001478,0,0,-0.4,-10.8,-2.8,1.03,0.19,-0.04
8990,44.945,44.945,45.045811,0.00245,0,0,-0.3,-10.7,-2.4,1.04,0.18,-0.04
8991,44.95,44.95,45.049689,0.001328,0,0,-0.2,-10.7,-2.7,1.04,0.18,-0.04
8992,44.955,44.955,45.05482,0.001459,0,0,-0.2,-10.7,-2.3,1.04,0.18,-0.04
8993,44.96,44.96,45.060746,0.002384,0,0,-0.1,-10.7,-2.3,1.04,0.18,-0.04
8994,44.965,44.965,45.065773,0.002411,0,0,-0.2,-10.8,-2.7,1.04,0.18,-0.04
8995,44.97,44.97,45.069846,0.001486,0,0,-0.2,-10.7,-2.5,1.04,0.17,-0.04
8996,44.975,44.975,45.074851,0.00149,0,0,-0.2,-10.7,-2.9,1.04,0.18,-0.04
8997,44.98,44.980001,45.080729,0.002368,9.99999997475243e-07,0,-0.4,-10.7,-3,1.04,0.19,-0.04
8998,44.985,44.985,45.084734,0.001373,0,0,-0.4,-10.7,-2.4,1.05,0.18,-0.04
8999,44.99,44.99,45.089763,0.001402,0,0,-0.4,-10.7,-2.8,1.05,0.19,-0.04
9000,44.995,44.995,45.095777,0.002416,0,0,-0.3,-10.7,-2.5,1.05,0.18,-0.04
9001,45,45,45.099699,0.001337,0,0,-0.3,-10.7,-2.8,1.05,0.18,-0.04
9002,45.005,45.005,45.104772,0.001411,0,0,-0.3,-10.7,-2.6,1.04,0.19,-0.04
9003,45.01,45.01,45.110717,0.002355,0,0,-0.3,-10.7,-2.2,1.05,0.19,-0.04
9004,45.015,45.015,45.11471,0.001348,0,0,-0.4,-10.7,-2,1.05,0.19,-0.03
9005,45.02,45.02,45.119802,0.001442,0,0,-0.4,-10.8,-2.3,1.05,0.19,-0.04
9006,45.025,45.025,45.125927,0.002565,0,0,-0.4,-10.8,-3.1,1.04,0.2,-0.04
9007,45.03,45.03,45.129715,0.001354,0,0,-0.3,-10.7,-3.2,1.04,0.2,-0.04
9008,45.035,45.035001,45.134703,0.001341,9.99999997475243e-07,0,-0.5,-10.8,-3.1,1.03,0.2,-0.04
9009,45.04,45.040001,45.140929,0.002568,9.99999997475243e-07,0,-0.5,-10.9,-3.1,1.03,0.21,-0.04
9010,45.045,45.045,45.145767,0.002405,0,0,-0.6,-10.9,-2.8,1.03,0.2,-0.04
9011,45.05,45.050001,45.149704,0.001342,9.99999997475243e-07,0,-0.5,-10.9,-2.7,1.04,0.2,-0.04
9012,45.055,45.055,45.155766,0.002405,0,0,-0.5,-10.9,-2.5,1.04,0.19,-0.04
9013,45.06,45.06,45.159709,0.001348,0,0,-0.6,-10.9,-2.3,1.05,0.19,-0.04
9014,45.065,45.065,45.164744,0.001382,0,0,-0.4,-10.7,-2.7,1.04,0.19,-0.04
9015,45.07,45.07,45.170736,0.002375,0,0,-0.5,-10.7,-3.7,1.03,0.21,-0.04
9016,45.075,45.075,45.174693,0.001332,0,0,-0.5,-10.7,-3.5,1.04,0.21,-0.04
9017,45.08,45.08,45.179805,0.001443,0,0,-0.5,-10.7,-3.6,1.03,0.2,-0.05
9018,45.085,45.085,45.185712,0.002351,0,0,-0.5,-10.7,-2.7,1.03,0.19,-0.04
9019,45.09,45.09,45.189745,0.001384,0,0,-0.5,-10.7,-2.9,1.03,0.19,-0.04
9020,45.095,45.095,45.194836,0.001475,0,0,-0.5,-10.6,-2.5,1.04,0.19,-0.04
9021,45.1,45.1,45.200713,0.002353,0,0,-0.4,-10.6,-2.4,1.04,0.19,-0.04
9022,45.105,45.105001,45.20472,0.001358,9.99999997475243e-07,0,-0.4,-10.7,-2.9,1.04,0.2,-0.04
9023,45.11,45.11,45.209693,0.001331,0,0,-0.4,-10.6,-2.7,1.04,0.19,-0.04
9024,45.115,45.115,45.215754,0.002393,0,0,-0.4,-10.7,-2.6,1.04,0.19,-0.04
9025,45.12,45.12,45.21979,0.00143,0,0,-0.4,-10.7,-2.7,1.04,0.19,-0.04
9026,45.125,45.125,45.224746,0.001386,0,0,-0.3,-10.6,-3.2,1.03,0.19,-0.04
9027,45.13,45.13,45.230821,0.002459,0,0,-0.3,-10.7,-2.5,1.04,0.19,-0.04
9028,45.135,45.135,45.234702,0.001341,0,0,-0.3,-10.6,-2.4,1.04,0.19,-0.04
9029,45.14,45.14,45.239704,0.001343,0,0,-0.3,-10.6,-2.6,1.04,0.19,-0.04
9030,45.145,45.145,45.245751,0.00239,0,0,-0.3,-10.7,-2.7,1.04,0.19,-0.04
9031,45.15,45.15,45.250724,0.002363,0,0,-0.3,-10.6,-2.5,1.04,0.19,-0.04
9032,45.155,45.155,45.254785,0.001424,0,0,-0.3,-10.6,-2.1,1.04,0.18,-0.03
9033,45.16,45.160001,45.259745,0.001383,9.99999997475243e-07,0,-0.3,-10.7,-2.1,1.05,0.17,-0.03
9034,45.165,45.165,45.265848,0.002486,0,0,-0.5,-10.7,-2.5,1.04,0.18,-0.03
9035,45.17,45.17,45.269827,0.001467,0,0,-0.4,-10.7,-2.9,1.04,0.19,-0.04
9036,45.175,45.175001,45.274714,0.001352,9.99999997475243e-07,0,-0.4,-10.7,-3.5,1.03,0.2,-0.04
9037,45.18,45.18,45.280711,0.00235,0,0,-0.2,-10.7,-2.8,1.04,0.18,-0.04
9038,45.185,45.185,45.284671,0.00131,0,0,-0.2,-10.7,-2.3,1.04,0.18,-0.04
9039,45.19,45.19,45.289727,0.001365,0,0,-0.4,-10.8,-2.9,1.04,0.2,-0.04
9040,45.195,45.195,45.295709,0.002347,0,0,-0.3,-10.9,-2.6,1.03,0.19,-0.04
9041,45.2,45.2,45.300835,0.002474,0,0,-0.2,-10.8,-2.1,1.04,0.17,-0.03
9042,45.205,45.205,45.304716,0.001355,0,0,-0.3,-10.8,-1.5,1.04,0.17,-0.03
9043,45.21,45.21,45.310754,0.002393,0,0,-0.3,-10.7,-2.3,1.04,0.17,-0.03
9044,45.215,45.215,45.314687,0.001326,0,0,-0.4,-10.8,-2.1,1.04,0.17,-0.03
9045,45.22,45.22,45.319731,0.00137,0,0,-0.5,-10.9,-2.7,1.04,0.19,-0.04
9046,45.225,45.225,45.325787,0.002426,0,0,-0.6,-10.9,-2.1,1.04,0.19,-0.04
9047,45.23,45.230001,45.330791,0.002428,9.99999997475243e-07,0,-0.5,-10.8,-2.2,1.04,0.19,-0.04
9048,45.235,45.235,45.334699,0.001337,0,0,-0.4,-10.7,-2.4,1.04,0.18,-0.04
9049,45.24,45.24,45.340709,0.002348,0,0,-0.4,-10.7,-3.3,1.03,0.21,-0.04
9050,45.245,45.245,45.344659,0.001297,0,0,-0.5,-10.8,-3,1.03,0.2,-0.04
9051,45.25,45.25,45.349771,0.001409,0,0,-0.4,-10.8,-2.9,1.03,0.18,-0.04
9052,45.255,45.255,45.355758,0.002397,0,0,-0.5,-10.8,-2.8,1.03,0.19,-0.04
9053,45.26,45.26,45.359715,0.001353,0,0,-0.6,-10.9,-2.8,1.03,0.19,-0.04
9054,45.265,45.265,45.364757,0.001395,0,0,-0.5,-10.8,-2.1,1.04,0.18,-0.04
9055,45.27,45.27,45.370862,0.0025,0,0,-0.4,-10.8,-1.8,1.04,0.17,-0.04
9056,45.275,45.275,45.374703,0.001342,0,0,-0.4,-10.9,-2.1,1.04,0.18,-0.04
9057,45.28,45.28,45.37975,0.001388,0,0,-0.4,-10.8,-2.8,1.04,0.19,-0.05
9058,45.285,45.285001,45.385797,0.002434,9.99999997475243e-07,0,-0.5,-10.7,-3.6,1.04,0.2,-0.05
9059,45.29,45.29,45.39074,0.00238,0,0,-0.3,-10.8,-3,1.04,0.19,-0.05
9060,45.295,45.295,45.39474,0.001379,0,0,-0.4,-10.7,-3,1.04,0.2,-0.05
9061,45.3,45.300001,45.400713,0.002351,9.99999997475243e-07,0,-0.4,-10.6,-2.7,1.04,0.19,-0.05
9062,45.305,45.305,45.40572,0.002359,0,0,-0.5,-10.6,-2.2,1.04,0.18,-0.04
9063,45.31,45.31,45.409697,0.001336,0,0,-0.4,-10.6,-2.3,1.04,0.18,-0.04
9064,45.315,45.315,45.415754,0.002392,0,0,-0.6,-10.7,-2.8,1.03,0.2,-0.05
9065,45.32,45.32,45.420688,0.002328,0,0,-0.5,-10.7,-3,1.04,0.19,-0.05
9066,45.325,45.325,45.424797,0.001437,0,0,-0.5,-10.6,-2.7,1.04,0.18,-0.04
9067,45.33,45.33,45.42996,0.001599,0,0,-0.6,-10.7,-3,1.03,0.2,-0.05
9068,45.335,45.335,45.435763,0.002401,0,0,-0.6,-10.7,-2.5,1.04,0.19,-0.04
9069,45.34,45.34,45.440719,0.002357,0,0,-0.5,-10.7,-3,1.03,0.18,-0.04
9070,45.345,45.345,45.444739,0.001378,0,0,-0.5,-10.7,-2.9,1.04,0.18,-0.04
9071,45.35,45.35,45.450726,0.002365,0,0,-0.5,-10.7,-2.7,1.04,0.18,-0.04
9072,45.355,45.355001,45.455756,0.002394,9.99999997475243e-07,0,-0.5,-10.7,-1.9,1.05,0.17,-0.04
9073,45.36,45.36,45.459699,0.001338,0,0,-0.5,-10.7,-2.4,1.04,0.18,-0.05
9074,45.365,45.365,45.465741,0.002379,0,0,-0.4,-10.6,-2.8,1.04,0.18,-0.05
9075,45.37,45.37,45.470694,0.002332,0,0,-0.5,-10.7,-2.6,1.04,0.19,-0.04
9076,45.375,45.375,45.474677,0.001316,0,0,-0.5,-10.8,-2.9,1.04,0.19,-0.04
9077,45.38,45.38,45.479863,0.001502,0,0,-0.3,-10.8,-2.7,1.04,0.19,-0.04
9078,45.385,45.385,45.485787,0.002425,0,0,-0.4,-10.9,-2.6,1.04,0.19,-0.03
9079,45.39,45.39,45.489696,0.001335,0,0,-0.5,-10.8,-2.8,1.04,0.19,-0.03
9080,45.395,45.395,45.494811,0.00145,0,0,-0.5,-10.8,-3.5,1.03,0.19,-0.04
9081,45.4,45.400001,45.500878,0.002516,1.00000000458067e-06,0,-0.5,-10.8,-3.5,1.03,0.2,-0.04
9082,45.405,45.405,45.504718,0.001356,0,0,-0.4,-10.8,-3,1.04,0.2,-0.04
9083,45.41,45.410001,45.509756,0.001393,9.99999997475243e-07,0,-0.5,-10.8,-2.7,1.04,0.19,-0.04
9084,45.415,45.415,45.515785,0.002424,0,0,-0.4,-10.7,-2.5,1.04,0.18,-0.04
9085,45.42,45.42,45.519701,0.00134,0,0,-0.3,-10.7,-2.6,1.04,0.18,-0.04
9086,45.425,45.425001,45.524724,0.001361,9.99999997475243e-07,0,-0.4,-10.8,-2.5,1.04,0.18,-0.04
9087,45.43,45.43,45.530787,0.002425,0,0,-0.3,-10.8,-2,1.05,0.17,-0.04
9088,45.435,45.435,45.535713,0.002351,0,0,-0.3,-10.9,-2.1,1.04,0.17,-0.04
9089,45.44,45.44,45.539698,0.001337,0,0,-0.4,-10.9,-2.7,1.04,0.19,-0.04
9090,45.445,45.445,45.544799,0.001438,0,0,-0.3,-10.8,-2.8,1.04,0.19,-0.04
9091,45.45,45.45,45.550704,0.002342,0,0,-0.6,-10.9,-3.3,1.04,0.2,-0.05
9092,45.455,45.455,45.554678,0.001317,0,0,-0.6,-10.8,-2.9,1.04,0.2,-0.04
9093,45.46,45.46,45.559811,0.001449,0,0,-0.4,-10.7,-2.7,1.04,0.18,-0.04
9094,45.465,45.465001,45.565721,0.00236,9.99999997475243e-07,0,-0.4,-10.7,-3.5,1.03,0.2,-0.05
9095,45.47,45.470001,45.570186,0.001826,1.00000000458067e-06,0,-0.3,-10.7,-3.3,1.03,0.2,-0.04
9096,45.475,45.475001,45.575063,0.001701,9.99999997475243e-07,0,-0.4,-10.7,-3.1,1.04,0.19,-0.04
9097,45.48,45.480001,45.580877,0.002515,9.99999997475243e-07,0,-0.5,-10.8,-2.8,1.04,0.19,-0.04
9098,45.485,45.485,45.584743,0.001381,0,0,-0.3,-10.7,-2.3,1.04,0.18,-0.04
9099,45.49,45.49,45.590809,0.002447,0,0,-0.5,-10.7,-2.8,1.04,0.19,-0.04
9100,45.495,45.495,45.595791,0.00243,0,0,-0.4,-10.7,-3.1,1.04,0.18,-0.04
9101,45.5,45.5,45.59975,0.001389,0,0,-0.3,-10.7,-2.6,1.04,0.17,-0.04
9102,45.505,45.505,45.604844,0.001483,0,0,-0.4,-10.8,-2.2,1.04,0.18,-0.04
9103,45.51,45.51,45.610754,0.002392,0,0,-0.3,-10.7,-2.3,1.04,0.18,-0.04
9104,45.515,45.515,45.614735,0.001374,0,0,-0.3,-10.8,-2.6,1.03,0.18,-0.04
9105,45.52,45.520002,45.620037,0.001673,1.99999999495049e-06,0,-0.4,-10.9,-2.4,1.04,0.2,-0.04
9106,45.525,45.525,45.625788,0.002426,0,0,-0.3,-10.8,-2.7,1.04,0.19,-0.04
9107,45.53,45.53,45.629916,0.001555,0,0,-0.3,-10.7,-2.2,1.04,0.18,-0.03
9108,45.535,45.535001,45.634825,0.001463,9.99999997475243e-07,0,-0.3,-10.7,-2.7,1.03,0.18,-0.04
9109,45.54,45.54,45.640749,0.002388,0,0,-0.3,-10.7,-2.4,1.04,0.18,-0.04
9110,45.545,45.545,45.645763,0.002401,0,0,-0.4,-10.7,-2.2,1.04,0.18,-0.04
9111,45.55,45.550001,45.64972,0.001358,9.99999997475243e-07,0,-0.4,-10.7,-2.4,1.04,0.18,-0.04
9112,45.555,45.555,45.655785,0.002424,0,0,-0.4,-10.7,-3.3,1.03,0.19,-0.04
9113,45.56,45.56,45.660724,0.002362,0,0,-0.4,-10.6,-3.6,1.02,0.2,-0.04
9114,45.565,45.565,45.664763,0.001401,0,0,-0.4,-10.6,-3.5,1.03,0.2,-0.04
9115,45.57,45.57,45.669816,0.001455,0,0,-0.4,-10.7,-3.2,1.03,0.2,-0.04
9116,45.575,45.575,45.675745,0.002383,0,0,-0.3,-10.6,-3.3,1.03,0.19,-0.04
9117,45.58,45.58,45.680752,0.002391,0,0,-0.3,-10.6,-2.7,1.04,0.18,-0.04
9118,45.585,45.585,45.684721,0.001359,0,0,-0.3,-10.7,-2.5,1.03,0.18,-0.04
9119,45.59,45.59,45.690813,0.002451,0,0,-0.1,-10.6,-3.6,1.03,0.18,-0.04
9120,45.595,45.595,45.695732,0.002372,0,0,-0.3,-10.6,-3.5,1.03,0.19,-0.04
9121,45.6,45.6,45.69971,0.001349,0,0,-0.2,-10.6,-2.7,1.04,0.17,-0.04
9122,45.605,45.605001,45.704896,0.001534,9.99999997475243e-07,0,-0.2,-10.7,-2.3,1.04,0.18,-0.04
9123,45.61,45.61,45.71084,0.002479,0,0,-0.5,-10.8,-3.1,1.03,0.2,-0.04
9124,45.615,45.615,45.714747,0.001386,0,0,-0.5,-10.9,-2.9,1.03,0.2,-0.04
9125,45.62,45.62,45.71981,0.001448,0,0,-0.4,-10.8,-2.9,1.04,0.2,-0.05
9126,45.625,45.625,45.725801,0.002439,0,0,-0.4,-10.9,-3,1.03,0.2,-0.05
9127,45.63,45.630001,45.729744,0.001382,9.99999997475243e-07,0,-0.5,-10.9,-3.5,1.04,0.21,-0.05
9128,45.635,45.635,45.734795,0.001433,0,0,-0.5,-10.8,-3.1,1.03,0.2,-0.05
9129,45.64,45.640002,45.740443,0.002081,2.00000000205591e-06,0,-0.2,-10.7,-2.8,1.04,0.18,-0.05
9130,45.645,45.645001,45.746034,0.002671,9.99999997475243e-07,0,-0.4,-10.9,-3.2,1.03,0.19,-0.05
9131,45.65,45.65,45.749773,0.001412,0,0,-0.4,-10.8,-3.3,1.04,0.19,-0.04
9132,45.655,45.655,45.754839,0.001478,0,0,-0.4,-10.8,-3.4,1.03,0.19,-0.04
9133,45.66,45.660001,45.760758,0.002396,9.99999997475243e-07,0,-0.4,-10.8,-3.4,1.03,0.19,-0.04
9134,45.665,45.665,45.764852,0.00149,0,0,-0.3,-10.7,-3.3,1.03,0.19,-0.04
9135,45.67,45.67,45.769821,0.001459,0,0,-0.5,-10.8,-4.2,1.02,0.21,-0.05
9136,45.675,45.675001,45.775761,0.002399,9.99999997475243e-07,0,-0.5,-10.8,-4.1,1.02,0.21,-0.05
9137,45.68,45.68,45.779763,0.001402,0,0,-0.5,-10.8,-3.7,1.03,0.2,-0.05
9138,45.685,45.685,45.784908,0.001547,0,0,-0.5,-10.9,-3.6,1.04,0.2,-0.05
9139,45.69,45.69,45.790868,0.002507,0,0,-0.5,-10.8,-3,1.04,0.2,-0.05
9140,45.695,45.695,45.794793,0.001431,0,0,-0.5,-10.8,-3.3,1.04,0.2,-0.05
9141,45.7,45.7,45.799861,0.001499,0,0,-0.4,-10.8,-3,1.03,0.2,-0.04
9142,45.705,45.705,45.805778,0.002416,0,0,-0.5,-10.8,-2.6,1.04,0.19,-0.04
9143,45.71,45.71,45.809741,0.00138,0,0,-0.5,-10.8,-3.4,1.04,0.21,-0.04
9144,45.715,45.715,45.814832,0.001471,0,0,-0.4,-10.8,-3.5,1.04,0.2,-0.05
9145,45.72,45.72,45.820747,0.002385,0,0,-0.5,-10.8,-3.5,1.03,0.21,-0.05
9146,45.725,45.725,45.8247,0.001338,0,0,-0.5,-10.8,-3.1,1.03,0.2,-0.04
9147,45.73,45.730001,45.829793,0.00143,9.99999997475243e-07,0,-0.5,-10.9,-3,1.04,0.2,-0.04
9148,45.735,45.735,45.835742,0.00238,0,0,-0.5,-10.9,-3.5,1.03,0.2,-0.05
9149,45.74,45.74,45.839698,0.001337,0,0,-0.5,-10.7,-3.4,1.03,0.2,-0.04
9150,45.745,45.745,45.844883,0.001521,0,0,-0.4,-10.6,-3.4,1.03,0.19,-0.04
9151,45.75,45.75,45.850895,0.002534,0,0,-0.4,-10.7,-2.6,1.04,0.19,-0.04
9152,45.755,45.755001,45.854858,0.001496,9.99999997475243e-07,0,-0.4,-10.8,-2.6,1.04,0.19,-0.04
9153,45.76,45.76,45.859785,0.001424,0,0,-0.5,-10.8,-2.6,1.04,0.19,-0.04
9154,45.765,45.765001,45.865628,0.002267,9.99999997475243e-07,0,-0.4,-10.8,-1.7,1.04,0.18,-0.03
9155,45.77,45.77,45.870964,0.002603,0,0,-0.4,-10.9,-1.8,1.04,0.18,-0.04
9156,45.775,45.775,45.874765,0.001403,0,0,-0.4,-10.9,-1.8,1.05,0.18,-0.04
9157,45.78,45.78,45.88009,0.001728,0,0,-0.4,-10.9,-1.9,1.05,0.19,-0.04
9158,45.785,45.785001,45.885834,0.002471,9.99999997475243e-07,0,-0.5,-10.8,-2.2,1.05,0.19,-0.04
9159,45.79,45.79,45.889854,0.001492,0,0,-0.5,-10.8,-3.2,1.04,0.2,-0.05
9160,45.795,45.795,45.894983,0.001621,0,0,-0.7,-10.8,-3.2,1.04,0.2,-0.04
9161,45.8,45.800001,45.900814,0.002451,9.99999997475243e-07,0,-0.4,-10.9,-2.2,1.05,0.18,-0.04
9162,45.805,45.805,45.904722,0.00136,0,0,-0.5,-10.8,-3.1,1.04,0.19,-0.05
9163,45.81,45.81,45.909955,0.001593,0,0,-0.4,-10.8,-3.1,1.03,0.19,-0.05
9164,45.815,45.815,45.915829,0.002468,0,0,-0.2,-10.7,-2.4,1.03,0.17,-0.04
9165,45.82,45.82,45.919716,0.001354,0,0,-0.3,-10.7,-2.6,1.03,0.18,-0.04
9166,45.825,45.825001,45.924987,0.001625,9.99999997475243e-07,0,-0.4,-10.8,-2.7,1.03,0.19,-0.04
9167,45.83,45.83,45.930918,0.002557,0,0,-0.4,-10.8,-3.2,1.03,0.2,-0.05
9168,45.835,45.835,45.934749,0.001387,0,0,-0.3,-10.8,-3,1.03,0.19,-0.04
9169,45.84,45.84,45.939833,0.001473,0,0,-0.4,-10.8,-3.5,1.03,0.2,-0.05
9170,45.845,45.845,45.945793,0.002431,0,0,-0.4,-10.8,-3.3,1.03,0.2,-0.04
9171,45.85,45.85,45.950771,0.00241,0,0,-0.3,-10.8,-3.5,1.03,0.19,-0.04
9172,45.855,45.855001,45.954729,0.001366,9.99999997475243e-07,0,-0.4,-10.8,-3.5,1.03,0.19,-0.04
9173,45.86,45.86,45.960729,0.002368,0,0,-0.5,-10.8,-3.3,1.03,0.2,-0.04
9174,45.865,45.865,45.96576,0.002398,0,0,-0.5,-10.8,-3.1,1.03,0.2,-0.04
9175,45.87,45.87,45.969688,0.001327,0,0,-0.4,-10.8,-2.9,1.04,0.19,-0.04
9176,45.875,45.875002,45.975416,0.002054,2.00000000205591e-06,0,-0.3,-10.7,-2.2,1.04,0.18,-0.04
9177,45.88,45.880001,45.981169,0.002807,9.99999997475243e-07,0,-0.2,-10.7,-2.4,1.04,0.18,-0.03
9178,45.885,45.885,45.984731,0.00137,0,0,-0.3,-10.7,-2.7,1.04,0.18,-0.04
9179,45.89,45.89,45.990869,0.002508,0,0,-0.4,-10.8,-2.2,1.04,0.18,-0.04
9180,45.895,45.895,45.995885,0.002525,0,0,-0.3,-10.8,-2.2,1.05,0.18,-0.04
9181,45.9,45.9,45.9998,0.001438,0,0,-0.3,-10.8,-1.8,1.05,0.17,-0.04
9182,45.905,45.905,46.005773,0.002411,0,0,-0.3,-10.8,-1.6,1.05,0.17,-0.03
9183,45.91,45.910001,46.009723,0.00136,9.99999997475243e-07,0,-0.6,-10.8,-1.8,1.04,0.19,-0.04
9184,45.915,45.915,46.014832,0.00147,0,0,-0.5,-10.8,-2.1,1.05,0.19,-0.04
9185,45.92,45.92,46.020746,0.002384,0,0,-0.4,-10.8,-2.2,1.04,0.19,-0.04
9186,45.925,45.925001,46.025739,0.002377,9.99999997475243e-07,0,-0.4,-10.7,-2.3,1.04,0.19,-0.04
9187,45.93,45.93,46.029768,0.001406,0,0,-0.3,-10.6,-3.1,1.03,0.19,-0.04
9188,45.935,45.935,46.034945,0.001583,0,0,-0.3,-10.6,-2.5,1.04,0.18,-0.04
9189,45.94,45.94,46.040759,0.002399,0,0,-0.4,-10.6,-2.9,1.04,0.18,-0.05
9190,45.945,45.945,46.044738,0.001377,0,0,-0.4,-10.7,-2.7,1.04,0.18,-0.05
9191,45.95,45.95,46.050771,0.00241,0,0,-0.4,-10.7,-3,1.04,0.19,-0.05
9192,45.955,45.955,46.055746,0.002385,0,0,-0.4,-10.7,-3,1.03,0.19,-0.05
9193,45.96,45.96,46.05973,0.001368,0,0,-0.2,-10.7,-2.2,1.04,0.17,-0.04
9194,45.965,45.965,46.065857,0.002496,0,0,-0.2,-10.7,-2.5,1.04,0.17,-0.04
9195,45.97,45.97,46.070746,0.002384,0,0,-0.3,-10.7,-2.6,1.03,0.17,-0.04
9196,45.975,45.975,46.074728,0.001367,0,0,-0.2,-10.7,-2.6,1.03,0.17,-0.04
9197,45.98,45.980001,46.080805,0.002442,9.99999997475243e-07,0,-0.4,-10.8,-2.8,1.03,0.19,-0.04
9198,45.985,45.985,46.084686,0.001324,0,0,-0.5,-10.8,-2.6,1.03,0.19,-0.04
9199,45.99,45.99,46.089808,0.001446,0,0,-0.4,-10.8,-2.5,1.04,0.19,-0.04
9200,45.995,45.995,46.095878,0.002517,0,0,-0.5,-10.9,-2.8,1.04,0.2,-0.04
9201,46,46,46.100821,0.002459,0,0,-0.6,-10.9,-3.1,1.04,0.2,-0.05
9202,46.005,46.005,46.104713,0.001352,0,0,-0.5,-10.8,-2.3,1.04,0.19,-0.04
9203,46.01,46.01,46.110729,0.002367,0,0,-0.4,-10.9,-2.8,1.04,0.19,-0.04
9204,46.015,46.015,46.115774,0.002412,0,0,-0.5,-10.9,-2.8,1.03,0.19,-0.04
9205,46.02,46.02,46.11971,0.001348,0,0,-0.3,-10.9,-2.7,1.03,0.19,-0.04
9206,46.025,46.025,46.124737,0.001376,0,0,-0.4,-10.9,-3,1.03,0.2,-0.04
9207,46.03,46.03,46.130903,0.002541,0,0,-0.6,-10.9,-3.3,1.03,0.2,-0.05
9208,46.035,46.035001,46.134738,0.001376,9.99999997475243e-07,0,-0.6,-10.9,-3.1,1.03,0.2,-0.05
9209,46.04,46.040002,46.140318,0.001949,2.00000000205591e-06,0,-0.5,-10.8,-2.7,1.04,0.19,-0.04
9210,46.045,46.045002,46.146497,0.003135,1.99999999495049e-06,0,-0.7,-10.8,-2.5,1.04,0.2,-0.04
9211,46.05,46.050002,46.150356,0.001994,1.99999999495049e-06,0,-0.5,-10.7,-2.4,1.04,0.19,-0.04
9212,46.055,46.055002,46.156202,0.00284,2.00000000205591e-06,0,-0.3,-10.8,-2.1,1.04,0.17,-0.04
9213,46.06,46.060002,46.160147,0.001785,1.99999999495049e-06,0,-0.4,-10.7,-2,1.04,0.17,-0.04
9214,46.065,46.065,46.165294,0.001933,0,0,-0.4,-10.7,-1.9,1.04,0.18,-0.03
9215,46.07,46.07,46.170774,0.002412,0,0,-0.4,-10.7,-2.3,1.04,0.19,-0.04
9216,46.075,46.075,46.174687,0.001327,0,0,-0.5,-10.8,-2.2,1.04,0.19,-0.04
9217,46.08,46.08,46.179972,0.00161,0,0,-0.3,-10.7,-2.1,1.04,0.18,-0.03
9218,46.085,46.085,46.185799,0.002438,0,0,-0.3,-10.7,-3,1.03,0.19,-0.04
9219,46.09,46.09,46.189706,0.001345,0,0,-0.3,-10.8,-3,1.03,0.19,-0.04
9220,46.095,46.095,46.194799,0.001437,0,0,-0.3,-10.7,-3.1,1.03,0.19,-0.04
9221,46.1,46.1,46.200095,0.001734,0,0,-0.5,-10.8,-3.5,1.02,0.2,-0.04
9222,46.105,46.105001,46.205799,0.002436,9.99999997475243e-07,0,-0.4,-10.8,-2.9,1.03,0.19,-0.04
9223,46.11,46.11,46.209688,0.001326,0,0,-0.4,-10.8,-2.4,1.03,0.19,-0.04
9224,46.115,46.115,46.214775,0.001413,0,0,-0.3,-10.8,-2.1,1.04,0.18,-0.04
9225,46.12,46.12,46.220769,0.002408,0,0,-0.5,-10.9,-2.3,1.04,0.2,-0.04
9226,46.125,46.125,46.225699,0.002337,0,0,-0.5,-10.9,-2.9,1.03,0.2,-0.04
9227,46.13,46.13,46.229772,0.001411,0,0,-0.4,-10.8,-2.7,1.03,0.18,-0.04
9228,46.135,46.135,46.235809,0.002447,0,0,-0.3,-10.8,-2.8,1.03,0.18,-0.05
9229,46.14,46.14,46.24074,0.002378,0,0,-0.6,-10.9,-2.7,1.04,0.2,-0.05
9230,46.145,46.145,46.244908,0.001547,0,0,-0.6,-10.9,-2.7,1.04,0.19,-0.05
9231,46.15,46.15,46.249987,0.001625,0,0,-0.7,-10.9,-2.9,1.04,0.2,-0.05
9232,46.155,46.155,46.255847,0.002485,0,0,-0.7,-10.8,-2.8,1.04,0.2,-0.05
9233,46.16,46.160001,46.259729,0.001366,9.99999997475243e-07,0,-0.6,-10.8,-3,1.03,0.19,-0.04
9234,46.165,46.165,46.264905,0.001544,0,0,-0.5,-10.7,-3.5,1.03,0.19,-0.05
9235,46.17,46.17,46.270804,0.002442,0,0,-0.4,-10.8,-2.7,1.03,0.19,-0.04
9236,46.175,46.175001,46.274696,0.001334,9.99999997475243e-07,0,-0.4,-10.8,-3.1,1.03,0.19,-0.04
9237,46.18,46.18,46.279861,0.001499,0,0,-0.4,-10.7,-2.9,1.03,0.18,-0.04
9238,46.185,46.185,46.28578,0.002419,0,0,-0.3,-10.7,-1.8,1.04,0.17,-0.04
9239,46.19,46.19,46.290736,0.002375,0,0,-0.4,-10.8,-1.6,1.04,0.17,-0.03
9240,46.195,46.195,46.294707,0.001347,0,0,-0.4,-10.7,-2,1.04,0.17,-0.03
9241,46.2,46.200002,46.300449,0.002086,1.99999999495049e-06,0,-0.4,-10.7,-2.4,1.04,0.18,-0.03
9242,46.205,46.205,46.305844,0.002482,0,0,-0.4,-10.7,-2.5,1.04,0.18,-0.04
9243,46.21,46.21,46.309875,0.001514,0,0,-0.3,-10.7,-2.6,1.04,0.17,-0.04
9244,46.215,46.215,46.315236,0.001875,0,0,-0.3,-10.7,-2.5,1.04,0.18,-0.04
9245,46.22,46.22,46.320811,0.002449,0,0,-0.4,-10.8,-2.4,1.04,0.18,-0.04
9246,46.225,46.225,46.324842,0.001481,0,0,-0.3,-10.7,-3.3,1.03,0.2,-0.04
9247,46.23,46.230002,46.330075,0.001712,1.99999999495049e-06,0,-0.3,-10.7,-2.8,1.03,0.18,-0.04
9248,46.235,46.235,46.335814,0.002453,0,0,-0.3,-10.6,-2.3,1.04,0.18,-0.04
9249,46.24,46.240001,46.339956,0.001594,9.99999997475243e-07,0,-0.4,-10.6,-2.9,1.03,0.18,-0.04
9250,46.245,46.245,46.345011,0.00165,0,0,-0.2,-10.7,-2.7,1.03,0.17,-0.04
9251,46.25,46.25,46.350956,0.002595,0,0,-0.2,-10.7,-2.4,1.04,0.17,-0.04
9252,46.255,46.255,46.354753,0.001392,0,0,-0.3,-10.7,-1.8,1.04,0.16,-0.04
9253,46.26,46.26,46.360822,0.00246,0,0,-0.3,-10.7,-1.7,1.05,0.16,-0.04
9254,46.265,46.265,46.365934,0.002573,0,0,-0.2,-10.7,-1.6,1.05,0.15,-0.03
9255,46.27,46.27,46.369883,0.001522,0,0,-0.3,-10.7,-1.8,1.05,0.17,-0.04
9256,46.275,46.275001,46.375356,0.001994,1.00000000458067e-06,0,-0.3,-10.8,-2.1,1.04,0.17,-0.04
9257,46.28,46.280001,46.379927,0.001565,9.99999997475243e-07,0,-0.2,-10.7,-2.6,1.04,0.18,-0.04
9258,46.285,46.285001,46.385118,0.001756,9.99999997475243e-07,0,-0.2,-10.8,-2.4,1.03,0.18,-0.04
9259,46.29,46.290001,46.390539,0.002177,9.99999997475243e-07,0,-0.4,-10.8,-2.7,1.04,0.19,-0.04
9260,46.295,46.295001,46.395001,0.001639,9.99999997475243e-07,0,-0.3,-10.7,-2.5,1.04,0.18,-0.04
9261,46.3,46.300002,46.400175,0.001812,1.99999999495049e-06,0,-0.3,-10.8,-2.9,1.04,0.19,-0.04
9262,46.305,46.305,46.406107,0.002745,0,0,-0.3,-10.7,-2.6,1.04,0.18,-0.04
9263,46.31,46.31,46.4098,0.001439,0,0,-0.4,-10.7,-2.7,1.04,0.19,-0.04
9264,46.315,46.315,46.415073,0.001711,0,0,-0.3,-10.6,-3.2,1.03,0.19,-0.04
9265,46.32,46.32,46.420844,0.002482,0,0,-0.4,-10.7,-3.2,1.04,0.19,-0.04
9266,46.325,46.325,46.424766,0.001405,0,0,-0.5,-10.7,-2.8,1.04,0.2,-0.04
9267,46.33,46.33,46.430004,0.001642,0,0,-0.3,-10.6,-2.7,1.04,0.18,-0.04
9268,46.335,46.335,46.435878,0.002518,0,0,-0.4,-10.7,-2.8,1.03,0.19,-0.04
9269,46.34,46.34,46.440123,0.001764,0,0,-0.5,-10.8,-2.4,1.04,0.19,-0.04
9270,46.345,46.345,46.445871,0.00251,0,0,-0.5,-10.7,-2.2,1.04,0.19,-0.04
9271,46.35,46.35,46.450751,0.00239,0,0,-0.6,-10.8,-2.5,1.04,0.2,-0.04
9272,46.355,46.355001,46.454803,0.001442,9.99999997475243e-07,0,-0.5,-10.8,-1.7,1.05,0.18,-0.04
9273,46.36,46.36,46.460734,0.002372,0,0,-0.3,-10.8,-1.9,1.04,0.18,-0.04
9274,46.365,46.365,46.465802,0.002441,0,0,-0.3,-10.7,-1.7,1.04,0.17,-0.03
9275,46.37,46.37,46.469943,0.001583,0,0,-0.2,-10.7,-1.2,1.05,0.16,-0.03
9276,46.375,46.375,46.474952,0.001591,0,0,-0.3,-10.7,-1.4,1.05,0.17,-0.04
9277,46.38,46.380002,46.480386,0.002059,1.99999999495049e-06,0,-0.4,-10.8,-2,1.04,0.18,-0.04
9278,46.385,46.385,46.484776,0.001414,0,0,-0.5,-10.8,-2.3,1.03,0.19,-0.04
9279,46.39,46.39,46.489695,0.001334,0,0,-0.4,-10.9,-2.3,1.03,0.19,-0.04
9280,46.395,46.395,46.495777,0.002416,0,0,-0.4,-10.9,-2.7,1.04,0.19,-0.04
9281,46.4,46.4,46.50072,0.002359,0,0,-0.4,-10.8,-2.7,1.04,0.18,-0.04
9282,46.405,46.405,46.50469,0.001329,0,0,-0.4,-10.8,-2.5,1.04,0.18,-0.04
9283,46.41,46.410001,46.510755,0.002392,9.99999997475243e-07,0,-0.5,-10.8,-2.6,1.04,0.18,-0.04
9284,46.415,46.415,46.515709,0.002348,0,0,-0.3,-10.8,-2.3,1.04,0.17,-0.03
9285,46.42,46.42,46.519829,0.001468,0,0,-0.3,-10.8,-2.3,1.04,0.16,-0.04
9286,46.425,46.425001,46.524756,0.001394,9.99999997475243e-07,0,-0.4,-10.7,-2.3,1.04,0.18,-0.04
9287,46.43,46.43,46.5308,0.002439,0,0,-0.3,-10.7,-2.5,1.04,0.18,-0.04
9288,46.435,46.435,46.534685,0.001324,0,0,-0.4,-10.6,-2.2,1.04,0.18,-0.04
9289,46.44,46.44,46.539744,0.001382,0,0,-0.5,-10.7,-2.2,1.04,0.18,-0.04
9290,46.445,46.445,46.545808,0.002446,0,0,-0.5,-10.6,-2.4,1.04,0.18,-0.04
9291,46.45,46.45,46.550721,0.00236,0,0,-0.5,-10.6,-2.4,1.04,0.18,-0.03
9292,46.455,46.455,46.554679,0.001318,0,0,-0.5,-10.7,-3.1,1.03,0.2,-0.04
9293,46.46,46.46,46.560753,0.002391,0,0,-0.4,-10.8,-3,1.03,0.19,-0.04
9294,46.465,46.465,46.565793,0.002431,0,0,-0.4,-10.7,-2.8,1.04,0.19,-0.04
9295,46.47,46.47,46.56972,0.001359,0,0,-0.4,-10.7,-2.6,1.04,0.18,-0.04
9296,46.475,46.475001,46.575316,0.001956,9.99999997475243e-07,0,-0.4,-10.8,-2.6,1.04,0.18,-0.04
9297,46.48,46.480004,46.581303,0.002939,3.9999999970064e-06,0,-0.3,-10.7,-2.7,1.04,0.18,-0.04
9298,46.485,46.485001,46.584945,0.001582,9.99999997475243e-07,0,-0.2,-10.7,-2.8,1.04,0.18,-0.04
9299,46.49,46.490001,46.589937,0.001576,9.99999997475243e-07,0,-0.2,-10.9,-2.8,1.04,0.18,-0.04
9300,46.495,46.495001,46.596226,0.002866,1.00000000458067e-06,0,-0.3,-10.8,-2.7,1.04,0.18,-0.04
9301,46.5,46.5,46.600091,0.001729,0,0,-0.3,-10.9,-2.7,1.04,0.19,-0.04
9302,46.505,46.505001,46.605247,0.001886,9.99999997475243e-07,0,-0.3,-10.8,-2.3,1.04,0.19,-0.04
9303,46.51,46.51,46.611112,0.002751,0,0,-0.3,-10.8,-1.9,1.05,0.18,-0.04
9304,46.515,46.515,46.614743,0.001382,0,0,-0.3,-10.8,-2.1,1.05,0.18,-0.04
9305,46.52,46.52,46.619782,0.00142,0,0,-0.4,-10.8,-2.4,1.04,0.19,-0.04
9306,46.525,46.525,46.625759,0.002398,0,0,-0.3,-10.7,-2.9,1.04,0.19,-0.05
9307,46.53,46.53,46.629802,0.00144,0,0,-0.3,-10.7,-2.9,1.03,0.19,-0.05
9308,46.535,46.535001,46.634839,0.001477,9.99999997475243e-07,0,-0.4,-10.7,-3.3,1.04,0.2,-0.05
9309,46.54,46.54,46.640795,0.002434,0,0,-0.5,-10.7,-3.2,1.04,0.2,-0.05
9310,46.545,46.545,46.644697,0.001336,0,0,-0.4,-10.7,-2.7,1.04,0.2,-0.04
9311,46.55,46.550001,46.649796,0.001433,9.99999997475243e-07,0,-0.3,-10.7,-2.2,1.04,0.18,-0.04
9312,46.555,46.555,46.654866,0.001505,0,0,-0.4,-10.7,-3,1.03,0.19,-0.04
9313,46.56,46.56,46.660762,0.002401,0,0,-0.4,-10.7,-2.8,1.04,0.19,-0.04
9314,46.565,46.565,46.664821,0.00146,0,0,-0.5,-10.8,-2.9,1.04,0.2,-0.04
9315,46.57,46.57,46.66986,0.001498,0,0,-0.5,-10.8,-2.6,1.04,0.2,-0.04
9316,46.575,46.575,46.675747,0.002386,0,0,-0.4,-10.8,-2.3,1.04,0.19,-0.04
9317,46.58,46.58,46.679698,0.001338,0,0,-0.5,-10.8,-3,1.04,0.2,-0.04
9318,46.585,46.585,46.684747,0.001386,0,0,-0.5,-10.8,-2.7,1.04,0.19,-0.04
9319,46.59,46.59,46.690762,0.002401,0,0,-0.3,-10.8,-2.4,1.04,0.18,-0.04
9320,46.595,46.595,46.694701,0.00134,0,0,-0.6,-10.9,-2.5,1.05,0.19,-0.04
9321,46.6,46.6,46.699826,0.001465,0,0,-0.5,-10.8,-2.7,1.04,0.19,-0.05
9322,46.605,46.605001,46.704869,0.001507,9.99999997475243e-07,0,-0.6,-10.8,-2.1,1.05,0.19,-0.04
9323,46.61,46.61,46.710753,0.002392,0,0,-0.5,-10.8,-2.4,1.04,0.2,-0.04
9324,46.615,46.615,46.71471,0.001348,0,0,-0.4,-10.8,-2.2,1.04,0.18,-0.04
9325,46.62,46.62,46.719831,0.00147,0,0,-0.6,-10.8,-2.8,1.04,0.19,-0.04
9326,46.625,46.625,46.725765,0.002405,0,0,-0.5,-10.8,-3.1,1.03,0.2,-0.04
9327,46.63,46.63,46.729798,0.001437,0,0,-0.5,-10.9,-3.3,1.03,0.2,-0.04
9328,46.635,46.635,46.734789,0.001427,0,0,-0.5,-10.8,-2.7,1.04,0.19,-0.04
9329,46.64,46.64,46.740761,0.0024,0,0,-0.5,-10.8,-2,1.04,0.18,-0.03
9330,46.645,46.645,46.744679,0.001318,0,0,-0.6,-10.7,-2.1,1.05,0.18,-0.04
9331,46.65,46.65,46.749736,0.001375,0,0,-0.7,-10.7,-2.3,1.05,0.19,-0.04
9332,46.655,46.655,46.755696,0.002335,0,0,-0.6,-10.8,-2.7,1.04,0.19,-0.04
9333,46.66,46.660001,46.759769,0.001407,9.99999997475243e-07,0,-0.5,-10.8,-2.5,1.04,0.18,-0.04
9334,46.665,46.665,46.764825,0.001464,0,0,-0.5,-10.8,-2.7,1.04,0.19,-0.04
9335,46.67,46.67,46.770713,0.002352,0,0,-0.6,-10.8,-3.2,1.03,0.2,-0.04
9336,46.675,46.675001,46.775709,0.002348,9.99999997475243e-07,0,-0.4,-10.8,-2.7,1.04,0.19,-0.04
9337,46.68,46.68,46.779851,0.00149,0,0,-0.3,-10.9,-1.7,1.04,0.17,-0.04
9338,46.685,46.685,46.785757,0.002396,0,0,-0.4,-10.8,-2.3,1.04,0.17,-0.04
9339,46.69,46.69,46.790688,0.002327,0,0,-0.5,-10.8,-2.3,1.04,0.18,-0.04
9340,46.695,46.695,46.794675,0.001314,0,0,-0.4,-10.8,-2.5,1.04,0.18,-0.04
9341,46.7,46.7,46.799832,0.00147,0,0,-0.4,-10.8,-2.4,1.04,0.18,-0.04
9342,46.705,46.705,46.805762,0.002401,0,0,-0.5,-10.8,-2.6,1.04,0.19,-0.04
9343,46.71,46.71,46.809679,0.001318,0,0,-0.4,-10.8,-2.4,1.04,0.19,-0.04
9344,46.715,46.715,46.81477,0.001408,0,0,-0.5,-10.7,-2.5,1.04,0.18,-0.04
9345,46.72,46.72,46.820799,0.002438,0,0,-0.3,-10.7,-2.2,1.04,0.17,-0.04
9346,46.725,46.725,46.8247,0.001339,0,0,-0.3,-10.7,-2.2,1.03,0.17,-0.04
9347,46.73,46.730001,46.830922,0.002559,9.99999997475243e-07,0,-0.4,-10.7,-2,1.04,0.17,-0.03
9348,46.735,46.735,46.834715,0.001353,0,0,-0.4,-10.8,-2.4,1.04,0.19,-0.04
9349,46.74,46.74,46.839887,0.001526,0,0,-0.4,-10.9,-2.9,1.03,0.19,-0.05
9350,46.745,46.745,46.84576,0.002398,0,0,-0.5,-10.8,-2.6,1.04,0.19,-0.04
9351,46.75,46.75,46.850698,0.002337,0,0,-0.4,-10.7,-2.8,1.04,0.19,-0.04
9352,46.755,46.755,46.854776,0.001415,0,0,-0.5,-10.8,-3.1,1.03,0.2,-0.04
9353,46.76,46.76,46.860046,0.001685,0,0,-0.5,-10.8,-2.9,1.04,0.19,-0.04
9354,46.765,46.765,46.865794,0.002433,0,0,-0.4,-10.7,-2.4,1.04,0.19,-0.04
9355,46.77,46.77,46.8707,0.002339,0,0,-0.3,-10.7,-2.4,1.04,0.18,-0.04
9356,46.775,46.775,46.874697,0.001336,0,0,-0.4,-10.8,-2.1,1.04,0.18,-0.04
9357,46.78,46.78,46.880829,0.002467,0,0,-0.3,-10.6,-2.3,1.04,0.18,-0.04
9358,46.785,46.785001,46.884699,0.001337,9.99999997475243e-07,0,-0.3,-10.6,-3.4,1.02,0.19,-0.05
9359,46.79,46.79,46.889894,0.001533,0,0,-0.4,-10.6,-3.1,1.03,0.19,-0.05
9360,46.795,46.795,46.895766,0.002404,0,0,-0.4,-10.6,-3,1.03,0.18,-0.05
9361,46.8,46.800001,46.899682,0.001319,9.99999997475243e-07,0,-0.4,-10.7,-2.6,1.04,0.18,-0.04
9362,46.805,46.805,46.904743,0.001382,0,0,-0.4,-10.7,-3,1.04,0.19,-0.04
9363,46.81,46.81,46.910702,0.002341,0,0,-0.4,-10.7,-3.4,1.03,0.19,-0.05
9364,46.815,46.815,46.91467,0.001309,0,0,-0.4,-10.7,-3.4,1.03,0.19,-0.04
9365,46.82,46.82,46.919682,0.001321,0,0,-0.4,-10.7,-3.3,1.03,0.18,-0.04
9366,46.825,46.825002,46.925913,0.002549,1.99999999495049e-06,0,-0.5,-10.7,-3.3,1.03,0.2,-0.04
9367,46.83,46.83,46.930855,0.002494,0,0,-0.5,-10.8,-3.5,1.03,0.2,-0.05
9368,46.835,46.835,46.93476,0.001398,0,0,-0.4,-10.7,-2.8,1.04,0.19,-0.04
9369,46.84,46.84,46.940749,0.002387,0,0,-0.5,-10.8,-2.4,1.04,0.19,-0.04
9370,46.845,46.845,46.945749,0.002388,0,0,-0.5,-10.8,-3.3,1.03,0.2,-0.05
9371,46.85,46.85,46.949723,0.001361,0,0,-0.5,-10.8,-2.5,1.04,0.2,-0.04
9372,46.855,46.855001,46.955802,0.002439,9.99999997475243e-07,0,-0.5,-10.7,-2.5,1.04,0.19,-0.04
9373,46.86,46.86,46.960705,0.002344,0,0,-0.6,-10.7,-2.3,1.04,0.18,-0.04
9374,46.865,46.865,46.964746,0.001384,0,0,-0.5,-10.7,-3.3,1.03,0.2,-0.05
9375,46.87,46.87,46.970797,0.002436,0,0,-0.2,-10.6,-3.5,1.02,0.19,-0.05
9376,46.875,46.875,46.975722,0.002361,0,0,-0.2,-10.7,-2.6,1.03,0.18,-0.04
9377,46.88,46.88,46.979716,0.001354,0,0,-0.2,-10.7,-3,1.02,0.19,-0.04
9378,46.885,46.885,46.984797,0.001436,0,0,-0.2,-10.8,-3.3,1.02,0.2,-0.04
9379,46.89,46.89,46.990736,0.002374,0,0,-0.3,-10.8,-4,1.02,0.21,-0.05
9380,46.895,46.895,46.994734,0.001373,0,0,-0.3,-10.8,-3.5,1.02,0.2,-0.04
9381,46.9,46.9,46.999742,0.00138,0,0,-0.2,-10.8,-3.1,1.03,0.18,-0.04
9382,46.905,46.905,47.005733,0.002372,0,0,-0.2,-10.7,-3.1,1.03,0.18,-0.04
9383,46.91,46.910001,47.009699,0.001337,9.99999997475243e-07,0,-0.2,-10.8,-3,1.04,0.18,-0.04
9384,46.915,46.915,47.01469,0.001329,0,0,-0.2,-10.8,-2.9,1.03,0.18,-0.04
9385,46.92,46.92,47.020706,0.002345,0,0,-0.1,-10.8,-3.3,1.03,0.18,-0.05
9386,46.925,46.925001,47.024686,0.001323,9.99999997475243e-07,0,-0.2,-10.7,-3.1,1.03,0.19,-0.04
9387,46.93,46.93,47.029793,0.001432,0,0,-0.2,-10.8,-3.1,1.03,0.19,-0.05
9388,46.935,46.935,47.035719,0.002358,0,0,-0.1,-10.7,-2.8,1.04,0.19,-0.04
9389,46.94,46.94,47.039679,0.001318,0,0,-0.1,-10.7,-2.4,1.04,0.18,-0.04
9390,46.945,46.945,47.044695,0.001334,0,0,-0.3,-10.6,-2.4,1.04,0.18,-0.04
9391,46.95,46.95,47.050698,0.002337,0,0,-0.4,-10.7,-2.8,1.03,0.19,-0.04
9392,46.955,46.955,47.055743,0.002383,0,0,-0.4,-10.7,-3.3,1.03,0.2,-0.04
9393,46.96,46.96,47.059789,0.001429,0,0,-0.4,-10.7,-3.1,1.03,0.2,-0.04
9394,46.965,46.965,47.064872,0.001511,0,0,-0.4,-10.8,-2,1.04,0.18,-0.04
9395,46.97,46.97,47.070768,0.002406,0,0,-0.3,-10.7,-2,1.04,0.18,-0.03
9396,46.975,46.975,47.075684,0.002323,0,0,-0.3,-10.8,-2.2,1.04,0.2,-0.04
9397,46.98,46.980001,47.079788,0.001426,9.99999997475243e-07,0,-0.3,-10.9,-2.6,1.04,0.2,-0.04
9398,46.985,46.985,47.085744,0.002383,0,0,-0.4,-10.8,-2.9,1.04,0.2,-0.04
9399,46.99,46.99,47.090681,0.00232,0,0,-0.5,-10.9,-3,1.04,0.2,-0.04
9400,46.995,46.995,47.094669,0.001307,0,0,-0.4,-10.8,-2.6,1.04,0.18,-0.04
9401,47,47,47.10006,0.001698,0,0,-0.6,-10.8,-2.7,1.04,0.19,-0.05
9402,47.005,47.005,47.105762,0.002401,0,0,-0.6,-10.8,-2.9,1.04,0.19,-0.04
9403,47.01,47.01,47.109706,0.001345,0,0,-0.6,-10.7,-2.9,1.03,0.19,-0.04
9404,47.015,47.015,47.114853,0.001492,0,0,-0.5,-10.7,-2.5,1.03,0.18,-0.04
9405,47.02,47.02,47.120776,0.002416,0,0,-0.3,-10.7,-2.9,1.03,0.18,-0.04
9406,47.025,47.025,47.124719,0.001358,0,0,-0.5,-10.9,-3,1.03,0.2,-0.04
9407,47.03,47.03,47.129793,0.001433,0,0,-0.5,-10.8,-3.1,1.03,0.2,-0.04
9408,47.035,47.035001,47.135782,0.00242,9.99999997475243e-07,0,-0.4,-10.8,-2.7,1.03,0.19,-0.04
9409,47.04,47.04,47.140747,0.002385,0,0,-0.4,-10.8,-2.7,1.04,0.2,-0.04
9410,47.045,47.045,47.144723,0.001362,0,0,-0.4,-10.9,-2.4,1.04,0.2,-0.04
9411,47.05,47.050001,47.150785,0.002423,9.99999997475243e-07,0,-0.4,-10.9,-2.4,1.04,0.19,-0.04
9412,47.055,47.055,47.154708,0.001348,0,0,-0.4,-10.8,-2.4,1.04,0.18,-0.04
9413,47.06,47.06,47.159842,0.001482,0,0,-0.5,-10.8,-2,1.05,0.18,-0.04
9414,47.065,47.065,47.164955,0.001594,0,0,-0.4,-10.7,-2.4,1.04,0.19,-0.04
9415,47.07,47.07,47.170753,0.002391,0,0,-0.4,-10.7,-2.3,1.04,0.19,-0.03
9416,47.075,47.075,47.174671,0.00131,0,0,-0.6,-10.9,-2.8,1.04,0.2,-0.04
9417,47.08,47.08,47.179934,0.001572,0,0,-0.6,-10.8,-3.1,1.04,0.21,-0.04
9418,47.085,47.085,47.185741,0.00238,0,0,-0.6,-10.7,-2.9,1.04,0.2,-0.04
9419,47.09,47.09,47.190691,0.00233,0,0,-0.5,-10.7,-3.4,1.03,0.21,-0.04
9420,47.095,47.095,47.194671,0.00131,0,0,-0.6,-10.7,-3.7,1.03,0.21,-0.05
9421,47.1,47.1,47.20075,0.002389,0,0,-0.6,-10.8,-3.6,1.03,0.22,-0.05
9422,47.105,47.105001,47.205694,0.002332,9.99999997475243e-07,0,-0.5,-10.7,-3.6,1.03,0.21,-0.05
9423,47.11,47.11,47.209678,0.001317,0,0,-0.6,-10.7,-3.3,1.03,0.2,-0.05
9424,47.115,47.115,47.214819,0.001457,0,0,-0.6,-10.7,-3.5,1.03,0.21,-0.05
9425,47.12,47.12,47.220781,0.00242,0,0,-0.4,-10.7,-3,1.04,0.2,-0.04
9426,47.125,47.125,47.224781,0.001419,0,0,-0.5,-10.7,-3.1,1.03,0.2,-0.04
9427,47.13,47.13,47.229857,0.001495,0,0,-0.4,-10.7,-2.2,1.03,0.18,-0.04
9428,47.135,47.135,47.235769,0.002407,0,0,-0.5,-10.9,-2.7,1.03,0.2,-0.04
9429,47.14,47.14,47.23971,0.001349,0,0,-0.5,-10.9,-3,1.04,0.2,-0.04
9430,47.145,47.145,47.244822,0.001462,0,0,-0.6,-10.8,-2.3,1.05,0.19,-0.04
9431,47.15,47.15,47.249829,0.001469,0,0,-0.6,-10.8,-2.7,1.04,0.19,-0.05
9432,47.155,47.155,47.255723,0.002363,0,0,-0.5,-10.7,-2.3,1.04,0.18,-0.04
9433,47.16,47.160001,47.259777,0.001415,9.99999997475243e-07,0,-0.6,-10.7,-2.6,1.04,0.19,-0.04
9434,47.165,47.165,47.264846,0.001485,0,0,-0.5,-10.7,-2.8,1.04,0.19,-0.05
9435,47.17,47.17,47.270713,0.002352,0,0,-0.5,-10.8,-3.2,1.03,0.2,-0.05
9436,47.175,47.175001,47.275695,0.002333,9.99999997475243e-07,0,-0.5,-10.7,-3.5,1.03,0.19,-0.04
9437,47.18,47.18,47.2797,0.001338,0,0,-0.5,-10.7,-3.4,1.03,0.19,-0.05
9438,47.185,47.185,47.284991,0.00163,0,0,-0.5,-10.8,-3.6,1.03,0.2,-0.05
9439,47.19,47.19,47.2908,0.002439,0,0,-0.5,-10.7,-3.6,1.03,0.2,-0.04
9440,47.195,47.195,47.294688,0.001328,0,0,-0.6,-10.8,-3.1,1.04,0.19,-0.04
9441,47.2,47.2,47.299737,0.001376,0,0,-0.4,-10.7,-2.9,1.04,0.18,-0.04
9442,47.205,47.205,47.305704,0.002343,0,0,-0.4,-10.7,-2.6,1.04,0.19,-0.04
9443,47.21,47.21,47.30983,0.00147,0,0,-0.4,-10.8,-2.6,1.04,0.19,-0.04
9444,47.215,47.215,47.314733,0.001372,0,0,-0.3,-10.7,-2.7,1.03,0.19,-0.04
9445,47.22,47.22,47.320798,0.002437,0,0,-0.2,-10.6,-2.7,1.03,0.18,-0.03
9446,47.225,47.225,47.32569,0.002329,0,0,-0.1,-10.6,-2.6,1.03,0.18,-0.04
9447,47.23,47.230001,47.329724,0.001362,9.99999997475243e-07,0,-0.1,-10.6,-2.6,1.03,0.17,-0.04
9448,47.235,47.235,47.335747,0.002386,0,0,-0.3,-10.7,-2.3,1.04,0.18,-0.04
9449,47.24,47.24,47.34078,0.002419,0,0,-0.3,-10.6,-2.1,1.04,0.17,-0.03
9450,47.245,47.245,47.344688,0.001327,0,0,-0.3,-10.7,-2.4,1.04,0.19,-0.03
9451,47.25,47.25,47.349803,0.001442,0,0,-0.5,-10.7,-2,1.04,0.18,-0.03
9452,47.255,47.255,47.355935,0.002573,0,0,-0.4,-10.7,-2.3,1.04,0.19,-0.04
9453,47.26,47.26,47.359742,0.00138,0,0,-0.4,-10.7,-2.9,1.04,0.19,-0.04
9454,47.265,47.265,47.364828,0.001466,0,0,-0.3,-10.7,-3.6,1.03,0.2,-0.04
9455,47.27,47.27,47.370797,0.002436,0,0,-0.4,-10.7,-3.3,1.03,0.19,-0.05
9456,47.275,47.275,47.374711,0.001349,0,0,-0.1,-10.6,-2.9,1.04,0.18,-0.04
9457,47.28,47.28,47.37976,0.001399,0,0,-0.3,-10.7,-2.8,1.04,0.19,-0.04
9458,47.285,47.285001,47.385813,0.002451,9.99999997475243e-07,0,-0.5,-10.8,-3.2,1.03,0.2,-0.04
9459,47.29,47.29,47.390725,0.002364,0,0,-0.5,-10.7,-3.3,1.03,0.2,-0.04
9460,47.295,47.295,47.394729,0.001368,0,0,-0.5,-10.8,-2.6,1.04,0.2,-0.04
9461,47.3,47.300001,47.399849,0.001488,9.99999997475243e-07,0,-0.5,-10.8,-3.1,1.04,0.2,-0.04
9462,47.305,47.305,47.405826,0.002466,0,0,-0.5,-10.8,-3.1,1.04,0.2,-0.04
9463,47.31,47.31,47.409677,0.001316,0,0,-0.5,-10.7,-3.4,1.03,0.2,-0.04
9464,47.315,47.315,47.414739,0.001378,0,0,-0.4,-10.7,-2.8,1.04,0.19,-0.03
9465,47.32,47.32,47.420697,0.002336,0,0,-0.4,-10.8,-3,1.04,0.18,-0.04
9466,47.325,47.325,47.425747,0.002386,0,0,-0.5,-10.7,-2.4,1.04,0.18,-0.04
9467,47.33,47.33,47.429923,0.001562,0,0,-0.4,-10.7,-2.5,1.04,0.18,-0.04
9468,47.335,47.335,47.435736,0.002375,0,0,-0.5,-10.7,-3,1.03,0.19,-0.04
9469,47.34,47.34,47.440752,0.00239,0,0,-0.3,-10.7,-2.6,1.03,0.18,-0.04
9470,47.345,47.345,47.444744,0.001382,0,0,-0.4,-10.7,-2.4,1.04,0.18,-0.04
9471,47.35,47.35,47.449955,0.001593,0,0,-0.4,-10.7,-2.5,1.04,0.18,-0.04
9472,47.355,47.355001,47.45582,0.002459,9.99999997475243e-07,0,-0.3,-10.7,-2.9,1.03,0.18,-0.04
9473,47.36,47.36,47.459703,0.001342,0,0,-0.3,-10.7,-3,1.03,0.18,-0.04
9474,47.365,47.365,47.464922,0.00156,0,0,-0.3,-10.6,-2.9,1.02,0.19,-0.04
9475,47.37,47.37,47.470777,0.002416,0,0,-0.3,-10.6,-2.7,1.02,0.19,-0.04
9476,47.375,47.375,47.475705,0.002345,0,0,-0.5,-10.7,-2.8,1.02,0.2,-0.04
9477,47.38,47.38,47.479736,0.001374,0,0,-0.5,-10.6,-2.7,1.03,0.19,-0.04
9478,47.385,47.385,47.485757,0.002396,0,0,-0.5,-10.6,-2.8,1.04,0.19,-0.04
9479,47.39,47.39,47.489853,0.001493,0,0,-0.4,-10.7,-2.8,1.03,0.19,-0.04
9480,47.395,47.395001,47.494892,0.00153,9.99999997475243e-07,0,-0.2,-10.7,-2.6,1.03,0.17,-0.04
9481,47.4,47.4,47.500777,0.002416,0,0,-0.2,-10.8,-2.2,1.03,0.18,-0.03
9482,47.405,47.405,47.504682,0.00132,0,0,-0.3,-10.7,-2.1,1.04,0.17,-0.03
9483,47.41,47.410001,47.509868,0.001505,9.99999997475243e-07,0,-0.2,-10.6,-1.3,1.04,0.16,-0.03
9484,47.415,47.415,47.514909,0.001547,0,0,-0.3,-10.7,-2,1.04,0.17,-0.03
9485,47.42,47.42,47.520758,0.002396,0,0,-0.3,-10.7,-2.5,1.04,0.18,-0.03
9486,47.425,47.425001,47.524683,0.001321,9.99999997475243e-07,0,-0.2,-10.8,-2.2,1.04,0.18,-0.04
9487,47.43,47.43,47.529703,0.001342,0,0,-0.2,-10.8,-1.9,1.04,0.17,-0.03
9488,47.435,47.435,47.535729,0.002368,0,0,-0.3,-10.9,-1.8,1.04,0.18,-0.03
9489,47.44,47.44,47.540711,0.00235,0,0,-0.4,-10.9,-1.6,1.04,0.18,-0.03
9490,47.445,47.445,47.544681,0.00132,0,0,-0.4,-10.8,-2,1.04,0.18,-0.03
9491,47.45,47.45,47.549799,0.001437,0,0,-0.4,-10.8,-2.3,1.04,0.19,-0.03
9492,47.455,47.455,47.555768,0.002407,0,0,-0.4,-10.8,-2.3,1.04,0.18,-0.04
9493,47.46,47.46,47.559699,0.001337,0,0,-0.4,-10.8,-2.2,1.04,0.18,-0.03
9494,47.465,47.465,47.564714,0.001353,0,0,-0.3,-10.9,-1.6,1.04,0.18,-0.04
9495,47.47,47.47,47.570782,0.002422,0,0,-0.2,-10.9,-2.1,1.04,0.17,-0.04
9496,47.475,47.475,47.575734,0.002372,0,0,-0.3,-10.8,-3,1.03,0.19,-0.04
9497,47.48,47.480001,47.579867,0.001505,9.99999997475243e-07,0,-0.2,-10.8,-2.8,1.03,0.18,-0.04
9498,47.485,47.485,47.584876,0.001514,0,0,-0.4,-10.7,-2.7,1.04,0.18,-0.04
9499,47.49,47.49,47.590785,0.002424,0,0,-0.2,-10.7,-2.7,1.04,0.18,-0.04
9500,47.495,47.495,47.594678,0.001317,0,0,-0.2,-10.8,-2.7,1.03,0.18,-0.04
9501,47.5,47.5,47.599809,0.001447,0,0,-0.3,-10.7,-3.5,1.03,0.19,-0.05
9502,47.505,47.505,47.605783,0.002422,0,0,-0.4,-10.7,-3.8,1.03,0.2,-0.05
9503,47.51,47.51,47.609702,0.001341,0,0,-0.5,-10.8,-4.3,1.02,0.2,-0.06
9504,47.515,47.515,47.614712,0.00135,0,0,-0.5,-10.7,-4.3,1.03,0.21,-0.05
9505,47.52,47.52,47.620827,0.002467,0,0,-0.4,-10.8,-3.5,1.03,0.2,-0.05
9506,47.525,47.525001,47.625714,0.002352,1.00000000458067e-06,0,-0.3,-10.7,-3,1.04,0.19,-0.04
9507,47.53,47.53,47.630044,0.001683,0,0,-0.3,-10.7,-2.7,1.04,0.18,-0.04
9508,47.535,47.535001,47.63582,0.002457,9.99999997475243e-07,0,-0.4,-10.7,-2.9,1.04,0.19,-0.04
9509,47.54,47.54,47.640708,0.002347,0,0,-0.3,-10.7,-2.6,1.04,0.18,-0.04
9510,47.545,47.545,47.64469,0.001329,0,0,-0.6,-10.8,-2.2,1.05,0.19,-0.04
9511,47.55,47.550001,47.649874,0.001511,9.99999997475243e-07,0,-0.5,-10.7,-2.4,1.04,0.19,-0.04
9512,47.555,47.555,47.655767,0.002405,0,0,-0.5,-10.7,-2.4,1.04,0.19,-0.04
9513,47.56,47.56,47.659676,0.001315,0,0,-0.4,-10.8,-2.3,1.04,0.18,-0.04
9514,47.565,47.565,47.664793,0.001431,0,0,-0.3,-10.8,-2.5,1.04,0.18,-0.04
9515,47.57,47.57,47.670723,0.002362,0,0,-0.2,-10.8,-2.5,1.04,0.18,-0.04
9516,47.575,47.575,47.67569,0.002328,0,0,-0.4,-10.8,-2.5,1.04,0.18,-0.04
9517,47.58,47.580001,47.679944,0.001582,1.00000000458067e-06,0,-0.3,-10.8,-2.7,1.04,0.18,-0.04
9518,47.585,47.585,47.684926,0.001565,0,0,-0.2,-10.7,-3,1.03,0.18,-0.04
9519,47.59,47.59,47.69099,0.002629,0,0,-0.2,-10.6,-3.3,1.02,0.19,-0.04
9520,47.595,47.595,47.694705,0.001345,0,0,-0.3,-10.7,-3.2,1.03,0.18,-0.04
9521,47.6,47.6,47.699779,0.001419,0,0,-0.3,-10.6,-2.6,1.03,0.18,-0.03
9522,47.605,47.605001,47.705756,0.002394,9.99999997475243e-07,0,-0.4,-10.7,-1.8,1.04,0.17,-0.03
9523,47.61,47.61,47.710689,0.002328,0,0,-0.3,-10.7,-2.2,1.04,0.17,-0.04
9524,47.615,47.615,47.714818,0.001457,0,0,-0.3,-10.7,-2.4,1.04,0.17,-0.04
9525,47.62,47.62,47.719847,0.001486,0,0,-0.3,-10.6,-2.4,1.04,0.17,-0.04
9526,47.625,47.625,47.72575,0.002389,0,0,-0.3,-10.8,-2.6,1.04,0.18,-0.04
9527,47.63,47.63,47.729714,0.001353,0,0,-0.3,-10.8,-2.8,1.04,0.18,-0.04
9528,47.635,47.635,47.73477,0.001409,0,0,-0.3,-10.8,-3,1.04,0.19,-0.04
9529,47.64,47.64,47.740789,0.002427,0,0,-0.4,-10.7,-2.8,1.04,0.18,-0.04
9530,47.645,47.645,47.745765,0.002404,0,0,-0.4,-10.8,-2.5,1.04,0.18,-0.04
9531,47.65,47.65,47.749814,0.001453,0,0,-0.3,-10.7,-1.8,1.04,0.17,-0.04
9532,47.655,47.655,47.755751,0.002391,0,0,-0.4,-10.7,-2.3,1.04,0.18,-0.04
9533,47.66,47.660001,47.760847,0.002486,9.99999997475243e-07,0,-0.3,-10.7,-1.8,1.04,0.17,-0.04
9534,47.665,47.665,47.764727,0.001366,0,0,-0.4,-10.9,-2.1,1.04,0.18,-0.04
9535,47.67,47.67,47.770795,0.002434,0,0,-0.4,-10.9,-2.6,1.04,0.19,-0.04
9536,47.675,47.675001,47.775726,0.002364,9.99999997475243e-07,0,-0.3,-10.8,-2.2,1.04,0.18,-0.03
9537,47.68,47.68,47.779997,0.001636,0,0,-0.2,-10.8,-2.1,1.03,0.17,-0.03
9538,47.685,47.685,47.785764,0.002403,0,0,-0.3,-10.7,-2.7,1.03,0.19,-0.04
9539,47.69,47.69,47.790699,0.002337,0,0,-0.4,-10.8,-3,1.03,0.19,-0.04
9540,47.695,47.695,47.794668,0.001307,0,0,-0.4,-10.7,-3.5,1.03,0.2,-0.04
9541,47.7,47.7,47.799857,0.001495,0,0,-0.4,-10.9,-2.8,1.04,0.19,-0.04
9542,47.705,47.705,47.805815,0.002453,0,0,-0.3,-10.9,-2.4,1.05,0.19,-0.04
9543,47.71,47.71,47.809682,0.001321,0,0,-0.4,-10.8,-3,1.04,0.19,-0.04
9544,47.715,47.715,47.814944,0.001582,0,0,-0.4,-10.8,-2.6,1.04,0.19,-0.04
9545,47.72,47.72,47.82079,0.002428,0,0,-0.3,-10.7,-2.8,1.04,0.18,-0.04
9546,47.725,47.725,47.824706,0.001344,0,0,-0.2,-10.8,-2.7,1.04,0.18,-0.04
9547,47.73,47.730001,47.829963,0.001602,9.99999997475243e-07,0,-0.3,-10.7,-2.4,1.04,0.18,-0.04
9548,47.735,47.735,47.835765,0.002403,0,0,-0.4,-10.7,-2,1.04,0.18,-0.04
9549,47.74,47.74,47.83996,0.001599,0,0,-0.3,-10.7,-2.3,1.04,0.17,-0.04
9550,47.745,47.745,47.844833,0.001472,0,0,-0.4,-10.7,-1.8,1.04,0.17,-0.04
9551,47.75,47.75,47.85078,0.002418,0,0,-0.3,-10.8,-2.2,1.03,0.18,-0.04
9552,47.755,47.755,47.854747,0.001385,0,0,-0.2,-10.7,-1.7,1.04,0.17,-0.03
9553,47.76,47.76,47.859843,0.001483,0,0,-0.4,-10.7,-2.6,1.03,0.19,-0.04
9554,47.765,47.765,47.8658,0.002441,0,0,-0.5,-10.8,-2.7,1.03,0.19,-0.04
9555,47.77,47.77,47.870874,0.002514,0,0,-0.3,-10.7,-2.6,1.03,0.18,-0.04
9556,47.775,47.775,47.874825,0.001464,0,0,-0.3,-10.8,-2.7,1.04,0.18,-0.04
9557,47.78,47.780001,47.880013,0.001651,9.99999997475243e-07,0,-0.2,-10.8,-2.7,1.04,0.18,-0.03
9558,47.785,47.785001,47.885748,0.002386,9.99999997475243e-07,0,-0.2,-10.7,-2.7,1.03,0.18,-0.04
9559,47.79,47.79,47.889805,0.001444,0,0,-0.4,-10.8,-3,1.04,0.19,-0.04
9560,47.795,47.795,47.895828,0.002468,0,0,-0.5,-10.9,-3.2,1.04,0.2,-0.04
9561,47.8,47.800001,47.900802,0.00244,9.99999997475243e-07,0,-0.4,-10.8,-3.3,1.03,0.2,-0.04
9562,47.805,47.805,47.904909,0.001547,0,0,-0.3,-10.7,-2.5,1.04,0.18,-0.04
9563,47.81,47.81,47.909834,0.001473,0,0,-0.3,-10.7,-1.8,1.04,0.18,-0.04
9564,47.815,47.815,47.915783,0.002421,0,0,-0.5,-10.7,-2,1.04,0.18,-0.03
9565,47.82,47.82,47.919728,0.001367,0,0,-0.4,-10.8,-1.7,1.04,0.18,-0.04
9566,47.825,47.825,47.924912,0.001551,0,0,-0.4,-10.9,-1.5,1.04,0.17,-0.03
9567,47.83,47.83,47.930941,0.002579,0,0,-0.5,-10.8,-2.3,1.04,0.18,-0.04
9568,47.835,47.835,47.934747,0.001386,0,0,-0.4,-10.7,-2.3,1.04,0.18,-0.04
9569,47.84,47.84,47.93985,0.001489,0,0,-0.5,-10.8,-2.4,1.05,0.18,-0.04
9570,47.845,47.845,47.94576,0.0024,0,0,-0.4,-10.7,-2.5,1.04,0.18,-0.04
9571,47.85,47.85,47.94974,0.001378,0,0,-0.3,-10.7,-2.5,1.04,0.18,-0.04
9572,47.855,47.855001,47.954774,0.001412,9.99999997475243e-07,0,-0.4,-10.8,-2.6,1.04,0.18,-0.04
9573,47.86,47.86,47.960842,0.00248,0,0,-0.3,-10.7,-1.9,1.05,0.17,-0.04
9574,47.865,47.865,47.965752,0.002389,0,0,-0.4,-10.7,-1.8,1.05,0.18,-0.04
9575,47.87,47.870001,47.969852,0.00149,9.99999997475243e-07,0,-0.3,-10.7,-1.9,1.04,0.17,-0.04
9576,47.875,47.875,47.975759,0.002398,0,0,-0.3,-10.8,-1.3,1.04,0.17,-0.04
9577,47.88,47.88,47.980789,0.002427,0,0,-0.3,-10.8,-1.7,1.04,0.18,-0.04
9578,47.885,47.885,47.984688,0.001327,0,0,-0.5,-10.8,-2,1.04,0.18,-0.04
9579,47.89,47.89,47.990829,0.002469,0,0,-0.5,-10.8,-2.9,1.04,0.19,-0.04
9580,47.895,47.895,47.995765,0.002404,0,0,-0.4,-10.7,-2.5,1.04,0.18,-0.03
9581,47.9,47.9,47.999884,0.001523,0,0,-0.2,-10.8,-2.4,1.04,0.18,-0.04
9582,47.905,47.905,48.005774,0.002414,0,0,-0.2,-10.8,-2.7,1.04,0.19,-0.04
9583,47.91,47.910001,48.010696,0.002334,9.99999997475243e-07,0,-0.2,-10.8,-2.8,1.03,0.19,-0.04
9584,47.915,47.915,48.014669,0.001308,0,0,-0.1,-10.6,-2.9,1.03,0.17,-0.04
9585,47.92,47.92,48.019739,0.001378,0,0,-0.2,-10.7,-2.7,1.04,0.17,-0.04
9586,47.925,47.925001,48.025764,0.002401,9.99999997475243e-07,0,-0.3,-10.7,-2.6,1.04,0.18,-0.04
9587,47.93,47.93,48.029699,0.001338,0,0,-0.3,-10.7,-1.9,1.04,0.17,-0.04
9588,47.935,47.935,48.034758,0.001397,0,0,-0.4,-10.6,-2.1,1.04,0.17,-0.04
9589,47.94,47.94,48.039824,0.001462,0,0,-0.6,-10.7,-2.8,1.04,0.19,-0.04
9590,47.945,47.945,48.04579,0.00243,0,0,-0.5,-10.7,-2.9,1.04,0.19,-0.04
9591,47.95,47.95,48.050708,0.002347,0,0,-0.5,-10.7,-2.4,1.04,0.19,-0.04
9592,47.955,47.955,48.054759,0.001398,0,0,-0.5,-10.7,-2.5,1.04,0.18,-0.04
9593,47.96,47.96,48.060763,0.002402,0,0,-0.4,-10.7,-2.4,1.04,0.18,-0.04
9594,47.965,47.965,48.065781,0.002419,0,0,-0.4,-10.6,-2.5,1.04,0.18,-0.04
9595,47.97,47.97,48.069919,0.001558,0,0,-0.3,-10.7,-1.8,1.04,0.17,-0.03
9596,47.975,47.975,48.074726,0.001364,0,0,-0.3,-10.8,-2.1,1.04,0.18,-0.04
9597,47.98,47.980001,48.080785,0.002424,9.99999997475243e-07,0,-0.4,-10.8,-2.5,1.04,0.19,-0.04
9598,47.985,47.985,48.084681,0.00132,0,0,-0.4,-10.7,-2.8,1.04,0.19,-0.04
9599,47.99,47.99,48.089752,0.00139,0,0,-0.4,-10.9,-2.7,1.04,0.2,-0.04
9600,47.995,47.995001,48.095795,0.002432,9.99999997475243e-07,0,-0.3,-10.8,-2.6,1.04,0.2,-0.04
9601,48,48,48.100772,0.002411,0,0,-0.3,-10.8,-2.2,1.05,0.19,-0.04
9602,48.005,48.005,48.1048,0.001438,0,0,-0.3,-10.7,-2.4,1.04,0.19,-0.04
9603,48.01,48.01,48.110116,0.001754,0,0,-0.2,-10.6,-2.4,1.04,0.18,-0.04
9604,48.015,48.015,48.115822,0.002462,0,0,-0.2,-10.7,-2.9,1.04,0.18,-0.05
9605,48.02,48.02,48.119841,0.001481,0,0,-0.2,-10.7,-2.7,1.04,0.18,-0.04
9606,48.025,48.025,48.124945,0.001583,0,0,-0.2,-10.7,-2.2,1.04,0.17,-0.04
9607,48.03,48.03,48.130969,0.002607,0,0,-0.4,-10.7,-2.6,1.04,0.18,-0.04
9608,48.035,48.035001,48.134695,0.001333,9.99999997475243e-07,0,-0.4,-10.6,-2.9,1.03,0.19,-0.04
9609,48.04,48.04,48.139963,0.001601,0,0,-0.3,-10.7,-2.4,1.04,0.18,-0.04
9610,48.045,48.045,48.145919,0.002557,0,0,-0.4,-10.6,-2.4,1.04,0.18,-0.04
9611,48.05,48.050001,48.150759,0.002397,9.99999997475243e-07,0,-0.2,-10.6,-2.9,1.03,0.18,-0.04
9612,48.055,48.055,48.154786,0.001424,0,0,-0.3,-10.7,-3.3,1.03,0.19,-0.04
9613,48.06,48.06,48.160815,0.002455,0,0,-0.4,-10.7,-3.1,1.03,0.19,-0.04
9614,48.065,48.065,48.165721,0.00236,0,0,-0.3,-10.6,-3.4,1.03,0.19,-0.04
9615,48.07,48.07,48.169783,0.001422,0,0,-0.3,-10.7,-3.5,1.03,0.19,-0.05
9616,48.075,48.075,48.174749,0.001387,0,0,-0.2,-10.7,-3,1.04,0.19,-0.04
9617,48.08,48.08,48.180764,0.002402,0,0,-0.5,-10.8,-3.3,1.04,0.2,-0.05
9618,48.085,48.085,48.184684,0.001323,0,0,-0.5,-10.8,-3.2,1.03,0.2,-0.05
9619,48.09,48.09,48.189732,0.001371,0,0,-0.5,-10.8,-2.7,1.03,0.19,-0.04
9620,48.095,48.095,48.195766,0.002404,0,0,-0.5,-10.8,-2.8,1.04,0.19,-0.05
9621,48.1,48.1,48.200708,0.002347,0,0,-0.5,-10.9,-3.3,1.03,0.2,-0.05
9622,48.105,48.105001,48.204686,0.001323,9.99999997475243e-07,0,-0.5,-10.8,-3,1.03,0.21,-0.05
9623,48.11,48.11,48.210708,0.002346,0,0,-0.6,-10.8,-2.6,1.03,0.2,-0.04
9624,48.115,48.115,48.215685,0.002324,0,0,-0.5,-10.8,-2.8,1.03,0.21,-0.04
9625,48.12,48.120001,48.219793,0.001431,9.99999997475243e-07,0,-0.3,-10.7,-2.8,1.03,0.19,-0.04
9626,48.125,48.125,48.224801,0.00144,0,0,-0.4,-10.8,-2.6,1.04,0.2,-0.04
9627,48.13,48.13,48.230844,0.002483,0,0,-0.5,-10.8,-2.7,1.04,0.21,-0.04
9628,48.135,48.135,48.234682,0.00132,0,0,-0.5,-10.8,-2.3,1.04,0.2,-0.04
9629,48.14,48.14,48.239751,0.001389,0,0,-0.4,-10.8,-2.5,1.04,0.19,-0.04
9630,48.145,48.145,48.245774,0.002414,0,0,-0.4,-10.8,-2.8,1.04,0.19,-0.04
9631,48.15,48.15,48.250724,0.002362,0,0,-0.4,-10.8,-2.9,1.04,0.19,-0.04
9632,48.155,48.155,48.254721,0.00136,0,0,-0.4,-10.8,-2.8,1.04,0.19,-0.04
9633,48.16,48.160001,48.259725,0.001364,9.99999997475243e-07,0,-0.4,-10.7,-2.3,1.04,0.19,-0.04
9634,48.165,48.165,48.265761,0.0024,0,0,-0.3,-10.6,-2.2,1.04,0.18,-0.04
9635,48.17,48.17,48.270702,0.002341,0,0,-0.3,-10.6,-2.3,1.04,0.18,-0.04
9636,48.175,48.175001,48.27467,0.001308,9.99999997475243e-07,0,-0.2,-10.7,-2.5,1.04,0.18,-0.04
9637,48.18,48.18,48.279815,0.001454,0,0,-0.3,-10.8,-3,1.04,0.18,-0.04
9638,48.185,48.185,48.285821,0.002461,0,0,-0.5,-10.8,-2.7,1.04,0.19,-0.04
9639,48.19,48.19,48.289808,0.001448,0,0,-0.6,-10.8,-3.2,1.04,0.2,-0.04
9640,48.195,48.195,48.295022,0.00166,0,0,-0.4,-10.8,-3.3,1.03,0.2,-0.04
9641,48.2,48.2,48.300787,0.002425,0,0,-0.4,-10.9,-3.3,1.03,0.2,-0.04
9642,48.205,48.205,48.30487,0.00151,0,0,-0.4,-10.8,-3,1.03,0.2,-0.04
9643,48.21,48.21,48.309808,0.001446,0,0,-0.4,-10.8,-3.1,1.03,0.2,-0.04
9644,48.215,48.215001,48.315853,0.002492,9.99999997475243e-07,0,-0.6,-10.8,-2.8,1.04,0.2,-0.04
9645,48.22,48.22,48.320705,0.002345,0,0,-0.5,-10.8,-2.5,1.04,0.2,-0.04
9646,48.225,48.225,48.324876,0.001515,0,0,-0.5,-10.8,-3.4,1.03,0.2,-0.04
9647,48.23,48.230001,48.330822,0.00246,9.99999997475243e-07,0,-0.4,-10.7,-2.6,1.04,0.19,-0.04
9648,48.235,48.235,48.335783,0.002421,0,0,-0.4,-10.7,-3.2,1.03,0.19,-0.04
9649,48.24,48.24,48.339726,0.001364,0,0,-0.5,-10.8,-3.1,1.03,0.2,-0.04
9650,48.245,48.245001,48.345711,0.002349,9.99999997475243e-07,0,-0.5,-10.9,-2.5,1.04,0.2,-0.03
9651,48.25,48.25,48.350707,0.002346,0,0,-0.5,-10.8,-2.3,1.04,0.19,-0.04
9652,48.255,48.255,48.354686,0.001325,0,0,-0.5,-10.8,-2.5,1.04,0.19,-0.04
9653,48.26,48.26,48.359903,0.001542,0,0,-0.6,-10.8,-2.6,1.04,0.19,-0.04
9654,48.265,48.265,48.365832,0.002471,0,0,-0.7,-10.8,-3,1.04,0.21,-0.04
9655,48.27,48.27,48.369936,0.001576,0,0,-0.6,-10.8,-3,1.04,0.2,-0.04
9656,48.275,48.275,48.374697,0.001335,0,0,-0.5,-10.8,-3.5,1.04,0.21,-0.04
9657,48.28,48.28,48.38093,0.002569,0,0,-0.4,-10.7,-2.8,1.04,0.19,-0.04
9658,48.285,48.285001,48.385748,0.002386,9.99999997475243e-07,0,-0.3,-10.7,-2.7,1.04,0.18,-0.04
9659,48.29,48.29,48.389869,0.001507,0,0,-0.2,-10.7,-2.6,1.03,0.17,-0.04
9660,48.295,48.295,48.395781,0.00242,0,0,-0.3,-10.6,-3.4,1.02,0.19,-0.04
9661,48.3,48.300001,48.400722,0.00236,9.99999997475243e-07,0,-0.3,-10.7,-3.5,1.02,0.2,-0.04
9662,48.305,48.305,48.40468,0.001319,0,0,-0.4,-10.7,-3.5,1.03,0.2,-0.04
9663,48.31,48.31,48.409825,0.001465,0,0,-0.5,-10.7,-2.6,1.04,0.19,-0.04
9664,48.315,48.315,48.415799,0.002437,0,0,-0.5,-10.7,-2.9,1.03,0.2,-0.04
9665,48.32,48.32,48.419821,0.00146,0,0,-0.4,-10.7,-3.1,1.03,0.2,-0.04
9666,48.325,48.325,48.424876,0.001515,0,0,-0.4,-10.7,-2.7,1.03,0.19,-0.04
9667,48.33,48.33,48.430927,0.002565,0,0,-0.4,-10.7,-1.9,1.04,0.18,-0.03
9668,48.335,48.335,48.434716,0.001355,0,0,-0.5,-10.7,-2.3,1.04,0.19,-0.03
9669,48.34,48.34,48.439724,0.001363,0,0,-0.4,-10.7,-2.1,1.04,0.19,-0.04
9670,48.345,48.345,48.44578,0.002418,0,0,-0.4,-10.8,-1.7,1.05,0.18,-0.03
9671,48.35,48.35,48.449754,0.001393,0,0,-0.3,-10.7,-2.1,1.04,0.17,-0.04
9672,48.355,48.355001,48.454821,0.00146,9.99999997475243e-07,0,-0.2,-10.7,-2.4,1.04,0.18,-0.05
9673,48.36,48.36,48.460722,0.002361,0,0,-0.3,-10.8,-2.2,1.04,0.17,-0.04
9674,48.365,48.365,48.464728,0.001365,0,0,-0.2,-10.7,-2.1,1.04,0.17,-0.03
9675,48.37,48.370001,48.469697,0.001334,9.99999997475243e-07,0,-0.2,-10.7,-2.1,1.04,0.18,-0.04
9676,48.375,48.375,48.475722,0.00236,0,0,-0.2,-10.7,-1.7,1.04,0.17,-0.03
9677,48.38,48.38,48.480717,0.002356,0,0,-0.2,-10.8,-2.3,1.04,0.18,-0.04
9678,48.385,48.385,48.484842,0.001482,0,0,-0.2,-10.8,-1.9,1.04,0.17,-0.04
9679,48.39,48.39,48.490758,0.002398,0,0,-0.3,-10.8,-2.3,1.04,0.19,-0.04
9680,48.395,48.395,48.495764,0.002403,0,0,-0.3,-10.8,-2.2,1.03,0.19,-0.03
9681,48.4,48.4,48.499725,0.001364,0,0,-0.4,-10.8,-3,1.03,0.19,-0.04
9682,48.405,48.405,48.504836,0.001475,0,0,-0.3,-10.7,-2.5,1.04,0.19,-0.04
9683,48.41,48.410001,48.510748,0.002386,9.99999997475243e-07,0,-0.3,-10.8,-2.7,1.03,0.19,-0.04
9684,48.415,48.415,48.51572,0.002358,0,0,-0.3,-10.8,-2.5,1.04,0.19,-0.04
9685,48.42,48.42,48.51974,0.001379,0,0,-0.3,-10.8,-2.1,1.03,0.18,-0.04
9686,48.425,48.425001,48.525758,0.002395,9.99999997475243e-07,0,-0.3,-10.7,-2.2,1.03,0.18,-0.03
9687,48.43,48.43,48.530724,0.002362,0,0,-0.3,-10.7,-1.8,1.04,0.17,-0.03
9688,48.435,48.435,48.534717,0.001356,0,0,-0.3,-10.7,-2.2,1.04,0.18,-0.03
9689,48.44,48.44,48.540717,0.002356,0,0,-0.3,-10.8,-2.5,1.04,0.19,-0.04
9690,48.445,48.445,48.544679,0.001318,0,0,-0.4,-10.7,-2.3,1.04,0.19,-0.04
9691,48.45,48.45,48.549687,0.001326,0,0,-0.5,-10.8,-2.2,1.04,0.19,-0.04
9692,48.455,48.455,48.555686,0.002325,0,0,-0.4,-10.7,-2,1.04,0.18,-0.04
9693,48.46,48.46,48.560808,0.002448,0,0,-0.4,-10.7,-2.5,1.04,0.2,-0.04
9694,48.465,48.465,48.564745,0.001385,0,0,-0.3,-10.7,-2.4,1.03,0.19,-0.04
9695,48.47,48.47,48.570838,0.002477,0,0,-0.3,-10.7,-2.1,1.04,0.18,-0.04
9696,48.475,48.475,48.575821,0.00246,0,0,-0.3,-10.7,-2.5,1.03,0.19,-0.04
9697,48.48,48.480001,48.579783,0.001421,9.99999997475243e-07,0,-0.3,-10.8,-2.4,1.04,0.19,-0.04
9698,48.485,48.485,48.585813,0.002451,0,0,-0.3,-10.8,-2.6,1.04,0.18,-0.04
9699,48.49,48.49,48.590763,0.002401,0,0,-0.3,-10.8,-2.5,1.04,0.18,-0.04
9700,48.495,48.495001,48.594728,0.001365,9.99999997475243e-07,0,-0.3,-10.8,-2.6,1.04,0.18,-0.04
9701,48.5,48.5,48.599782,0.001422,0,0,-0.4,-10.8,-2.7,1.04,0.18,-0.04
9702,48.505,48.505,48.605738,0.002376,0,0,-0.5,-10.8,-2.7,1.04,0.18,-0.04
9703,48.51,48.51,48.609705,0.001344,0,0,-0.5,-10.8,-3.2,1.04,0.19,-0.05
9704,48.515,48.515,48.614815,0.001453,0,0,-0.4,-10.8,-3.4,1.03,0.19,-0.05
9705,48.52,48.52,48.620707,0.002347,0,0,-0.4,-10.8,-3.4,1.03,0.18,-0.05
9706,48.525,48.525,48.625713,0.002352,0,0,-0.4,-10.8,-3,1.03,0.19,-0.04
9707,48.53,48.53,48.629953,0.001593,0,0,-0.4,-10.8,-3.1,1.03,0.19,-0.04
9708,48.535,48.535001,48.635722,0.002359,9.99999997475243e-07,0,-0.4,-10.8,-3.2,1.03,0.19,-0.04
9709,48.54,48.540001,48.640774,0.002412,9.99999997475243e-07,0,-0.2,-10.7,-2.4,1.03,0.17,-0.03
9710,48.545,48.545,48.644735,0.001374,0,0,-0.2,-10.7,-2.4,1.04,0.18,-0.04
9711,48.55,48.550001,48.649778,0.001416,9.99999997475243e-07,0,-0.4,-10.7,-2.6,1.03,0.19,-0.04
9712,48.555,48.555,48.655885,0.002524,0,0,-0.4,-10.7,-2.9,1.04,0.2,-0.04
9713,48.56,48.56,48.659725,0.001363,0,0,-0.4,-10.8,-2.8,1.04,0.19,-0.04
9714,48.565,48.565,48.664743,0.001382,0,0,-0.4,-10.7,-2.8,1.04,0.19,-0.04
9715,48.57,48.57,48.67072,0.002359,0,0,-0.5,-10.7,-2.5,1.04,0.19,-0.04
9716,48.575,48.575,48.675693,0.002332,0,0,-0.5,-10.8,-3,1.04,0.2,-0.04
9717,48.58,48.58,48.679746,0.001385,0,0,-0.4,-10.7,-2.4,1.04,0.19,-0.04
9718,48.585,48.585,48.68593,0.002569,0,0,-0.4,-10.8,-2.6,1.04,0.19,-0.04
9719,48.59,48.59,48.689773,0.001412,0,0,-0.4,-10.7,-2.8,1.03,0.19,-0.04
9720,48.595,48.595,48.695462,0.002101,0,0,-0.1,-10.8,-2.5,1.03,0.18,-0.04
9721,48.6,48.6,48.700768,0.002401,0,0,-0.1,-10.6,-2.6,1.03,0.17,-0.04
9722,48.605,48.605001,48.7049,0.001537,9.99999997475243e-07,0,-0.2,-10.7,-1.9,1.04,0.17,-0.04
9723,48.61,48.61,48.709885,0.001523,0,0,-0.1,-10.7,-2,1.04,0.17,-0.03
9724,48.615,48.615,48.715805,0.002443,0,0,-0.2,-10.7,-2.3,1.04,0.18,-0.03
9725,48.62,48.620001,48.719744,0.001381,9.99999997475243e-07,0,-0.3,-10.8,-2.9,1.03,0.19,-0.04
9726,48.625,48.625,48.724793,0.001432,0,0,-0.3,-10.7,-3.1,1.02,0.19,-0.04
9727,48.63,48.63,48.730779,0.002418,0,0,-0.5,-10.7,-2.7,1.03,0.19,-0.04
9728,48.635,48.635,48.734776,0.001415,0,0,-0.5,-10.8,-2.4,1.04,0.19,-0.04
9729,48.64,48.64,48.739832,0.00147,0,0,-0.4,-10.7,-2.9,1.04,0.19,-0.05
9730,48.645,48.645,48.745786,0.002425,0,0,-0.3,-10.6,-3.1,1.04,0.19,-0.04
9731,48.65,48.65,48.749747,0.001387,0,0,-0.3,-10.7,-2.5,1.04,0.18,-0.04
9732,48.655,48.655,48.754724,0.001363,0,0,-0.2,-10.8,-2.1,1.04,0.17,-0.03
9733,48.66,48.660001,48.760748,0.002386,9.99999997475243e-07,0,-0.2,-10.8,-2.8,1.04,0.18,-0.04
9734,48.665,48.665,48.765755,0.002394,0,0,-0.2,-10.8,-2.4,1.04,0.18,-0.04
9735,48.67,48.67,48.770297,0.001936,0,0,-0.4,-10.7,-2.9,1.04,0.18,-0.04
9736,48.675,48.675001,48.775765,0.002402,9.99999997475243e-07,0,-0.4,-10.7,-3.2,1.03,0.19,-0.05
9737,48.68,48.68,48.77992,0.001558,0,0,-0.3,-10.8,-3,1.03,0.19,-0.04
9738,48.685,48.685,48.78572,0.002363,0,0,-0.3,-10.8,-2.7,1.04,0.18,-0.04
9739,48.69,48.69,48.789675,0.001314,0,0,-0.4,-10.8,-2.6,1.04,0.18,-0.04
9740,48.695,48.695,48.794796,0.001434,0,0,-0.4,-10.8,-2.6,1.04,0.19,-0.04
9741,48.7,48.7,48.800932,0.00257,0,0,-0.4,-10.8,-2.8,1.04,0.19,-0.04
9742,48.705,48.705,48.804791,0.001429,0,0,-0.4,-10.7,-3.3,1.03,0.19,-0.04
9743,48.71,48.71,48.809757,0.001396,0,0,-0.5,-10.9,-3.4,1.03,0.2,-0.04
9744,48.715,48.715,48.815807,0.002444,0,0,-0.4,-10.8,-3.6,1.03,0.2,-0.05
9745,48.72,48.72,48.819831,0.001469,0,0,-0.4,-10.8,-3.7,1.03,0.2,-0.04
9746,48.725,48.725,48.825713,0.002351,0,0,-0.3,-10.8,-3.3,1.04,0.18,-0.04
9747,48.73,48.730001,48.830751,0.002388,9.99999997475243e-07,0,-0.2,-10.8,-3.3,1.03,0.19,-0.04
9748,48.735,48.735,48.8348,0.001439,0,0,-0.2,-10.8,-3.4,1.03,0.18,-0.04
9749,48.74,48.74,48.840721,0.00236,0,0,-0.3,-10.8,-3,1.04,0.19,-0.04
9750,48.745,48.745001,48.84571,0.002347,9.99999997475243e-07,0,-0.3,-10.8,-3.2,1.03,0.2,-0.04
9751,48.75,48.75,48.84968,0.001319,0,0,-0.6,-10.9,-3,1.03,0.2,-0.04
9752,48.755,48.755,48.85479,0.001429,0,0,-0.6,-10.9,-3.3,1.03,0.2,-0.04
9753,48.76,48.76,48.860784,0.002423,0,0,-0.6,-10.8,-2.6,1.04,0.19,-0.04
9754,48.765,48.765,48.864888,0.001527,0,0,-0.6,-10.8,-2.8,1.04,0.2,-0.04
9755,48.77,48.77,48.869821,0.001461,0,0,-0.6,-10.8,-2.6,1.03,0.2,-0.04
9756,48.775,48.775,48.875754,0.002393,0,0,-0.5,-10.8,-2.3,1.04,0.19,-0.03
9757,48.78,48.78,48.879694,0.001333,0,0,-0.4,-10.8,-1.9,1.04,0.18,-0.03
9758,48.785,48.785001,48.884746,0.001384,9.99999997475243e-07,0,-0.4,-10.7,-2.2,1.04,0.18,-0.03
9759,48.79,48.79,48.890769,0.002408,0,0,-0.3,-10.7,-2.2,1.04,0.17,-0.03
9760,48.795,48.795,48.894713,0.001352,0,0,-0.3,-10.7,-1.5,1.04,0.16,-0.03
9761,48.8,48.800001,48.899748,0.001385,9.99999997475243e-07,0,-0.3,-10.8,-1.7,1.05,0.17,-0.03
9762,48.805,48.805,48.905762,0.002401,0,0,-0.2,-10.8,-1.9,1.04,0.17,-0.03
9763,48.81,48.81,48.910693,0.002331,0,0,-0.5,-10.9,-2.1,1.04,0.19,-0.03
9764,48.815,48.815,48.914875,0.001515,0,0,-0.4,-10.8,-2.4,1.04,0.19,-0.04
9765,48.82,48.82,48.920749,0.002388,0,0,-0.4,-10.8,-2.4,1.03,0.19,-0.04
9766,48.825,48.825,48.925685,0.002324,0,0,-0.4,-10.8,-2.9,1.03,0.2,-0.04
9767,48.83,48.83,48.929686,0.001324,0,0,-0.4,-10.8,-3.2,1.03,0.19,-0.04
9768,48.835,48.835,48.934736,0.001374,0,0,-0.4,-10.9,-3.2,1.03,0.19,-0.04
9769,48.84,48.84,48.940786,0.002425,0,0,-0.3,-10.8,-3.1,1.03,0.19,-0.04
9770,48.845,48.845,48.94469,0.001329,0,0,-0.4,-10.8,-2.9,1.03,0.19,-0.04
9771,48.85,48.850001,48.949801,0.001439,9.99999997475243e-07,0,-0.3,-10.7,-2.3,1.04,0.18,-0.03
9772,48.855,48.855001,48.955778,0.002416,9.99999997475243e-07,0,-0.3,-10.7,-2.4,1.04,0.17,-0.04
9773,48.86,48.86,48.96077,0.002409,0,0,-0.3,-10.7,-2.6,1.04,0.18,-0.04
9774,48.865,48.865,48.964725,0.001364,0,0,-0.2,-10.7,-2.6,1.04,0.18,-0.04
9775,48.87,48.870001,48.970764,0.002402,9.99999997475243e-07,0,-0.2,-10.7,-2.7,1.04,0.17,-0.04
9776,48.875,48.875,48.975702,0.002341,0,0,-0.3,-10.8,-2.8,1.04,0.18,-0.04
9777,48.88,48.88,48.979779,0.001417,0,0,-0.4,-10.9,-2.3,1.04,0.18,-0.03
9778,48.885,48.885,48.985752,0.002391,0,0,-0.5,-10.9,-2,1.04,0.19,-0.03
9779,48.89,48.89,48.990743,0.002383,0,0,-0.6,-10.9,-2.6,1.04,0.2,-0.03
9780,48.895,48.895,48.994787,0.001426,0,0,-0.5,-10.9,-2.7,1.03,0.2,-0.04
9781,48.9,48.900001,48.999926,0.001564,1.00000000458067e-06,0,-0.6,-10.9,-3.2,1.03,0.21,-0.04
9782,48.905,48.905,49.00586,0.002499,0,0,-0.5,-10.9,-3.8,1.03,0.21,-0.04
9783,48.91,48.910001,49.009782,0.001419,9.99999997475243e-07,0,-0.3,-10.8,-3.3,1.04,0.19,-0.04
9784,48.915,48.915,49.01489,0.001529,0,0,-0.3,-10.9,-2.7,1.04,0.19,-0.04
9785,48.92,48.92,49.020832,0.00247,0,0,-0.4,-10.9,-2.7,1.04,0.19,-0.04
9786,48.925,48.925001,49.024761,0.001399,9.99999997475243e-07,0,-0.6,-10.8,-3.5,1.03,0.2,-0.05
9787,48.93,48.93,49.029883,0.001521,0,0,-0.4,-10.7,-2.9,1.03,0.19,-0.04
9788,48.935,48.935,49.035744,0.002384,0,0,-0.4,-10.8,-3.5,1.03,0.2,-0.04
9789,48.94,48.94,49.039709,0.001348,0,0,-0.5,-10.8,-3.5,1.03,0.2,-0.05
9790,48.945,48.945,49.044757,0.001396,0,0,-0.5,-10.8,-3.3,1.04,0.2,-0.05
9791,48.95,48.95,49.050712,0.002351,0,0,-0.4,-10.8,-3.4,1.04,0.19,-0.05
9792,48.955,48.955,49.054676,0.001315,0,0,-0.2,-10.6,-3.2,1.03,0.18,-0.04
9793,48.96,48.96,49.05972,0.001359,0,0,-0.3,-10.6,-3.2,1.03,0.19,-0.04
9794,48.965,48.965,49.065774,0.002412,0,0,-0.4,-10.7,-3.1,1.04,0.2,-0.04
9795,48.97,48.97,49.069708,0.001348,0,0,-0.4,-10.7,-2.8,1.03,0.19,-0.04
9796,48.975,48.975,49.074784,0.001422,0,0,-0.3,-10.7,-2.5,1.04,0.19,-0.03
9797,48.98,48.980001,49.080738,0.002375,9.99999997475243e-07,0,-0.3,-10.7,-2.1,1.05,0.18,-0.03
9798,48.985,48.985,49.084691,0.00133,0,0,-0.3,-10.7,-2.9,1.04,0.18,-0.04
9799,48.99,48.99,49.089827,0.001465,0,0,-0.3,-10.7,-2.2,1.04,0.17,-0.04
9800,48.995,48.995001,49.095723,0.002361,9.99999997475243e-07,0,-0.4,-10.7,-1.9,1.04,0.17,-0.04
9801,49,49,49.099769,0.001407,0,0,-0.4,-10.8,-2.4,1.04,0.18,-0.04
9802,49.005,49.005,49.105775,0.002413,0,0,-0.3,-10.7,-2.4,1.05,0.17,-0.04
9803,49.01,49.01,49.109828,0.001467,0,0,-0.3,-10.8,-2.3,1.04,0.17,-0.03
9804,49.015,49.015,49.114747,0.001385,0,0,-0.3,-10.8,-2.4,1.05,0.18,-0.03
9805,49.02,49.02,49.120801,0.002441,0,0,-0.4,-10.8,-2.7,1.04,0.18,-0.04
9806,49.025,49.025,49.125711,0.002351,0,0,-0.5,-10.7,-2.8,1.04,0.19,-0.04
9807,49.03,49.03,49.129876,0.001515,0,0,-0.5,-10.7,-2.8,1.04,0.19,-0.04
9808,49.035,49.035001,49.13571,0.002347,9.99999997475243e-07,0,-0.4,-10.7,-2.7,1.04,0.19,-0.04
9809,49.04,49.04,49.140795,0.002434,0,0,-0.4,-10.6,-2.7,1.04,0.19,-0.04
9810,49.045,49.045,49.144721,0.00136,0,0,-0.4,-10.6,-3.2,1.03,0.19,-0.04
9811,49.05,49.050001,49.149764,0.001401,9.99999997475243e-07,0,-0.3,-10.7,-3,1.03,0.18,-0.04
9812,49.055,49.055,49.155733,0.002371,0,0,-0.3,-10.6,-3,1.03,0.18,-0.04
9813,49.06,49.06,49.159705,0.001344,0,0,-0.3,-10.7,-2.7,1.03,0.18,-0.04
9814,49.065,49.065,49.164785,0.001424,0,0,-0.2,-10.8,-2.3,1.04,0.18,-0.04
9815,49.07,49.07,49.170773,0.002411,0,0,-0.3,-10.7,-2.3,1.04,0.18,-0.04
9816,49.075,49.075,49.175714,0.002353,0,0,-0.4,-10.8,-2.4,1.04,0.18,-0.04
9817,49.08,49.08,49.179708,0.001346,0,0,-0.3,-10.7,-2.4,1.05,0.18,-0.04
9818,49.085,49.085,49.185719,0.002358,0,0,-0.4,-10.8,-2.4,1.04,0.18,-0.04
9819,49.09,49.09,49.190813,0.002452,0,0,-0.4,-10.8,-2.2,1.05,0.18,-0.04
9820,49.095,49.095,49.194709,0.001348,0,0,-0.4,-10.7,-2.5,1.04,0.17,-0.04
9821,49.1,49.1,49.199778,0.001418,0,0,-0.4,-10.7,-2.6,1.04,0.18,-0.04
9822,49.105,49.105001,49.205748,0.002387,9.99999997475243e-07,0,-0.4,-10.7,-3.2,1.03,0.19,-0.04
9823,49.11,49.11,49.209817,0.001456,0,0,-0.3,-10.7,-2.9,1.04,0.19,-0.04
9824,49.115,49.115,49.214875,0.001513,0,0,-0.2,-10.7,-3.1,1.03,0.18,-0.04
9825,49.12,49.120001,49.219941,0.001579,9.99999997475243e-07,0,-0.3,-10.8,-3,1.03,0.19,-0.04
9826,49.125,49.125,49.225775,0.002414,0,0,-0.3,-10.7,-3.4,1.03,0.2,-0.04
9827,49.13,49.130001,49.229882,0.001521,9.99999997475243e-07,0,-0.4,-10.7,-3.7,1.03,0.2,-0.04
9828,49.135,49.135,49.235732,0.00237,0,0,-0.4,-10.7,-3.4,1.03,0.2,-0.04
9829,49.14,49.14,49.240877,0.002516,0,0,-0.6,-10.8,-3.1,1.03,0.19,-0.04
9830,49.145,49.145,49.244711,0.001351,0,0,-0.6,-10.8,-3.1,1.03,0.19,-0.04
9831,49.15,49.15,49.250752,0.00239,0,0,-0.5,-10.7,-3.2,1.02,0.19,-0.04
9832,49.155,49.155,49.255825,0.002464,0,0,-0.4,-10.7,-3.2,1.03,0.19,-0.04
9833,49.16,49.160001,49.259779,0.001417,9.99999997475243e-07,0,-0.5,-10.8,-3.4,1.03,0.2,-0.04
9834,49.165,49.165,49.264887,0.001525,0,0,-0.5,-10.8,-2.9,1.04,0.18,-0.04
9835,49.17,49.17,49.27077,0.002408,0,0,-0.4,-10.8,-3.4,1.03,0.19,-0.05
9836,49.175,49.175001,49.274688,0.001326,9.99999997475243e-07,0,-0.5,-10.7,-3.4,1.03,0.18,-0.04
9837,49.18,49.18,49.279837,0.001475,0,0,-0.3,-10.8,-2.8,1.04,0.17,-0.04
9838,49.185,49.185,49.285709,0.002348,0,0,-0.3,-10.8,-2.5,1.04,0.17,-0.04
9839,49.19,49.19,49.289708,0.001347,0,0,-0.3,-10.8,-2.8,1.04,0.18,-0.04
9840,49.195,49.195,49.294819,0.001458,0,0,-0.3,-10.8,-2.2,1.04,0.18,-0.04
9841,49.2,49.2,49.300708,0.002347,0,0,-0.4,-10.9,-2.3,1.04,0.18,-0.04
9842,49.205,49.205,49.304842,0.001481,0,0,-0.3,-10.7,-2.6,1.04,0.18,-0.04
9843,49.21,49.21,49.30976,0.0014,0,0,-0.3,-10.8,-3.1,1.03,0.19,-0.04
9844,49.215,49.215,49.315765,0.002404,0,0,-0.2,-10.8,-2.3,1.04,0.18,-0.04
9845,49.22,49.22,49.31972,0.00136,0,0,-0.4,-10.9,-2.7,1.04,0.19,-0.04
9846,49.225,49.225,49.324781,0.00142,0,0,-0.4,-10.9,-2.8,1.04,0.19,-0.04
9847,49.23,49.230001,49.330836,0.002473,9.99999997475243e-07,0,-0.4,-10.9,-3.4,1.03,0.2,-0.04
9848,49.235,49.235,49.334684,0.001323,0,0,-0.3,-10.8,-3,1.04,0.18,-0.04
9849,49.24,49.24,49.339854,0.001493,0,0,-0.3,-10.7,-3,1.03,0.17,-0.04
9850,49.245,49.245001,49.34575,0.002388,9.99999997475243e-07,0,-0.4,-10.7,-3.3,1.03,0.19,-0.04
9851,49.25,49.25,49.350804,0.002444,0,0,-0.5,-10.7,-3.6,1.03,0.19,-0.04
9852,49.255,49.255,49.354903,0.001541,0,0,-0.4,-10.6,-3.8,1.03,0.19,-0.04
9853,49.26,49.26,49.360851,0.00249,0,0,-0.4,-10.7,-3.4,1.04,0.19,-0.05
9854,49.265,49.265,49.36597,0.002608,0,0,-0.2,-10.7,-3,1.03,0.18,-0.04
9855,49.27,49.27,49.369768,0.001405,0,0,-0.4,-10.8,-3.4,1.04,0.19,-0.04
9856,49.275,49.275,49.375757,0.002395,0,0,-0.4,-10.9,-2.6,1.04,0.18,-0.04
9857,49.28,49.28,49.379729,0.001369,0,0,-0.5,-10.8,-2.3,1.05,0.19,-0.03
9858,49.285,49.285001,49.38474,0.001377,9.99999997475243e-07,0,-0.6,-10.7,-1.7,1.05,0.18,-0.03
9859,49.29,49.29,49.390788,0.002426,0,0,-0.3,-10.7,-1.4,1.04,0.17,-0.03
9860,49.295,49.295,49.395736,0.002375,0,0,-0.4,-10.7,-1.6,1.05,0.17,-0.03
9861,49.3,49.300001,49.399701,0.001339,9.99999997475243e-07,0,-0.3,-10.7,-1.5,1.04,0.17,-0.03
9862,49.305,49.305,49.405781,0.00242,0,0,-0.3,-10.7,-2.1,1.04,0.17,-0.04
9863,49.31,49.31,49.409705,0.001344,0,0,-0.3,-10.7,-2,1.05,0.16,-0.04
9864,49.315,49.315,49.414782,0.00142,0,0,-0.2,-10.6,-2.6,1.04,0.17,-0.04
9865,49.32,49.32,49.42077,0.002409,0,0,-0.2,-10.7,-2.8,1.04,0.17,-0.04
9866,49.325,49.325,49.424712,0.001351,0,0,-0.4,-10.8,-3,1.04,0.2,-0.04
9867,49.33,49.33,49.430023,0.001661,0,0,-0.4,-10.8,-3,1.04,0.2,-0.04
9868,49.335,49.335,49.435787,0.002425,0,0,-0.5,-10.8,-3.3,1.04,0.2,-0.04
9869,49.34,49.34,49.439712,0.001351,0,0,-0.5,-10.8,-2.8,1.04,0.2,-0.04
9870,49.345,49.345,49.444754,0.001393,0,0,-0.5,-10.9,-2.6,1.04,0.2,-0.04
9871,49.35,49.35,49.450769,0.002407,0,0,-0.5,-10.9,-2.8,1.04,0.2,-0.04
9872,49.355,49.355001,49.455941,0.002579,9.99999997475243e-07,0,-0.3,-10.8,-3.1,1.04,0.19,-0.04
9873,49.36,49.36,49.459736,0.001375,0,0,-0.3,-10.8,-3,1.04,0.19,-0.04
9874,49.365,49.365,49.465872,0.00251,0,0,-0.1,-10.7,-2.4,1.04,0.17,-0.04
9875,49.37,49.370001,49.469946,0.001585,9.99999997475243e-07,0,-0.3,-10.8,-2.4,1.04,0.18,-0.04
9876,49.375,49.375,49.474823,0.001463,0,0,-0.3,-10.8,-2.5,1.04,0.19,-0.04
9877,49.38,49.38,49.479909,0.001547,0,0,-0.3,-10.9,-3,1.03,0.19,-0.04
9878,49.385,49.385,49.485773,0.002414,0,0,-0.2,-10.9,-2.4,1.04,0.18,-0.04
9879,49.39,49.39,49.489953,0.001592,0,0,-0.5,-11,-2.5,1.04,0.19,-0.04
9880,49.395,49.395001,49.494877,0.001516,9.99999997475243e-07,0,-0.4,-10.9,-2.5,1.04,0.19,-0.04
9881,49.4,49.4,49.500749,0.002387,0,0,-0.4,-10.9,-2.6,1.04,0.19,-0.04
9882,49.405,49.405,49.504789,0.001427,0,0,-0.5,-10.8,-2.1,1.05,0.19,-0.04
9883,49.41,49.410001,49.509813,0.001452,9.99999997475243e-07,0,-0.5,-10.8,-1.8,1.05,0.18,-0.04
9884,49.415,49.415,49.515765,0.002403,0,0,-0.5,-10.8,-1.9,1.05,0.18,-0.04
9885,49.42,49.42,49.519709,0.001348,0,0,-0.5,-10.8,-3,1.04,0.19,-0.04
9886,49.425,49.425001,49.524873,0.001511,9.99999997475243e-07,0,-0.4,-10.8,-2.6,1.04,0.19,-0.04
9887,49.43,49.43,49.530851,0.002489,0,0,-0.5,-10.8,-2.9,1.04,0.19,-0.04
9888,49.435,49.435,49.535707,0.002346,0,0,-0.4,-10.8,-2.8,1.04,0.19,-0.04
9889,49.44,49.44,49.53968,0.001319,0,0,-0.4,-10.9,-3.1,1.03,0.2,-0.04
9890,49.445,49.445,49.544784,0.001422,0,0,-0.2,-10.8,-2.5,1.03,0.18,-0.04
9891,49.45,49.45,49.550744,0.002383,0,0,-0.4,-10.7,-3.1,1.04,0.19,-0.04
9892,49.455,49.455,49.554678,0.001317,0,0,-0.4,-10.7,-3.3,1.04,0.19,-0.05
9893,49.46,49.46,49.55984,0.001479,0,0,-0.4,-10.7,-3.2,1.04,0.19,-0.05
9894,49.465,49.465,49.565734,0.002373,0,0,-0.3,-10.7,-2.7,1.04,0.17,-0.04
9895,49.47,49.47,49.569688,0.001327,0,0,-0.3,-10.6,-2.4,1.04,0.17,-0.04
9896,49.475,49.475,49.574749,0.001388,0,0,-0.4,-10.7,-2.3,1.04,0.17,-0.04
9897,49.48,49.480001,49.580753,0.002391,9.99999997475243e-07,0,-0.4,-10.8,-2.6,1.04,0.18,-0.04
9898,49.485,49.485,49.584676,0.001315,0,0,-0.3,-10.8,-2.9,1.03,0.18,-0.04
9899,49.49,49.49,49.589745,0.001384,0,0,-0.4,-10.8,-2.8,1.04,0.19,-0.04
9900,49.495,49.495001,49.595787,0.002425,9.99999997475243e-07,0,-0.3,-10.8,-2.9,1.03,0.19,-0.04
9901,49.5,49.5,49.599704,0.001342,0,0,-0.4,-10.8,-2.9,1.03,0.18,-0.04
9902,49.505,49.505,49.604683,0.001322,0,0,-0.5,-10.8,-3,1.03,0.19,-0.04
9903,49.51,49.51,49.610779,0.002417,0,0,-0.4,-10.8,-1.8,1.05,0.18,-0.03
9904,49.515,49.515,49.615798,0.002436,0,0,-0.4,-10.7,-2.6,1.04,0.18,-0.04
9905,49.52,49.52,49.619859,0.001498,0,0,-0.4,-10.7,-3.4,1.03,0.19,-0.04
9906,49.525,49.525,49.625787,0.002425,0,0,-0.2,-10.7,-3.3,1.03,0.17,-0.04
9907,49.53,49.53,49.630858,0.002496,0,0,-0.2,-10.7,-3.4,1.04,0.18,-0.05
9908,49.535,49.535001,49.634697,0.001335,9.99999997475243e-07,0,-0.4,-10.8,-3.8,1.04,0.19,-0.05
9909,49.54,49.54,49.640777,0.002416,0,0,-0.5,-10.9,-3.7,1.04,0.2,-0.05
9910,49.545,49.545,49.645738,0.002377,0,0,-0.4,-10.9,-2.8,1.04,0.18,-0.04
9911,49.55,49.550001,49.64974,0.001378,9.99999997475243e-07,0,-0.3,-10.8,-2.7,1.04,0.18,-0.04
9912,49.555,49.555,49.654845,0.001484,0,0,-0.4,-10.8,-3.2,1.04,0.19,-0.05
9913,49.56,49.56,49.66095,0.002588,0,0,-0.5,-10.7,-2.7,1.04,0.19,-0.04
9914,49.565,49.565,49.664729,0.001368,0,0,-0.4,-10.7,-2.6,1.04,0.19,-0.04
9915,49.57,49.57,49.669819,0.001458,0,0,-0.5,-10.8,-3.3,1.03,0.21,-0.05
9916,49.575,49.575,49.675781,0.002419,0,0,-0.5,-10.7,-3.1,1.03,0.21,-0.04
9917,49.58,49.580001,49.679898,0.00154,1.00000000458067e-06,0,-0.5,-10.6,-3,1.04,0.19,-0.04
9918,49.585,49.585,49.68479,0.001428,0,0,-0.4,-10.7,-2.3,1.04,0.19,-0.04
9919,49.59,49.59,49.690722,0.002361,0,0,-0.3,-10.7,-2.4,1.04,0.19,-0.04
9920,49.595,49.595,49.694686,0.001325,0,0,-0.4,-10.9,-2.9,1.04,0.2,-0.04
9921,49.6,49.6,49.699692,0.001331,0,0,-0.3,-10.9,-3.4,1.03,0.2,-0.05
9922,49.605,49.605001,49.705704,0.002343,9.99999997475243e-07,0,-0.4,-10.8,-2.6,1.04,0.19,-0.05
9923,49.61,49.61,49.710776,0.002416,0,0,-0.5,-10.8,-2.7,1.04,0.19,-0.05
9924,49.615,49.615,49.714752,0.001391,0,0,-0.5,-10.8,-2.6,1.04,0.19,-0.04
9925,49.62,49.620001,49.720773,0.002411,9.99999997475243e-07,0,-0.6,-10.9,-2.6,1.04,0.19,-0.04
9926,49.625,49.625,49.725849,0.002488,0,0,-0.3,-10.8,-2.9,1.04,0.18,-0.04
9927,49.63,49.63,49.729796,0.001435,0,0,-0.4,-10.8,-2.8,1.04,0.18,-0.04
9928,49.635,49.635,49.735792,0.00243,0,0,-0.3,-10.8,-2.4,1.04,0.17,-0.04
9929,49.64,49.64,49.74072,0.002358,0,0,-0.2,-10.8,-2.2,1.04,0.17,-0.03
9930,49.645,49.645,49.744843,0.001482,0,0,-0.2,-10.7,-1.5,1.04,0.16,-0.03
9931,49.65,49.65,49.750783,0.002422,0,0,-0.3,-10.8,-2.5,1.03,0.18,-0.04
9932,49.655,49.655,49.755705,0.002344,0,0,-0.3,-10.7,-2.7,1.04,0.19,-0.04
9933,49.66,49.660001,49.760031,0.001669,9.99999997475243e-07,0,-0.4,-10.7,-2.7,1.04,0.18,-0.04
9934,49.665,49.665,49.765902,0.00254,0,0,-0.4,-10.7,-3.4,1.03,0.19,-0.04
9935,49.67,49.67,49.770715,0.002355,0,0,-0.5,-10.8,-2.7,1.04,0.18,-0.04
9936,49.675,49.675001,49.774829,0.001467,9.99999997475243e-07,0,-0.7,-10.8,-3.2,1.04,0.19,-0.04
9937,49.68,49.68,49.779829,0.001467,0,0,-0.5,-10.8,-2.9,1.04,0.19,-0.04
9938,49.685,49.685,49.785768,0.002407,0,0,-0.4,-10.8,-3.1,1.04,0.19,-0.04
9939,49.69,49.69,49.789694,0.001333,0,0,-0.5,-10.8,-3.2,1.04,0.2,-0.04
9940,49.695,49.695,49.794864,0.001503,0,0,-0.6,-10.9,-3.1,1.04,0.2,-0.04
9941,49.7,49.7,49.800758,0.002397,0,0,-0.6,-10.9,-2.7,1.04,0.19,-0.04
9942,49.705,49.705,49.804691,0.001329,0,0,-0.5,-10.8,-3.1,1.04,0.2,-0.04
9943,49.71,49.71,49.809892,0.001531,0,0,-0.4,-10.8,-2.7,1.04,0.18,-0.04
9944,49.715,49.715,49.81585,0.002488,0,0,-0.4,-10.8,-2.9,1.04,0.19,-0.04
9945,49.72,49.72,49.82082,0.002459,0,0,-0.3,-10.8,-2.6,1.04,0.18,-0.04
9946,49.725,49.725,49.824767,0.001405,0,0,-0.4,-10.8,-2.7,1.04,0.19,-0.04
9947,49.73,49.730001,49.829896,0.001535,9.99999997475243e-07,0,-0.4,-10.9,-2.5,1.04,0.19,-0.04
9948,49.735,49.735,49.835773,0.002411,0,0,-0.4,-10.9,-2.6,1.04,0.19,-0.04
9949,49.74,49.74,49.839691,0.00133,0,0,-0.3,-10.9,-3.1,1.03,0.19,-0.04
9950,49.745,49.745001,49.844781,0.00142,9.99999997475243e-07,0,-0.6,-10.8,-3.3,1.03,0.2,-0.05
9951,49.75,49.75,49.850757,0.002396,0,0,-0.3,-10.7,-2.6,1.03,0.19,-0.04
9952,49.755,49.755,49.854706,0.001345,0,0,-0.5,-10.9,-2.6,1.04,0.2,-0.04
9953,49.76,49.76,49.859743,0.001382,0,0,-0.6,-10.8,-2.7,1.04,0.19,-0.04
9954,49.765,49.765,49.865817,0.002455,0,0,-0.4,-10.6,-3.1,1.03,0.18,-0.04
9955,49.77,49.77,49.869697,0.001337,0,0,-0.3,-10.7,-3.4,1.02,0.19,-0.04
9956,49.775,49.775,49.874758,0.001396,0,0,-0.2,-10.7,-2.8,1.03,0.17,-0.04
9957,49.78,49.78,49.880907,0.002546,0,0,-0.4,-10.7,-3.1,1.04,0.18,-0.04
9958,49.785,49.785001,49.884827,0.001465,9.99999997475243e-07,0,-0.5,-10.8,-2.6,1.04,0.18,-0.04
9959,49.79,49.79,49.890776,0.002415,0,0,-0.5,-10.8,-2.3,1.05,0.18,-0.04
9960,49.795,49.795,49.895716,0.002356,0,0,-0.5,-10.8,-2.8,1.04,0.19,-0.04
9961,49.8,49.800001,49.899987,0.001626,9.99999997475243e-07,0,-0.4,-10.9,-3.1,1.04,0.19,-0.04
9962,49.805,49.805,49.904929,0.001569,0,0,-0.4,-10.8,-2.4,1.04,0.19,-0.04
9963,49.81,49.81,49.910852,0.002491,0,0,-0.5,-10.8,-2.3,1.04,0.19,-0.04
9964,49.815,49.815,49.914798,0.001436,0,0,-0.5,-10.8,-2.6,1.04,0.19,-0.04
9965,49.82,49.82,49.919792,0.001432,0,0,-0.4,-10.8,-2.5,1.05,0.19,-0.04
9966,49.825,49.825,49.92577,0.002409,0,0,-0.4,-10.7,-2.4,1.04,0.18,-0.04
9967,49.83,49.83,49.929789,0.001427,0,0,-0.2,-10.8,-2.8,1.04,0.18,-0.04
9968,49.835,49.835,49.934832,0.00147,0,0,-0.2,-10.9,-2.8,1.04,0.19,-0.04
9969,49.84,49.84,49.939864,0.001503,0,0,-0.3,-10.8,-3,1.04,0.19,-0.04
9970,49.845,49.845,49.945825,0.002464,0,0,-0.4,-10.8,-2.4,1.04,0.19,-0.04
9971,49.85,49.85,49.949715,0.001354,0,0,-0.4,-10.8,-2.4,1.04,0.19,-0.04
9972,49.855,49.855001,49.954776,0.001414,9.99999997475243e-07,0,-0.4,-10.7,-2.6,1.04,0.19,-0.04
9973,49.86,49.86,49.960758,0.002397,0,0,-0.3,-10.8,-2.3,1.04,0.18,-0.04
9974,49.865,49.865,49.964699,0.001337,0,0,-0.3,-10.7,-2.6,1.04,0.19,-0.04
9975,49.87,49.870001,49.969862,0.0015,9.99999997475243e-07,0,-0.4,-10.7,-2.8,1.04,0.18,-0.04
9976,49.875,49.875,49.975701,0.00234,0,0,-0.4,-10.7,-2.7,1.04,0.18,-0.04
9977,49.88,49.88,49.980697,0.002335,0,0,-0.3,-10.7,-2.5,1.04,0.17,-0.04
9978,49.885,49.885,49.984804,0.001443,0,0,-0.6,-10.7,-2.7,1.04,0.18,-0.04
9979,49.89,49.89,49.989995,0.001633,0,0,-0.6,-10.7,-2.3,1.04,0.18,-0.04
9980,49.895,49.895,49.995735,0.002374,0,0,-0.4,-10.7,-2.8,1.04,0.19,-0.04
9981,49.9,49.9,49.999682,0.001321,0,0,-0.4,-10.7,-2.9,1.04,0.18,-0.04
9982,49.905,49.905,50.004903,0.001542,0,0,-0.4,-10.7,-2.8,1.04,0.19,-0.04
9983,49.91,49.910001,50.010707,0.002345,9.99999997475243e-07,0,-0.2,-10.7,-2.6,1.04,0.17,-0.04
9984,49.915,49.915,50.014703,0.001342,0,0,-0.3,-10.8,-2.3,1.05,0.18,-0.04
9985,49.92,49.92,50.01989,0.001529,0,0,-0.3,-10.8,-2.8,1.04,0.19,-0.04
9986,49.925,49.925001,50.025769,0.002407,9.99999997475243e-07,0,-0.4,-10.7,-2.6,1.04,0.19,-0.04
9987,49.93,49.93,50.029885,0.001523,0,0,-0.4,-10.7,-2.5,1.04,0.19,-0.04
9988,49.935,49.935,50.034708,0.001346,0,0,-0.5,-10.7,-2.8,1.04,0.19,-0.03
9989,49.94,49.94,50.040785,0.002425,0,0,-0.3,-10.6,-2.7,1.04,0.18,-0.04
9990,49.945,49.945,50.044724,0.001363,0,0,-0.3,-10.7,-2.6,1.04,0.17,-0.04
9991,49.95,49.95,50.049876,0.001515,0,0,-0.3,-10.7,-3.1,1.03,0.19,-0.04
9992,49.955,49.955,50.055745,0.002384,0,0,-0.2,-10.7,-2.9,1.03,0.19,-0.04
9993,49.96,49.96,50.059708,0.001347,0,0,-0.3,-10.8,-3.6,1.03,0.19,-0.04
9994,49.965,49.965,50.064847,0.001485,0,0,-0.3,-10.8,-3.3,1.03,0.19,-0.04
9995,49.97,49.97,50.070725,0.002364,0,0,-0.3,-10.8,-3.2,1.03,0.19,-0.04
9996,49.975,49.975,50.074697,0.001336,0,0,-0.4,-10.9,-3,1.04,0.19,-0.04
9997,49.98,49.980001,50.079826,0.001463,9.99999997475243e-07,0,-0.5,-10.8,-2.6,1.04,0.18,-0.04
9998,49.985,49.985,50.085849,0.002488,0,0,-0.4,-10.8,-2.3,1.05,0.19,-0.04
9999,49.99,49.99,50.089716,0.001355,0,0,-0.3,-10.9,-2.8,1.04,0.19,-0.04
10000,49.995,49.995001,50.094786,0.001424,9.99999997475243e-07,0,-0.3,-10.8,-2.9,1.04,0.19,-0.04
10001,50,50,50.100775,0.002413,0,0,-0.2,-10.8,-3.2,1.03,0.19,-0.04
10002,50.005,50.005,50.104689,0.001328,0,0,-0.3,-10.8,-2.9,1.04,0.18,-0.04
10003,50.01,50.01,50.110695,0.002334,0,0,-0.4,-10.8,-3.1,1.03,0.19,-0.04
10004,50.015,50.015,50.115759,0.002397,0,0,-0.4,-10.8,-2.9,1.04,0.18,-0.04
10005,50.02,50.02,50.119708,0.001347,0,0,-0.5,-10.8,-3.3,1.04,0.19,-0.05
10006,50.025,50.025,50.125772,0.002411,0,0,-0.4,-10.7,-2.8,1.04,0.18,-0.04
10007,50.03,50.03,50.130727,0.002366,0,0,-0.4,-10.8,-3.1,1.04,0.19,-0.04
10008,50.035,50.035001,50.134687,0.001325,9.99999997475243e-07,0,-0.5,-10.8,-3.4,1.03,0.2,-0.05
10009,50.04,50.04,50.140774,0.002413,0,0,-0.5,-10.9,-3.4,1.03,0.2,-0.05
10010,50.045,50.045,50.145707,0.002345,0,0,-0.4,-10.7,-3,1.03,0.19,-0.04
10011,50.05,50.050001,50.149838,0.001475,9.99999997475243e-07,0,-0.5,-10.8,-3.5,1.03,0.2,-0.04
10012,50.055,50.055,50.154795,0.001434,0,0,-0.6,-10.7,-3.4,1.04,0.19,-0.04
10013,50.06,50.06,50.160757,0.002398,0,0,-0.5,-10.7,-3.1,1.04,0.19,-0.04
10014,50.065,50.065,50.164753,0.001392,0,0,-0.3,-10.7,-2.8,1.04,0.19,-0.04
10015,50.07,50.07,50.169827,0.001466,0,0,-0.4,-10.7,-2.9,1.04,0.19,-0.04
10016,50.075,50.075,50.175903,0.002541,0,0,-0.3,-10.7,-3.2,1.04,0.19,-0.05
10017,50.08,50.08,50.179718,0.001357,0,0,-0.3,-10.8,-3,1.04,0.2,-0.04
10018,50.085,50.085,50.184812,0.001451,0,0,-0.3,-10.8,-2.7,1.04,0.19,-0.04
10019,50.09,50.09,50.190778,0.002418,0,0,-0.4,-10.8,-2.9,1.04,0.19,-0.04
10020,50.095,50.095,50.19572,0.002359,0,0,-0.5,-10.7,-3.4,1.04,0.2,-0.04
10021,50.1,50.1,50.199673,0.001313,0,0,-0.4,-10.7,-3.8,1.03,0.2,-0.04
10022,50.105,50.105001,50.204909,0.001548,9.99999997475243e-07,0,-0.4,-10.8,-2.5,1.04,0.19,-0.03
10023,50.11,50.11,50.210954,0.002592,0,0,-0.5,-10.7,-2.6,1.04,0.19,-0.04
10024,50.115,50.115,50.214911,0.001549,0,0,-0.6,-10.9,-3,1.04,0.2,-0.04
10025,50.12,50.120001,50.219828,0.001466,9.99999997475243e-07,0,-0.6,-10.9,-3.3,1.04,0.2,-0.04
10026,50.125,50.125,50.225754,0.002392,0,0,-0.4,-10.8,-3.2,1.04,0.2,-0.04
10027,50.13,50.13,50.229756,0.001395,0,0,-0.5,-10.8,-2.9,1.04,0.2,-0.04
10028,50.135,50.135,50.234753,0.001392,0,0,-0.5,-10.8,-3.3,1.04,0.2,-0.05
10029,50.14,50.14,50.240708,0.002346,0,0,-0.5,-11,-3.2,1.04,0.21,-0.05
10030,50.145,50.145,50.244673,0.001312,0,0,-0.5,-10.8,-3.7,1.04,0.21,-0.05
10031,50.15,50.15,50.249686,0.001325,0,0,-0.4,-10.7,-3.4,1.04,0.2,-0.05
10032,50.155,50.155,50.255804,0.002443,0,0,-0.4,-10.8,-3.7,1.03,0.2,-0.05
10033,50.16,50.160001,50.260715,0.002353,9.99999997475243e-07,0,-0.3,-10.8,-3.1,1.04,0.2,-0.04
10034,50.165,50.165,50.264713,0.001353,0,0,-0.4,-10.8,-2.6,1.04,0.19,-0.04
10035,50.17,50.17,50.270708,0.002347,0,0,-0.5,-10.7,-3.8,1.03,0.2,-0.05
10036,50.175,50.175001,50.274681,0.001319,9.99999997475243e-07,0,-0.4,-10.8,-3.3,1.03,0.2,-0.05
10037,50.18,50.18,50.279737,0.001375,0,0,-0.4,-10.7,-3.8,1.03,0.2,-0.05
10038,50.185,50.185,50.285689,0.002328,0,0,-0.4,-10.7,-3.2,1.03,0.2,-0.04
10039,50.19,50.19,50.290684,0.002323,0,0,-0.5,-10.7,-3,1.04,0.19,-0.04
10040,50.195,50.195,50.294686,0.001324,0,0,-0.5,-10.7,-2.2,1.04,0.19,-0.04
10041,50.2,50.2,50.299767,0.001406,0,0,-0.4,-10.7,-2.7,1.04,0.19,-0.04
10042,50.205,50.205,50.305906,0.002545,0,0,-0.5,-10.8,-2.8,1.04,0.2,-0.04
10043,50.21,50.21,50.309717,0.001356,0,0,-0.5,-10.8,-2.6,1.04,0.19,-0.04
10044,50.215,50.215,50.314821,0.00146,0,0,-0.5,-10.8,-2.4,1.04,0.18,-0.04
10045,50.22,50.22,50.320785,0.002424,0,0,-0.5,-10.8,-2.9,1.03,0.19,-0.04
10046,50.225,50.225,50.324684,0.001323,0,0,-0.5,-10.8,-3.5,1.03,0.2,-0.05
10047,50.23,50.230001,50.329824,0.001462,9.99999997475243e-07,0,-0.5,-10.8,-2.9,1.03,0.19,-0.04
10048,50.235,50.235,50.335733,0.002372,0,0,-0.3,-10.7,-3.1,1.03,0.18,-0.04
10049,50.24,50.24,50.340743,0.002382,0,0,-0.4,-10.7,-3.5,1.03,0.19,-0.04
10050,50.245,50.245001,50.344962,0.0016,9.99999997475243e-07,0,-0.4,-10.7,-3.5,1.04,0.2,-0.05
10051,50.25,50.25,50.349813,0.001451,0,0,-0.4,-10.7,-2.7,1.04,0.18,-0.04
10052,50.255,50.255,50.355774,0.002412,0,0,-0.4,-10.7,-2.6,1.04,0.18,-0.04
10053,50.26,50.26,50.359692,0.001331,0,0,-0.4,-10.7,-3.2,1.04,0.19,-0.04
10054,50.265,50.265,50.364813,0.001451,0,0,-0.4,-10.7,-3.2,1.03,0.19,-0.04
10055,50.27,50.27,50.370837,0.002476,0,0,-0.5,-10.8,-3.7,1.03,0.21,-0.05
10056,50.275,50.275,50.374683,0.001322,0,0,-0.6,-10.8,-3.2,1.04,0.21,-0.04
10057,50.28,50.28,50.379719,0.001358,0,0,-0.5,-10.7,-3.2,1.04,0.19,-0.05
10058,50.285,50.285001,50.385683,0.002321,9.99999997475243e-07,0,-0.3,-10.7,-3,1.04,0.19,-0.05
10059,50.29,50.29,50.390688,0.002327,0,0,-0.4,-10.7,-3.2,1.03,0.19,-0.05
10060,50.295,50.295,50.394884,0.001523,0,0,-0.4,-10.7,-3.2,1.03,0.19,-0.04
10061,50.3,50.300001,50.400798,0.002435,9.99999997475243e-07,0,-0.4,-10.8,-3.4,1.03,0.2,-0.04
10062,50.305,50.305,50.405793,0.002432,0,0,-0.4,-10.8,-3.1,1.03,0.19,-0.04
10063,50.31,50.31,50.409681,0.00132,0,0,-0.3,-10.8,-2.8,1.03,0.19,-0.04
10064,50.315,50.315,50.415794,0.002433,0,0,-0.4,-10.8,-3,1.03,0.2,-0.04
10065,50.32,50.32,50.420701,0.002341,0,0,-0.2,-10.7,-2.8,1.03,0.19,-0.04
10066,50.325,50.325001,50.42487,0.001508,9.99999997475243e-07,0,-0.2,-10.8,-2.8,1.03,0.19,-0.04
10067,50.33,50.330001,50.429958,0.001596,1.00000000458067e-06,0,-0.2,-10.8,-3,1.03,0.19,-0.04
10068,50.335,50.335,50.435805,0.002444,0,0,-0.2,-10.8,-2.9,1.03,0.18,-0.04
10069,50.34,50.340001,50.44078,0.002418,9.99999997475243e-07,0,-0.2,-10.7,-2.5,1.04,0.18,-0.04
10070,50.345,50.345,50.444704,0.001342,0,0,-0.2,-10.8,-2.1,1.04,0.18,-0.04
10071,50.35,50.35,50.450713,0.002352,0,0,-0.2,-10.8,-2.4,1.04,0.18,-0.04
10072,50.355,50.355001,50.455824,0.002462,9.99999997475243e-07,0,-0.2,-10.8,-2.5,1.04,0.17,-0.04
10073,50.36,50.36,50.459833,0.001472,0,0,-0.2,-10.7,-2.3,1.04,0.17,-0.04
10074,50.365,50.365001,50.464966,0.001604,9.99999997475243e-07,0,-0.2,-10.8,-2.1,1.04,0.18,-0.04
10075,50.37,50.370001,50.470768,0.002407,9.99999997475243e-07,0,-0.2,-10.7,-2.3,1.04,0.18,-0.04
10076,50.375,50.375,50.474685,0.001324,0,0,-0.3,-10.7,-2.8,1.05,0.18,-0.05
10077,50.38,50.38,50.479827,0.001465,0,0,-0.3,-10.8,-2.9,1.04,0.19,-0.05
10078,50.385,50.385,50.485757,0.002396,0,0,-0.4,-10.8,-2.9,1.03,0.19,-0.04
10079,50.39,50.39,50.489676,0.001315,0,0,-0.5,-10.8,-3.3,1.03,0.2,-0.04
10080,50.395,50.395,50.494887,0.001526,0,0,-0.6,-10.9,-2.8,1.04,0.2,-0.05
10081,50.4,50.4,50.500801,0.002439,0,0,-0.4,-10.9,-2.4,1.04,0.19,-0.04
10082,50.405,50.405,50.504715,0.001353,0,0,-0.2,-10.8,-2.6,1.03,0.18,-0.04
10083,50.41,50.410001,50.509778,0.001416,9.99999997475243e-07,0,-0.3,-10.7,-2.5,1.04,0.18,-0.04
10084,50.415,50.415,50.515875,0.002513,0,0,-0.3,-10.7,-2.2,1.04,0.18,-0.04
10085,50.42,50.42,50.519695,0.001333,0,0,-0.4,-10.7,-2,1.04,0.18,-0.04
10086,50.425,50.425001,50.524786,0.001424,9.99999997475243e-07,0,-0.3,-10.7,-2.7,1.04,0.18,-0.04
10087,50.43,50.43,50.530778,0.002418,0,0,-0.4,-10.8,-2.5,1.04,0.18,-0.04
10088,50.435,50.435,50.534687,0.001326,0,0,-0.2,-10.8,-2.5,1.05,0.18,-0.04
10089,50.44,50.44,50.539835,0.001473,0,0,-0.4,-10.7,-2.8,1.04,0.18,-0.04
10090,50.445,50.445,50.545772,0.002411,0,0,-0.4,-10.7,-3.1,1.04,0.18,-0.05
10091,50.45,50.45,50.550694,0.002333,0,0,-0.4,-10.8,-3.3,1.04,0.19,-0.05
10092,50.455,50.455,50.554669,0.001308,0,0,-0.4,-10.8,-3.1,1.04,0.19,-0.04
10093,50.46,50.46,50.559853,0.001493,0,0,-0.5,-10.8,-3.4,1.04,0.2,-0.05
10094,50.465,50.465,50.565834,0.002472,0,0,-0.5,-10.7,-3.5,1.04,0.2,-0.05
10095,50.47,50.47,50.569853,0.001493,0,0,-0.5,-10.7,-3.1,1.04,0.2,-0.04
10096,50.475,50.475,50.574842,0.00148,0,0,-0.4,-10.7,-3.6,1.04,0.2,-0.05
10097,50.48,50.480001,50.580825,0.002462,9.99999997475243e-07,0,-0.3,-10.7,-2.8,1.04,0.19,-0.05
10098,50.485,50.485,50.5857,0.002339,0,0,-0.2,-10.6,-3.1,1.04,0.19,-0.05
10099,50.49,50.49,50.589847,0.001486,0,0,-0.4,-10.7,-3.4,1.04,0.19,-0.05
10100,50.495,50.495001,50.595835,0.002473,9.99999997475243e-07,0,-0.3,-10.8,-3,1.04,0.19,-0.04
10101,50.5,50.5,50.600719,0.002357,0,0,-0.4,-10.8,-2.7,1.04,0.19,-0.04
10102,50.505,50.505,50.604682,0.001321,0,0,-0.4,-10.8,-3.2,1.04,0.2,-0.05
10103,50.51,50.51,50.609904,0.001542,0,0,-0.5,-10.8,-2.6,1.04,0.2,-0.04
10104,50.515,50.515,50.615769,0.002408,0,0,-0.5,-10.8,-3,1.04,0.2,-0.05
10105,50.52,50.52,50.61975,0.001389,0,0,-0.4,-10.7,-2.5,1.04,0.19,-0.04
10106,50.525,50.525,50.624936,0.001575,0,0,-0.4,-10.8,-2.8,1.04,0.19,-0.05
10107,50.53,50.530001,50.630961,0.002599,9.99999997475243e-07,0,-0.5,-10.9,-2.6,1.04,0.19,-0.04
10108,50.535,50.535001,50.634726,0.001364,9.99999997475243e-07,0,-0.4,-10.8,-3.3,1.03,0.2,-0.04
10109,50.54,50.54,50.640768,0.002406,0,0,-0.7,-10.8,-4.1,1.03,0.22,-0.05
10110,50.545,50.545,50.644727,0.001366,0,0,-0.7,-10.8,-3.7,1.03,0.21,-0.04
10111,50.55,50.550001,50.649777,0.001416,9.99999997475243e-07,0,-0.7,-10.8,-3.6,1.03,0.21,-0.05
10112,50.555,50.555,50.655758,0.002397,0,0,-0.8,-10.8,-3.5,1.03,0.21,-0.05
10113,50.56,50.56,50.659784,0.001424,0,0,-0.7,-10.8,-3.8,1.03,0.21,-0.05
10114,50.565,50.565,50.664927,0.001565,0,0,-0.5,-10.7,-3.2,1.03,0.2,-0.05
10115,50.57,50.57,50.670754,0.002393,0,0,-0.6,-10.8,-3.3,1.03,0.21,-0.04
10116,50.575,50.575,50.675742,0.00238,0,0,-0.5,-10.8,-3.1,1.03,0.2,-0.04
10117,50.58,50.580001,50.679716,0.001354,1.00000000458067e-06,0,-0.4,-10.8,-3,1.04,0.19,-0.05
10118,50.585,50.585,50.684784,0.001423,0,0,-0.4,-10.7,-2.7,1.04,0.18,-0.04
10119,50.59,50.59,50.690833,0.002472,0,0,-0.4,-10.9,-2.6,1.04,0.18,-0.04
10120,50.595,50.595,50.695824,0.002462,0,0,-0.4,-10.8,-2.4,1.04,0.18,-0.04
10121,50.6,50.6,50.69983,0.001469,0,0,-0.4,-10.9,-2.5,1.04,0.19,-0.03
10122,50.605,50.605001,50.705819,0.002457,9.99999997475243e-07,0,-0.4,-10.8,-2.3,1.04,0.18,-0.03
10123,50.61,50.61,50.710698,0.002337,0,0,-0.2,-10.7,-2.7,1.04,0.18,-0.04
10124,50.615,50.615,50.714772,0.001411,0,0,-0.4,-10.7,-2.6,1.04,0.19,-0.04
10125,50.62,50.620001,50.719746,0.001384,9.99999997475243e-07,0,-0.6,-10.7,-3,1.04,0.2,-0.04
10126,50.625,50.625,50.725915,0.002554,0,0,-0.5,-10.6,-3.2,1.03,0.2,-0.04
10127,50.63,50.63,50.729796,0.001434,0,0,-0.5,-10.7,-2.6,1.03,0.19,-0.04
10128,50.635,50.635,50.734801,0.00144,0,0,-0.5,-10.7,-2.6,1.03,0.18,-0.04
10129,50.64,50.64,50.740772,0.002411,0,0,-0.2,-10.6,-2.3,1.04,0.17,-0.04
10130,50.645,50.645,50.744701,0.00134,0,0,-0.4,-10.7,-2.3,1.04,0.18,-0.04
10131,50.65,50.65,50.749698,0.001337,0,0,-0.4,-10.8,-2.4,1.04,0.19,-0.04
10132,50.655,50.655,50.755699,0.002338,0,0,-0.5,-10.8,-2.1,1.05,0.18,-0.04
10133,50.66,50.660001,50.760721,0.002359,9.99999997475243e-07,0,-0.4,-10.8,-2.2,1.04,0.18,-0.04
10134,50.665,50.665,50.76481,0.001449,0,0,-0.4,-10.8,-2.6,1.04,0.19,-0.04
10135,50.67,50.67,50.770741,0.00238,0,0,-0.5,-10.8,-2.8,1.03,0.2,-0.04
10136,50.675,50.675001,50.775734,0.002372,9.99999997475243e-07,0,-0.5,-10.8,-3.1,1.03,0.2,-0.04
10137,50.68,50.68,50.779741,0.001379,0,0,-0.3,-10.7,-2.9,1.04,0.19,-0.04
10138,50.685,50.685,50.784839,0.001477,0,0,-0.5,-10.8,-3.1,1.04,0.2,-0.04
10139,50.69,50.69,50.790715,0.002354,0,0,-0.7,-10.9,-3.5,1.04,0.21,-0.04
10140,50.695,50.695,50.794703,0.001342,0,0,-0.8,-10.8,-3.3,1.04,0.21,-0.04
10141,50.7,50.7,50.799756,0.001395,0,0,-0.5,-10.7,-2.8,1.03,0.19,-0.04
10142,50.705,50.705,50.805812,0.002452,0,0,-0.5,-10.7,-2.9,1.03,0.19,-0.04
10143,50.71,50.71,50.809707,0.001346,0,0,-0.5,-10.7,-2.7,1.03,0.19,-0.04
10144,50.715,50.715,50.814788,0.001427,0,0,-0.5,-10.8,-3.1,1.03,0.2,-0.04
10145,50.72,50.72,50.820701,0.00234,0,0,-0.4,-10.8,-2.5,1.04,0.19,-0.04
10146,50.725,50.725,50.825692,0.002331,0,0,-0.3,-10.6,-2.4,1.04,0.18,-0.04
10147,50.73,50.730001,50.829737,0.001374,9.99999997475243e-07,0,-0.3,-10.7,-2.7,1.04,0.19,-0.04
10148,50.735,50.735,50.83478,0.001419,0,0,-0.2,-10.8,-3.1,1.03,0.18,-0.05
10149,50.74,50.74,50.84079,0.002429,0,0,-0.4,-10.8,-3.9,1.02,0.2,-0.04
10150,50.745,50.745001,50.844898,0.001537,9.99999997475243e-07,0,-0.3,-10.8,-3.7,1.03,0.2,-0.05
10151,50.75,50.75,50.849837,0.001475,0,0,-0.3,-10.7,-3.1,1.03,0.18,-0.05
10152,50.755,50.755,50.855724,0.002363,0,0,-0.5,-10.8,-3.3,1.03,0.19,-0.05
10153,50.76,50.76,50.859848,0.001486,0,0,-0.4,-10.8,-3.3,1.04,0.2,-0.05
10154,50.765,50.765,50.864787,0.001425,0,0,-0.4,-10.8,-2.6,1.04,0.19,-0.04
10155,50.77,50.77,50.870712,0.002352,0,0,-0.5,-10.7,-3.1,1.03,0.19,-0.04
10156,50.775,50.775,50.874679,0.001318,0,0,-0.5,-10.7,-3.1,1.04,0.19,-0.04
10157,50.78,50.78,50.879715,0.001354,0,0,-0.5,-10.8,-3.7,1.03,0.19,-0.04
10158,50.785,50.785001,50.885722,0.00236,9.99999997475243e-07,0,-0.4,-10.8,-3.4,1.03,0.19,-0.05
10159,50.79,50.79,50.890737,0.002376,0,0,-0.5,-10.8,-3.8,1.03,0.2,-0.05
10160,50.795,50.795,50.894788,0.001427,0,0,-0.6,-10.8,-3.8,1.03,0.2,-0.05
10161,50.8,50.800001,50.899839,0.001477,9.99999997475243e-07,0,-0.5,-10.7,-3.3,1.04,0.19,-0.04
10162,50.805,50.805,50.905733,0.002371,0,0,-0.5,-10.7,-3.2,1.04,0.19,-0.05
10163,50.81,50.81,50.909686,0.001325,0,0,-0.4,-10.7,-3.2,1.04,0.18,-0.04
10164,50.815,50.815,50.914781,0.001419,0,0,-0.4,-10.8,-3.6,1.04,0.19,-0.04
10165,50.82,50.82,50.920853,0.002493,0,0,-0.3,-10.7,-3.3,1.04,0.18,-0.04
10166,50.825,50.825,50.924677,0.001316,0,0,-0.4,-10.8,-3.6,1.04,0.19,-0.04
10167,50.83,50.83,50.929706,0.001345,0,0,-0.4,-10.8,-3.4,1.03,0.19,-0.05
10168,50.835,50.835,50.93569,0.002329,0,0,-0.5,-10.9,-3.1,1.04,0.2,-0.04
10169,50.84,50.84,50.939673,0.001312,0,0,-0.4,-10.8,-2.7,1.04,0.19,-0.04
10170,50.845,50.845,50.94466,0.001299,0,0,-0.3,-10.7,-3,1.04,0.18,-0.04
10171,50.85,50.85,50.950691,0.00233,0,0,-0.2,-10.8,-3.3,1.03,0.19,-0.05
10172,50.855,50.855001,50.955681,0.002319,9.99999997475243e-07,0,-0.3,-10.7,-3.6,1.03,0.19,-0.05
10173,50.86,50.86,50.959684,0.001324,0,0,-0.1,-10.7,-3,1.03,0.18,-0.04
10174,50.865,50.865,50.964925,0.001563,0,0,-0.2,-10.8,-3.1,1.03,0.19,-0.04
10175,50.87,50.870001,50.970782,0.00242,9.99999997475243e-07,0,-0.4,-10.8,-3,1.03,0.19,-0.04
10176,50.875,50.875,50.97477,0.001409,0,0,-0.3,-10.7,-3.3,1.03,0.19,-0.04
10177,50.88,50.88,50.979857,0.001497,0,0,-0.2,-10.6,-3.3,1.02,0.18,-0.04
10178,50.885,50.885,50.985703,0.002342,0,0,-0.2,-10.6,-3.3,1.03,0.19,-0.04
10179,50.89,50.89,50.989675,0.001314,0,0,-0.2,-10.6,-2.9,1.03,0.18,-0.04
10180,50.895,50.895,50.994791,0.001431,0,0,-0.2,-10.6,-2.6,1.03,0.18,-0.04
10181,50.9,50.9,51.000775,0.002414,0,0,-0.1,-10.6,-2.6,1.03,0.18,-0.04
10182,50.905,50.905,51.005865,0.002505,0,0,-0.2,-10.7,-2.6,1.03,0.18,-0.04
10183,50.91,50.910001,51.009677,0.001315,9.99999997475243e-07,0,-0.2,-10.7,-3.2,1.03,0.18,-0.04
10184,50.915,50.915,51.014837,0.001476,0,0,-0.2,-10.8,-3.3,1.04,0.18,-0.04
10185,50.92,50.92,51.020693,0.002332,0,0,-0.2,-10.7,-3.4,1.03,0.19,-0.04
10186,50.925,50.925001,51.024674,0.001312,9.99999997475243e-07,0,-0.2,-10.7,-3.5,1.03,0.19,-0.04
10187,50.93,50.93,51.029743,0.001382,0,0,-0.3,-10.7,-3.7,1.03,0.2,-0.04
10188,50.935,50.935,51.035701,0.002341,0,0,-0.3,-10.7,-3.3,1.03,0.19,-0.04
10189,50.94,50.94,51.039667,0.001306,0,0,-0.5,-10.8,-2.7,1.04,0.19,-0.04
10190,50.945,50.945,51.044678,0.001317,0,0,-0.5,-10.8,-2.5,1.04,0.18,-0.04
10191,50.95,50.95,51.050682,0.002321,0,0,-0.4,-10.8,-3.5,1.03,0.19,-0.04
10192,50.955,50.955,51.054683,0.001322,0,0,-0.4,-10.9,-3.5,1.03,0.2,-0.04
10193,50.96,50.96,51.059675,0.001314,0,0,-0.2,-10.8,-2.9,1.04,0.18,-0.04
10194,50.965,50.965,51.065734,0.002373,0,0,-0.3,-10.8,-3,1.03,0.19,-0.04
10195,50.97,50.97,51.070708,0.002347,0,0,-0.3,-10.8,-2.7,1.04,0.19,-0.04
10196,50.975,50.975,51.074679,0.001318,0,0,-0.3,-10.8,-2.9,1.04,0.2,-0.04
10197,50.98,50.980001,51.079827,0.001465,9.99999997475243e-07,0,-0.2,-10.8,-2.8,1.03,0.19,-0.04
10198,50.985,50.985,51.085778,0.002416,0,0,-0.2,-10.8,-2.6,1.04,0.18,-0.04
10199,50.99,50.99,51.089694,0.001333,0,0,-0.3,-10.8,-2.1,1.04,0.18,-0.03
10200,50.995,50.995001,51.094779,0.001417,9.99999997475243e-07,0,-0.3,-10.7,-2.5,1.04,0.19,-0.03
10201,51,51,51.100757,0.002395,0,0,-0.2,-10.7,-2.8,1.03,0.18,-0.04
10202,51.005,51.005,51.104699,0.001338,0,0,-0.3,-10.7,-2.6,1.04,0.18,-0.04
10203,51.01,51.01,51.10985,0.001489,0,0,-0.3,-10.8,-2.8,1.04,0.19,-0.04
10204,51.015,51.015,51.11597,0.002608,0,0,-0.3,-10.7,-2.5,1.05,0.18,-0.05
10205,51.02,51.02,51.119868,0.001508,0,0,-0.2,-10.8,-1.8,1.05,0.17,-0.04
10206,51.025,51.025,51.124845,0.001483,0,0,-0.2,-10.8,-2.1,1.05,0.17,-0.04
10207,51.03,51.03,51.130822,0.00246,0,0,-0.3,-10.7,-2.4,1.04,0.18,-0.04
10208,51.035,51.035001,51.135799,0.002437,9.99999997475243e-07,0,-0.4,-10.8,-2.7,1.03,0.19,-0.04
10209,51.04,51.04,51.139793,0.001433,0,0,-0.3,-10.7,-2.2,1.04,0.17,-0.04
10210,51.045,51.045,51.144906,0.001545,0,0,-0.3,-10.7,-2.4,1.04,0.18,-0.04
10211,51.05,51.050001,51.150731,0.002369,9.99999997475243e-07,0,-0.3,-10.7,-2.7,1.04,0.18,-0.04
10212,51.055,51.055,51.15469,0.001329,0,0,-0.3,-10.6,-2.8,1.04,0.18,-0.04
10213,51.06,51.06,51.159742,0.001381,0,0,-0.4,-10.7,-3.4,1.03,0.19,-0.05
10214,51.065,51.065,51.165815,0.002453,0,0,-0.6,-10.8,-3.2,1.03,0.2,-0.05
10215,51.07,51.07,51.169687,0.001326,0,0,-0.4,-10.8,-2.8,1.04,0.19,-0.04
10216,51.075,51.075,51.174701,0.00134,0,0,-0.5,-10.8,-3.2,1.03,0.2,-0.04
10217,51.08,51.08,51.180777,0.002416,0,0,-0.3,-10.8,-3,1.03,0.19,-0.04
10218,51.085,51.085,51.184764,0.001403,0,0,-0.4,-10.8,-2.7,1.04,0.19,-0.04
10219,51.09,51.09,51.189817,0.001455,0,0,-0.5,-10.9,-3.3,1.04,0.2,-0.05
10220,51.095,51.095,51.195763,0.002402,0,0,-0.4,-10.8,-3.9,1.03,0.2,-0.05
10221,51.1,51.1,51.200694,0.002333,0,0,-0.4,-10.8,-3.3,1.04,0.19,-0.04
10222,51.105,51.105001,51.204784,0.001422,9.99999997475243e-07,0,-0.3,-10.8,-3.5,1.04,0.19,-0.05
10223,51.11,51.110001,51.20991,0.001548,9.99999997475243e-07,0,-0.6,-10.9,-2.9,1.04,0.2,-0.04
10224,51.115,51.115,51.215794,0.002432,0,0,-0.5,-10.8,-3.2,1.04,0.2,-0.05
10225,51.12,51.120001,51.219836,0.001474,9.99999997475243e-07,0,-0.6,-10.7,-3,1.04,0.2,-0.05
10226,51.125,51.125,51.224724,0.001363,0,0,-0.4,-10.7,-3.2,1.04,0.2,-0.05
10227,51.13,51.13,51.230051,0.001689,0,0,-0.6,-10.8,-3.8,1.03,0.21,-0.05
10228,51.135,51.135,51.235701,0.00234,0,0,-0.6,-10.8,-3.7,1.03,0.22,-0.04
10229,51.14,51.14,51.239835,0.001475,0,0,-0.5,-10.8,-3.9,1.02,0.21,-0.04
10230,51.145,51.145,51.244862,0.001501,0,0,-0.5,-10.8,-3.2,1.03,0.2,-0.04
10231,51.15,51.150001,51.250849,0.002488,1.00000000458067e-06,0,-0.5,-10.8,-2.7,1.04,0.19,-0.04
10232,51.155,51.155001,51.254792,0.00143,9.99999997475243e-07,0,-0.5,-10.8,-2.6,1.03,0.19,-0.04
10233,51.16,51.160001,51.259744,0.001378,9.99999997475243e-07,0,-0.4,-10.8,-2.2,1.04,0.18,-0.04
10234,51.165,51.165,51.265755,0.002394,0,0,-0.4,-10.8,-2.3,1.04,0.18,-0.04
10235,51.17,51.17,51.269689,0.001328,0,0,-0.5,-10.9,-2.8,1.04,0.19,-0.04
10236,51.175,51.175001,51.274704,0.001342,9.99999997475243e-07,0,-0.6,-10.8,-2.5,1.04,0.19,-0.04
10237,51.18,51.18,51.280723,0.002362,0,0,-0.4,-10.7,-2.5,1.04,0.18,-0.04
10238,51.185,51.185,51.284684,0.001323,0,0,-0.3,-10.7,-2.9,1.04,0.18,-0.04
10239,51.19,51.19,51.289869,0.001509,0,0,-0.2,-10.7,-2.4,1.04,0.18,-0.04
10240,51.195,51.195,51.295755,0.002395,0,0,-0.2,-10.7,-2.4,1.04,0.18,-0.03
10241,51.2,51.2,51.300707,0.002346,0,0,-0.3,-10.7,-2.4,1.04,0.18,-0.04
10242,51.205,51.205,51.304667,0.001306,0,0,-0.2,-10.8,-2.5,1.04,0.18,-0.04
10243,51.21,51.21,51.30975,0.001389,0,0,-0.2,-10.7,-2.6,1.03,0.17,-0.04
10244,51.215,51.215,51.315778,0.002416,0,0,-0.4,-10.7,-2.9,1.03,0.19,-0.04
10245,51.22,51.22,51.319684,0.001323,0,0,-0.5,-10.8,-4.1,1.02,0.21,-0.05
10246,51.225,51.225,51.324798,0.001437,0,0,-0.6,-10.8,-3.5,1.03,0.2,-0.05
10247,51.23,51.230002,51.330043,0.00168,1.99999999495049e-06,0,-0.6,-10.8,-3.3,1.03,0.2,-0.05
10248,51.235,51.235,51.335725,0.002363,0,0,-0.5,-10.8,-3,1.03,0.19,-0.05
10249,51.24,51.24,51.339699,0.001338,0,0,-0.5,-10.9,-2.6,1.04,0.18,-0.04
10250,51.245,51.245001,51.344798,0.001436,9.99999997475243e-07,0,-0.5,-10.9,-2.9,1.03,0.19,-0.04
10251,51.25,51.25,51.350707,0.002346,0,0,-0.5,-10.8,-2.5,1.03,0.19,-0.04
10252,51.255,51.255,51.354701,0.001339,0,0,-0.4,-10.8,-3,1.03,0.19,-0.04
10253,51.26,51.26,51.35969,0.001329,0,0,-0.5,-10.9,-3.3,1.04,0.2,-0.04
10254,51.265,51.265,51.365818,0.002456,0,0,-0.5,-10.9,-3.2,1.04,0.2,-0.04
10255,51.27,51.27,51.369697,0.001336,0,0,-0.6,-10.7,-2.8,1.04,0.19,-0.04
10256,51.275,51.275,51.374751,0.001389,0,0,-0.6,-10.7,-2.4,1.04,0.19,-0.04
10257,51.28,51.28,51.379932,0.001572,0,0,-0.4,-10.7,-2,1.04,0.18,-0.04
10258,51.285,51.285001,51.385718,0.002356,9.99999997475243e-07,0,-0.3,-10.7,-2.4,1.04,0.18,-0.04
10259,51.29,51.29,51.389781,0.00142,0,0,-0.4,-10.7,-2.5,1.04,0.18,-0.04
10260,51.295,51.295,51.394766,0.001405,0,0,-0.4,-10.8,-2.8,1.04,0.19,-0.04
10261,51.3,51.300001,51.400729,0.002366,9.99999997475243e-07,0,-0.4,-10.8,-2.7,1.03,0.19,-0.04
10262,51.305,51.305,51.404687,0.001326,0,0,-0.4,-10.7,-2.7,1.03,0.19,-0.04
10263,51.31,51.31,51.409701,0.001339,0,0,-0.4,-10.8,-2.6,1.04,0.19,-0.04
10264,51.315,51.315,51.415716,0.002354,0,0,-0.4,-10.8,-2.7,1.04,0.19,-0.04
10265,51.32,51.32,51.420723,0.002364,0,0,-0.6,-10.8,-2.9,1.04,0.2,-0.04
10266,51.325,51.325,51.424752,0.00139,0,0,-0.5,-10.7,-3.2,1.04,0.2,-0.05
10267,51.33,51.33,51.429915,0.001553,0,0,-0.5,-10.9,-3.4,1.03,0.21,-0.05
10268,51.335,51.335,51.435701,0.00234,0,0,-0.5,-10.9,-3.5,1.03,0.2,-0.05
10269,51.34,51.34,51.439672,0.001311,0,0,-0.5,-10.9,-3.3,1.04,0.2,-0.04
10270,51.345,51.345,51.444735,0.001374,0,0,-0.3,-10.8,-2.5,1.04,0.18,-0.04
10271,51.35,51.35,51.450765,0.002404,0,0,-0.1,-10.6,-2.1,1.05,0.16,-0.04
10272,51.355,51.355001,51.45468,0.001318,9.99999997475243e-07,0,-0.2,-10.7,-2.6,1.04,0.17,-0.04
10273,51.36,51.36,51.459854,0.001492,0,0,-0.3,-10.8,-2.7,1.04,0.18,-0.04
10274,51.365,51.365,51.465778,0.002416,0,0,-0.3,-10.8,-2.9,1.03,0.19,-0.04
10275,51.37,51.370001,51.470879,0.002518,9.99999997475243e-07,0,-0.4,-10.8,-3,1.03,0.19,-0.04
10276,51.375,51.375,51.474832,0.001472,0,0,-0.1,-10.7,-3,1.03,0.18,-0.04
10277,51.38,51.38,51.480795,0.002433,0,0,-0.3,-10.8,-3.3,1.04,0.19,-0.05
10278,51.385,51.385,51.485791,0.002431,0,0,-0.2,-10.7,-2.2,1.04,0.18,-0.04
10279,51.39,51.390001,51.489908,0.001545,9.99999997475243e-07,0,-0.3,-10.8,-2.7,1.03,0.19,-0.04
10280,51.395,51.395,51.494984,0.001623,0,0,-0.4,-10.8,-2.7,1.03,0.19,-0.03
10281,51.4,51.4,51.500771,0.002409,0,0,-0.2,-10.8,-2.3,1.04,0.18,-0.04
10282,51.405,51.405,51.504721,0.001359,0,0,-0.2,-10.8,-2.8,1.03,0.17,-0.04
10283,51.41,51.410001,51.510015,0.001652,9.99999997475243e-07,0,-0.2,-10.7,-2.6,1.03,0.17,-0.03
10284,51.415,51.415,51.515744,0.002382,0,0,-0.1,-10.7,-2.5,1.03,0.17,-0.04
10285,51.42,51.42,51.520723,0.002362,0,0,-0.3,-10.7,-2.3,1.03,0.17,-0.04
10286,51.425,51.425001,51.52478,0.001418,9.99999997475243e-07,0,-0.4,-10.7,-2.9,1.03,0.2,-0.04
10287,51.43,51.43,51.529855,0.001494,0,0,-0.2,-10.6,-2.1,1.03,0.17,-0.04
10288,51.435,51.435,51.535729,0.002368,0,0,-0.3,-10.7,-2.7,1.04,0.18,-0.04
10289,51.44,51.44,51.539847,0.001485,0,0,-0.3,-10.7,-2.5,1.04,0.18,-0.04
10290,51.445,51.445,51.544781,0.001419,0,0,-0.3,-10.7,-2.3,1.04,0.18,-0.04
10291,51.45,51.45,51.550904,0.002543,0,0,-0.3,-10.7,-2.4,1.04,0.18,-0.04
10292,51.455,51.455,51.554688,0.001327,0,0,-0.4,-10.7,-2.8,1.03,0.19,-0.05
10293,51.46,51.46,51.559684,0.001323,0,0,-0.5,-10.8,-2.3,1.04,0.2,-0.04
10294,51.465,51.465,51.565762,0.002401,0,0,-0.4,-10.8,-2.4,1.04,0.19,-0.04
10295,51.47,51.47,51.569679,0.001318,0,0,-0.4,-10.8,-2.2,1.04,0.19,-0.04
10296,51.475,51.475,51.574698,0.001336,0,0,-0.4,-10.7,-2.3,1.04,0.18,-0.04
10297,51.48,51.480001,51.58086,0.002497,9.99999997475243e-07,0,-0.4,-10.8,-2.6,1.03,0.18,-0.04
10298,51.485,51.485,51.584673,0.001313,0,0,-0.3,-10.7,-2.9,1.03,0.18,-0.04
10299,51.49,51.49,51.589763,0.001402,0,0,-0.2,-10.7,-2.5,1.04,0.17,-0.04
10300,51.495,51.495001,51.595722,0.00236,9.99999997475243e-07,0,-0.2,-10.7,-2.9,1.03,0.18,-0.04
10301,51.5,51.5,51.599719,0.001358,0,0,-0.3,-10.8,-2.9,1.03,0.18,-0.04
10302,51.505,51.505,51.604844,0.001483,0,0,-0.3,-10.7,-2.9,1.03,0.18,-0.04
10303,51.51,51.51,51.610696,0.002335,0,0,-0.3,-10.7,-3.3,1.03,0.19,-0.05
10304,51.515,51.515,51.615697,0.002337,0,0,-0.3,-10.7,-2.7,1.03,0.19,-0.04
10305,51.52,51.52,51.619811,0.00145,0,0,-0.4,-10.8,-2.7,1.03,0.18,-0.04
10306,51.525,51.525,51.625762,0.002401,0,0,-0.5,-10.8,-2.5,1.04,0.19,-0.04
10307,51.53,51.53,51.630706,0.002345,0,0,-0.4,-10.8,-2.6,1.04,0.19,-0.04
10308,51.535,51.535001,51.634728,0.001366,9.99999997475243e-07,0,-0.5,-10.8,-2.8,1.04,0.19,-0.04
10309,51.54,51.54,51.640767,0.002406,0,0,-0.5,-10.8,-2.9,1.04,0.19,-0.04
10310,51.545,51.545,51.644687,0.001326,0,0,-0.4,-10.7,-1.5,1.05,0.18,-0.03
10311,51.55,51.550001,51.649796,0.001434,9.99999997475243e-07,0,-0.3,-10.8,-2.1,1.04,0.18,-0.04
10312,51.555,51.555,51.655823,0.002461,0,0,-0.4,-10.8,-2.3,1.04,0.19,-0.04
10313,51.56,51.56,51.660827,0.002467,0,0,-0.5,-10.9,-2.9,1.03,0.2,-0.04
10314,51.565,51.565,51.664781,0.001419,0,0,-0.5,-10.9,-2.8,1.03,0.2,-0.04
10315,51.57,51.57,51.670772,0.00241,0,0,-0.5,-10.8,-2.5,1.03,0.2,-0.04
10316,51.575,51.575,51.674694,0.001333,0,0,-0.5,-10.8,-2.9,1.03,0.19,-0.04
10317,51.58,51.58,51.679856,0.001495,0,0,-0.3,-10.6,-2.7,1.03,0.19,-0.04
10318,51.585,51.585,51.685809,0.002447,0,0,-0.4,-10.7,-2.7,1.03,0.19,-0.04
10319,51.59,51.59,51.690712,0.002351,0,0,-0.4,-10.7,-3.2,1.03,0.2,-0.05
10320,51.595,51.595,51.694687,0.001327,0,0,-0.3,-10.6,-2.9,1.03,0.18,-0.04
10321,51.6,51.6,51.6998,0.001438,0,0,-0.3,-10.7,-3.1,1.03,0.18,-0.04
10322,51.605,51.605001,51.705772,0.002411,9.99999997475243e-07,0,-0.2,-10.7,-3.2,1.03,0.18,-0.04
10323,51.61,51.61,51.709738,0.001377,0,0,-0.2,-10.7,-2.9,1.03,0.18,-0.04
10324,51.615,51.615,51.714837,0.001475,0,0,-0.3,-10.7,-3,1.03,0.18,-0.04
10325,51.62,51.620001,51.720826,0.002464,9.99999997475243e-07,0,-0.3,-10.8,-2.7,1.03,0.18,-0.04
10326,51.625,51.625,51.72475,0.001389,0,0,-0.2,-10.7,-2.4,1.04,0.18,-0.04
10327,51.63,51.63,51.729874,0.001512,0,0,-0.4,-10.8,-2.7,1.04,0.18,-0.04
10328,51.635,51.635,51.734986,0.001624,0,0,-0.2,-10.8,-3,1.04,0.18,-0.04
10329,51.64,51.64,51.740762,0.0024,0,0,-0.2,-10.7,-3.1,1.03,0.18,-0.04
10330,51.645,51.645,51.744689,0.001328,0,0,-0.4,-10.8,-2.4,1.04,0.18,-0.04
10331,51.65,51.65,51.750029,0.001667,0,0,-0.3,-10.8,-2.3,1.04,0.18,-0.03
10332,51.655,51.655,51.755762,0.002402,0,0,-0.3,-10.7,-2.4,1.04,0.17,-0.04
10333,51.66,51.660001,51.759688,0.001326,9.99999997475243e-07,0,-0.4,-10.8,-2.6,1.04,0.19,-0.04
10334,51.665,51.665,51.764838,0.001476,0,0,-0.6,-10.9,-2.6,1.04,0.2,-0.05
10335,51.67,51.67,51.770805,0.002444,0,0,-0.6,-10.8,-3.1,1.04,0.2,-0.05
10336,51.675,51.675001,51.775714,0.002352,9.99999997475243e-07,0,-0.6,-10.9,-2.7,1.04,0.2,-0.05
10337,51.68,51.68,51.779715,0.001354,0,0,-0.5,-10.9,-2.8,1.04,0.2,-0.04
10338,51.685,51.685,51.784835,0.001474,0,0,-0.5,-10.8,-2.5,1.04,0.19,-0.04
10339,51.69,51.690001,51.790779,0.002417,1.00000000458067e-06,0,-0.4,-10.8,-2.3,1.04,0.18,-0.04
10340,51.695,51.695,51.794761,0.0014,0,0,-0.3,-10.8,-2.7,1.03,0.18,-0.04
10341,51.7,51.7,51.799757,0.001396,0,0,-0.2,-10.7,-2.8,1.04,0.17,-0.04
10342,51.705,51.705,51.80577,0.002409,0,0,-0.3,-10.7,-2,1.04,0.17,-0.04
10343,51.71,51.71,51.809702,0.001341,0,0,-0.3,-10.7,-2,1.04,0.17,-0.04
10344,51.715,51.715,51.8148,0.001438,0,0,-0.3,-10.8,-2.7,1.03,0.19,-0.04
10345,51.72,51.72,51.820763,0.002402,0,0,-0.4,-10.9,-2.4,1.03,0.19,-0.04
10346,51.725,51.725,51.825825,0.002463,0,0,-0.6,-10.8,-2.2,1.04,0.19,-0.04
10347,51.73,51.730001,51.82996,0.001599,9.99999997475243e-07,0,-0.5,-10.8,-2,1.04,0.19,-0.04
10348,51.735,51.735,51.835803,0.002442,0,0,-0.4,-10.8,-2.8,1.03,0.19,-0.04
10349,51.74,51.74,51.840752,0.00239,0,0,-0.5,-10.8,-3,1.03,0.19,-0.05
10350,51.745,51.745001,51.844774,0.001411,9.99999997475243e-07,0,-0.5,-10.8,-2.8,1.04,0.19,-0.05
10351,51.75,51.75,51.850758,0.002396,0,0,-0.4,-10.8,-2.3,1.04,0.18,-0.04
10352,51.755,51.755,51.855723,0.002362,0,0,-0.5,-10.8,-2.1,1.04,0.18,-0.04
10353,51.76,51.76,51.85969,0.001329,0,0,-0.5,-10.8,-2.8,1.03,0.2,-0.05
10354,51.765,51.765,51.8649,0.001539,0,0,-0.4,-10.8,-3.2,1.03,0.21,-0.05
10355,51.77,51.77,51.870813,0.002452,0,0,-0.3,-10.9,-2.9,1.03,0.2,-0.04
10356,51.775,51.775,51.874744,0.001383,0,0,-0.4,-10.9,-2.3,1.04,0.2,-0.04
10357,51.78,51.78,51.879848,0.001488,0,0,-0.4,-10.8,-2.6,1.03,0.2,-0.04
10358,51.785,51.785001,51.885823,0.002461,9.99999997475243e-07,0,-0.3,-10.8,-2.7,1.04,0.19,-0.04
10359,51.79,51.79,51.889724,0.001363,0,0,-0.3,-10.8,-2.8,1.03,0.19,-0.04
10360,51.795,51.795,51.89478,0.001419,0,0,-0.3,-10.8,-2.6,1.03,0.19,-0.04
10361,51.8,51.800001,51.900783,0.00242,9.99999997475243e-07,0,-0.4,-10.9,-3.2,1.03,0.21,-0.04
10362,51.805,51.805,51.905988,0.002627,0,0,-0.4,-10.9,-2.6,1.04,0.18,-0.04
10363,51.81,51.81,51.909713,0.001351,0,0,-0.4,-10.8,-2.7,1.04,0.18,-0.04
10364,51.815,51.815,51.914931,0.001569,0,0,-0.3,-10.8,-2.9,1.04,0.18,-0.04
10365,51.82,51.82,51.920838,0.002476,0,0,-0.3,-10.8,-2.2,1.04,0.18,-0.04
10366,51.825,51.825003,51.926358,0.002996,2.99999999953116e-06,0,-0.3,-10.8,-2.4,1.04,0.19,-0.04
10367,51.83,51.830001,51.929969,0.001607,1.00000000458067e-06,0,-0.5,-10.8,-2.7,1.03,0.2,-0.04
10368,51.835,51.835001,51.936006,0.002645,9.99999997475243e-07,0,-0.4,-10.7,-2.5,1.05,0.18,-0.04
10369,51.84,51.84,51.940896,0.002535,0,0,-0.4,-10.7,-2.9,1.04,0.19,-0.04
10370,51.845,51.845,51.944974,0.001612,0,0,-0.4,-10.7,-2.6,1.04,0.19,-0.04
10371,51.85,51.85,51.950862,0.002501,0,0,-0.4,-10.7,-2.8,1.03,0.19,-0.04
10372,51.855,51.855001,51.955723,0.00236,9.99999997475243e-07,0,-0.6,-10.7,-3.3,1.03,0.2,-0.04
10373,51.86,51.86,51.959906,0.001545,0,0,-0.5,-10.7,-3.4,1.03,0.19,-0.04
10374,51.865,51.865001,51.965173,0.001811,9.99999997475243e-07,0,-0.5,-10.7,-3,1.03,0.19,-0.04
10375,51.87,51.870001,51.970923,0.00256,9.99999997475243e-07,0,-0.5,-10.7,-3.1,1.03,0.19,-0.04
10376,51.875,51.875,51.974668,0.001307,0,0,-0.4,-10.9,-2.4,1.03,0.19,-0.04
10377,51.88,51.88,51.979929,0.001567,0,0,-0.5,-10.9,-2.3,1.03,0.19,-0.04
10378,51.885,51.885,51.985785,0.002424,0,0,-0.4,-10.8,-2.1,1.04,0.19,-0.04
10379,51.89,51.89,51.989677,0.001316,0,0,-0.4,-10.8,-2.1,1.04,0.19,-0.04
10380,51.895,51.895,51.994826,0.001464,0,0,-0.3,-10.9,-2.2,1.05,0.19,-0.03
10381,51.9,51.9,52.000745,0.002384,0,0,-0.5,-10.8,-2.4,1.04,0.19,-0.04
10382,51.905,51.905002,52.00578,0.002417,2.00000000205591e-06,0,-0.3,-10.7,-2.2,1.04,0.18,-0.04
10383,51.91,51.910001,52.009706,0.001344,9.99999997475243e-07,0,-0.3,-10.6,-2.8,1.04,0.19,-0.04
10384,51.915,51.915,52.014867,0.001506,0,0,-0.3,-10.7,-3,1.03,0.19,-0.04
10385,51.92,51.92,52.020793,0.002433,0,0,-0.3,-10.7,-2.7,1.03,0.19,-0.04
10386,51.925,51.925025,52.025924,0.002537,2.49999999937245e-05,0,-0.4,-10.8,-2.8,1.03,0.19,-0.04
10387,51.93,51.93,52.029736,0.001374,0,0,-0.4,-10.7,-3.2,1.03,0.2,-0.05
10388,51.935,51.935,52.035805,0.002443,0,0,-0.3,-10.8,-2.4,1.04,0.18,-0.04
10389,51.94,51.94,52.039688,0.001327,0,0,-0.4,-10.8,-2.2,1.04,0.18,-0.04
10390,51.945,51.945,52.044712,0.001351,0,0,-0.5,-10.9,-2.8,1.04,0.19,-0.04
10391,51.95,51.95,52.050703,0.002342,0,0,-0.5,-10.8,-2.7,1.04,0.19,-0.04
10392,51.955,51.955,52.054797,0.001436,0,0,-0.5,-10.8,-2.6,1.04,0.19,-0.04
10393,51.96,51.96,52.059705,0.001344,0,0,-0.6,-10.8,-2.7,1.04,0.2,-0.04
10394,51.965,51.965,52.065044,0.001683,0,0,-0.5,-10.8,-2.1,1.04,0.18,-0.04
10395,51.97,51.97,52.070736,0.002376,0,0,-0.5,-10.7,-2.4,1.04,0.18,-0.04
10396,51.975,51.975,52.074689,0.001327,0,0,-0.4,-10.7,-2.7,1.03,0.18,-0.04
10397,51.98,51.980001,52.080718,0.002356,9.99999997475243e-07,0,-0.4,-10.8,-2.6,1.04,0.18,-0.04
10398,51.985,51.985,52.085687,0.002326,0,0,-0.3,-10.7,-2.9,1.04,0.17,-0.04
10399,51.99,51.99,52.089681,0.001319,0,0,-0.1,-10.6,-2.5,1.04,0.16,-0.04
10400,51.995,51.995001,52.094775,0.001413,9.99999997475243e-07,0,0,-10.6,-2.7,1.03,0.17,-0.04
10401,52,52,52.100714,0.002352,0,0,0,-10.7,-2.3,1.04,0.17,-0.04
10402,52.005,52.005,52.104787,0.001426,0,0,-0.3,-10.7,-2.3,1.04,0.18,-0.04
10403,52.01,52.01,52.10985,0.001488,0,0,-0.4,-10.7,-2.3,1.04,0.18,-0.04
10404,52.015,52.015,52.115886,0.002524,0,0,-0.2,-10.8,-2.4,1.04,0.18,-0.03
10405,52.02,52.02,52.119728,0.001368,0,0,-0.3,-10.7,-2.5,1.04,0.18,-0.04
10406,52.025,52.025,52.124755,0.001393,0,0,-0.4,-10.7,-2.4,1.04,0.19,-0.04
10407,52.03,52.03,52.129914,0.001553,0,0,-0.5,-10.7,-2.5,1.03,0.19,-0.04
10408,52.035,52.035001,52.135747,0.002385,9.99999997475243e-07,0,-0.5,-10.7,-1.8,1.04,0.18,-0.04
10409,52.04,52.04,52.139734,0.001373,0,0,-0.5,-10.7,-1.7,1.05,0.18,-0.04
10410,52.045,52.045,52.144777,0.001416,0,0,-0.4,-10.7,-2.5,1.05,0.19,-0.04
10411,52.05,52.050001,52.150765,0.002403,9.99999997475243e-07,0,-0.5,-10.7,-1.9,1.06,0.18,-0.04
10412,52.055,52.055,52.154698,0.001337,0,0,-0.5,-10.6,-2.1,1.05,0.18,-0.04
10413,52.06,52.06,52.160896,0.002535,0,0,-0.3,-10.6,-2.2,1.05,0.18,-0.04
10414,52.065,52.065001,52.164896,0.001534,1.00000000458067e-06,0,-0.3,-10.8,-2.2,1.04,0.18,-0.04
10415,52.07,52.07,52.170915,0.002555,0,0,-0.5,-10.9,-2.4,1.04,0.19,-0.04
10416,52.075,52.075,52.174736,0.001374,0,0,-0.5,-10.9,-3,1.04,0.2,-0.04
10417,52.08,52.08,52.179782,0.00142,0,0,-0.6,-10.9,-3,1.04,0.2,-0.04
10418,52.085,52.085,52.185867,0.002506,0,0,-0.4,-10.9,-3.1,1.04,0.2,-0.04
10419,52.09,52.09,52.189822,0.00146,0,0,-0.4,-10.9,-3.2,1.03,0.2,-0.04
10420,52.095,52.095,52.194853,0.001491,0,0,-0.3,-10.7,-2.2,1.03,0.18,-0.04
10421,52.1,52.1,52.200761,0.0024,0,0,-0.4,-10.8,-2.4,1.04,0.19,-0.04
10422,52.105,52.105001,52.20472,0.001357,9.99999997475243e-07,0,-0.2,-10.8,-2.8,1.03,0.18,-0.04
10423,52.11,52.11,52.20979,0.001429,0,0,-0.3,-10.8,-2.9,1.03,0.18,-0.04
10424,52.115,52.115001,52.215875,0.002512,9.99999997475243e-07,0,-0.4,-10.8,-3,1.03,0.19,-0.04
10425,52.12,52.120001,52.219789,0.001427,9.99999997475243e-07,0,-0.3,-10.9,-3.1,1.03,0.18,-0.04
10426,52.125,52.125001,52.224892,0.001531,9.99999997475243e-07,0,-0.3,-10.7,-2.3,1.04,0.17,-0.04
10427,52.13,52.130001,52.230976,0.002613,9.99999997475243e-07,0,-0.4,-10.8,-2.8,1.03,0.19,-0.04
10428,52.135,52.135,52.234759,0.001397,0,0,-0.4,-10.8,-3.2,1.03,0.19,-0.04
10429,52.14,52.14,52.239744,0.001383,0,0,-0.4,-10.9,-3.1,1.03,0.19,-0.04
10430,52.145,52.145,52.245757,0.002396,0,0,-0.4,-10.8,-2.6,1.04,0.18,-0.04
10431,52.15,52.15,52.249705,0.001343,0,0,-0.4,-10.8,-2.8,1.04,0.18,-0.04
10432,52.155,52.155,52.254809,0.001447,0,0,-0.3,-10.8,-3,1.03,0.18,-0.04
10433,52.16,52.160001,52.259865,0.001502,9.99999997475243e-07,0,-0.3,-10.8,-2.7,1.04,0.18,-0.04
10434,52.165,52.165002,52.265449,0.002088,2.00000000205591e-06,0,-0.3,-10.7,-3.3,1.04,0.19,-0.05
10435,52.17,52.170002,52.271402,0.00304,1.99999999495049e-06,0,-0.3,-10.6,-3.5,1.03,0.19,-0.05
10436,52.175,52.175002,52.274822,0.001459,1.99999999495049e-06,0,-0.3,-10.7,-4,1.03,0.19,-0.05
10437,52.18,52.18,52.280947,0.002586,0,0,-0.1,-10.8,-2.9,1.04,0.18,-0.04
10438,52.185,52.185,52.284804,0.001443,0,0,-0.2,-10.9,-3.4,1.04,0.19,-0.04
10439,52.19,52.190001,52.289807,0.001445,1.00000000458067e-06,0,-0.2,-10.8,-3.5,1.04,0.19,-0.04
10440,52.195,52.195,52.29578,0.002419,0,0,-0.3,-10.8,-3.1,1.04,0.19,-0.04
10441,52.2,52.2,52.299715,0.001354,0,0,-0.3,-10.8,-3.2,1.03,0.19,-0.04
10442,52.205,52.205,52.304697,0.001336,0,0,-0.3,-10.7,-3.3,1.04,0.19,-0.04
10443,52.21,52.21,52.310762,0.002402,0,0,-0.4,-10.7,-3.5,1.03,0.19,-0.05
10444,52.215,52.215,52.315742,0.00238,0,0,-0.2,-10.6,-2.6,1.04,0.17,-0.04
10445,52.22,52.22,52.319785,0.001423,0,0,-0.1,-10.6,-3.2,1.04,0.17,-0.04
10446,52.225,52.225,52.325702,0.002341,0,0,-0.2,-10.6,-2.8,1.04,0.17,-0.04
10447,52.23,52.230001,52.330749,0.002387,9.99999997475243e-07,0,-0.3,-10.7,-2.7,1.05,0.17,-0.04
10448,52.235,52.235,52.334774,0.001413,0,0,-0.5,-10.7,-2.6,1.05,0.18,-0.04
10449,52.24,52.24,52.33988,0.001519,0,0,-0.5,-10.6,-2.9,1.04,0.18,-0.04
10450,52.245,52.245001,52.345781,0.002419,9.99999997475243e-07,0,-0.4,-10.7,-2.8,1.05,0.19,-0.04
10451,52.25,52.25,52.349718,0.001358,0,0,-0.4,-10.7,-2.6,1.05,0.18,-0.03
10452,52.255,52.255,52.354794,0.001432,0,0,-0.4,-10.7,-2.9,1.04,0.18,-0.04
10453,52.26,52.26,52.360899,0.002539,0,0,-0.4,-10.7,-3,1.04,0.19,-0.04
10454,52.265,52.265,52.365755,0.002393,0,0,-0.4,-10.6,-2.2,1.05,0.17,-0.04
10455,52.27,52.270001,52.369824,0.001462,9.99999997475243e-07,0,-0.4,-10.7,-2.7,1.04,0.18,-0.04
10456,52.275,52.275,52.374946,0.001584,0,0,-0.4,-10.7,-3,1.04,0.18,-0.05
10457,52.28,52.28,52.380976,0.002614,0,0,-0.4,-10.7,-2.7,1.04,0.18,-0.04
10458,52.285,52.285001,52.386111,0.002749,9.99999997475243e-07,0,-0.4,-10.6,-2.7,1.04,0.18,-0.04
10459,52.29,52.290001,52.389989,0.001627,9.99999997475243e-07,0,-0.6,-10.7,-3.1,1.04,0.19,-0.04
10460,52.295,52.295,52.395931,0.002571,0,0,-0.4,-10.7,-2.6,1.04,0.18,-0.04
10461,52.3,52.300001,52.399735,0.001373,9.99999997475243e-07,0,-0.3,-10.6,-2.5,1.04,0.17,-0.04
10462,52.305,52.305,52.404775,0.001414,0,0,-0.2,-10.7,-2.2,1.05,0.17,-0.04
10463,52.31,52.31,52.410762,0.002402,0,0,-0.3,-10.7,-2.5,1.04,0.17,-0.04
10464,52.315,52.315,52.415777,0.002417,0,0,-0.3,-10.7,-2.7,1.04,0.18,-0.04
10465,52.32,52.32,52.419696,0.001335,0,0,-0.3,-10.7,-2.5,1.04,0.18,-0.04
10466,52.325,52.325,52.424913,0.001551,0,0,-0.3,-10.7,-2.7,1.04,0.18,-0.04
10467,52.33,52.33,52.430861,0.002501,0,0,-0.3,-10.7,-2.6,1.04,0.18,-0.04
10468,52.335,52.335003,52.435967,0.002603,2.99999999953116e-06,0,-0.3,-10.7,-2.9,1.03,0.18,-0.04
10469,52.34,52.34,52.440725,0.002364,0,0,-0.2,-10.7,-3.3,1.02,0.19,-0.04
10470,52.345,52.345,52.445769,0.002408,0,0,-0.4,-10.7,-2.7,1.03,0.19,-0.04
10471,52.35,52.35,52.449733,0.001372,0,0,-0.3,-10.7,-2.6,1.03,0.19,-0.03
10472,52.355,52.355001,52.454838,0.001475,9.99999997475243e-07,0,-0.3,-10.6,-3.4,1.03,0.19,-0.04
10473,52.36,52.36,52.460709,0.002348,0,0,-0.4,-10.5,-3.4,1.03,0.19,-0.04
10474,52.365,52.365,52.464787,0.001425,0,0,-0.3,-10.5,-2.7,1.04,0.18,-0.04
10475,52.37,52.370001,52.47005,0.001687,9.99999997475243e-07,0,-0.4,-10.6,-2.4,1.04,0.18,-0.04
10476,52.375,52.375,52.475789,0.002427,0,0,-0.4,-10.7,-1.9,1.04,0.17,-0.03
10477,52.38,52.38,52.480789,0.002427,0,0,-0.4,-10.7,-1.8,1.05,0.17,-0.03
10478,52.385,52.385004,52.484796,0.00143,4.00000000411183e-06,0,-0.4,-10.7,-2.7,1.04,0.18,-0.04
10479,52.39,52.39,52.490775,0.002414,0,0,-0.5,-10.7,-3.1,1.04,0.19,-0.04
10480,52.395,52.395,52.494737,0.001376,0,0,-0.4,-10.7,-3.1,1.03,0.18,-0.04
10481,52.4,52.4,52.499821,0.001459,0,0,-0.4,-10.7,-2.8,1.04,0.19,-0.04
10482,52.405,52.405,52.505718,0.002357,0,0,-0.2,-10.7,-2.9,1.04,0.18,-0.04
10483,52.41,52.410001,52.50973,0.001368,9.99999997475243e-07,0,0,-10.7,-2.6,1.04,0.17,-0.04
10484,52.415,52.415001,52.514808,0.001446,9.99999997475243e-07,0,-0.1,-10.7,-2.8,1.04,0.18,-0.04
10485,52.42,52.42,52.520969,0.002607,0,0,-0.2,-10.7,-2.9,1.03,0.18,-0.04
10486,52.425,52.425001,52.524718,0.001355,9.99999997475243e-07,0,-0.3,-10.7,-2.9,1.03,0.18,-0.04
10487,52.43,52.43,52.529788,0.001426,0,0,-0.3,-10.7,-2.8,1.03,0.18,-0.04
10488,52.435,52.435,52.535933,0.002571,0,0,-0.3,-10.7,-2.7,1.04,0.18,-0.04
10489,52.44,52.440001,52.539805,0.001443,1.00000000458067e-06,0,-0.3,-10.7,-2.7,1.04,0.18,-0.03
10490,52.445,52.445,52.544777,0.001416,0,0,-0.2,-10.7,-2.9,1.04,0.18,-0.04
10491,52.45,52.45,52.550736,0.002375,0,0,-0.2,-10.7,-2.3,1.04,0.18,-0.04
10492,52.455,52.455,52.555726,0.002365,0,0,-0.5,-10.8,-2.7,1.04,0.2,-0.04
10493,52.46,52.46,52.559747,0.001386,0,0,-0.5,-10.8,-3,1.04,0.2,-0.04
10494,52.465,52.465,52.564804,0.001442,0,0,-0.4,-10.7,-2.8,1.04,0.18,-0.04
10495,52.47,52.47,52.570794,0.002432,0,0,-0.5,-10.7,-3.9,1.03,0.21,-0.04
10496,52.475,52.475,52.574697,0.001335,0,0,-0.5,-10.7,-3.5,1.04,0.2,-0.04
10497,52.48,52.480001,52.579783,0.001421,9.99999997475243e-07,0,-0.5,-10.9,-3.3,1.03,0.21,-0.04
10498,52.485,52.485,52.585745,0.002384,0,0,-0.6,-10.8,-2.9,1.03,0.2,-0.04
10499,52.49,52.49,52.59078,0.002419,0,0,-0.7,-10.9,-3.5,1.03,0.22,-0.04
10500,52.495,52.495001,52.594868,0.001506,9.99999997475243e-07,0,-0.6,-10.8,-3.7,1.03,0.21,-0.04
10501,52.5,52.5,52.600014,0.001652,0,0,-0.6,-10.8,-4,1.03,0.21,-0.04
10502,52.505,52.505,52.605801,0.00244,0,0,-0.5,-10.8,-3.5,1.04,0.2,-0.04
10503,52.51,52.51,52.609695,0.001333,0,0,-0.4,-10.8,-3.3,1.04,0.2,-0.04
10504,52.515,52.515,52.614877,0.001515,0,0,-0.4,-10.7,-3,1.04,0.19,-0.04
10505,52.52,52.52,52.620793,0.002431,0,0,-0.4,-10.7,-3,1.04,0.19,-0.04
10506,52.525,52.525,52.624703,0.001343,0,0,-0.3,-10.7,-3.2,1.02,0.2,-0.04
10507,52.53,52.53,52.629738,0.001376,0,0,-0.4,-10.7,-2.8,1.03,0.19,-0.04
10508,52.535,52.535001,52.635711,0.00235,9.99999997475243e-07,0,-0.5,-10.8,-3.3,1.04,0.2,-0.04
10509,52.54,52.54,52.640796,0.002435,0,0,-0.6,-10.8,-3.3,1.04,0.2,-0.04
10510,52.545,52.545,52.645755,0.002394,0,0,-0.5,-10.7,-2.9,1.04,0.19,-0.04
10511,52.55,52.550001,52.649763,0.001401,9.99999997475243e-07,0,-0.3,-10.7,-2.7,1.04,0.18,-0.04
10512,52.555,52.555,52.655814,0.002453,0,0,-0.3,-10.7,-3.4,1.03,0.19,-0.04
10513,52.56,52.56,52.660792,0.002431,0,0,-0.3,-10.7,-3.4,1.03,0.19,-0.04
10514,52.565,52.565,52.664781,0.00142,0,0,-0.3,-10.8,-3.8,1.03,0.2,-0.05
10515,52.57,52.57,52.670738,0.002377,0,0,-0.2,-10.8,-3.4,1.03,0.2,-0.04
10516,52.575,52.575,52.675708,0.002347,0,0,-0.3,-10.8,-3.1,1.03,0.19,-0.04
10517,52.58,52.58,52.679713,0.001352,0,0,-0.3,-10.8,-3.3,1.04,0.2,-0.04
10518,52.585,52.585,52.684808,0.001447,0,0,-0.3,-10.9,-3.2,1.04,0.19,-0.04
10519,52.59,52.59,52.690729,0.002369,0,0,-0.2,-10.7,-3.3,1.04,0.19,-0.04
10520,52.595,52.595,52.695712,0.002351,0,0,-0.4,-10.9,-3.2,1.04,0.19,-0.04
10521,52.6,52.6,52.699688,0.001327,0,0,-0.5,-10.8,-3.6,1.04,0.2,-0.05
10522,52.605,52.605001,52.704788,0.001425,9.99999997475243e-07,0,-0.4,-10.9,-3.2,1.04,0.2,-0.04
10523,52.61,52.61,52.710725,0.002364,0,0,-0.5,-10.9,-3.2,1.03,0.2,-0.05
10524,52.615,52.615,52.714686,0.001324,0,0,-0.4,-10.9,-3.5,1.03,0.2,-0.04
10525,52.62,52.620001,52.720719,0.002357,9.99999997475243e-07,0,-0.5,-10.8,-3.2,1.03,0.2,-0.04
10526,52.625,52.625,52.725683,0.002322,0,0,-0.5,-10.9,-3.6,1.03,0.21,-0.05
10527,52.63,52.63,52.729726,0.001365,0,0,-0.6,-10.9,-3.7,1.03,0.2,-0.05
10528,52.635,52.635,52.734964,0.001602,0,0,-0.5,-10.8,-3.7,1.03,0.2,-0.05
10529,52.64,52.64,52.740726,0.002365,0,0,-0.4,-10.8,-3.5,1.04,0.2,-0.05
10530,52.645,52.645,52.744694,0.001332,0,0,-0.4,-10.8,-3.1,1.04,0.19,-0.05
10531,52.65,52.65,52.75073,0.002368,0,0,-0.4,-10.8,-3.3,1.04,0.19,-0.04
10532,52.655,52.655,52.755703,0.002343,0,0,-0.4,-10.8,-3.6,1.04,0.19,-0.05
10533,52.66,52.660001,52.75967,0.001308,9.99999997475243e-07,0,-0.5,-10.7,-3.2,1.03,0.19,-0.04
10534,52.665,52.665,52.764837,0.001475,0,0,-0.5,-10.8,-3.7,1.03,0.2,-0.05
10535,52.67,52.67,52.770733,0.002372,0,0,-0.3,-10.8,-3.9,1.03,0.2,-0.05
10536,52.675,52.675001,52.774677,0.001315,9.99999997475243e-07,0,-0.4,-10.7,-3.8,1.02,0.2,-0.05
10537,52.68,52.68,52.779813,0.001452,0,0,-0.4,-10.7,-3.7,1.03,0.2,-0.05
10538,52.685,52.685,52.785708,0.002347,0,0,-0.4,-10.8,-4.2,1.02,0.21,-0.05
10539,52.69,52.69,52.79074,0.002378,0,0,-0.3,-10.8,-3.7,1.03,0.2,-0.05
10540,52.695,52.695,52.794706,0.001345,0,0,-0.4,-10.7,-3.2,1.04,0.2,-0.05
10541,52.7,52.7,52.799872,0.001511,0,0,-0.6,-10.7,-3.3,1.04,0.2,-0.04
10542,52.705,52.705,52.805825,0.002466,0,0,-0.7,-10.8,-3.7,1.03,0.21,-0.04
10543,52.71,52.71,52.809679,0.001318,0,0,-0.6,-10.9,-3.4,1.04,0.21,-0.05
10544,52.715,52.715,52.814955,0.001594,0,0,-0.5,-10.8,-3.5,1.03,0.21,-0.05
10545,52.72,52.72,52.820691,0.00233,0,0,-0.5,-10.8,-3.9,1.03,0.22,-0.05
10546,52.725,52.725,52.824672,0.001311,0,0,-0.5,-10.8,-2.9,1.04,0.2,-0.05
10547,52.73,52.730001,52.829883,0.001521,9.99999997475243e-07,0,-0.6,-10.8,-3.3,1.04,0.21,-0.05
10548,52.735,52.735,52.83575,0.002388,0,0,-0.5,-10.8,-2.9,1.03,0.2,-0.04
10549,52.74,52.74,52.840765,0.002404,0,0,-0.4,-10.8,-3.1,1.03,0.2,-0.04
10550,52.745,52.745001,52.844696,0.001335,9.99999997475243e-07,0,-0.3,-10.8,-2.8,1.03,0.2,-0.03
10551,52.75,52.75,52.849856,0.001494,0,0,-0.4,-10.9,-2.9,1.03,0.19,-0.04
10552,52.755,52.755,52.85585,0.002489,0,0,-0.4,-10.8,-3,1.03,0.19,-0.04
10553,52.76,52.76,52.859688,0.001327,0,0,-0.3,-10.8,-2.8,1.03,0.19,-0.04
10554,52.765,52.765,52.864799,0.001438,0,0,-0.3,-10.7,-2.2,1.03,0.18,-0.04
10555,52.77,52.77,52.870889,0.002528,0,0,-0.3,-10.8,-2.8,1.03,0.19,-0.04
10556,52.775,52.775,52.874757,0.001396,0,0,-0.5,-10.8,-3.1,1.03,0.19,-0.04
10557,52.78,52.78,52.879759,0.001397,0,0,-0.4,-10.9,-2.8,1.04,0.19,-0.04
10558,52.785,52.785001,52.885824,0.002462,9.99999997475243e-07,0,-0.4,-10.7,-2.9,1.04,0.19,-0.04
10559,52.79,52.79,52.889734,0.001373,0,0,-0.4,-10.6,-2.6,1.04,0.19,-0.04
10560,52.795,52.795,52.894856,0.001495,0,0,-0.4,-10.6,-2.6,1.04,0.18,-0.04
10561,52.8,52.800001,52.900763,0.0024,9.99999997475243e-07,0,-0.5,-10.7,-2.9,1.04,0.19,-0.04
10562,52.805,52.805,52.905825,0.002463,0,0,-0.6,-10.7,-3.4,1.04,0.2,-0.04
10563,52.81,52.81,52.909707,0.001346,0,0,-0.4,-10.7,-2.4,1.04,0.18,-0.04
10564,52.815,52.815,52.915742,0.002381,0,0,-0.5,-10.7,-3.2,1.04,0.2,-0.04
10565,52.82,52.82,52.92084,0.002479,0,0,-0.4,-10.8,-2.9,1.04,0.19,-0.04
10566,52.825,52.825,52.924726,0.001365,0,0,-0.4,-10.8,-2.8,1.04,0.2,-0.04
10567,52.83,52.83,52.929966,0.001605,0,0,-0.5,-10.8,-2.4,1.04,0.19,-0.04
10568,52.835,52.835,52.935726,0.002365,0,0,-0.5,-10.7,-2.3,1.05,0.18,-0.04
10569,52.84,52.84,52.939704,0.001343,0,0,-0.5,-10.8,-2.9,1.04,0.19,-0.04
10570,52.845,52.845,52.944747,0.001386,0,0,-0.5,-10.7,-2.9,1.04,0.19,-0.04
10571,52.85,52.85,52.950712,0.00235,0,0,-0.4,-10.7,-3,1.04,0.19,-0.04
10572,52.855,52.855001,52.954671,0.001309,9.99999997475243e-07,0,-0.3,-10.7,-3.1,1.03,0.19,-0.04
10573,52.86,52.86,52.959703,0.001342,0,0,-0.4,-10.7,-3.1,1.03,0.19,-0.04
10574,52.865,52.865,52.965779,0.002417,0,0,-0.3,-10.8,-3,1.03,0.19,-0.04
10575,52.87,52.870001,52.969703,0.001341,9.99999997475243e-07,0,-0.2,-10.6,-3.1,1.04,0.18,-0.04
10576,52.875,52.875,52.974731,0.00137,0,0,-0.3,-10.6,-2.8,1.04,0.17,-0.04
10577,52.88,52.88,52.980759,0.002397,0,0,-0.4,-10.7,-3.2,1.03,0.18,-0.04
10578,52.885,52.885,52.985704,0.002343,0,0,-0.3,-10.7,-2.7,1.04,0.18,-0.04
10579,52.89,52.890001,52.989738,0.001376,9.99999997475243e-07,0,-0.4,-10.7,-2.9,1.04,0.18,-0.04
10580,52.895,52.895,52.994818,0.001457,0,0,-0.4,-10.7,-2.9,1.04,0.19,-0.04
10581,52.9,52.9,53.000767,0.002406,0,0,-0.3,-10.7,-2.3,1.04,0.18,-0.04
10582,52.905,52.905,53.004757,0.001396,0,0,-0.2,-10.7,-1.7,1.05,0.16,-0.03
10583,52.91,52.910001,53.0097,0.001338,9.99999997475243e-07,0,-0.2,-10.7,-2.7,1.03,0.18,-0.03
10584,52.915,52.915,53.015793,0.002431,0,0,-0.2,-10.8,-3.3,1.03,0.19,-0.04
10585,52.92,52.92,53.019703,0.001341,0,0,-0.3,-10.9,-3.2,1.03,0.19,-0.04
10586,52.925,52.925001,53.0247,0.001338,9.99999997475243e-07,0,-0.3,-10.8,-2.9,1.04,0.19,-0.04
10587,52.93,52.93,53.030723,0.002362,0,0,-0.3,-10.8,-2.8,1.04,0.18,-0.04
10588,52.935,52.935,53.035711,0.00235,0,0,-0.2,-10.7,-2.6,1.03,0.18,-0.03
10589,52.94,52.94,53.039843,0.001482,0,0,-0.2,-10.8,-3.1,1.03,0.19,-0.04
10590,52.945,52.945,53.045795,0.002435,0,0,-0.2,-10.7,-2.9,1.03,0.19,-0.04
10591,52.95,52.95,53.05072,0.002359,0,0,-0.3,-10.7,-2.6,1.03,0.18,-0.04
10592,52.955,52.955,53.054825,0.001465,0,0,-0.3,-10.7,-2.9,1.03,0.18,-0.04
10593,52.96,52.96,53.060716,0.002356,0,0,-0.3,-10.7,-3.2,1.03,0.18,-0.04
10594,52.965,52.965,53.065762,0.0024,0,0,-0.1,-10.7,-2.5,1.04,0.17,-0.04
10595,52.97,52.97,53.06971,0.001349,0,0,-0.2,-10.8,-2.2,1.04,0.17,-0.04
10596,52.975,52.975,53.074817,0.001455,0,0,-0.3,-10.7,-2.6,1.04,0.18,-0.04
10597,52.98,52.980001,53.080716,0.002354,9.99999997475243e-07,0,-0.4,-10.7,-2.7,1.04,0.19,-0.04
10598,52.985,52.985,53.084745,0.001385,0,0,-0.4,-10.8,-3.3,1.03,0.2,-0.04
10599,52.99,52.99,53.089795,0.001433,0,0,-0.4,-10.7,-3.5,1.03,0.19,-0.05
10600,52.995,52.995001,53.095739,0.002376,9.99999997475243e-07,0,-0.3,-10.7,-3.6,1.03,0.19,-0.04
10601,53,53,53.099759,0.001398,0,0,-0.3,-10.7,-2.5,1.04,0.18,-0.04
10602,53.005,53.005,53.104749,0.001388,0,0,-0.3,-10.6,-2.5,1.04,0.18,-0.04
10603,53.01,53.01,53.110818,0.002457,0,0,-0.3,-10.7,-2.8,1.04,0.18,-0.04
10604,53.015,53.015,53.114755,0.001393,0,0,-0.4,-10.7,-2.9,1.04,0.19,-0.04
10605,53.02,53.02,53.119701,0.00134,0,0,-0.4,-10.8,-2.7,1.04,0.19,-0.04
10606,53.025,53.025,53.125709,0.002348,0,0,-0.3,-10.8,-3,1.03,0.19,-0.04
10607,53.03,53.03,53.130905,0.002545,0,0,-0.3,-10.7,-2.2,1.04,0.19,-0.03
10608,53.035,53.035001,53.134752,0.001389,9.99999997475243e-07,0,-0.3,-10.7,-1.7,1.04,0.17,-0.04
10609,53.04,53.04,53.140718,0.002357,0,0,-0.5,-10.8,-1.8,1.04,0.18,-0.03
10610,53.045,53.045,53.14573,0.002369,0,0,-0.4,-10.7,-2.5,1.04,0.18,-0.04
10611,53.05,53.050001,53.149711,0.001349,9.99999997475243e-07,0,-0.3,-10.7,-2.7,1.04,0.18,-0.04
10612,53.055,53.055,53.154887,0.001525,0,0,-0.2,-10.7,-2.7,1.04,0.18,-0.04
10613,53.06,53.06,53.16076,0.002399,0,0,-0.2,-10.6,-3.7,1.03,0.2,-0.04
10614,53.065,53.065,53.16475,0.001388,0,0,-0.3,-10.8,-3.4,1.03,0.2,-0.04
10615,53.07,53.07,53.169729,0.001368,0,0,-0.4,-10.8,-2.3,1.04,0.19,-0.03
10616,53.075,53.075,53.175712,0.002351,0,0,-0.3,-10.7,-2.2,1.04,0.18,-0.03
10617,53.08,53.08,53.179695,0.001334,0,0,-0.2,-10.6,-2.4,1.03,0.18,-0.03
10618,53.085,53.085,53.184672,0.001311,0,0,-0.2,-10.7,-2.9,1.03,0.19,-0.04
10619,53.09,53.09,53.190827,0.002466,0,0,-0.4,-10.7,-2.9,1.04,0.19,-0.04
10620,53.095,53.095,53.195762,0.002401,0,0,-0.3,-10.7,-2.7,1.04,0.19,-0.04
10621,53.1,53.1,53.199703,0.001342,0,0,-0.4,-10.7,-3.2,1.03,0.2,-0.04
10622,53.105,53.105001,53.20495,0.001588,9.99999997475243e-07,0,-0.4,-10.7,-3.3,1.03,0.2,-0.04
10623,53.11,53.11,53.21071,0.002349,0,0,-0.4,-10.7,-3.4,1.03,0.2,-0.04
10624,53.115,53.115,53.214729,0.001367,0,0,-0.5,-10.7,-3,1.04,0.19,-0.04
10625,53.12,53.120001,53.220024,0.001663,9.99999997475243e-07,0,-0.4,-10.7,-3.2,1.04,0.19,-0.04
10626,53.125,53.125,53.225721,0.00236,0,0,-0.4,-10.7,-2.7,1.04,0.19,-0.04
10627,53.13,53.13,53.229804,0.001443,0,0,-0.3,-10.6,-2.8,1.04,0.18,-0.04
10628,53.135,53.135,53.235772,0.002411,0,0,-0.2,-10.6,-2.8,1.04,0.18,-0.04
10629,53.14,53.14,53.240693,0.002332,0,0,-0.2,-10.6,-2.8,1.04,0.18,-0.04
10630,53.145,53.145,53.244668,0.001307,0,0,-0.2,-10.7,-2.7,1.04,0.18,-0.04
10631,53.15,53.15,53.250785,0.002424,0,0,-0.4,-10.7,-3,1.03,0.2,-0.04
10632,53.155,53.155,53.2558,0.002439,0,0,-0.5,-10.8,-3.4,1.03,0.21,-0.04
10633,53.16,53.160001,53.25971,0.001347,9.99999997475243e-07,0,-0.4,-10.8,-3,1.03,0.19,-0.04
10634,53.165,53.165,53.264824,0.001462,0,0,-0.2,-10.8,-2.3,1.04,0.18,-0.04
10635,53.17,53.17,53.270725,0.002364,0,0,-0.3,-10.8,-2.7,1.04,0.19,-0.04
10636,53.175,53.175001,53.274701,0.001339,9.99999997475243e-07,0,-0.3,-10.8,-2.9,1.04,0.19,-0.04
10637,53.18,53.18,53.279771,0.001409,0,0,-0.2,-10.7,-2.8,1.03,0.18,-0.04
10638,53.185,53.185,53.285688,0.002327,0,0,-0.3,-10.7,-3.3,1.03,0.19,-0.05
10639,53.19,53.19,53.289681,0.00132,0,0,-0.2,-10.6,-3.2,1.03,0.18,-0.05
10640,53.195,53.195,53.294889,0.001528,0,0,-0.2,-10.7,-3,1.03,0.18,-0.04
10641,53.2,53.2,53.300729,0.002368,0,0,-0.4,-10.8,-3.1,1.04,0.2,-0.05
10642,53.205,53.205,53.304844,0.001483,0,0,-0.5,-10.8,-3.5,1.03,0.21,-0.04
10643,53.21,53.21,53.309746,0.001385,0,0,-0.4,-10.8,-2.8,1.04,0.19,-0.04
10644,53.215,53.215,53.315934,0.002573,0,0,-0.4,-10.8,-2.9,1.04,0.2,-0.04
10645,53.22,53.22,53.319727,0.001366,0,0,-0.5,-10.8,-2.9,1.04,0.2,-0.04
10646,53.225,53.225,53.324736,0.001375,0,0,-0.4,-10.8,-3,1.03,0.2,-0.05
10647,53.23,53.230001,53.330062,0.0017,9.99999997475243e-07,0,-0.5,-10.7,-3.4,1.03,0.21,-0.05
10648,53.235,53.235,53.335706,0.002345,0,0,-0.5,-10.8,-2.9,1.03,0.21,-0.04
10649,53.24,53.24,53.339674,0.001313,0,0,-0.5,-10.8,-3,1.04,0.2,-0.04
10650,53.245,53.245001,53.344816,0.001454,9.99999997475243e-07,0,-0.5,-10.7,-2.9,1.04,0.2,-0.04
10651,53.25,53.25,53.3507,0.002339,0,0,-0.5,-10.7,-3.1,1.03,0.2,-0.04
10652,53.255,53.255,53.355683,0.002322,0,0,-0.4,-10.8,-2.7,1.04,0.19,-0.04
10653,53.26,53.26,53.359693,0.001332,0,0,-0.4,-10.7,-2.7,1.04,0.19,-0.04
10654,53.265,53.265,53.365203,0.001842,0,0,-0.5,-10.8,-2.8,1.04,0.19,-0.04
10655,53.27,53.27,53.371052,0.002693,0,0,-0.5,-10.8,-2.5,1.04,0.19,-0.04
10656,53.275,53.275001,53.375134,0.001773,1.00000000458067e-06,0,-0.4,-10.7,-2.9,1.04,0.19,-0.04
10657,53.28,53.280003,53.380203,0.001839,2.99999999953116e-06,0,-0.3,-10.8,-3,1.04,0.19,-0.03
10658,53.285,53.285002,53.386163,0.002801,1.99999999495049e-06,0,-0.4,-10.8,-2.7,1.04,0.19,-0.03
10659,53.29,53.290001,53.390251,0.001889,9.99999997475243e-07,0,-0.4,-10.7,-2.7,1.03,0.19,-0.04
10660,53.295,53.295001,53.395719,0.002358,9.99999997475243e-07,0,-0.5,-10.9,-2.8,1.04,0.19,-0.04
10661,53.3,53.300002,53.40094,0.002576,1.99999999495049e-06,0,-0.3,-10.9,-2.5,1.04,0.19,-0.04
10662,53.305,53.305,53.40477,0.001409,0,0,-0.4,-10.8,-2.7,1.04,0.19,-0.04
10663,53.31,53.31,53.410739,0.002378,0,0,-0.4,-10.8,-2.6,1.04,0.2,-0.04
10664,53.315,53.315,53.415741,0.002379,0,0,-0.4,-10.8,-2.5,1.04,0.19,-0.04
10665,53.32,53.32,53.419718,0.001357,0,0,-0.4,-10.7,-2.4,1.04,0.18,-0.04
10666,53.325,53.325,53.424834,0.001473,0,0,-0.4,-10.8,-2.7,1.04,0.19,-0.04
10667,53.33,53.33,53.430872,0.00251,0,0,-0.5,-10.8,-2.8,1.04,0.19,-0.04
10668,53.335,53.335,53.434807,0.001446,0,0,-0.4,-10.8,-2.6,1.04,0.18,-0.04
10669,53.34,53.34,53.439888,0.001527,0,0,-0.3,-10.8,-2.5,1.03,0.18,-0.04
10670,53.345,53.345,53.445809,0.002449,0,0,-0.3,-10.9,-2.8,1.03,0.18,-0.04
10671,53.35,53.35,53.449863,0.001502,0,0,-0.3,-10.8,-2.8,1.03,0.19,-0.04
10672,53.355,53.355002,53.455223,0.00186,1.99999999495049e-06,0,-0.3,-10.8,-2.7,1.03,0.18,-0.04
10673,53.36,53.360001,53.461004,0.002642,9.99999997475243e-07,0,-0.2,-10.7,-3,1.03,0.18,-0.05
10674,53.365,53.365,53.464799,0.001437,0,0,-0.3,-10.7,-3.3,1.03,0.19,-0.05
10675,53.37,53.370001,53.469886,0.001524,9.99999997475243e-07,0,-0.3,-10.7,-2.9,1.03,0.18,-0.04
10676,53.375,53.375,53.475783,0.002421,0,0,-0.3,-10.7,-2.7,1.03,0.17,-0.04
10677,53.38,53.38,53.479791,0.00143,0,0,-0.4,-10.6,-2.9,1.03,0.19,-0.04
10678,53.385,53.385,53.484755,0.001394,0,0,-0.3,-10.7,-2.9,1.03,0.19,-0.04
10679,53.39,53.39,53.490768,0.002407,0,0,-0.4,-10.8,-3,1.03,0.2,-0.04
10680,53.395,53.395,53.495764,0.002402,0,0,-0.4,-10.8,-3,1.04,0.19,-0.04
10681,53.4,53.4,53.499795,0.001434,0,0,-0.5,-10.7,-3,1.04,0.2,-0.04
10682,53.405,53.405,53.505022,0.001661,0,0,-0.4,-10.7,-3.1,1.03,0.19,-0.04
10683,53.41,53.410001,53.51088,0.002517,9.99999997475243e-07,0,-0.5,-10.8,-2.3,1.04,0.18,-0.04
10684,53.415,53.415,53.514715,0.001354,0,0,-0.4,-10.7,-2.8,1.04,0.18,-0.04
10685,53.42,53.42,53.519763,0.001401,0,0,-0.5,-10.8,-2.5,1.04,0.18,-0.04
10686,53.425,53.425001,53.525783,0.002421,9.99999997475243e-07,0,-0.4,-10.7,-2.2,1.05,0.17,-0.04
10687,53.43,53.43,53.529707,0.001346,0,0,-0.4,-10.8,-2.4,1.04,0.18,-0.04
10688,53.435,53.435,53.534913,0.001552,0,0,-0.4,-10.7,-2.6,1.04,0.18,-0.04
10689,53.44,53.44,53.540196,0.001835,0,0,-0.4,-10.8,-3,1.04,0.19,-0.04
10690,53.445,53.445,53.545865,0.002504,0,0,-0.5,-10.8,-3.4,1.04,0.19,-0.04
10691,53.45,53.45,53.549805,0.001445,0,0,-0.4,-10.8,-3.1,1.04,0.19,-0.04
10692,53.455,53.455,53.554936,0.001575,0,0,-0.4,-10.7,-3.1,1.04,0.19,-0.05
10693,53.46,53.46,53.560719,0.002358,0,0,-0.4,-10.7,-2.4,1.04,0.18,-0.04
10694,53.465,53.465,53.564753,0.001391,0,0,-0.4,-10.7,-2.5,1.04,0.19,-0.04
10695,53.47,53.47,53.569702,0.00134,0,0,-0.5,-10.7,-2.7,1.04,0.19,-0.04
10696,53.475,53.475,53.575712,0.002351,0,0,-0.4,-10.7,-2.1,1.04,0.18,-0.04
10697,53.48,53.480001,53.579716,0.001354,9.99999997475243e-07,0,-0.5,-10.9,-2.7,1.04,0.19,-0.04
10698,53.485,53.485,53.584671,0.00131,0,0,-0.5,-10.9,-2.6,1.04,0.19,-0.04
10699,53.49,53.49,53.590742,0.002381,0,0,-0.6,-10.8,-2.7,1.04,0.2,-0.04
10700,53.495,53.495001,53.595753,0.002392,9.99999997475243e-07,0,-0.7,-10.8,-3.4,1.04,0.2,-0.04
10701,53.5,53.5,53.599677,0.00132,0,0,-0.6,-10.7,-3.4,1.03,0.21,-0.04
10702,53.505,53.505,53.604682,0.001321,0,0,-0.5,-10.8,-3.4,1.03,0.2,-0.04
10703,53.51,53.51,53.610702,0.002341,0,0,-0.6,-10.8,-3,1.04,0.2,-0.05
10704,53.515,53.515,53.614672,0.001311,0,0,-0.6,-10.8,-3.6,1.03,0.21,-0.05
10705,53.52,53.52,53.619764,0.001403,0,0,-0.4,-10.8,-3.4,1.03,0.19,-0.04
10706,53.525,53.525,53.6257,0.002339,0,0,-0.4,-10.7,-3.6,1.03,0.19,-0.04
10707,53.53,53.530001,53.630898,0.002537,9.99999997475243e-07,0,-0.4,-10.7,-3.5,1.03,0.19,-0.04
10708,53.535,53.535001,53.634685,0.001323,9.99999997475243e-07,0,-0.3,-10.7,-3.3,1.03,0.19,-0.04
10709,53.54,53.54,53.639775,0.001414,0,0,-0.4,-10.7,-3,1.04,0.19,-0.04
10710,53.545,53.545,53.645711,0.00235,0,0,-0.4,-10.7,-2.8,1.04,0.19,-0.05
10711,53.55,53.550001,53.649681,0.001319,9.99999997475243e-07,0,-0.3,-10.7,-2.8,1.04,0.18,-0.05
10712,53.555,53.555,53.654738,0.001376,0,0,-0.3,-10.8,-3.2,1.04,0.19,-0.04
10713,53.56,53.560001,53.659848,0.001486,9.99999997475243e-07,0,-0.3,-10.7,-2.9,1.03,0.18,-0.04
10714,53.565,53.565,53.665759,0.002397,0,0,-0.3,-10.7,-3,1.04,0.18,-0.04
10715,53.57,53.57,53.669687,0.001326,0,0,-0.4,-10.6,-2.7,1.04,0.18,-0.04
10716,53.575,53.575,53.674783,0.001421,0,0,-0.3,-10.7,-2.6,1.04,0.18,-0.04
10717,53.58,53.58,53.680717,0.002355,0,0,-0.5,-10.7,-2.6,1.04,0.19,-0.04
10718,53.585,53.585,53.685689,0.002328,0,0,-0.4,-10.7,-2.8,1.03,0.19,-0.04
10719,53.59,53.59,53.689685,0.001324,0,0,-0.5,-10.7,-2.8,1.04,0.2,-0.05
10720,53.595,53.595,53.695741,0.00238,0,0,-0.5,-10.7,-3,1.04,0.2,-0.05
10721,53.6,53.6,53.700867,0.002506,0,0,-0.4,-10.7,-2.9,1.04,0.2,-0.04
10722,53.605,53.605001,53.704711,0.001349,9.99999997475243e-07,0,-0.3,-10.7,-2.1,1.05,0.18,-0.04
10723,53.61,53.61,53.709823,0.001461,0,0,-0.3,-10.6,-2.4,1.05,0.18,-0.04
10724,53.615,53.615,53.715721,0.002359,0,0,-0.3,-10.7,-2.4,1.05,0.18,-0.04
10725,53.62,53.620001,53.719981,0.001619,9.99999997475243e-07,0,-0.3,-10.6,-2.8,1.03,0.19,-0.04
10726,53.625,53.625,53.725753,0.002392,0,0,-0.3,-10.7,-2.7,1.04,0.18,-0.04
10727,53.63,53.63,53.729731,0.001369,0,0,-0.3,-10.7,-2.8,1.04,0.19,-0.04
10728,53.635,53.635,53.734783,0.001422,0,0,-0.2,-10.7,-3.2,1.04,0.19,-0.04
10729,53.64,53.64,53.740706,0.002346,0,0,-0.2,-10.6,-3.2,1.04,0.19,-0.04
10730,53.645,53.645,53.744681,0.00132,0,0,-0.3,-10.7,-3,1.04,0.19,-0.04
10731,53.65,53.65,53.749791,0.00143,0,0,-0.4,-10.8,-3.1,1.03,0.19,-0.04
10732,53.655,53.655,53.755773,0.002411,0,0,-0.3,-10.8,-2.9,1.03,0.19,-0.04
10733,53.66,53.660001,53.759717,0.001355,9.99999997475243e-07,0,-0.3,-10.8,-2.6,1.04,0.18,-0.04
10734,53.665,53.665,53.764935,0.001574,0,0,-0.2,-10.7,-2.3,1.04,0.17,-0.04
10735,53.67,53.67,53.770772,0.00241,0,0,-0.3,-10.8,-3,1.04,0.19,-0.04
10736,53.675,53.675001,53.774704,0.001342,9.99999997475243e-07,0,-0.2,-10.7,-3,1.04,0.19,-0.04
10737,53.68,53.68,53.779812,0.00145,0,0,-0.4,-10.8,-3,1.04,0.19,-0.04
10738,53.685,53.685,53.785743,0.002382,0,0,-0.4,-10.9,-3.3,1.03,0.2,-0.04
10739,53.69,53.69,53.789672,0.00131,0,0,-0.3,-10.8,-3.3,1.03,0.2,-0.05
10740,53.695,53.695,53.79479,0.001429,0,0,-0.4,-10.8,-3.5,1.04,0.2,-0.05
10741,53.7,53.7,53.800806,0.002444,0,0,-0.6,-10.8,-3.3,1.04,0.21,-0.05
10742,53.705,53.705,53.804692,0.00133,0,0,-0.6,-10.7,-2.8,1.04,0.2,-0.04
10743,53.71,53.71,53.809709,0.001348,0,0,-0.6,-10.7,-2.9,1.04,0.2,-0.04
10744,53.715,53.715,53.815761,0.0024,0,0,-0.5,-10.7,-3.5,1.04,0.21,-0.05
10745,53.72,53.72,53.81987,0.001506,0,0,-0.5,-10.9,-3.5,1.03,0.21,-0.05
10746,53.725,53.725,53.824722,0.00136,0,0,-0.5,-10.8,-2.8,1.04,0.19,-0.05
10747,53.73,53.730001,53.83088,0.002517,9.99999997475243e-07,0,-0.4,-10.8,-2,1.05,0.18,-0.04
10748,53.735,53.735,53.835703,0.002342,0,0,-0.4,-10.7,-1.7,1.05,0.17,-0.04
10749,53.74,53.74,53.8397,0.001339,0,0,-0.4,-10.7,-2.2,1.04,0.18,-0.04
10750,53.745,53.745001,53.844759,0.001398,9.99999997475243e-07,0,-0.2,-10.8,-2.1,1.04,0.17,-0.04
10751,53.75,53.75,53.850734,0.002373,0,0,-0.4,-10.9,-3.2,1.03,0.19,-0.04
10752,53.755,53.755,53.854875,0.001515,0,0,-0.5,-10.9,-3.1,1.04,0.2,-0.05
10753,53.76,53.76,53.860759,0.002398,0,0,-0.4,-10.9,-3,1.04,0.19,-0.04
10754,53.765,53.765,53.865742,0.00238,0,0,-0.5,-10.9,-3,1.04,0.2,-0.04
10755,53.77,53.77,53.869848,0.001487,0,0,-0.5,-10.9,-2.9,1.04,0.19,-0.04
10756,53.775,53.775,53.87498,0.001618,0,0,-0.6,-10.9,-2.8,1.05,0.19,-0.04
10757,53.78,53.78,53.880858,0.002496,0,0,-0.5,-10.9,-3.2,1.04,0.2,-0.05
10758,53.785,53.785001,53.88471,0.001347,9.99999997475243e-07,0,-0.6,-10.9,-2.9,1.04,0.2,-0.05
10759,53.79,53.79,53.890736,0.002375,0,0,-0.5,-11,-2.1,1.05,0.18,-0.04
10760,53.795,53.795001,53.895797,0.002435,9.99999997475243e-07,0,-0.6,-10.9,-2.5,1.04,0.19,-0.04
10761,53.8,53.800001,53.899695,0.001333,9.99999997475243e-07,0,-0.4,-10.8,-2.4,1.05,0.18,-0.04
10762,53.805,53.805,53.904824,0.001463,0,0,-0.3,-10.7,-2.2,1.05,0.18,-0.04
10763,53.81,53.81,53.910766,0.002405,0,0,-0.4,-10.7,-2.6,1.04,0.19,-0.04
10764,53.815,53.815,53.914695,0.001334,0,0,-0.6,-10.8,-2.4,1.04,0.19,-0.04
10765,53.82,53.82,53.919847,0.001486,0,0,-0.6,-10.8,-2.6,1.04,0.19,-0.04
10766,53.825,53.825,53.925731,0.00237,0,0,-0.6,-10.8,-3.1,1.04,0.2,-0.05
10767,53.83,53.83,53.930956,0.002595,0,0,-0.5,-10.7,-2.6,1.04,0.18,-0.04
10768,53.835,53.835,53.93472,0.00136,0,0,-0.4,-10.7,-1.9,1.05,0.17,-0.04
10769,53.84,53.84,53.940775,0.002414,0,0,-0.4,-10.6,-2.7,1.04,0.18,-0.04
10770,53.845,53.845,53.944777,0.001416,0,0,-0.5,-10.7,-2.8,1.04,0.19,-0.05
10771,53.85,53.85,53.949777,0.001416,0,0,-0.4,-10.7,-2.9,1.04,0.19,-0.05
10772,53.855,53.855001,53.955732,0.00237,9.99999997475243e-07,0,-0.4,-10.7,-3.2,1.04,0.19,-0.05
10773,53.86,53.86,53.959671,0.00131,0,0,-0.5,-10.7,-3.4,1.04,0.19,-0.05
10774,53.865,53.865,53.964779,0.001418,0,0,-0.5,-10.7,-2.8,1.04,0.19,-0.05
10775,53.87,53.870001,53.970902,0.002541,9.99999997475243e-07,0,-0.5,-10.7,-2.4,1.04,0.19,-0.04
10776,53.875,53.875,53.974698,0.001337,0,0,-0.4,-10.8,-2.8,1.04,0.19,-0.04
10777,53.88,53.88,53.979769,0.001408,0,0,-0.2,-10.7,-1.7,1.05,0.17,-0.03
10778,53.885,53.885,53.9857,0.002339,0,0,-0.4,-10.8,-2.5,1.04,0.18,-0.04
10779,53.89,53.89,53.990739,0.002378,0,0,-0.4,-10.7,-2.1,1.04,0.18,-0.04
10780,53.895,53.895,53.994745,0.001383,0,0,-0.4,-10.8,-1.8,1.04,0.18,-0.04
10781,53.9,53.9,54.000781,0.002419,0,0,-0.4,-10.9,-1.9,1.05,0.18,-0.04
10782,53.905,53.905,54.005739,0.002378,0,0,-0.4,-10.8,-2.3,1.04,0.18,-0.04
10783,53.91,53.910001,54.009761,0.0014,9.99999997475243e-07,0,-0.5,-10.8,-2.3,1.04,0.19,-0.04
10784,53.915,53.915,54.014901,0.001539,0,0,-0.6,-10.7,-2.5,1.04,0.19,-0.03
10785,53.92,53.92,54.020702,0.002341,0,0,-0.6,-10.8,-2.5,1.04,0.19,-0.05
10786,53.925,53.925001,54.024669,0.001307,9.99999997475243e-07,0,-0.4,-10.8,-2.8,1.04,0.19,-0.04
10787,53.93,53.93,54.029788,0.001426,0,0,-0.3,-10.7,-2.5,1.04,0.18,-0.03
10788,53.935,53.935,54.035701,0.00234,0,0,-0.2,-10.7,-2.2,1.04,0.18,-0.03
10789,53.94,53.94,54.039667,0.001306,0,0,-0.2,-10.6,-2.1,1.05,0.17,-0.03
10790,53.945,53.945,54.044759,0.001398,0,0,-0.3,-10.7,-2.3,1.04,0.18,-0.04
10791,53.95,53.95,54.050731,0.00237,0,0,-0.2,-10.7,-3.1,1.03,0.19,-0.03
10792,53.955,53.955,54.055738,0.002378,0,0,-0.2,-10.7,-2.5,1.04,0.17,-0.04
10793,53.96,53.96,54.059707,0.001346,0,0,-0.4,-10.8,-2.3,1.04,0.19,-0.03
10794,53.965,53.965,54.064868,0.001506,0,0,-0.3,-10.7,-2.1,1.05,0.17,-0.04
10795,53.97,53.97,54.070848,0.002487,0,0,-0.3,-10.8,-2.7,1.04,0.18,-0.04
10796,53.975,53.975001,54.074694,0.001333,9.99999997475243e-07,0,-0.3,-10.7,-3,1.04,0.19,-0.04
10797,53.98,53.980002,54.079747,0.001384,1.99999999495049e-06,0,-0.4,-10.7,-3.1,1.04,0.2,-0.04
10798,53.985,53.985,54.085761,0.0024,0,0,-0.3,-10.7,-2.7,1.04,0.19,-0.04
10799,53.99,53.99,54.089743,0.001381,0,0,-0.4,-10.7,-2.6,1.04,0.2,-0.03
10800,53.995,53.995001,54.094903,0.001542,9.99999997475243e-07,0,-0.3,-10.7,-2.5,1.04,0.19,-0.03
10801,54,54,54.100711,0.00235,0,0,-0.3,-10.7,-2.6,1.04,0.18,-0.04
10802,54.005,54.005,54.105751,0.002389,0,0,-0.4,-10.7,-2.1,1.05,0.17,-0.04
10803,54.01,54.01,54.109674,0.001313,0,0,-0.4,-10.7,-1.9,1.04,0.18,-0.03
10804,54.015,54.015,54.114827,0.001466,0,0,-0.4,-10.7,-2,1.04,0.18,-0.03
10805,54.02,54.02,54.120711,0.00235,0,0,-0.3,-10.6,-2,1.04,0.17,-0.04
10806,54.025,54.025,54.125841,0.002481,0,0,-0.4,-10.7,-2.4,1.04,0.18,-0.04
10807,54.03,54.03,54.129797,0.001435,0,0,-0.2,-10.6,-3,1.04,0.18,-0.04
10808,54.035,54.035001,54.135751,0.002389,9.99999997475243e-07,0,-0.1,-10.6,-2.6,1.04,0.18,-0.04
10809,54.04,54.04,54.14069,0.002329,0,0,-0.3,-10.6,-2.8,1.04,0.19,-0.05
10810,54.045,54.045,54.144693,0.001332,0,0,-0.4,-10.6,-2.9,1.04,0.19,-0.05
10811,54.05,54.050001,54.149809,0.001446,9.99999997475243e-07,0,-0.5,-10.6,-2.2,1.05,0.19,-0.04
10812,54.055,54.055,54.155791,0.00243,0,0,-0.4,-10.7,-2.3,1.05,0.18,-0.04
10813,54.06,54.06,54.159685,0.001325,0,0,-0.5,-10.8,-1.9,1.05,0.18,-0.04
10814,54.065,54.065,54.1648,0.001438,0,0,-0.5,-10.7,-2.1,1.05,0.19,-0.04
10815,54.07,54.07,54.170782,0.002421,0,0,-0.4,-10.7,-2.2,1.04,0.19,-0.04
10816,54.075,54.075,54.174673,0.001312,0,0,-0.4,-10.7,-2,1.05,0.18,-0.04
10817,54.08,54.08,54.179782,0.001421,0,0,-0.5,-10.7,-1.7,1.05,0.18,-0.03
10818,54.085,54.085,54.184938,0.001577,0,0,-0.3,-10.7,-1.9,1.04,0.18,-0.03
10819,54.09,54.09,54.190713,0.002352,0,0,-0.2,-10.7,-2.4,1.04,0.19,-0.04
10820,54.095,54.095,54.194696,0.001335,0,0,-0.2,-10.6,-3.3,1.03,0.19,-0.04
10821,54.1,54.1,54.199854,0.001493,0,0,-0.2,-10.7,-2.9,1.04,0.18,-0.04
10822,54.105,54.105001,54.205725,0.002363,9.99999997475243e-07,0,-0.4,-10.6,-3.2,1.04,0.19,-0.04
10823,54.11,54.11,54.209674,0.001313,0,0,-0.4,-10.7,-3.3,1.04,0.19,-0.04
10824,54.115,54.115,54.214694,0.001333,0,0,-0.3,-10.7,-2.8,1.04,0.18,-0.04
10825,54.12,54.120001,54.220684,0.002322,9.99999997475243e-07,0,-0.3,-10.7,-3.4,1.04,0.19,-0.05
10826,54.125,54.125,54.225684,0.002323,0,0,-0.3,-10.8,-3.3,1.04,0.19,-0.04
10827,54.13,54.13,54.229699,0.001338,0,0,-0.4,-10.7,-2.8,1.04,0.19,-0.04
10828,54.135,54.135,54.234825,0.001464,0,0,-0.4,-10.7,-2.9,1.03,0.19,-0.04
10829,54.14,54.14,54.240705,0.002344,0,0,-0.3,-10.7,-2.7,1.04,0.18,-0.04
10830,54.145,54.145,54.244684,0.001323,0,0,-0.3,-10.6,-2.5,1.04,0.18,-0.04
10831,54.15,54.15,54.249718,0.001357,0,0,-0.3,-10.7,-2.9,1.04,0.18,-0.04
10832,54.155,54.155,54.255698,0.002337,0,0,-0.4,-10.6,-3.6,1.04,0.19,-0.04
10833,54.16,54.160001,54.259724,0.001362,9.99999997475243e-07,0,-0.4,-10.7,-3.4,1.04,0.19,-0.04
10834,54.165,54.165,54.264831,0.001469,0,0,-0.4,-10.8,-2.8,1.04,0.19,-0.04
10835,54.17,54.17,54.27072,0.002359,0,0,-0.5,-10.8,-3.4,1.04,0.2,-0.04
10836,54.175,54.175001,54.275694,0.002332,9.99999997475243e-07,0,-0.5,-10.8,-3.3,1.04,0.21,-0.04
10837,54.18,54.18,54.279696,0.001335,0,0,-0.5,-10.7,-3.8,1.03,0.2,-0.05
10838,54.185,54.185,54.284762,0.001401,0,0,-0.5,-10.8,-2.8,1.05,0.19,-0.04
10839,54.19,54.19,54.290677,0.002316,0,0,-0.4,-10.8,-2.5,1.05,0.19,-0.04
10840,54.195,54.195,54.294672,0.001311,0,0,-0.3,-10.8,-3,1.03,0.19,-0.04
10841,54.2,54.2,54.299686,0.001325,0,0,-0.4,-10.8,-2.8,1.04,0.19,-0.04
10842,54.205,54.205,54.305791,0.002431,0,0,-0.3,-10.8,-2.8,1.04,0.19,-0.04
10843,54.21,54.21,54.309678,0.001317,0,0,-0.3,-10.8,-3,1.04,0.19,-0.04
10844,54.215,54.215,54.314909,0.001548,0,0,-0.4,-10.8,-2.9,1.04,0.19,-0.04
10845,54.22,54.22,54.32074,0.002379,0,0,-0.4,-10.8,-3,1.04,0.2,-0.04
10846,54.225,54.225,54.325752,0.002391,0,0,-0.4,-10.7,-2.7,1.04,0.19,-0.04
10847,54.23,54.230001,54.329811,0.001448,9.99999997475243e-07,0,-0.4,-10.8,-3.2,1.03,0.2,-0.04
10848,54.235,54.235,54.335716,0.002355,0,0,-0.4,-10.8,-3,1.04,0.2,-0.04
10849,54.24,54.24,54.340708,0.002347,0,0,-0.4,-10.7,-2.7,1.05,0.19,-0.05
10850,54.245,54.245001,54.344709,0.001347,9.99999997475243e-07,0,-0.6,-10.8,-2.9,1.04,0.2,-0.05
10851,54.25,54.25,54.349877,0.001515,0,0,-0.4,-10.7,-2.4,1.05,0.19,-0.04
10852,54.255,54.255,54.355781,0.00242,0,0,-0.4,-10.8,-3.3,1.04,0.19,-0.05
10853,54.26,54.26,54.359692,0.001331,0,0,-0.5,-10.8,-3.2,1.04,0.19,-0.05
10854,54.265,54.265,54.364867,0.001505,0,0,-0.4,-10.8,-2.8,1.05,0.19,-0.05
10855,54.27,54.27,54.370796,0.002434,0,0,-0.4,-10.7,-2.6,1.04,0.19,-0.04
10856,54.275,54.275,54.37473,0.001369,0,0,-0.3,-10.8,-2.8,1.04,0.19,-0.04
10857,54.28,54.28,54.379811,0.001451,0,0,-0.3,-10.7,-2.8,1.04,0.19,-0.04
10858,54.285,54.285001,54.385754,0.002392,9.99999997475243e-07,0,-0.4,-10.7,-2.6,1.04,0.2,-0.03
10859,54.29,54.29,54.390858,0.002496,0,0,-0.4,-10.8,-2.9,1.04,0.2,-0.04
10860,54.295,54.295,54.394793,0.001432,0,0,-0.4,-10.7,-2.7,1.04,0.19,-0.04
10861,54.3,54.300001,54.400787,0.002425,9.99999997475243e-07,0,-0.4,-10.7,-2.9,1.04,0.18,-0.04
10862,54.305,54.305,54.404782,0.001421,0,0,-0.4,-10.7,-2.6,1.04,0.18,-0.04
10863,54.31,54.31,54.409729,0.001368,0,0,-0.3,-10.7,-2.5,1.04,0.18,-0.04
10864,54.315,54.315,54.41572,0.002362,0,0,-0.3,-10.7,-2.5,1.04,0.19,-0.04
10865,54.32,54.32,54.419696,0.001335,0,0,-0.3,-10.7,-2.3,1.04,0.18,-0.04
10866,54.325,54.325,54.424708,0.001347,0,0,-0.3,-10.6,-2.5,1.04,0.18,-0.04
10867,54.33,54.33,54.430717,0.002356,0,0,-0.2,-10.6,-2,1.04,0.17,-0.04
10868,54.335,54.335,54.434678,0.001317,0,0,-0.3,-10.6,-2.8,1.04,0.18,-0.04
10869,54.34,54.34,54.43968,0.001319,0,0,-0.3,-10.7,-2.3,1.04,0.18,-0.04
10870,54.345,54.345,54.445694,0.002333,0,0,-0.3,-10.7,-1.8,1.04,0.17,-0.04
10871,54.35,54.35,54.450684,0.002323,0,0,-0.4,-10.7,-2.4,1.04,0.19,-0.04
10872,54.355,54.355001,54.454692,0.00133,9.99999997475243e-07,0,-0.4,-10.7,-2,1.04,0.19,-0.04
10873,54.36,54.36,54.459802,0.00144,0,0,-0.6,-10.8,-2.4,1.04,0.2,-0.04
10874,54.365,54.365,54.465789,0.002428,0,0,-0.6,-10.7,-2.9,1.03,0.2,-0.05
10875,54.37,54.370001,54.469883,0.001522,9.99999997475243e-07,0,-0.5,-10.7,-2.5,1.04,0.19,-0.04
10876,54.375,54.375,54.474749,0.001388,0,0,-0.5,-10.7,-2.7,1.04,0.19,-0.04
10877,54.38,54.38,54.480811,0.002451,0,0,-0.5,-10.6,-3,1.03,0.19,-0.04
10878,54.385,54.385001,54.484744,0.001382,1.00000000458067e-06,0,-0.5,-10.7,-3.1,1.03,0.2,-0.04
10879,54.39,54.39,54.489723,0.001362,0,0,-0.4,-10.7,-2.9,1.04,0.19,-0.04
10880,54.395,54.395,54.495802,0.002442,0,0,-0.5,-10.7,-2.9,1.03,0.2,-0.04
10881,54.4,54.4,54.500772,0.002411,0,0,-0.3,-10.7,-2.7,1.04,0.19,-0.05
10882,54.405,54.405,54.504712,0.00135,0,0,-0.4,-10.7,-2.8,1.04,0.2,-0.05
10883,54.41,54.410001,54.510738,0.002376,9.99999997475243e-07,0,-0.4,-10.7,-3.2,1.04,0.2,-0.04
10884,54.415,54.415,54.515732,0.002371,0,0,-0.4,-10.7,-2.9,1.04,0.19,-0.05
10885,54.42,54.42,54.51983,0.001469,0,0,-0.3,-10.7,-2.8,1.04,0.18,-0.05
10886,54.425,54.425001,54.524869,0.001506,9.99999997475243e-07,0,-0.3,-10.7,-2.8,1.04,0.19,-0.04
10887,54.43,54.43,54.530821,0.002459,0,0,-0.4,-10.8,-3,1.04,0.19,-0.05
10888,54.435,54.435,54.534705,0.001344,0,0,-0.4,-10.8,-3,1.04,0.19,-0.04
10889,54.44,54.44,54.539757,0.001396,0,0,-0.3,-10.8,-2.6,1.04,0.18,-0.04
10890,54.445,54.445,54.545885,0.002524,0,0,-0.2,-10.7,-2.3,1.04,0.18,-0.04
10891,54.45,54.450001,54.550185,0.001823,9.99999997475243e-07,0,-0.3,-10.6,-1.9,1.04,0.17,-0.03
10892,54.455,54.455,54.556178,0.002816,0,0,-0.3,-10.6,-2.2,1.04,0.18,-0.03
10893,54.46,54.46,54.559863,0.001502,0,0,-0.3,-10.7,-2.1,1.04,0.18,-0.03
10894,54.465,54.465001,54.56516,0.001798,9.99999997475243e-07,0,-0.4,-10.7,-2.6,1.04,0.19,-0.04
10895,54.47,54.47,54.571133,0.002772,0,0,-0.4,-10.7,-2.8,1.04,0.19,-0.04
10896,54.475,54.475001,54.574916,0.001554,9.99999997475243e-07,0,-0.4,-10.8,-3,1.04,0.19,-0.04
10897,54.48,54.480001,54.579939,0.001577,9.99999997475243e-07,0,-0.4,-10.7,-3.1,1.04,0.19,-0.04
10898,54.485,54.485,54.58593,0.002569,0,0,-0.5,-10.8,-3.2,1.04,0.2,-0.05
10899,54.49,54.49,54.590027,0.001666,0,0,-0.5,-10.8,-3,1.04,0.19,-0.05
10900,54.495,54.495001,54.595166,0.001802,9.99999997475243e-07,0,-0.3,-10.7,-2.5,1.04,0.18,-0.04
10901,54.5,54.5,54.600869,0.002507,0,0,-0.3,-10.7,-2.1,1.05,0.18,-0.04
10902,54.505,54.505,54.604936,0.001575,0,0,-0.5,-10.8,-3,1.04,0.19,-0.05
10903,54.51,54.51,54.609847,0.001485,0,0,-0.3,-10.7,-2.8,1.04,0.19,-0.04
10904,54.515,54.515,54.614875,0.001513,0,0,-0.2,-10.8,-2.5,1.05,0.18,-0.04
10905,54.52,54.52,54.620818,0.002457,0,0,-0.3,-10.8,-2.9,1.05,0.18,-0.04
10906,54.525,54.525,54.624719,0.001358,0,0,-0.3,-10.8,-2.4,1.04,0.17,-0.04
10907,54.53,54.53,54.629794,0.001433,0,0,-0.2,-10.8,-2.1,1.04,0.16,-0.03
10908,54.535,54.535001,54.635774,0.002412,9.99999997475243e-07,0,-0.3,-10.7,-2.8,1.04,0.18,-0.04
10909,54.54,54.54,54.640722,0.002361,0,0,-0.2,-10.8,-2.6,1.04,0.17,-0.04
10910,54.545,54.545,54.644703,0.001342,0,0,-0.2,-10.8,-2.2,1.04,0.17,-0.04
10911,54.55,54.550001,54.649808,0.001445,9.99999997475243e-07,0,-0.3,-10.7,-3,1.04,0.19,-0.04
10912,54.555,54.555,54.65597,0.002609,0,0,-0.4,-10.7,-3.3,1.04,0.2,-0.04
10913,54.56,54.56,54.65973,0.001369,0,0,-0.5,-10.7,-3.2,1.04,0.19,-0.04
10914,54.565,54.565,54.664884,0.001522,0,0,-0.5,-10.8,-2.8,1.04,0.19,-0.04
10915,54.57,54.57,54.670773,0.002411,0,0,-0.5,-10.8,-2.3,1.04,0.19,-0.04
10916,54.575,54.575,54.675743,0.002383,0,0,-0.5,-10.8,-3.2,1.03,0.19,-0.05
10917,54.58,54.58,54.67985,0.001489,0,0,-0.6,-10.8,-2.9,1.04,0.19,-0.05
10918,54.585,54.585,54.684726,0.001364,0,0,-0.5,-10.7,-2.6,1.04,0.18,-0.04
10919,54.59,54.59,54.690079,0.001717,0,0,-0.5,-10.7,-3,1.04,0.19,-0.04
10920,54.595,54.595,54.695756,0.002394,0,0,-0.5,-10.8,-3.4,1.04,0.2,-0.05
10921,54.6,54.6,54.699849,0.001489,0,0,-0.5,-10.7,-3.9,1.03,0.2,-0.04
10922,54.605,54.605001,54.704802,0.001439,9.99999997475243e-07,0,-0.4,-10.7,-2.7,1.04,0.18,-0.04
10923,54.61,54.61,54.710826,0.002464,0,0,-0.5,-10.7,-3.2,1.03,0.2,-0.04
10924,54.615,54.615,54.71586,0.002499,0,0,-0.6,-10.7,-3.5,1.03,0.2,-0.05
10925,54.62,54.620001,54.71987,0.001508,9.99999997475243e-07,0,-0.5,-10.7,-3.6,1.03,0.2,-0.05
10926,54.625,54.625,54.725747,0.002387,0,0,-0.5,-10.7,-2.4,1.04,0.19,-0.04
10927,54.63,54.63,54.730894,0.002532,0,0,-0.4,-10.7,-2.9,1.04,0.19,-0.04
10928,54.635,54.635,54.73471,0.001349,0,0,-0.5,-10.7,-3,1.04,0.19,-0.04
10929,54.64,54.64,54.73975,0.00139,0,0,-0.5,-10.7,-3,1.04,0.19,-0.05
10930,54.645,54.645,54.745793,0.002433,0,0,-0.5,-10.8,-2.5,1.05,0.19,-0.04
10931,54.65,54.650001,54.750746,0.002384,1.00000000458067e-06,0,-0.6,-10.7,-2.9,1.04,0.19,-0.04
10932,54.655,54.655,54.75486,0.001499,0,0,-0.4,-10.8,-3.2,1.04,0.2,-0.05
10933,54.66,54.660001,54.759753,0.001391,9.99999997475243e-07,0,-0.4,-10.8,-2.9,1.04,0.19,-0.04
10934,54.665,54.665001,54.765159,0.001798,9.99999997475243e-07,0,-0.5,-10.8,-3.3,1.03,0.2,-0.05
10935,54.67,54.67,54.770905,0.002545,0,0,-0.5,-10.8,-2.8,1.04,0.19,-0.04
10936,54.675,54.675001,54.774691,0.001328,9.99999997475243e-07,0,-0.6,-10.8,-2.6,1.04,0.19,-0.04
10937,54.68,54.68,54.779813,0.001452,0,0,-0.6,-10.8,-2.3,1.03,0.2,-0.04
10938,54.685,54.685,54.785726,0.002365,0,0,-0.6,-10.8,-3,1.03,0.21,-0.05
10939,54.69,54.69,54.789732,0.001371,0,0,-0.6,-10.7,-3.1,1.03,0.2,-0.05
10940,54.695,54.695,54.794872,0.001512,0,0,-0.4,-10.7,-3,1.03,0.19,-0.05
10941,54.7,54.7,54.799859,0.001497,0,0,-0.2,-10.7,-2.4,1.03,0.17,-0.04
10942,54.705,54.705,54.80588,0.002518,0,0,-0.3,-10.8,-2.6,1.04,0.19,-0.04
10943,54.71,54.71,54.809794,0.001434,0,0,-0.3,-10.8,-2.6,1.04,0.19,-0.04
10944,54.715,54.715,54.814801,0.001439,0,0,-0.4,-10.7,-2.6,1.04,0.18,-0.05
10945,54.72,54.72,54.8208,0.002438,0,0,-0.5,-10.8,-2.1,1.04,0.19,-0.04
10946,54.725,54.725001,54.825756,0.002394,9.99999997475243e-07,0,-0.4,-10.7,-2.2,1.04,0.18,-0.04
10947,54.73,54.730001,54.829811,0.001448,9.99999997475243e-07,0,-0.5,-10.8,-2.8,1.04,0.19,-0.05
10948,54.735,54.735,54.834686,0.001325,0,0,-0.5,-10.8,-2.5,1.05,0.2,-0.05
10949,54.74,54.74,54.840718,0.002357,0,0,-0.4,-10.8,-3,1.04,0.2,-0.05
10950,54.745,54.745001,54.845736,0.002374,9.99999997475243e-07,0,-0.4,-10.7,-2.8,1.04,0.19,-0.04
10951,54.75,54.75,54.84972,0.001359,0,0,-0.3,-10.8,-2.8,1.04,0.19,-0.05
10952,54.755,54.755,54.854832,0.00147,0,0,-0.4,-10.9,-2.1,1.04,0.18,-0.04
10953,54.76,54.76,54.860858,0.002496,0,0,-0.4,-10.8,-1.6,1.05,0.17,-0.04
10954,54.765,54.765,54.864729,0.001368,0,0,-0.5,-10.9,-1.2,1.05,0.18,-0.04
10955,54.77,54.77,54.869797,0.001435,0,0,-0.4,-10.8,-1.9,1.04,0.18,-0.04
10956,54.775,54.775,54.875787,0.002425,0,0,-0.3,-10.8,-2.3,1.04,0.18,-0.04
10957,54.78,54.78,54.880702,0.002341,0,0,-0.4,-10.8,-1.7,1.04,0.17,-0.04
10958,54.785,54.785001,54.884817,0.001456,9.99999997475243e-07,0,-0.3,-10.8,-1.7,1.05,0.17,-0.03
10959,54.79,54.79,54.889845,0.001485,0,0,-0.4,-10.8,-2,1.05,0.18,-0.03
10960,54.795,54.795,54.895844,0.002483,0,0,-0.4,-10.8,-2.7,1.04,0.18,-0.04
10961,54.8,54.800001,54.899738,0.001375,9.99999997475243e-07,0,-0.3,-10.8,-2.2,1.04,0.18,-0.03
10962,54.805,54.805001,54.904808,0.001446,9.99999997475243e-07,0,-0.3,-10.7,-2.3,1.04,0.18,-0.04
10963,54.81,54.81,54.910808,0.002446,0,0,-0.3,-10.7,-2.2,1.04,0.18,-0.04
10964,54.815,54.815,54.91473,0.001369,0,0,-0.4,-10.8,-2.9,1.03,0.19,-0.04
10965,54.82,54.82,54.919696,0.001335,0,0,-0.3,-10.7,-2.6,1.04,0.18,-0.04
10966,54.825,54.825,54.925733,0.002372,0,0,-0.3,-10.7,-2.6,1.04,0.19,-0.04
10967,54.83,54.83,54.93078,0.002418,0,0,-0.4,-10.8,-3,1.04,0.19,-0.04
10968,54.835,54.835,54.934687,0.001326,0,0,-0.4,-10.8,-2.8,1.04,0.19,-0.04
10969,54.84,54.84,54.939773,0.001411,0,0,-0.4,-10.8,-2.6,1.04,0.19,-0.04
10970,54.845,54.845,54.945848,0.002487,0,0,-0.4,-10.8,-2.4,1.04,0.19,-0.04
10971,54.85,54.85,54.949694,0.001332,0,0,-0.4,-10.8,-2.9,1.04,0.2,-0.04
10972,54.855,54.855001,54.954843,0.00148,9.99999997475243e-07,0,-0.4,-10.8,-2.5,1.04,0.19,-0.04
10973,54.86,54.86,54.959756,0.001395,0,0,-0.4,-10.8,-2.7,1.03,0.19,-0.04
10974,54.865,54.865,54.965827,0.002466,0,0,-0.5,-10.7,-2.7,1.04,0.2,-0.04
10975,54.87,54.870001,54.969819,0.001457,9.99999997475243e-07,0,-0.4,-10.8,-2.6,1.04,0.2,-0.04
10976,54.875,54.875001,54.974908,0.001546,9.99999997475243e-07,0,-0.4,-10.7,-2.3,1.04,0.19,-0.04
10977,54.88,54.88,54.980879,0.002517,0,0,-0.4,-10.7,-2.1,1.04,0.18,-0.04
10978,54.885,54.885,54.984685,0.001324,0,0,-0.4,-10.6,-2.5,1.04,0.18,-0.04
10979,54.89,54.890001,54.989967,0.001604,9.99999997475243e-07,0,-0.4,-10.6,-2.5,1.04,0.18,-0.04
10980,54.895,54.895,54.994962,0.0016,0,0,-0.4,-10.6,-2,1.04,0.18,-0.04
10981,54.9,54.9,55.000744,0.002383,0,0,-0.4,-10.6,-2.2,1.04,0.18,-0.04
10982,54.905,54.905,55.004786,0.001425,0,0,-0.4,-10.7,-1.9,1.04,0.18,-0.04
10983,54.91,54.910001,55.009836,0.001474,9.99999997475243e-07,0,-0.3,-10.8,-2,1.04,0.18,-0.04
10984,54.915,54.915,55.015869,0.002507,0,0,-0.2,-10.7,-2.3,1.04,0.17,-0.04
10985,54.92,54.92,55.020732,0.002371,0,0,-0.3,-10.7,-2.6,1.04,0.18,-0.04
10986,54.925,54.925001,55.024723,0.001361,9.99999997475243e-07,0,-0.3,-10.7,-2.3,1.04,0.18,-0.04
10987,54.93,54.93,55.029855,0.001494,0,0,-0.3,-10.7,-3.1,1.03,0.19,-0.04
10988,54.935,54.935,55.035781,0.002419,0,0,-0.3,-10.7,-2.1,1.04,0.18,-0.03
10989,54.94,54.94,55.039704,0.001342,0,0,-0.3,-10.8,-2.5,1.04,0.19,-0.04
10990,54.945,54.945,55.044732,0.001371,0,0,-0.4,-10.7,-2.8,1.04,0.2,-0.04
10991,54.95,54.95,55.050773,0.002412,0,0,-0.3,-10.7,-2.8,1.04,0.19,-0.04
10992,54.955,54.955,55.055756,0.002396,0,0,-0.5,-10.7,-2.8,1.04,0.19,-0.04
10993,54.96,54.96,55.059715,0.001354,0,0,-0.6,-10.7,-2.6,1.04,0.19,-0.04
10994,54.965,54.965,55.064924,0.001562,0,0,-0.6,-10.7,-2.7,1.04,0.2,-0.04
10995,54.97,54.97,55.070933,0.002572,0,0,-0.7,-10.7,-2.8,1.04,0.2,-0.04
10996,54.975,54.975,55.074744,0.001384,0,0,-0.6,-10.7,-3.1,1.04,0.2,-0.05
10997,54.98,54.980001,55.079835,0.001472,9.99999997475243e-07,0,-0.5,-10.7,-2.7,1.04,0.19,-0.04
10998,54.985,54.985,55.085767,0.002406,0,0,-0.6,-10.8,-2.7,1.04,0.2,-0.04
10999,54.99,54.99,55.09083,0.00247,0,0,-0.5,-10.8,-2.7,1.04,0.2,-0.04
11000,54.995,54.995001,55.094741,0.001379,9.99999997475243e-07,0,-0.5,-10.7,-3.4,1.04,0.21,-0.05
11001,55,55,55.099754,0.001393,0,0,-0.6,-10.8,-2.9,1.04,0.2,-0.04
11002,55.005,55.005,55.105779,0.002417,0,0,-0.5,-10.8,-2.6,1.04,0.19,-0.04
11003,55.01,55.01,55.109688,0.001328,0,0,-0.5,-10.8,-2.7,1.04,0.19,-0.04
11004,55.015,55.015,55.114859,0.001499,0,0,-0.4,-10.8,-2.2,1.05,0.18,-0.04
11005,55.02,55.02,55.119876,0.001515,0,0,-0.5,-10.8,-2.7,1.04,0.19,-0.04
11006,55.025,55.025,55.125777,0.002416,0,0,-0.4,-10.8,-2.5,1.04,0.19,-0.04
11007,55.03,55.03,55.129817,0.001454,0,0,-0.4,-10.8,-2.5,1.04,0.19,-0.04
11008,55.035,55.035001,55.13476,0.001397,9.99999997475243e-07,0,-0.5,-10.8,-2.6,1.04,0.18,-0.04
11009,55.04,55.04,55.140758,0.002397,0,0,-0.5,-10.8,-2.8,1.04,0.19,-0.05
11010,55.045,55.045,55.145747,0.002386,0,0,-0.6,-10.9,-2.8,1.04,0.2,-0.04
11011,55.05,55.050001,55.14979,0.001427,9.99999997475243e-07,0,-0.4,-10.8,-2.9,1.04,0.19,-0.04
11012,55.055,55.055,55.154931,0.001569,0,0,-0.3,-10.7,-2.5,1.04,0.18,-0.04
11013,55.06,55.06,55.160754,0.002393,0,0,-0.2,-10.7,-2.1,1.04,0.18,-0.04
11014,55.065,55.065,55.165809,0.002447,0,0,-0.1,-10.6,-2.1,1.04,0.17,-0.03
11015,55.07,55.07,55.169795,0.001435,0,0,-0.1,-10.7,-1.9,1.05,0.17,-0.04
11016,55.075,55.075,55.17497,0.001609,0,0,-0.2,-10.8,-2.3,1.04,0.18,-0.04
11017,55.08,55.08,55.180833,0.002472,0,0,-0.2,-10.7,-2.4,1.04,0.18,-0.04
11018,55.085,55.085,55.184866,0.001505,0,0,-0.2,-10.7,-2,1.04,0.17,-0.03
11019,55.09,55.09,55.190857,0.002495,0,0,-0.4,-10.7,-2.3,1.04,0.18,-0.03
11020,55.095,55.095,55.194732,0.001371,0,0,-0.5,-10.8,-2.2,1.04,0.18,-0.03
11021,55.1,55.1,55.199768,0.001407,0,0,-0.4,-10.7,-2.1,1.04,0.17,-0.03
11022,55.105,55.105001,55.20584,0.002477,9.99999997475243e-07,0,-0.5,-10.7,-2.1,1.04,0.18,-0.04
11023,55.11,55.11,55.209729,0.001368,0,0,-0.5,-10.8,-1.9,1.04,0.18,-0.04
11024,55.115,55.115,55.214785,0.001423,0,0,-0.4,-10.8,-2.3,1.04,0.18,-0.04
11025,55.12,55.120001,55.220893,0.00253,9.99999997475243e-07,0,-0.4,-10.8,-2.2,1.04,0.18,-0.04
11026,55.125,55.125,55.224688,0.001326,0,0,-0.4,-10.8,-1.7,1.05,0.18,-0.04
11027,55.13,55.13,55.229791,0.001429,0,0,-0.4,-10.8,-2.6,1.04,0.19,-0.04
11028,55.135,55.135,55.235862,0.002502,0,0,-0.3,-10.8,-2.3,1.04,0.18,-0.04
11029,55.14,55.14,55.240795,0.002433,0,0,-0.3,-10.7,-2.2,1.04,0.18,-0.04
11030,55.145,55.145,55.244791,0.001429,0,0,-0.4,-10.7,-2.2,1.04,0.18,-0.04
11031,55.15,55.15,55.250807,0.002446,0,0,-0.5,-10.8,-2.7,1.03,0.19,-0.04
11032,55.155,55.155,55.25578,0.002419,0,0,-0.5,-10.7,-3,1.03,0.19,-0.05
11033,55.16,55.160001,55.259743,0.001382,9.99999997475243e-07,0,-0.5,-10.7,-3.6,1.03,0.21,-0.04
11034,55.165,55.165,55.264908,0.001546,0,0,-0.6,-10.8,-3.8,1.03,0.21,-0.05
11035,55.17,55.17,55.270787,0.002426,0,0,-0.5,-10.8,-3.6,1.04,0.21,-0.05
11036,55.175,55.175001,55.27471,0.001348,9.99999997475243e-07,0,-0.4,-10.8,-3.7,1.04,0.2,-0.05
11037,55.18,55.18,55.279791,0.001429,0,0,-0.5,-10.8,-3.4,1.04,0.21,-0.05
11038,55.185,55.185,55.285793,0.002432,0,0,-0.5,-10.8,-2.8,1.04,0.19,-0.04
11039,55.19,55.19,55.289733,0.001371,0,0,-0.4,-10.9,-2.8,1.04,0.2,-0.04
11040,55.195,55.195,55.294695,0.001334,0,0,-0.4,-10.8,-3.1,1.04,0.2,-0.04
11041,55.2,55.2,55.300853,0.002491,0,0,-0.5,-10.7,-2.8,1.04,0.2,-0.04
11042,55.205,55.205,55.30571,0.002348,0,0,-0.4,-10.7,-2.4,1.04,0.19,-0.04
11043,55.21,55.21,55.309686,0.001325,0,0,-0.3,-10.6,-2.3,1.04,0.18,-0.04
11044,55.215,55.215,55.315752,0.002391,0,0,-0.4,-10.6,-2.3,1.04,0.18,-0.04
11045,55.22,55.22,55.320819,0.002459,0,0,-0.3,-10.6,-2.5,1.04,0.18,-0.04
11046,55.225,55.225,55.324747,0.001386,0,0,-0.3,-10.7,-2.7,1.04,0.19,-0.04
11047,55.23,55.230001,55.329796,0.001435,9.99999997475243e-07,0,-0.2,-10.6,-1.8,1.04,0.17,-0.03
11048,55.235,55.235,55.335776,0.002415,0,0,-0.3,-10.6,-1.9,1.04,0.17,-0.03
11049,55.24,55.24,55.339719,0.001358,0,0,-0.2,-10.6,-1.6,1.04,0.16,-0.03
11050,55.245,55.245001,55.344961,0.001598,9.99999997475243e-07,0,-0.2,-10.6,-2.2,1.04,0.17,-0.04
11051,55.25,55.25,55.350767,0.002405,0,0,-0.1,-10.6,-2.3,1.04,0.17,-0.03
11052,55.255,55.255,55.354686,0.001325,0,0,-0.3,-10.6,-3,1.03,0.18,-0.04
11053,55.26,55.26,55.359765,0.001405,0,0,-0.4,-10.6,-2.6,1.04,0.18,-0.04
11054,55.265,55.265,55.365087,0.001726,0,0,-0.4,-10.7,-2.1,1.04,0.18,-0.04
11055,55.27,55.27,55.370762,0.0024,0,0,-0.5,-10.8,-2.3,1.04,0.18,-0.04
11056,55.275,55.275,55.374685,0.001324,0,0,-0.5,-10.6,-3.1,1.03,0.19,-0.04
11057,55.28,55.28,55.37987,0.001509,0,0,-0.7,-10.6,-3.1,1.03,0.2,-0.04
11058,55.285,55.285001,55.385772,0.00241,9.99999997475243e-07,0,-0.5,-10.7,-3,1.04,0.19,-0.04
11059,55.29,55.29,55.389679,0.001318,0,0,-0.4,-10.7,-2.3,1.04,0.18,-0.04
11060,55.295,55.295,55.394874,0.001512,0,0,-0.5,-10.8,-3.2,1.03,0.2,-0.04
11061,55.3,55.300001,55.400796,0.002434,9.99999997475243e-07,0,-0.5,-10.8,-3.2,1.04,0.2,-0.04
11062,55.305,55.305,55.404694,0.001333,0,0,-0.4,-10.7,-2.8,1.04,0.19,-0.04
11063,55.31,55.31,55.409755,0.001394,0,0,-0.4,-10.7,-2.5,1.04,0.19,-0.04
11064,55.315,55.315,55.415799,0.002438,0,0,-0.4,-10.8,-2.6,1.04,0.19,-0.04
11065,55.32,55.32,55.419696,0.001335,0,0,-0.4,-10.8,-2.1,1.04,0.18,-0.04
11066,55.325,55.325,55.42478,0.001419,0,0,-0.3,-10.8,-1.9,1.04,0.17,-0.04
11067,55.33,55.330001,55.429948,0.001585,1.00000000458067e-06,0,-0.5,-10.7,-2.4,1.04,0.18,-0.04
11068,55.335,55.335,55.435843,0.002482,0,0,-0.3,-10.6,-2,1.05,0.17,-0.04
11069,55.34,55.34,55.43989,0.001529,0,0,-0.3,-10.7,-1.8,1.05,0.18,-0.04
11070,55.345,55.345,55.444767,0.001405,0,0,-0.3,-10.8,-2.7,1.04,0.18,-0.04
11071,55.35,55.35,55.450807,0.002445,0,0,-0.4,-10.8,-2.7,1.04,0.19,-0.04
11072,55.355,55.355001,55.455855,0.002493,9.99999997475243e-07,0,-0.3,-10.8,-2.5,1.04,0.18,-0.04
11073,55.36,55.36,55.459764,0.001402,0,0,-0.2,-10.7,-2.5,1.04,0.18,-0.04
11074,55.365,55.365,55.464941,0.001579,0,0,-0.4,-10.8,-2.6,1.04,0.19,-0.04
11075,55.37,55.370001,55.470835,0.002473,9.99999997475243e-07,0,-0.3,-10.7,-2.4,1.04,0.18,-0.04
11076,55.375,55.375,55.474734,0.001373,0,0,-0.5,-10.7,-2.4,1.05,0.19,-0.04
11077,55.38,55.38,55.479783,0.001421,0,0,-0.5,-10.8,-2.7,1.04,0.2,-0.04
11078,55.385,55.385,55.485819,0.002458,0,0,-0.5,-10.7,-3.1,1.04,0.2,-0.05
11079,55.39,55.39,55.489777,0.001415,0,0,-0.5,-10.7,-3.4,1.04,0.2,-0.05
11080,55.395,55.395,55.494743,0.001383,0,0,-0.5,-10.8,-2.8,1.04,0.19,-0.04
11081,55.4,55.4,55.500743,0.002381,0,0,-0.3,-10.8,-2.8,1.04,0.19,-0.04
11082,55.405,55.405,55.504704,0.001343,0,0,-0.3,-10.8,-3.4,1.03,0.2,-0.05
11083,55.41,55.410001,55.509733,0.00137,9.99999997475243e-07,0,-0.5,-10.7,-2.7,1.04,0.19,-0.04
11084,55.415,55.415001,55.515742,0.00238,9.99999997475243e-07,0,-0.4,-10.7,-2.5,1.04,0.18,-0.04
11085,55.42,55.42,55.520764,0.002403,0,0,-0.6,-10.6,-2.6,1.04,0.19,-0.04
11086,55.425,55.425001,55.524725,0.001364,9.99999997475243e-07,0,-0.5,-10.6,-2.7,1.04,0.19,-0.04
11087,55.43,55.43,55.530703,0.002342,0,0,-0.4,-10.6,-2.6,1.04,0.18,-0.04
11088,55.435,55.435,55.535707,0.002346,0,0,-0.4,-10.7,-2.7,1.04,0.19,-0.04
11089,55.44,55.44,55.539685,0.001324,0,0,-0.4,-10.7,-2.7,1.04,0.19,-0.04
11090,55.445,55.445,55.544871,0.001511,0,0,-0.3,-10.6,-2.7,1.04,0.18,-0.04
11091,55.45,55.45,55.550932,0.002571,0,0,-0.2,-10.7,-2.4,1.04,0.18,-0.04
11092,55.455,55.455,55.554725,0.001363,0,0,-0.4,-10.7,-2.9,1.04,0.19,-0.04
11093,55.46,55.46,55.559763,0.001402,0,0,-0.2,-10.7,-3.1,1.04,0.18,-0.04
11094,55.465,55.465,55.565802,0.00244,0,0,-0.2,-10.8,-3,1.04,0.18,-0.04
11095,55.47,55.47,55.570873,0.002512,0,0,-0.2,-10.7,-2.3,1.05,0.17,-0.03
11096,55.475,55.475,55.574701,0.00134,0,0,-0.2,-10.7,-2.4,1.04,0.18,-0.03
11097,55.48,55.480001,55.579872,0.00151,9.99999997475243e-07,0,-0.3,-10.7,-2.4,1.04,0.19,-0.04
11098,55.485,55.485,55.585804,0.002443,0,0,-0.2,-10.8,-2.3,1.04,0.18,-0.04
11099,55.49,55.49,55.589727,0.001366,0,0,-0.3,-10.7,-2.6,1.04,0.18,-0.04
11100,55.495,55.495001,55.5948,0.001438,9.99999997475243e-07,0,-0.3,-10.8,-3.2,1.03,0.19,-0.04
11101,55.5,55.5,55.600778,0.002417,0,0,-0.3,-10.7,-2.7,1.03,0.19,-0.04
11102,55.505,55.505,55.604767,0.001405,0,0,-0.4,-10.8,-2,1.04,0.19,-0.04
11103,55.51,55.510001,55.610403,0.002042,1.00000000458067e-06,0,-0.4,-10.7,-2.3,1.04,0.19,-0.04
11104,55.515,55.515,55.614896,0.001535,0,0,-0.5,-10.7,-2.5,1.04,0.19,-0.04
11105,55.52,55.52,55.620747,0.002387,0,0,-0.4,-10.7,-3,1.04,0.19,-0.04
11106,55.525,55.525,55.624693,0.001332,0,0,-0.4,-10.7,-3,1.04,0.19,-0.04
11107,55.53,55.53,55.629829,0.001467,0,0,-0.6,-10.6,-3.2,1.03,0.2,-0.04
11108,55.535,55.535001,55.635734,0.002372,9.99999997475243e-07,0,-0.5,-10.7,-2.9,1.04,0.2,-0.04
11109,55.54,55.54,55.63969,0.001329,0,0,-0.4,-10.7,-3.1,1.04,0.19,-0.04
11110,55.545,55.545,55.644698,0.001337,0,0,-0.4,-10.8,-2.2,1.04,0.18,-0.04
11111,55.55,55.550001,55.650784,0.002423,9.99999997475243e-07,0,-0.3,-10.9,-1.5,1.05,0.18,-0.03
11112,55.555,55.555,55.655741,0.00238,0,0,-0.2,-10.8,-2.1,1.04,0.17,-0.03
11113,55.56,55.56,55.659706,0.001345,0,0,-0.3,-10.7,-2.3,1.04,0.18,-0.03
11114,55.565,55.565,55.665791,0.002429,0,0,-0.3,-10.7,-2.4,1.04,0.19,-0.03
11115,55.57,55.57,55.669703,0.001342,0,0,-0.3,-10.8,-2.8,1.03,0.19,-0.04
11116,55.575,55.575,55.67473,0.001368,0,0,-0.4,-10.8,-2.8,1.04,0.2,-0.04
11117,55.58,55.58,55.68072,0.002357,0,0,-0.5,-10.8,-2.5,1.04,0.18,-0.04
11118,55.585,55.585,55.685693,0.002332,0,0,-0.4,-10.8,-2.4,1.05,0.18,-0.04
11119,55.59,55.59,55.689708,0.001347,0,0,-0.5,-10.8,-2.6,1.04,0.19,-0.04
11120,55.595,55.595,55.694838,0.001477,0,0,-0.6,-10.8,-2.8,1.04,0.19,-0.04
11121,55.6,55.6,55.7007,0.002339,0,0,-0.7,-10.8,-2.4,1.04,0.19,-0.04
11122,55.605,55.605001,55.704661,0.001299,9.99999997475243e-07,0,-0.6,-10.8,-3,1.04,0.2,-0.04
11123,55.61,55.61,55.709704,0.001343,0,0,-0.5,-10.8,-2.9,1.04,0.19,-0.04
11124,55.615,55.615,55.715749,0.002387,0,0,-0.4,-10.8,-3.6,1.04,0.2,-0.05
11125,55.62,55.620001,55.720752,0.00239,9.99999997475243e-07,0,-0.5,-10.8,-3.7,1.03,0.2,-0.05
11126,55.625,55.625,55.724685,0.001324,0,0,-0.5,-10.8,-3.4,1.04,0.2,-0.05
11127,55.63,55.63,55.730839,0.002477,0,0,-0.4,-10.7,-3.1,1.04,0.19,-0.05
11128,55.635,55.635,55.735705,0.002344,0,0,-0.4,-10.8,-2.9,1.04,0.19,-0.04
11129,55.64,55.64,55.739754,0.001393,0,0,-0.4,-10.9,-2.3,1.04,0.19,-0.04
11130,55.645,55.645,55.744971,0.001609,0,0,-0.3,-10.8,-2.4,1.04,0.18,-0.03
11131,55.65,55.65,55.750795,0.002434,0,0,-0.3,-10.7,-2.7,1.04,0.18,-0.04
11132,55.655,55.655,55.754731,0.00137,0,0,-0.4,-10.7,-3.2,1.03,0.19,-0.05
11133,55.66,55.660001,55.759882,0.00152,9.99999997475243e-07,0,-0.3,-10.7,-3,1.03,0.18,-0.04
11134,55.665,55.665,55.765887,0.002525,0,0,-0.5,-10.7,-2.9,1.04,0.18,-0.04
11135,55.67,55.67,55.769707,0.001346,0,0,-0.6,-10.8,-3,1.04,0.19,-0.04
11136,55.675,55.675001,55.774859,0.001497,9.99999997475243e-07,0,-0.5,-10.8,-2.9,1.04,0.19,-0.04
11137,55.68,55.68,55.780767,0.002406,0,0,-0.5,-10.7,-3.1,1.03,0.19,-0.04
11138,55.685,55.685,55.784678,0.001317,0,0,-0.3,-10.7,-2.8,1.03,0.18,-0.04
11139,55.69,55.69,55.79001,0.001649,0,0,-0.4,-10.7,-2.6,1.04,0.18,-0.04
11140,55.695,55.695,55.795919,0.002558,0,0,-0.3,-10.7,-3.1,1.03,0.18,-0.04
11141,55.7,55.7,55.799726,0.001365,0,0,-0.3,-10.6,-2.7,1.03,0.18,-0.04
11142,55.705,55.705,55.804841,0.00148,0,0,-0.2,-10.7,-2.4,1.04,0.17,-0.04
11143,55.71,55.71,55.810932,0.002571,0,0,-0.2,-10.7,-2.4,1.05,0.17,-0.04
11144,55.715,55.715,55.815766,0.002404,0,0,-0.3,-10.7,-1.9,1.05,0.17,-0.04
11145,55.72,55.72,55.819697,0.001336,0,0,-0.3,-10.5,-2.2,1.04,0.17,-0.04
11146,55.725,55.725,55.825806,0.002444,0,0,-0.4,-10.6,-2.3,1.04,0.18,-0.04
11147,55.73,55.730001,55.830832,0.00247,9.99999997475243e-07,0,-0.4,-10.8,-3,1.04,0.19,-0.04
11148,55.735,55.735,55.834738,0.001377,0,0,-0.4,-10.6,-3.2,1.03,0.19,-0.04
11149,55.74,55.74,55.839734,0.001372,0,0,-0.4,-10.7,-3,1.04,0.18,-0.04
11150,55.745,55.745001,55.845801,0.002439,9.99999997475243e-07,0,-0.4,-10.7,-3,1.04,0.18,-0.04
11151,55.75,55.75,55.849686,0.001325,0,0,-0.3,-10.7,-3.2,1.04,0.18,-0.04
11152,55.755,55.755,55.854809,0.001448,0,0,-0.2,-10.7,-3.1,1.04,0.18,-0.04
11153,55.76,55.76,55.860966,0.002606,0,0,-0.3,-10.8,-3.2,1.03,0.19,-0.04
11154,55.765,55.765,55.865801,0.002439,0,0,-0.3,-10.7,-2.5,1.04,0.19,-0.04
11155,55.77,55.77,55.869833,0.001472,0,0,-0.4,-10.8,-2.2,1.04,0.19,-0.04
11156,55.775,55.775,55.875787,0.002426,0,0,-0.3,-10.8,-2.5,1.04,0.19,-0.03
11157,55.78,55.78,55.879716,0.001354,0,0,-0.3,-10.9,-2.8,1.04,0.19,-0.04
11158,55.785,55.785001,55.884768,0.001406,9.99999997475243e-07,0,-0.2,-10.8,-2.8,1.04,0.19,-0.04
11159,55.79,55.79,55.890764,0.002403,0,0,-0.3,-10.8,-3,1.04,0.19,-0.04
11160,55.795,55.795,55.894699,0.001338,0,0,-0.4,-10.8,-3.5,1.03,0.2,-0.04
11161,55.8,55.800001,55.89979,0.001428,9.99999997475243e-07,0,-0.5,-10.7,-3.5,1.03,0.19,-0.04
11162,55.805,55.805,55.904855,0.001494,0,0,-0.3,-10.7,-2.8,1.03,0.18,-0.04
11163,55.81,55.81,55.910768,0.002407,0,0,-0.2,-10.7,-2.6,1.03,0.17,-0.04
11164,55.815,55.815,55.915752,0.002391,0,0,-0.4,-10.7,-3.1,1.03,0.19,-0.04
11165,55.82,55.82,55.919687,0.001327,0,0,-0.4,-10.7,-2.7,1.03,0.18,-0.04
11166,55.825,55.825,55.925779,0.002418,0,0,-0.3,-10.7,-2.4,1.04,0.18,-0.04
11167,55.83,55.83,55.929706,0.001346,0,0,-0.3,-10.7,-2.3,1.04,0.17,-0.04
11168,55.835,55.835,55.934834,0.001473,0,0,-0.1,-10.6,-2.5,1.04,0.17,-0.04
11169,55.84,55.84,55.940823,0.002461,0,0,-0.3,-10.6,-3.1,1.04,0.18,-0.04
11170,55.845,55.845,55.944705,0.001344,0,0,-0.3,-10.7,-3.1,1.04,0.19,-0.05
11171,55.85,55.85,55.949768,0.001407,0,0,-0.4,-10.7,-2.8,1.03,0.19,-0.04
11172,55.855,55.855001,55.955783,0.00242,9.99999997475243e-07,0,-0.3,-10.6,-2.4,1.04,0.17,-0.04
11173,55.86,55.86,55.959678,0.001317,0,0,-0.2,-10.6,-2.3,1.04,0.17,-0.04
11174,55.865,55.865,55.964783,0.001422,0,0,-0.2,-10.7,-2.1,1.04,0.17,-0.04
11175,55.87,55.870001,55.97083,0.002469,9.99999997475243e-07,0,-0.3,-10.6,-2.7,1.03,0.18,-0.04
11176,55.875,55.875,55.9757,0.002339,0,0,-0.2,-10.6,-2.4,1.03,0.17,-0.04
11177,55.88,55.88,55.979755,0.001393,0,0,-0.5,-10.7,-3.2,1.03,0.19,-0.05
11178,55.885,55.885,55.984723,0.001361,0,0,-0.6,-10.7,-3.6,1.02,0.2,-0.05
11179,55.89,55.89,55.99071,0.002349,0,0,-0.7,-10.6,-3.2,1.03,0.2,-0.05
11180,55.895,55.895,55.995721,0.00236,0,0,-0.6,-10.7,-3,1.04,0.19,-0.05
11181,55.9,55.9,55.999684,0.001323,0,0,-0.6,-10.7,-3.2,1.03,0.2,-0.04
11182,55.905,55.905,56.00577,0.002409,0,0,-0.6,-10.7,-3,1.03,0.21,-0.04
11183,55.91,55.910001,56.01077,0.002409,9.99999997475243e-07,0,-0.7,-10.8,-3.3,1.04,0.21,-0.05
11184,55.915,55.915,56.014717,0.001355,0,0,-0.5,-10.8,-2.9,1.04,0.19,-0.04
11185,55.92,55.92,56.019752,0.001391,0,0,-0.4,-10.8,-2.3,1.04,0.18,-0.04
11186,55.925,55.925001,56.025736,0.002374,9.99999997475243e-07,0,-0.4,-10.8,-2.5,1.04,0.18,-0.04
11187,55.93,55.93,56.030727,0.002366,0,0,-0.3,-10.8,-2.6,1.04,0.18,-0.04
11188,55.935,55.935,56.034683,0.001322,0,0,-0.3,-10.7,-3.3,1.03,0.2,-0.04
11189,55.94,55.94,56.039818,0.001457,0,0,-0.5,-10.7,-2.7,1.03,0.19,-0.04
11190,55.945,55.945,56.045724,0.002363,0,0,-0.3,-10.7,-2.4,1.04,0.18,-0.04
11191,55.95,55.95,56.049672,0.001311,0,0,-0.3,-10.8,-2.2,1.04,0.18,-0.04
11192,55.955,55.955,56.054853,0.001492,0,0,-0.3,-10.7,-2.2,1.04,0.18,-0.04
11193,55.96,55.96,56.060742,0.002381,0,0,-0.3,-10.7,-2.8,1.03,0.19,-0.04
11194,55.965,55.965,56.065771,0.00241,0,0,-0.3,-10.6,-2.7,1.04,0.18,-0.04
11195,55.97,55.97,56.069706,0.001345,0,0,-0.2,-10.7,-2.1,1.05,0.17,-0.04
11196,55.975,55.975,56.074892,0.00153,0,0,-0.1,-10.7,-2.4,1.04,0.17,-0.04
11197,55.98,55.980001,56.080775,0.002414,9.99999997475243e-07,0,-0.2,-10.7,-2,1.05,0.17,-0.04
11198,55.985,55.985,56.084683,0.001321,0,0,-0.2,-10.7,-2,1.05,0.17,-0.04
11199,55.99,55.99,56.090693,0.002332,0,0,-0.4,-10.7,-2.7,1.04,0.19,-0.04
11200,55.995,55.995001,56.09573,0.002367,9.99999997475243e-07,0,-0.4,-10.7,-3.2,1.03,0.19,-0.04
11201,56,56,56.09967,0.001309,0,0,-0.5,-10.8,-2.8,1.04,0.2,-0.04
11202,56.005,56.005,56.104765,0.001404,0,0,-0.5,-10.8,-3.2,1.03,0.2,-0.04
11203,56.01,56.01,56.110756,0.002396,0,0,-0.3,-10.7,-3.1,1.04,0.19,-0.04
11204,56.015,56.015,56.114826,0.001464,0,0,-0.3,-10.7,-3,1.03,0.19,-0.04
11205,56.02,56.02,56.119742,0.001381,0,0,-0.4,-10.7,-2.5,1.03,0.19,-0.04
11206,56.025,56.025,56.12576,0.002398,0,0,-0.4,-10.7,-2.6,1.03,0.19,-0.04
11207,56.03,56.03,56.130793,0.002431,0,0,-0.4,-10.7,-2.4,1.03,0.18,-0.04
11208,56.035,56.035001,56.134841,0.001479,9.99999997475243e-07,0,-0.4,-10.7,-2.7,1.04,0.19,-0.04
11209,56.04,56.04,56.140784,0.002423,0,0,-0.4,-10.7,-2.7,1.04,0.18,-0.04
11210,56.045,56.045001,56.145781,0.002418,9.99999997475243e-07,0,-0.4,-10.8,-3.2,1.04,0.19,-0.04
11211,56.05,56.050001,56.149688,0.001326,9.99999997475243e-07,0,-0.5,-10.7,-2.6,1.04,0.19,-0.04
11212,56.055,56.055,56.154755,0.001393,0,0,-0.4,-10.7,-2.9,1.04,0.19,-0.04
11213,56.06,56.06,56.160798,0.002436,0,0,-0.4,-10.7,-3.1,1.04,0.19,-0.04
11214,56.065,56.065,56.164718,0.001357,0,0,-0.3,-10.7,-2.8,1.04,0.19,-0.04
11215,56.07,56.07,56.169799,0.001438,0,0,-0.5,-10.7,-3,1.04,0.2,-0.04
11216,56.075,56.075,56.175755,0.002394,0,0,-0.6,-10.7,-2.6,1.04,0.19,-0.04
11217,56.08,56.080001,56.179775,0.001413,1.00000000458067e-06,0,-0.6,-10.8,-2.7,1.05,0.19,-0.04
11218,56.085,56.085,56.184741,0.00138,0,0,-0.5,-10.7,-2.5,1.05,0.19,-0.04
11219,56.09,56.09,56.190765,0.002403,0,0,-0.5,-10.7,-2.7,1.04,0.19,-0.04
11220,56.095,56.095,56.194751,0.00139,0,0,-0.5,-10.6,-2.6,1.04,0.19,-0.04
11221,56.1,56.1,56.199745,0.001383,0,0,-0.4,-10.6,-3,1.04,0.19,-0.04
11222,56.105,56.105001,56.204834,0.001471,9.99999997475243e-07,0,-0.5,-10.7,-2.9,1.04,0.2,-0.04
11223,56.11,56.11,56.210925,0.002563,0,0,-0.3,-10.8,-2.6,1.04,0.19,-0.04
11224,56.115,56.115,56.214781,0.001419,0,0,-0.3,-10.8,-2.7,1.04,0.19,-0.04
11225,56.12,56.120001,56.219781,0.001419,9.99999997475243e-07,0,-0.3,-10.8,-2.7,1.04,0.19,-0.04
11226,56.125,56.125,56.225799,0.002437,0,0,-0.4,-10.8,-2.5,1.04,0.19,-0.04
11227,56.13,56.13,56.230831,0.002469,0,0,-0.4,-10.8,-2.7,1.04,0.19,-0.04
11228,56.135,56.135,56.234796,0.001435,0,0,-0.3,-10.8,-3.3,1.04,0.19,-0.04
11229,56.14,56.14,56.239891,0.00153,0,0,-0.4,-10.8,-2.5,1.04,0.19,-0.04
11230,56.145,56.145,56.245795,0.002434,0,0,-0.4,-10.7,-2.7,1.04,0.18,-0.04
11231,56.15,56.15,56.249682,0.00132,0,0,-0.4,-10.7,-2.9,1.03,0.19,-0.04
11232,56.155,56.155,56.254998,0.001636,0,0,-0.4,-10.8,-2.4,1.04,0.18,-0.04
11233,56.16,56.160001,56.260758,0.002396,9.99999997475243e-07,0,-0.5,-10.8,-1.9,1.05,0.18,-0.04
11234,56.165,56.165,56.265701,0.00234,0,0,-0.6,-10.8,-1.9,1.05,0.19,-0.04
11235,56.17,56.17,56.269673,0.001312,0,0,-0.5,-10.9,-2.4,1.04,0.19,-0.04
11236,56.175,56.175001,56.275713,0.002351,9.99999997475243e-07,0,-0.4,-10.8,-2.7,1.03,0.19,-0.04
11237,56.18,56.18,56.280756,0.002395,0,0,-0.6,-10.8,-3,1.04,0.21,-0.04
11238,56.185,56.185,56.284741,0.00138,0,0,-0.5,-10.8,-2.5,1.04,0.2,-0.04
11239,56.19,56.19,56.289874,0.001514,0,0,-0.4,-10.8,-2.7,1.05,0.19,-0.04
11240,56.195,56.195,56.295955,0.002593,0,0,-0.4,-10.8,-2.6,1.04,0.18,-0.04
11241,56.2,56.2,56.300729,0.002367,0,0,-0.3,-10.7,-2.5,1.04,0.18,-0.04
11242,56.205,56.205,56.304679,0.001318,0,0,-0.4,-10.6,-2.3,1.04,0.18,-0.04
11243,56.21,56.21,56.310789,0.002428,0,0,-0.3,-10.7,-2.4,1.04,0.17,-0.04
11244,56.215,56.215,56.315756,0.002396,0,0,-0.4,-10.7,-2.5,1.04,0.19,-0.04
11245,56.22,56.22,56.319701,0.00134,0,0,-0.3,-10.6,-2.7,1.03,0.18,-0.03
11246,56.225,56.225,56.324808,0.001447,0,0,-0.2,-10.6,-2.9,1.03,0.17,-0.04
11247,56.23,56.230001,56.330821,0.002458,9.99999997475243e-07,0,-0.1,-10.6,-3.1,1.03,0.17,-0.04
11248,56.235,56.235,56.334683,0.001322,0,0,-0.2,-10.6,-2.8,1.04,0.18,-0.03
11249,56.24,56.24,56.339783,0.001422,0,0,-0.4,-10.7,-2.5,1.04,0.19,-0.04
11250,56.245,56.245001,56.345814,0.002452,9.99999997475243e-07,0,-0.4,-10.8,-2.6,1.04,0.19,-0.04
11251,56.25,56.25,56.349703,0.001342,0,0,-0.3,-10.7,-2.9,1.03,0.19,-0.04
11252,56.255,56.255,56.354762,0.001402,0,0,-0.3,-10.7,-2.8,1.03,0.19,-0.04
11253,56.26,56.26,56.360751,0.00239,0,0,-0.4,-10.7,-2.9,1.03,0.19,-0.04
11254,56.265,56.265,56.365861,0.0025,0,0,-0.4,-10.7,-3,1.03,0.19,-0.04
11255,56.27,56.27,56.369687,0.001326,0,0,-0.5,-10.7,-2.9,1.03,0.2,-0.04
11256,56.275,56.275,56.374801,0.00144,0,0,-0.3,-10.7,-3.2,1.03,0.19,-0.04
11257,56.28,56.28,56.380867,0.002501,0,0,-0.3,-10.7,-2.6,1.04,0.19,-0.03
11258,56.285,56.285001,56.38475,0.001388,9.99999997475243e-07,0,-0.4,-10.8,-2.8,1.04,0.19,-0.04
11259,56.29,56.29,56.389751,0.00139,0,0,-0.4,-10.8,-2.7,1.04,0.19,-0.04
11260,56.295,56.295,56.395772,0.002411,0,0,-0.3,-10.8,-2.8,1.04,0.19,-0.04
11261,56.3,56.300001,56.400708,0.002345,9.99999997475243e-07,0,-0.4,-10.8,-2.3,1.04,0.19,-0.03
11262,56.305,56.305,56.404691,0.001329,0,0,-0.6,-10.9,-2.8,1.04,0.2,-0.04
11263,56.31,56.31,56.409765,0.001405,0,0,-0.4,-10.8,-1.7,1.05,0.18,-0.03
11264,56.315,56.315,56.415883,0.002521,0,0,-0.4,-10.8,-1.8,1.05,0.18,-0.04
11265,56.32,56.32,56.420738,0.002377,0,0,-0.6,-10.8,-2.2,1.04,0.19,-0.04
11266,56.325,56.325,56.42472,0.001359,0,0,-0.4,-10.8,-2,1.04,0.18,-0.04
11267,56.33,56.33,56.430772,0.00241,0,0,-0.4,-10.8,-1.8,1.04,0.18,-0.04
11268,56.335,56.335,56.43468,0.001319,0,0,-0.4,-10.7,-2.4,1.04,0.18,-0.04
11269,56.34,56.34,56.439771,0.001409,0,0,-0.3,-10.8,-2.4,1.04,0.19,-0.04
11270,56.345,56.345,56.44581,0.00245,0,0,-0.3,-10.8,-2.1,1.04,0.18,-0.03
11271,56.35,56.35,56.449716,0.001355,0,0,-0.4,-10.9,-3,1.03,0.2,-0.04
11272,56.355,56.355001,56.454706,0.001344,9.99999997475243e-07,0,-0.4,-10.9,-3.2,1.03,0.2,-0.04
11273,56.36,56.36,56.460723,0.002363,0,0,-0.2,-10.8,-2.3,1.04,0.18,-0.03
11274,56.365,56.365,56.464735,0.001374,0,0,-0.2,-10.8,-2.7,1.04,0.18,-0.04
11275,56.37,56.370001,56.469972,0.00161,9.99999997475243e-07,0,-0.2,-10.8,-3,1.04,0.18,-0.04
11276,56.375,56.375,56.475813,0.002451,0,0,-0.2,-10.7,-2.9,1.04,0.18,-0.04
11277,56.38,56.38,56.480731,0.00237,0,0,-0.3,-10.7,-2.5,1.04,0.19,-0.04
11278,56.385,56.385,56.485048,0.001688,0,0,-0.3,-10.7,-2.3,1.04,0.18,-0.04
11279,56.39,56.390001,56.490814,0.002452,9.99999997475243e-07,0,-0.4,-10.6,-2.6,1.04,0.18,-0.04
11280,56.395,56.395,56.495818,0.002457,0,0,-0.3,-10.7,-2.4,1.05,0.18,-0.04
11281,56.4,56.4,56.49992,0.001559,0,0,-0.5,-10.9,-1.9,1.05,0.18,-0.04
11282,56.405,56.405,56.504844,0.001483,0,0,-0.5,-10.8,-2.6,1.05,0.19,-0.04
11283,56.41,56.410001,56.510782,0.002421,9.99999997475243e-07,0,-0.6,-10.9,-3.1,1.04,0.2,-0.05
11284,56.415,56.415,56.514793,0.001431,0,0,-0.6,-10.9,-3,1.04,0.2,-0.05
11285,56.42,56.42,56.519794,0.001434,0,0,-0.5,-10.8,-3,1.04,0.2,-0.04
11286,56.425,56.425001,56.525758,0.002396,9.99999997475243e-07,0,-0.5,-10.8,-2.8,1.04,0.19,-0.04
11287,56.43,56.43,56.529983,0.001621,0,0,-0.5,-10.9,-2.8,1.04,0.2,-0.04
11288,56.435,56.435,56.534756,0.001395,0,0,-0.6,-10.8,-2.4,1.04,0.19,-0.04
11289,56.44,56.44,56.54079,0.002429,0,0,-0.7,-10.8,-2.6,1.04,0.21,-0.04
11290,56.445,56.445,56.545759,0.002398,0,0,-0.6,-10.8,-2.2,1.04,0.2,-0.04
11291,56.45,56.45,56.549804,0.001443,0,0,-0.4,-10.8,-2,1.04,0.18,-0.04
11292,56.455,56.455,56.55488,0.00152,0,0,-0.4,-10.8,-2.3,1.04,0.18,-0.04
11293,56.46,56.46,56.560825,0.002465,0,0,-0.4,-10.8,-2.3,1.04,0.19,-0.04
11294,56.465,56.465001,56.564801,0.00144,9.99999997475243e-07,0,-0.4,-10.8,-1.9,1.04,0.18,-0.04
11295,56.47,56.47,56.569959,0.001598,0,0,-0.3,-10.8,-2.3,1.04,0.18,-0.04
11296,56.475,56.475,56.575762,0.002401,0,0,-0.5,-10.7,-3.4,1.03,0.2,-0.04
11297,56.48,56.480001,56.579699,0.001337,9.99999997475243e-07,0,-0.4,-10.6,-3.2,1.03,0.19,-0.04
11298,56.485,56.485,56.584871,0.00151,0,0,-0.3,-10.7,-3.2,1.03,0.19,-0.04
11299,56.49,56.49,56.590764,0.002402,0,0,-0.3,-10.8,-2.7,1.03,0.18,-0.04
11300,56.495,56.495001,56.595758,0.002396,9.99999997475243e-07,0,-0.4,-10.8,-2.7,1.03,0.19,-0.04
11301,56.5,56.5,56.599716,0.001354,0,0,-0.5,-10.9,-2.9,1.04,0.19,-0.04
11302,56.505,56.505,56.605775,0.002414,0,0,-0.5,-10.8,-3.4,1.03,0.2,-0.04
11303,56.51,56.51,56.609777,0.001417,0,0,-0.4,-10.8,-3,1.03,0.19,-0.05
11304,56.515,56.515,56.614844,0.001483,0,0,-0.5,-10.8,-3.3,1.03,0.2,-0.04
11305,56.52,56.52,56.620761,0.0024,0,0,-0.5,-10.8,-2.6,1.04,0.19,-0.04
11306,56.525,56.525,56.625698,0.002337,0,0,-0.5,-10.8,-3,1.03,0.2,-0.04
11307,56.53,56.53,56.62971,0.001347,0,0,-0.5,-10.8,-2.9,1.03,0.2,-0.04
11308,56.535,56.535001,56.63576,0.002397,9.99999997475243e-07,0,-0.4,-10.8,-2.9,1.04,0.19,-0.04
11309,56.54,56.54,56.640742,0.002382,0,0,-0.4,-10.8,-2.2,1.05,0.18,-0.04
11310,56.545,56.545,56.644858,0.001497,0,0,-0.4,-10.8,-2.5,1.04,0.18,-0.04
11311,56.55,56.550001,56.650834,0.002472,9.99999997475243e-07,0,-0.5,-10.8,-3.2,1.03,0.2,-0.04
11312,56.555,56.555,56.654858,0.001496,0,0,-0.5,-10.8,-3,1.03,0.19,-0.04
11313,56.56,56.56,56.659756,0.001395,0,0,-0.4,-10.7,-2.5,1.04,0.18,-0.04
11314,56.565,56.565,56.665792,0.002431,0,0,-0.4,-10.8,-3,1.03,0.19,-0.04
11315,56.57,56.57,56.669757,0.001397,0,0,-0.3,-10.8,-3.2,1.03,0.19,-0.04
11316,56.575,56.575,56.674936,0.001574,0,0,-0.5,-10.8,-3,1.03,0.2,-0.04
11317,56.58,56.58,56.680859,0.002497,0,0,-0.5,-10.8,-2.8,1.04,0.19,-0.04
11318,56.585,56.585,56.684686,0.001325,0,0,-0.5,-10.8,-2.5,1.04,0.19,-0.04
11319,56.59,56.59,56.689834,0.001474,0,0,-0.6,-10.8,-2.9,1.03,0.2,-0.04
11320,56.595,56.595,56.695812,0.002451,0,0,-0.5,-10.8,-3,1.03,0.19,-0.04
11321,56.6,56.6,56.699754,0.001393,0,0,-0.5,-10.8,-3,1.04,0.19,-0.04
11322,56.605,56.605001,56.704725,0.001362,9.99999997475243e-07,0,-0.5,-10.8,-2.6,1.04,0.19,-0.04
11323,56.61,56.61,56.710795,0.002434,0,0,-0.3,-10.7,-2.2,1.04,0.18,-0.04
11324,56.615,56.615,56.7158,0.002438,0,0,-0.4,-10.7,-2.8,1.03,0.18,-0.04
11325,56.62,56.620001,56.719767,0.001405,9.99999997475243e-07,0,-0.4,-10.7,-2.7,1.04,0.18,-0.04
11326,56.625,56.625,56.725786,0.002425,0,0,-0.5,-10.8,-3.1,1.03,0.2,-0.05
11327,56.63,56.63,56.730761,0.0024,0,0,-0.5,-10.7,-3.3,1.03,0.2,-0.05
11328,56.635,56.635,56.734824,0.001463,0,0,-0.3,-10.8,-3.7,1.03,0.19,-0.05
11329,56.64,56.64,56.740793,0.002431,0,0,-0.3,-10.8,-3.8,1.03,0.2,-0.05
11330,56.645,56.645,56.744702,0.001341,0,0,-0.4,-10.8,-3.6,1.03,0.2,-0.05
11331,56.65,56.65,56.749686,0.001325,0,0,-0.4,-10.8,-3.2,1.04,0.2,-0.04
11332,56.655,56.655,56.755712,0.002351,0,0,-0.5,-10.9,-3.4,1.04,0.2,-0.05
11333,56.66,56.660001,56.759674,0.001313,9.99999997475243e-07,0,-0.6,-10.9,-3.2,1.04,0.21,-0.05
11334,56.665,56.665,56.764725,0.001364,0,0,-0.5,-10.8,-2.9,1.04,0.2,-0.04
11335,56.67,56.67,56.770759,0.002398,0,0,-0.4,-10.8,-2.7,1.05,0.19,-0.04
11336,56.675,56.675001,56.775729,0.002367,9.99999997475243e-07,0,-0.4,-10.8,-2.6,1.04,0.19,-0.04
11337,56.68,56.68,56.77972,0.001359,0,0,-0.4,-10.8,-2.7,1.04,0.2,-0.04
11338,56.685,56.685,56.785815,0.002454,0,0,-0.4,-10.8,-2.7,1.04,0.2,-0.04
11339,56.69,56.69,56.790818,0.002457,0,0,-0.4,-10.7,-2.3,1.05,0.19,-0.04
11340,56.695,56.695,56.79474,0.001378,0,0,-0.3,-10.7,-2.4,1.04,0.19,-0.03
11341,56.7,56.7,56.800797,0.002437,0,0,-0.3,-10.8,-2.7,1.04,0.19,-0.04
11342,56.705,56.705,56.80579,0.002429,0,0,-0.3,-10.7,-2.8,1.03,0.18,-0.04
11343,56.71,56.71,56.809901,0.001541,0,0,-0.3,-10.8,-2.9,1.03,0.18,-0.04
11344,56.715,56.715,56.815825,0.002464,0,0,-0.3,-10.8,-2.1,1.04,0.18,-0.03
11345,56.72,56.72,56.820867,0.002507,0,0,-0.2,-10.7,-1.8,1.05,0.17,-0.03
11346,56.725,56.725,56.824849,0.001487,0,0,-0.2,-10.6,-2.2,1.04,0.17,-0.04
11347,56.73,56.730001,56.830819,0.002457,9.99999997475243e-07,0,-0.2,-10.7,-1.9,1.04,0.16,-0.04
11348,56.735,56.735,56.835701,0.00234,0,0,-0.3,-10.8,-2.7,1.04,0.17,-0.04
11349,56.74,56.74,56.839759,0.001397,0,0,-0.4,-10.8,-2.4,1.04,0.18,-0.04
11350,56.745,56.745001,56.844836,0.001474,9.99999997475243e-07,0,-0.4,-10.8,-3,1.04,0.19,-0.05
11351,56.75,56.75,56.850761,0.0024,0,0,-0.3,-10.8,-2.3,1.04,0.18,-0.04
11352,56.755,56.755,56.85496,0.0016,0,0,-0.5,-10.8,-2.8,1.04,0.2,-0.05
11353,56.76,56.76,56.859753,0.001392,0,0,-0.6,-10.8,-3.1,1.04,0.2,-0.05
11354,56.765,56.765,56.865831,0.002471,0,0,-0.5,-10.9,-3.3,1.04,0.2,-0.05
11355,56.77,56.77,56.870826,0.002465,0,0,-0.5,-10.8,-2.9,1.05,0.19,-0.04
11356,56.775,56.775,56.87472,0.001359,0,0,-0.7,-10.9,-2.3,1.05,0.19,-0.04
11357,56.78,56.78,56.879904,0.001543,0,0,-0.7,-11,-2.1,1.05,0.2,-0.04
11358,56.785,56.785001,56.885875,0.002512,9.99999997475243e-07,0,-0.6,-10.9,-2,1.05,0.19,-0.04
11359,56.79,56.79,56.889781,0.001419,0,0,-0.4,-10.8,-2.6,1.04,0.18,-0.04
11360,56.795,56.795,56.894778,0.001417,0,0,-0.3,-10.7,-2.2,1.04,0.17,-0.04
11361,56.8,56.800001,56.90076,0.002398,9.99999997475243e-07,0,-0.2,-10.7,-2.4,1.04,0.17,-0.03
11362,56.805,56.805,56.905848,0.002488,0,0,-0.4,-10.7,-2.7,1.04,0.19,-0.04
11363,56.81,56.81,56.909682,0.001321,0,0,-0.4,-10.8,-2.8,1.03,0.19,-0.04
11364,56.815,56.815001,56.914956,0.001593,1.00000000458067e-06,0,-0.4,-10.7,-2.7,1.03,0.18,-0.04
11365,56.82,56.82,56.920791,0.00243,0,0,-0.4,-10.7,-2.6,1.04,0.18,-0.04
11366,56.825,56.825,56.924726,0.001365,0,0,-0.3,-10.7,-2.6,1.03,0.17,-0.04
11367,56.83,56.83,56.929753,0.001391,0,0,-0.3,-10.7,-2.7,1.04,0.18,-0.04
11368,56.835,56.835,56.935714,0.002353,0,0,-0.3,-10.7,-2.2,1.05,0.17,-0.04
11369,56.84,56.84,56.940692,0.002331,0,0,-0.4,-10.8,-2.6,1.04,0.18,-0.04
11370,56.845,56.845,56.944874,0.001513,0,0,-0.2,-10.8,-2.3,1.04,0.18,-0.04
11371,56.85,56.850001,56.949852,0.001491,9.99999997475243e-07,0,-0.4,-10.8,-2.8,1.03,0.19,-0.04
11372,56.855,56.855001,56.955727,0.002364,9.99999997475243e-07,0,-0.5,-10.8,-3,1.04,0.19,-0.04
11373,56.86,56.86,56.959692,0.001331,0,0,-0.5,-10.8,-3.6,1.03,0.2,-0.04
11374,56.865,56.865,56.965717,0.002356,0,0,-0.6,-10.9,-3.2,1.03,0.2,-0.04
11375,56.87,56.870001,56.970706,0.002344,9.99999997475243e-07,0,-0.4,-10.8,-3.1,1.03,0.19,-0.04
11376,56.875,56.875,56.974694,0.001333,0,0,-0.4,-10.8,-2.5,1.04,0.19,-0.04
11377,56.88,56.88,56.979818,0.001457,0,0,-0.4,-10.8,-2.4,1.04,0.19,-0.04
11378,56.885,56.885,56.985706,0.002345,0,0,-0.5,-10.8,-2.5,1.04,0.19,-0.04
11379,56.89,56.89,56.989688,0.001326,0,0,-0.5,-10.7,-2.4,1.04,0.19,-0.04
11380,56.895,56.895,56.994719,0.001359,0,0,-0.2,-10.7,-3,1.03,0.18,-0.04
11381,56.9,56.9,57.000695,0.002333,0,0,-0.3,-10.8,-2.7,1.04,0.18,-0.04
11382,56.905,56.905,57.005813,0.002452,0,0,-0.3,-10.8,-2.6,1.04,0.19,-0.04
11383,56.91,56.910001,57.009699,0.001337,9.99999997475243e-07,0,-0.5,-10.8,-3.3,1.04,0.2,-0.04
11384,56.915,56.915,57.014887,0.001526,0,0,-0.5,-10.8,-3.8,1.03,0.2,-0.04
11385,56.92,56.92,57.02071,0.002349,0,0,-0.6,-10.8,-4.4,1.03,0.21,-0.05
11386,56.925,56.925001,57.024674,0.001312,9.99999997475243e-07,0,-0.4,-10.8,-4,1.03,0.2,-0.04
11387,56.93,56.93,57.029761,0.001399,0,0,-0.4,-10.7,-3.8,1.03,0.2,-0.04
11388,56.935,56.935,57.035731,0.002369,0,0,-0.5,-10.7,-3.5,1.04,0.2,-0.04
11389,56.94,56.94,57.039702,0.001341,0,0,-0.4,-10.7,-2.8,1.04,0.19,-0.04
11390,56.945,56.945,57.044882,0.001521,0,0,-0.4,-10.7,-3.4,1.04,0.2,-0.04
11391,56.95,56.95,57.050713,0.002352,0,0,-0.4,-10.6,-3.6,1.04,0.2,-0.04
11392,56.955,56.955,57.054694,0.001333,0,0,-0.3,-10.6,-3.6,1.03,0.2,-0.04
11393,56.96,56.96,57.059785,0.001424,0,0,-0.3,-10.6,-3.5,1.03,0.19,-0.04
11394,56.965,56.965,57.065878,0.002516,0,0,-0.2,-10.6,-3.3,1.03,0.18,-0.04
11395,56.97,56.97,57.06971,0.001349,0,0,-0.2,-10.6,-3.5,1.03,0.19,-0.04
11396,56.975,56.975,57.074712,0.001351,0,0,-0.3,-10.6,-3,1.03,0.18,-0.04
11397,56.98,56.980001,57.080729,0.002367,9.99999997475243e-07,0,-0.4,-10.7,-3,1.04,0.19,-0.04
11398,56.985,56.985,57.085849,0.002487,0,0,-0.3,-10.8,-3.1,1.04,0.19,-0.04
11399,56.99,56.99,57.089686,0.001324,0,0,-0.2,-10.8,-3.3,1.03,0.19,-0.04
11400,56.995,56.995001,57.094877,0.001514,9.99999997475243e-07,0,-0.4,-10.8,-3.2,1.04,0.19,-0.04
11401,57,57,57.100701,0.00234,0,0,-0.3,-10.8,-2.8,1.04,0.18,-0.04
11402,57.005,57.005,57.104715,0.001354,0,0,-0.2,-10.7,-3,1.04,0.18,-0.04
11403,57.01,57.01,57.109903,0.001542,0,0,-0.2,-10.8,-2.3,1.04,0.18,-0.04
11404,57.015,57.015,57.115807,0.002445,0,0,-0.3,-10.8,-2.8,1.04,0.19,-0.04
11405,57.02,57.02,57.120737,0.002375,0,0,-0.4,-10.8,-2.8,1.03,0.2,-0.04
11406,57.025,57.025,57.124703,0.001342,0,0,-0.6,-10.8,-3.3,1.03,0.21,-0.04
11407,57.03,57.03,57.129919,0.001558,0,0,-0.5,-10.9,-3.1,1.03,0.2,-0.04
11408,57.035,57.035001,57.135861,0.002498,9.99999997475243e-07,0,-0.5,-10.9,-2.7,1.05,0.2,-0.04
11409,57.04,57.04,57.139728,0.001367,0,0,-0.5,-10.8,-3,1.05,0.2,-0.04
11410,57.045,57.045,57.144716,0.001355,0,0,-0.3,-10.7,-3.2,1.04,0.19,-0.05
11411,57.05,57.050001,57.150736,0.002374,9.99999997475243e-07,0,-0.4,-10.7,-3,1.05,0.19,-0.04
11412,57.055,57.055,57.155764,0.002403,0,0,-0.3,-10.7,-2.4,1.04,0.17,-0.04
11413,57.06,57.06,57.15971,0.001348,0,0,-0.3,-10.7,-2.5,1.04,0.17,-0.04
11414,57.065,57.065,57.164859,0.001498,0,0,-0.5,-10.7,-2.9,1.04,0.18,-0.04
11415,57.07,57.07,57.170815,0.002454,0,0,-0.4,-10.8,-2.7,1.04,0.18,-0.04
11416,57.075,57.075,57.175798,0.002437,0,0,-0.6,-10.8,-2.9,1.04,0.19,-0.04
11417,57.08,57.08,57.179803,0.001441,0,0,-0.4,-10.8,-3.1,1.04,0.19,-0.04
11418,57.085,57.085,57.185881,0.002519,0,0,-0.5,-10.7,-2.3,1.04,0.19,-0.04
11419,57.09,57.09,57.190778,0.002417,0,0,-0.6,-10.7,-2.2,1.04,0.18,-0.03
11420,57.095,57.095,57.194934,0.001574,0,0,-0.4,-10.7,-1.8,1.04,0.17,-0.03
11421,57.1,57.1,57.200785,0.002424,0,0,-0.5,-10.7,-2.7,1.04,0.18,-0.04
11422,57.105,57.105001,57.205852,0.002489,9.99999997475243e-07,0,-0.5,-10.7,-2.1,1.04,0.18,-0.04
11423,57.11,57.11,57.209788,0.001428,0,0,-0.5,-10.7,-2.1,1.04,0.18,-0.04
11424,57.115,57.115,57.214874,0.001512,0,0,-0.4,-10.7,-2.5,1.03,0.18,-0.04
11425,57.12,57.120001,57.220911,0.002548,9.99999997475243e-07,0,-0.4,-10.7,-2.8,1.03,0.18,-0.04
11426,57.125,57.125,57.224732,0.00137,0,0,-0.4,-10.8,-2.6,1.04,0.19,-0.04
11427,57.13,57.13,57.229824,0.001461,0,0,-0.4,-10.8,-2.9,1.03,0.19,-0.04
11428,57.135,57.135,57.235737,0.002377,0,0,-0.5,-11,-2.7,1.04,0.19,-0.04
11429,57.14,57.14,57.239702,0.001342,0,0,-0.5,-11,-3.3,1.03,0.2,-0.05
11430,57.145,57.145,57.244691,0.00133,0,0,-0.5,-10.8,-3.1,1.03,0.2,-0.05
11431,57.15,57.15,57.25073,0.002369,0,0,-0.4,-10.7,-3.1,1.03,0.19,-0.04
11432,57.155,57.155,57.255889,0.002529,0,0,-0.3,-10.7,-2.2,1.04,0.18,-0.03
11433,57.16,57.160001,57.259716,0.001354,9.99999997475243e-07,0,-0.4,-10.7,-1.9,1.04,0.18,-0.03
11434,57.165,57.165,57.264822,0.001461,0,0,-0.2,-10.7,-2.4,1.04,0.17,-0.04
11435,57.17,57.17,57.270712,0.002351,0,0,-0.2,-10.7,-2.4,1.04,0.17,-0.04
11436,57.175,57.175001,57.274684,0.001322,9.99999997475243e-07,0,-0.3,-10.7,-2.6,1.04,0.18,-0.04
11437,57.18,57.18,57.279731,0.001369,0,0,-0.3,-10.6,-3.5,1.02,0.18,-0.04
11438,57.185,57.185,57.285692,0.002331,0,0,-0.2,-10.6,-2.9,1.03,0.18,-0.04
11439,57.19,57.19,57.289678,0.001318,0,0,-0.2,-10.6,-3.1,1.04,0.18,-0.04
11440,57.195,57.195,57.294686,0.001325,0,0,-0.1,-10.6,-3.1,1.03,0.17,-0.04
11441,57.2,57.2,57.300693,0.002332,0,0,-0.2,-10.6,-3,1.03,0.18,-0.04
11442,57.205,57.205,57.304715,0.001354,0,0,-0.1,-10.6,-2.7,1.03,0.18,-0.04
11443,57.21,57.21,57.309709,0.001347,0,0,-0.2,-10.7,-2.5,1.04,0.17,-0.04
11444,57.215,57.215,57.314968,0.001606,0,0,-0.3,-10.8,-2.9,1.03,0.19,-0.04
11445,57.22,57.22,57.320799,0.002439,0,0,-0.2,-10.8,-3.2,1.03,0.18,-0.04
11446,57.225,57.225,57.324731,0.001369,0,0,-0.2,-10.7,-2.3,1.04,0.17,-0.04
11447,57.23,57.230001,57.330028,0.001666,9.99999997475243e-07,0,-0.1,-10.7,-1.9,1.04,0.16,-0.03
11448,57.235,57.235,57.335767,0.002407,0,0,-0.1,-10.7,-1.7,1.04,0.16,-0.03
11449,57.24,57.24,57.339691,0.00133,0,0,-0.2,-10.8,-2,1.04,0.17,-0.03
11450,57.245,57.245001,57.345018,0.001656,9.99999997475243e-07,0,-0.4,-10.7,-2.2,1.04,0.18,-0.03
11451,57.25,57.25,57.350726,0.002364,0,0,-0.4,-10.8,-2.2,1.04,0.19,-0.04
11452,57.255,57.255,57.35471,0.001349,0,0,-0.3,-10.8,-2.3,1.04,0.19,-0.03
11453,57.26,57.26,57.359699,0.001338,0,0,-0.2,-10.7,-1.9,1.04,0.17,-0.03
11454,57.265,57.265,57.36506,0.001699,0,0,-0.3,-10.7,-2.2,1.04,0.18,-0.04
11455,57.27,57.27,57.370858,0.002497,0,0,-0.3,-10.7,-2.1,1.04,0.18,-0.03
11456,57.275,57.275,57.374718,0.001356,0,0,-0.4,-10.7,-3,1.04,0.2,-0.04
11457,57.28,57.28,57.379866,0.001504,0,0,-0.4,-10.7,-2.6,1.03,0.2,-0.04
11458,57.285,57.285002,57.385884,0.002522,1.99999999495049e-06,0,-0.2,-10.7,-1.9,1.04,0.17,-0.04
11459,57.29,57.29,57.389842,0.001481,0,0,-0.2,-10.8,-2,1.04,0.18,-0.04
11460,57.295,57.295,57.394762,0.0014,0,0,-0.4,-10.8,-2.9,1.04,0.2,-0.04
11461,57.3,57.300001,57.400736,0.002373,9.99999997475243e-07,0,-0.4,-10.8,-3.3,1.03,0.2,-0.04
11462,57.305,57.305,57.40573,0.002369,0,0,-0.4,-10.7,-2.1,1.04,0.18,-0.04
11463,57.31,57.31,57.409713,0.001351,0,0,-0.4,-10.7,-1.9,1.04,0.19,-0.04
11464,57.315,57.315,57.415807,0.002445,0,0,-0.4,-10.7,-2.8,1.04,0.19,-0.04
11465,57.32,57.32,57.420773,0.002412,0,0,-0.5,-10.8,-2.9,1.03,0.2,-0.04
11466,57.325,57.325,57.424761,0.001399,0,0,-0.4,-10.7,-3.4,1.03,0.19,-0.04
11467,57.33,57.330001,57.430316,0.001955,1.00000000458067e-06,0,-0.3,-10.7,-3,1.03,0.19,-0.04
11468,57.335,57.335,57.435801,0.002439,0,0,-0.4,-10.8,-3,1.04,0.19,-0.04
11469,57.34,57.34,57.439718,0.001357,0,0,-0.3,-10.8,-2.9,1.03,0.19,-0.04
11470,57.345,57.345,57.44513,0.001769,0,0,-0.4,-10.8,-2.3,1.03,0.18,-0.04
11471,57.35,57.35,57.450869,0.002509,0,0,-0.2,-10.7,-1.7,1.04,0.16,-0.03
11472,57.355,57.355001,57.454696,0.001334,9.99999997475243e-07,0,-0.4,-10.8,-2.1,1.05,0.18,-0.04
11473,57.36,57.36,57.459775,0.001414,0,0,-0.4,-10.7,-2.9,1.04,0.19,-0.04
11474,57.365,57.365001,57.466035,0.002673,9.99999997475243e-07,0,-0.4,-10.8,-2.8,1.04,0.19,-0.04
11475,57.37,57.370001,57.469821,0.001459,9.99999997475243e-07,0,-0.3,-10.8,-2.1,1.05,0.18,-0.04
11476,57.375,57.375,57.474989,0.001628,0,0,-0.4,-10.7,-2.4,1.04,0.18,-0.04
11477,57.38,57.38,57.480803,0.002441,0,0,-0.3,-10.8,-2.8,1.03,0.19,-0.05
11478,57.385,57.385,57.485722,0.00236,0,0,-0.2,-10.7,-2.7,1.03,0.18,-0.04
11479,57.39,57.39,57.489878,0.001518,0,0,-0.2,-10.8,-2.4,1.03,0.18,-0.04
11480,57.395,57.395,57.495868,0.002507,0,0,-0.2,-10.8,-2.3,1.03,0.18,-0.04
11481,57.4,57.4,57.500792,0.00243,0,0,-0.4,-10.9,-2.9,1.03,0.2,-0.05
11482,57.405,57.405,57.50475,0.001389,0,0,-0.3,-10.9,-3,1.03,0.19,-0.04
11483,57.41,57.410002,57.510122,0.001759,1.99999999495049e-06,0,-0.3,-10.9,-2.9,1.03,0.2,-0.04
11484,57.415,57.415,57.515805,0.002443,0,0,-0.4,-10.8,-3.1,1.03,0.19,-0.05
11485,57.42,57.42,57.519712,0.001351,0,0,-0.5,-10.8,-3.3,1.03,0.2,-0.05
11486,57.425,57.425003,57.525248,0.001886,2.99999999242573e-06,0,-0.6,-10.8,-3.5,1.03,0.2,-0.05
11487,57.43,57.430049,57.53087,0.002458,4.89999999970792e-05,0,-0.6,-10.8,-3.7,1.02,0.21,-0.04
11488,57.435,57.435,57.534732,0.001371,0,0,-0.6,-10.8,-3.1,1.03,0.2,-0.04
11489,57.44,57.44,57.539773,0.001412,0,0,-0.6,-10.8,-3.4,1.03,0.2,-0.05
11490,57.445,57.445,57.545778,0.002416,0,0,-0.5,-10.8,-3.5,1.03,0.2,-0.05
11491,57.45,57.45,57.550715,0.002353,0,0,-0.5,-10.8,-3.2,1.03,0.2,-0.04
11492,57.455,57.455,57.554801,0.00144,0,0,-0.7,-10.8,-3,1.03,0.2,-0.04
11493,57.46,57.46,57.559831,0.00147,0,0,-0.6,-10.8,-2.6,1.04,0.19,-0.04
11494,57.465,57.465,57.565872,0.00251,0,0,-0.5,-10.8,-2.5,1.04,0.19,-0.04
11495,57.47,57.47,57.570712,0.002351,0,0,-0.6,-10.9,-2.9,1.03,0.2,-0.04
11496,57.475,57.475,57.574688,0.001327,0,0,-0.6,-10.9,-2.7,1.03,0.21,-0.04
11497,57.48,57.480001,57.579794,0.001432,9.99999997475243e-07,0,-0.5,-10.9,-2.5,1.04,0.21,-0.04
11498,57.485,57.485,57.585791,0.00243,0,0,-0.3,-10.8,-2.8,1.03,0.19,-0.04
11499,57.49,57.49,57.589803,0.001443,0,0,-0.2,-10.7,-2.9,1.03,0.18,-0.04
11500,57.495,57.495001,57.594798,0.001435,9.99999997475243e-07,0,-0.2,-10.7,-3,1.03,0.18,-0.04
11501,57.5,57.5,57.600768,0.002406,0,0,-0.3,-10.7,-2.8,1.03,0.18,-0.04
11502,57.505,57.505,57.6059,0.002539,0,0,-0.1,-10.7,-2.3,1.04,0.18,-0.04
11503,57.51,57.510001,57.610295,0.001935,1.00000000458067e-06,0,-0.2,-10.7,-2.8,1.03,0.18,-0.04
11504,57.515,57.515,57.614832,0.00147,0,0,0,-10.8,-2.3,1.04,0.17,-0.04
11505,57.52,57.52,57.62082,0.00246,0,0,0,-10.7,-2.4,1.04,0.17,-0.04
11506,57.525,57.525,57.625856,0.002494,0,0,-0.1,-10.7,-1.9,1.04,0.17,-0.04
11507,57.53,57.53,57.629774,0.001412,0,0,-0.2,-10.7,-1.7,1.05,0.17,-0.03
11508,57.535,57.535001,57.634993,0.001631,9.99999997475243e-07,0,-0.3,-10.7,-2.1,1.05,0.17,-0.04
11509,57.54,57.54,57.641025,0.002663,0,0,-0.3,-10.7,-2,1.05,0.18,-0.04
11510,57.545,57.545001,57.644928,0.001567,9.99999997475243e-07,0,-0.3,-10.7,-1.9,1.06,0.17,-0.04
11511,57.55,57.550001,57.649809,0.001447,9.99999997475243e-07,0,-0.2,-10.7,-2,1.05,0.16,-0.04
11512,57.555,57.555,57.655824,0.002462,0,0,-0.3,-10.8,-2.2,1.05,0.17,-0.04
11513,57.56,57.56,57.660744,0.002382,0,0,-0.3,-10.8,-2.6,1.04,0.18,-0.04
11514,57.565,57.565,57.66471,0.001349,0,0,-0.5,-10.9,-2.5,1.04,0.19,-0.04
11515,57.57,57.57,57.669688,0.001327,0,0,-0.5,-10.8,-2.2,1.04,0.18,-0.03
11516,57.575,57.575,57.675711,0.00235,0,0,-0.5,-10.7,-2.5,1.04,0.19,-0.04
11517,57.58,57.58,57.6807,0.002339,0,0,-0.3,-10.7,-2.3,1.04,0.18,-0.03
11518,57.585,57.585,57.684677,0.001316,0,0,-0.3,-10.7,-1.9,1.04,0.17,-0.03
11519,57.59,57.59,57.689723,0.001362,0,0,-0.3,-10.6,-2,1.04,0.17,-0.04
11520,57.595,57.595,57.69573,0.002369,0,0,-0.3,-10.7,-2.5,1.04,0.18,-0.04
11521,57.6,57.6,57.699685,0.001324,0,0,-0.4,-10.7,-3.1,1.03,0.18,-0.04
11522,57.605,57.605001,57.704715,0.001353,9.99999997475243e-07,0,-0.4,-10.8,-2.7,1.04,0.18,-0.04
11523,57.61,57.61,57.710823,0.002462,0,0,-0.4,-10.8,-2.7,1.04,0.19,-0.04
11524,57.615,57.615,57.715788,0.002426,0,0,-0.4,-10.8,-2.8,1.04,0.19,-0.04
11525,57.62,57.620001,57.719699,0.001337,9.99999997475243e-07,0,-0.5,-10.8,-2.6,1.04,0.19,-0.04
11526,57.625,57.625,57.724827,0.001466,0,0,-0.5,-10.7,-2.8,1.04,0.19,-0.04
11527,57.63,57.630001,57.730822,0.00246,9.99999997475243e-07,0,-0.6,-10.7,-2.8,1.04,0.19,-0.04
11528,57.635,57.635,57.734686,0.001325,0,0,-0.6,-10.8,-3.2,1.04,0.2,-0.05
11529,57.64,57.640001,57.739913,0.001551,9.99999997475243e-07,0,-0.6,-10.8,-3.6,1.03,0.2,-0.05
11530,57.645,57.645,57.745738,0.002377,0,0,-0.4,-10.9,-2.8,1.04,0.19,-0.05
11531,57.65,57.65,57.750711,0.00235,0,0,-0.5,-10.9,-3.1,1.04,0.2,-0.05
11532,57.655,57.655,57.754688,0.001327,0,0,-0.5,-10.8,-2.6,1.04,0.19,-0.04
11533,57.66,57.660001,57.759759,0.001397,9.99999997475243e-07,0,-0.6,-10.8,-3,1.03,0.2,-0.05
11534,57.665,57.665,57.765794,0.002433,0,0,-0.5,-10.9,-3.2,1.04,0.2,-0.05
11535,57.67,57.67,57.770735,0.002374,0,0,-0.6,-10.9,-3.4,1.04,0.2,-0.05
11536,57.675,57.675001,57.77475,0.001388,9.99999997475243e-07,0,-0.6,-10.8,-3.3,1.04,0.2,-0.04
11537,57.68,57.68,57.77987,0.001508,0,0,-0.6,-10.8,-3.3,1.04,0.2,-0.05
11538,57.685,57.685,57.785749,0.002388,0,0,-0.5,-10.9,-3.4,1.04,0.2,-0.04
11539,57.69,57.69,57.789679,0.001318,0,0,-0.5,-10.8,-3.4,1.04,0.2,-0.04
11540,57.695,57.695,57.79491,0.001548,0,0,-0.3,-10.7,-3.2,1.04,0.19,-0.05
11541,57.7,57.7,57.800698,0.002336,0,0,-0.3,-10.7,-3.1,1.03,0.19,-0.04
11542,57.705,57.705,57.804771,0.001409,0,0,-0.4,-10.6,-2.6,1.04,0.19,-0.04
11543,57.71,57.71,57.809677,0.001316,0,0,-0.3,-10.6,-2.4,1.04,0.18,-0.04
11544,57.715,57.715,57.815709,0.002347,0,0,-0.3,-10.8,-2.9,1.04,0.19,-0.04
11545,57.72,57.72,57.820739,0.002378,0,0,-0.4,-10.8,-2.3,1.04,0.19,-0.04
11546,57.725,57.725,57.824678,0.001317,0,0,-0.3,-10.7,-2.6,1.04,0.19,-0.03
11547,57.73,57.730001,57.829945,0.001582,9.99999997475243e-07,0,-0.3,-10.8,-2.4,1.04,0.18,-0.03
11548,57.735,57.735,57.835715,0.002354,0,0,-0.2,-10.7,-2.9,1.03,0.18,-0.04
11549,57.74,57.74,57.839688,0.001326,0,0,-0.3,-10.7,-2.9,1.03,0.18,-0.04
11550,57.745,57.745001,57.844697,0.001335,9.99999997475243e-07,0,-0.4,-10.6,-3.4,1.03,0.2,-0.04
11551,57.75,57.75,57.850689,0.002327,0,0,-0.6,-10.7,-3,1.03,0.2,-0.04
11552,57.755,57.755,57.855679,0.002318,0,0,-0.5,-10.7,-1.9,1.04,0.18,-0.04
11553,57.76,57.76,57.859671,0.00131,0,0,-0.5,-10.6,-2.3,1.04,0.18,-0.04
11554,57.765,57.765,57.864728,0.001367,0,0,-0.4,-10.7,-2.5,1.04,0.19,-0.04
11555,57.77,57.77,57.870791,0.00243,0,0,-0.4,-10.7,-2.7,1.04,0.19,-0.04
11556,57.775,57.775,57.875733,0.002373,0,0,-0.4,-10.7,-2.6,1.03,0.19,-0.04
11557,57.78,57.78,57.879686,0.001324,0,0,-0.4,-10.8,-2.8,1.04,0.19,-0.04
11558,57.785,57.785001,57.884821,0.001459,9.99999997475243e-07,0,-0.3,-10.7,-2.5,1.04,0.18,-0.04
11559,57.79,57.79,57.890894,0.002532,0,0,-0.4,-10.7,-2.9,1.04,0.19,-0.05
11560,57.795,57.795,57.895805,0.002444,0,0,-0.6,-10.9,-3,1.04,0.21,-0.05
11561,57.8,57.800001,57.899763,0.0014,9.99999997475243e-07,0,-0.6,-11,-2.4,1.05,0.2,-0.04
11562,57.805,57.805,57.90499,0.001629,0,0,-0.5,-10.9,-1.8,1.05,0.19,-0.04
11563,57.81,57.81,57.910807,0.002445,0,0,-0.4,-10.8,-2.5,1.04,0.19,-0.04
11564,57.815,57.815,57.914748,0.001387,0,0,-0.5,-10.8,-2.5,1.04,0.19,-0.04
11565,57.82,57.82,57.919769,0.001408,0,0,-0.5,-10.9,-2.6,1.04,0.2,-0.04
11566,57.825,57.825,57.925783,0.002422,0,0,-0.6,-10.8,-3.1,1.04,0.21,-0.04
11567,57.83,57.830001,57.929756,0.001395,1.00000000458067e-06,0,-0.6,-10.8,-3.2,1.03,0.21,-0.04
11568,57.835,57.835,57.934894,0.001533,0,0,-0.8,-10.9,-4.3,1.03,0.23,-0.05
11569,57.84,57.84,57.939935,0.001574,0,0,-0.6,-10.8,-3.5,1.04,0.21,-0.05
11570,57.845,57.845,57.94572,0.002359,0,0,-0.4,-10.8,-3.3,1.04,0.2,-0.04
11571,57.85,57.85,57.950719,0.002358,0,0,-0.4,-10.8,-3,1.04,0.2,-0.04
11572,57.855,57.855001,57.954963,0.001601,9.99999997475243e-07,0,-0.3,-10.8,-2.1,1.05,0.18,-0.04
11573,57.86,57.86,57.960755,0.002394,0,0,-0.4,-10.7,-2.6,1.04,0.19,-0.04
11574,57.865,57.865,57.965974,0.002614,0,0,-0.4,-10.8,-2.4,1.04,0.18,-0.04
11575,57.87,57.870001,57.969719,0.001358,9.99999997475243e-07,0,-0.5,-10.8,-3.4,1.03,0.2,-0.05
11576,57.875,57.875,57.975095,0.001733,0,0,-0.4,-10.8,-3.1,1.03,0.19,-0.05
11577,57.88,57.88,57.980835,0.002475,0,0,-0.5,-10.8,-3.1,1.03,0.2,-0.05
11578,57.885,57.885,57.984725,0.001364,0,0,-0.5,-10.7,-2.7,1.04,0.19,-0.05
11579,57.89,57.89,57.989919,0.001559,0,0,-0.6,-10.8,-3,1.04,0.2,-0.04
11580,57.895,57.895,57.995788,0.002426,0,0,-0.7,-10.8,-3.4,1.04,0.21,-0.04
11581,57.9,57.9,58.000719,0.002358,0,0,-0.6,-10.8,-3.3,1.04,0.21,-0.05
11582,57.905,57.905,58.004821,0.00146,0,0,-0.5,-10.7,-2.5,1.04,0.19,-0.04
11583,57.91,57.910001,58.009788,0.001426,9.99999997475243e-07,0,-0.5,-10.7,-2.7,1.04,0.19,-0.04
11584,57.915,57.915,58.015786,0.002424,0,0,-0.4,-10.7,-2.2,1.04,0.19,-0.04
11585,57.92,57.92,58.020753,0.002392,0,0,-0.4,-10.6,-1.9,1.04,0.18,-0.04
11586,57.925,57.925001,58.024718,0.001356,9.99999997475243e-07,0,-0.5,-10.7,-2.4,1.04,0.19,-0.04
11587,57.93,57.93,58.030812,0.00245,0,0,-0.5,-10.7,-2.8,1.04,0.2,-0.04
11588,57.935,57.935,58.035734,0.002372,0,0,-0.3,-10.8,-2,1.04,0.19,-0.03
11589,57.94,57.94,58.040064,0.001704,0,0,-0.3,-10.9,-1.7,1.04,0.18,-0.04
11590,57.945,57.945,58.045471,0.002109,0,0,-0.3,-10.8,-1.8,1.04,0.18,-0.04
11591,57.95,57.95,58.050764,0.002402,0,0,-0.3,-10.7,-2,1.04,0.18,-0.04
11592,57.955,57.955001,58.054918,0.001557,1.00000000458067e-06,0,-0.4,-10.8,-2.6,1.04,0.19,-0.04
11593,57.96,57.96,58.059871,0.00151,0,0,-0.5,-10.7,-3.4,1.04,0.2,-0.05
11594,57.965,57.965,58.065853,0.002491,0,0,-0.4,-10.7,-2.9,1.04,0.19,-0.05
11595,57.97,57.97,58.070776,0.002415,0,0,-0.4,-10.7,-3,1.04,0.19,-0.04
11596,57.975,57.975,58.074926,0.001565,0,0,-0.5,-10.7,-3.3,1.04,0.19,-0.04
11597,57.98,57.980001,58.079925,0.001562,9.99999997475243e-07,0,-0.5,-10.7,-2.4,1.04,0.19,-0.04
11598,57.985,57.985,58.085751,0.00239,0,0,-0.5,-10.8,-3,1.04,0.19,-0.04
11599,57.99,57.99,58.090206,0.001848,0,0,-0.5,-10.7,-3,1.04,0.2,-0.04
11600,57.995,57.995003,58.095244,0.00188,2.99999999242573e-06,0,-0.3,-10.7,-2.6,1.04,0.18,-0.04
11601,58,58.000054,58.100018,0.0016,5.39999999986662e-05,0,-0.2,-10.7,-2.4,1.04,0.18,-0.04
11602,58.005,58.005,58.105745,0.002384,0,0,-0.3,-10.8,-2.4,1.04,0.18,-0.04
11603,58.01,58.01,58.109735,0.001375,0,0,-0.4,-10.8,-3.1,1.03,0.19,-0.04
11604,58.015,58.015,58.115264,0.001903,0,0,-0.4,-10.7,-2.8,1.04,0.18,-0.04
11605,58.02,58.02,58.120864,0.002503,0,0,-0.3,-10.7,-3.3,1.03,0.19,-0.04
11606,58.025,58.025,58.124733,0.001373,0,0,-0.2,-10.7,-2.2,1.04,0.17,-0.04
11607,58.03,58.03,58.129865,0.001502,0,0,-0.3,-10.7,-2.7,1.03,0.19,-0.04
11608,58.035,58.035001,58.135807,0.002445,9.99999997475243e-07,0,-0.2,-10.6,-2.5,1.04,0.18,-0.04
11609,58.04,58.04,58.139697,0.001336,0,0,-0.4,-10.7,-2.8,1.03,0.19,-0.04
11610,58.045,58.045,58.144805,0.001444,0,0,-0.4,-10.7,-2.5,1.04,0.19,-0.04
11611,58.05,58.050001,58.150749,0.002387,9.99999997475243e-07,0,-0.2,-10.7,-3,1.04,0.19,-0.04
11612,58.055,58.055,58.155737,0.002376,0,0,-0.2,-10.7,-2.2,1.04,0.17,-0.03
11613,58.06,58.06,58.159698,0.001337,0,0,-0.3,-10.7,-2.3,1.04,0.18,-0.03
11614,58.065,58.065,58.165859,0.002497,0,0,-0.5,-10.8,-2.1,1.04,0.19,-0.04
11615,58.07,58.070056,58.170963,0.002544,5.60000000007221e-05,0,-0.4,-10.8,-2.8,1.03,0.19,-0.04
11616,58.075,58.075,58.174714,0.001353,0,0,-0.5,-10.9,-2.7,1.03,0.19,-0.04
11617,58.08,58.08,58.180732,0.00237,0,0,-0.3,-10.8,-2.2,1.04,0.18,-0.04
11618,58.085,58.085,58.185701,0.002339,0,0,-0.2,-10.7,-1.8,1.05,0.17,-0.03
11619,58.09,58.09,58.189675,0.001313,0,0,-0.2,-10.7,-2.1,1.04,0.17,-0.04
11620,58.095,58.095,58.194926,0.001565,0,0,-0.3,-10.7,-2.2,1.04,0.17,-0.04
11621,58.1,58.1,58.200723,0.002361,0,0,-0.1,-10.6,-1.7,1.05,0.16,-0.03
11622,58.105,58.105001,58.204768,0.001406,9.99999997475243e-07,0,0,-10.6,-1.7,1.04,0.15,-0.04
11623,58.11,58.11,58.20977,0.00141,0,0,-0.1,-10.6,-1.8,1.05,0.15,-0.04
11624,58.115,58.115,58.215798,0.002436,0,0,-0.1,-10.6,-2.3,1.04,0.17,-0.04
11625,58.12,58.120001,58.219736,0.001379,9.99999997475243e-07,0,-0.3,-10.6,-2.5,1.04,0.18,-0.04
11626,58.125,58.125,58.224819,0.001459,0,0,-0.3,-10.7,-2.4,1.04,0.18,-0.04
11627,58.13,58.13,58.230988,0.002626,0,0,-0.4,-10.7,-2.7,1.04,0.18,-0.04
11628,58.135,58.135,58.235731,0.002369,0,0,-0.5,-10.8,-2.8,1.04,0.19,-0.05
11629,58.14,58.14,58.239703,0.001342,0,0,-0.5,-10.7,-3.2,1.04,0.2,-0.04
11630,58.145,58.145,58.245792,0.002431,0,0,-0.5,-10.7,-3,1.04,0.2,-0.04
11631,58.15,58.15,58.250824,0.002463,0,0,-0.4,-10.8,-2.5,1.04,0.19,-0.04
11632,58.155,58.155,58.254808,0.001448,0,0,-0.5,-10.8,-2.8,1.03,0.2,-0.04
11633,58.16,58.160002,58.25978,0.001417,1.99999999495049e-06,0,-0.5,-10.8,-2.6,1.04,0.19,-0.04
11634,58.165,58.165,58.265885,0.002523,0,0,-0.5,-10.8,-2.9,1.04,0.2,-0.04
11635,58.17,58.17,58.269821,0.00146,0,0,-0.4,-10.8,-3.1,1.03,0.2,-0.05
11636,58.175,58.175001,58.274837,0.001475,9.99999997475243e-07,0,-0.4,-10.7,-2.9,1.03,0.19,-0.04
11637,58.18,58.18,58.279916,0.001554,0,0,-0.5,-10.7,-2.2,1.04,0.19,-0.03
11638,58.185,58.185,58.28573,0.002369,0,0,-0.4,-10.7,-2,1.04,0.18,-0.03
11639,58.19,58.19,58.28968,0.001319,0,0,-0.2,-10.7,-1.4,1.04,0.16,-0.03
11640,58.195,58.195,58.294751,0.00139,0,0,-0.4,-10.7,-1.6,1.05,0.18,-0.04
11641,58.2,58.2,58.300715,0.002353,0,0,-0.4,-10.7,-1.7,1.04,0.18,-0.03
11642,58.205,58.205001,58.305855,0.002493,1.00000000458067e-06,0,-0.4,-10.7,-2.1,1.03,0.18,-0.03
11643,58.21,58.21,58.309686,0.001325,0,0,-0.4,-10.7,-2.2,1.04,0.19,-0.03
11644,58.215,58.215,58.314837,0.001476,0,0,-0.4,-10.7,-2.5,1.04,0.18,-0.04
11645,58.22,58.22,58.32076,0.002399,0,0,-0.4,-10.7,-2.6,1.04,0.19,-0.04
11646,58.225,58.225,58.325709,0.002347,0,0,-0.2,-10.7,-2.5,1.04,0.18,-0.04
11647,58.23,58.230001,58.32981,0.001447,9.99999997475243e-07,0,-0.3,-10.8,-2.6,1.04,0.19,-0.04
11648,58.235,58.235,58.334831,0.00147,0,0,-0.4,-10.8,-2.1,1.04,0.19,-0.04
11649,58.24,58.24,58.340694,0.002333,0,0,-0.4,-10.8,-2.6,1.04,0.18,-0.04
11650,58.245,58.245001,58.344685,0.001324,9.99999997475243e-07,0,-0.4,-10.6,-2.5,1.04,0.18,-0.04
11651,58.25,58.25,58.349696,0.001336,0,0,-0.3,-10.7,-2.6,1.04,0.19,-0.04
11652,58.255,58.255,58.355705,0.002345,0,0,-0.3,-10.7,-1.7,1.05,0.17,-0.03
11653,58.26,58.26,58.360708,0.002348,0,0,-0.3,-10.7,-1.8,1.05,0.17,-0.04
11654,58.265,58.265,58.364821,0.001459,0,0,-0.4,-10.7,-1.6,1.04,0.18,-0.03
11655,58.27,58.27,58.369793,0.001432,0,0,-0.5,-10.6,-1.8,1.05,0.18,-0.04
11656,58.275,58.275,58.375698,0.002337,0,0,-0.4,-10.7,-2.4,1.04,0.18,-0.04
11657,58.28,58.28,58.3797,0.001339,0,0,-0.4,-10.7,-2.3,1.04,0.18,-0.03
11658,58.285,58.285001,58.384762,0.0014,9.99999997475243e-07,0,-0.4,-10.8,-2.3,1.04,0.18,-0.04
11659,58.29,58.29,58.390694,0.002333,0,0,-0.3,-10.7,-2.1,1.04,0.18,-0.03
11660,58.295,58.295,58.395726,0.002365,0,0,-0.2,-10.7,-1.9,1.04,0.17,-0.03
11661,58.3,58.300001,58.399702,0.001339,9.99999997475243e-07,0,-0.3,-10.7,-2.5,1.04,0.17,-0.03
11662,58.305,58.305,58.405769,0.002407,0,0,-0.3,-10.7,-2.4,1.03,0.17,-0.04
11663,58.31,58.31,58.4107,0.00234,0,0,-0.2,-10.8,-1.7,1.04,0.16,-0.03
11664,58.315,58.315,58.414806,0.001445,0,0,-0.2,-10.8,-1.8,1.05,0.17,-0.04
11665,58.32,58.32,58.420705,0.002344,0,0,-0.4,-10.9,-2.5,1.04,0.19,-0.04
11666,58.325,58.325,58.42576,0.0024,0,0,-0.5,-10.8,-2.2,1.05,0.19,-0.04
11667,58.33,58.33,58.429755,0.001395,0,0,-0.5,-10.8,-2.8,1.04,0.19,-0.04
11668,58.335,58.335,58.434779,0.001418,0,0,-0.4,-10.8,-2.4,1.05,0.18,-0.04
11669,58.34,58.34,58.440928,0.002566,0,0,-0.5,-10.7,-2.2,1.04,0.19,-0.04
11670,58.345,58.345,58.445727,0.002366,0,0,-0.5,-10.7,-2.8,1.04,0.19,-0.04
11671,58.35,58.35,58.449682,0.001321,0,0,-0.4,-10.7,-1.8,1.05,0.18,-0.03
11672,58.355,58.355001,58.455756,0.002394,9.99999997475243e-07,0,-0.4,-10.8,-2.2,1.04,0.18,-0.04
11673,58.36,58.36,58.460734,0.002373,0,0,-0.4,-10.7,-1.4,1.04,0.17,-0.03
11674,58.365,58.365,58.4647,0.001338,0,0,-0.2,-10.7,-1.8,1.04,0.17,-0.03
11675,58.37,58.370001,58.469893,0.001531,9.99999997475243e-07,0,-0.3,-10.8,-1.8,1.04,0.17,-0.03
11676,58.375,58.375,58.475902,0.00254,0,0,-0.2,-10.8,-1.9,1.04,0.17,-0.03
11677,58.38,58.38,58.479701,0.00134,0,0,-0.2,-10.8,-1.6,1.05,0.17,-0.04
11678,58.385,58.385,58.484738,0.001377,0,0,-0.3,-10.7,-1.8,1.05,0.18,-0.04
11679,58.39,58.39,58.490758,0.002396,0,0,-0.4,-10.8,-2.2,1.04,0.19,-0.04
11680,58.395,58.395,58.495702,0.002341,0,0,-0.5,-10.7,-2.7,1.04,0.19,-0.04
11681,58.4,58.4,58.499702,0.001341,0,0,-0.4,-10.7,-2.2,1.04,0.18,-0.03
11682,58.405,58.405,58.504839,0.001478,0,0,-0.3,-10.8,-2.4,1.03,0.18,-0.04
11683,58.41,58.410001,58.510751,0.002389,9.99999997475243e-07,0,-0.3,-10.7,-2.7,1.03,0.19,-0.04
11684,58.415,58.415,58.51472,0.001359,0,0,-0.4,-10.8,-3.2,1.03,0.2,-0.04
11685,58.42,58.42,58.51975,0.001389,0,0,-0.2,-10.7,-2.5,1.03,0.18,-0.03
11686,58.425,58.425001,58.525756,0.002394,9.99999997475243e-07,0,-0.2,-10.6,-2.9,1.03,0.19,-0.04
11687,58.43,58.43,58.529684,0.001322,0,0,-0.2,-10.7,-2.8,1.03,0.19,-0.04
11688,58.435,58.435,58.534752,0.001391,0,0,-0.4,-10.8,-2.7,1.04,0.19,-0.04
11689,58.44,58.44,58.540721,0.00236,0,0,-0.5,-10.8,-2.8,1.03,0.2,-0.04
11690,58.445,58.445,58.545955,0.002595,0,0,-0.4,-10.8,-2.8,1.04,0.19,-0.04
11691,58.45,58.45,58.549756,0.001394,0,0,-0.3,-10.8,-2.7,1.04,0.18,-0.04
11692,58.455,58.455,58.554776,0.001414,0,0,-0.3,-10.8,-3.1,1.03,0.19,-0.04
11693,58.46,58.46,58.560799,0.002437,0,0,-0.2,-10.7,-2.6,1.03,0.19,-0.04
11694,58.465,58.465,58.565747,0.002386,0,0,-0.2,-10.7,-2.8,1.03,0.19,-0.04
11695,58.47,58.47,58.569684,0.001324,0,0,-0.2,-10.7,-2.8,1.03,0.19,-0.04
11696,58.475,58.475,58.575763,0.002401,0,0,-0.3,-10.7,-3.3,1.03,0.19,-0.05
11697,58.48,58.480001,58.580711,0.002349,9.99999997475243e-07,0,-0.2,-10.7,-3.1,1.03,0.19,-0.05
11698,58.485,58.485,58.584671,0.00131,0,0,-0.3,-10.8,-3,1.03,0.19,-0.05
11699,58.49,58.49,58.589799,0.001439,0,0,-0.5,-10.8,-3,1.04,0.2,-0.04
11700,58.495,58.495001,58.595048,0.001687,9.99999997475243e-07,0,-0.6,-10.8,-3,1.04,0.2,-0.04
11701,58.5,58.5,58.600773,0.002412,0,0,-0.4,-10.8,-2.2,1.05,0.18,-0.05
11702,58.505,58.505,58.604723,0.001362,0,0,-0.5,-10.8,-2.1,1.05,0.18,-0.04
11703,58.51,58.51,58.609746,0.001385,0,0,-0.4,-10.7,-2.4,1.05,0.18,-0.04
11704,58.515,58.515,58.615714,0.002352,0,0,-0.2,-10.8,-2.5,1.04,0.18,-0.04
11705,58.52,58.52,58.62076,0.002399,0,0,-0.2,-10.7,-3,1.03,0.18,-0.04
11706,58.525,58.525,58.624684,0.001323,0,0,-0.1,-10.7,-3.1,1.03,0.18,-0.04
11707,58.53,58.53,58.629816,0.001454,0,0,-0.4,-10.7,-2.9,1.04,0.19,-0.04
11708,58.535,58.535001,58.635764,0.002402,9.99999997475243e-07,0,-0.4,-10.8,-3.3,1.03,0.2,-0.04
11709,58.54,58.54,58.639674,0.001313,0,0,-0.2,-10.8,-2.9,1.03,0.19,-0.04
11710,58.545,58.545,58.644763,0.001402,0,0,-0.4,-10.7,-2.6,1.04,0.19,-0.04
11711,58.55,58.550001,58.650752,0.00239,9.99999997475243e-07,0,-0.3,-10.6,-2.9,1.03,0.19,-0.04
11712,58.555,58.555,58.655691,0.00233,0,0,-0.3,-10.6,-3.3,1.03,0.19,-0.04
11713,58.56,58.56,58.659665,0.001304,0,0,-0.4,-10.6,-2.9,1.04,0.18,-0.04
11714,58.565,58.565,58.664878,0.001516,0,0,-0.4,-10.6,-3.2,1.03,0.19,-0.04
11715,58.57,58.57,58.670761,0.002401,0,0,-0.3,-10.6,-2.5,1.04,0.17,-0.04
11716,58.575,58.575,58.674683,0.001322,0,0,-0.4,-10.7,-2.3,1.04,0.18,-0.04
11717,58.58,58.58,58.679795,0.001433,0,0,-0.4,-10.8,-2.3,1.03,0.18,-0.04
11718,58.585,58.585,58.685796,0.002434,0,0,-0.5,-10.8,-2.3,1.04,0.18,-0.04
11719,58.59,58.59,58.69074,0.00238,0,0,-0.5,-10.8,-2,1.04,0.18,-0.04
11720,58.595,58.595,58.694701,0.00134,0,0,-0.3,-10.8,-1.9,1.04,0.17,-0.04
11721,58.6,58.6,58.699864,0.001503,0,0,-0.5,-10.8,-2.3,1.04,0.19,-0.04
11722,58.605,58.605001,58.705775,0.002414,9.99999997475243e-07,0,-0.3,-10.8,-2.3,1.03,0.18,-0.04
11723,58.61,58.61,58.709679,0.001318,0,0,-0.3,-10.8,-1.7,1.04,0.16,-0.03
11724,58.615,58.615,58.715825,0.002464,0,0,-0.3,-10.7,-1.8,1.04,0.16,-0.04
11725,58.62,58.620001,58.720701,0.002339,9.99999997475243e-07,0,-0.3,-10.6,-2.1,1.04,0.17,-0.04
11726,58.625,58.625,58.724672,0.001311,0,0,-0.4,-10.7,-2.2,1.04,0.18,-0.04
11727,58.63,58.63,58.729848,0.001486,0,0,-0.3,-10.8,-2.5,1.03,0.18,-0.04
11728,58.635,58.635,58.735765,0.002403,0,0,-0.4,-10.8,-2.7,1.03,0.19,-0.04
11729,58.64,58.64,58.739713,0.001353,0,0,-0.5,-10.8,-2.5,1.04,0.18,-0.04
11730,58.645,58.645,58.744833,0.001472,0,0,-0.3,-10.7,-2.4,1.04,0.17,-0.04
11731,58.65,58.65,58.749974,0.001613,0,0,-0.2,-10.8,-2.5,1.04,0.17,-0.04
11732,58.655,58.655,58.755735,0.002374,0,0,-0.2,-10.9,-2.9,1.04,0.18,-0.04
11733,58.66,58.660001,58.759683,0.001321,9.99999997475243e-07,0,-0.3,-10.9,-3.4,1.04,0.19,-0.05
11734,58.665,58.665,58.764898,0.001536,0,0,-0.3,-10.9,-2.6,1.04,0.19,-0.04
11735,58.67,58.67,58.770707,0.002346,0,0,-0.3,-10.7,-2.5,1.04,0.19,-0.04
11736,58.675,58.675001,58.774667,0.001305,9.99999997475243e-07,0,-0.3,-10.7,-2.3,1.04,0.18,-0.04
11737,58.68,58.68,58.779745,0.001385,0,0,-0.3,-10.8,-2,1.04,0.18,-0.04
11738,58.685,58.685,58.785703,0.002342,0,0,-0.1,-10.7,-1.3,1.04,0.16,-0.03
11739,58.69,58.69,58.790755,0.002394,0,0,-0.3,-10.7,-2.5,1.03,0.18,-0.04
11740,58.695,58.695,58.794767,0.001406,0,0,-0.3,-10.8,-2.5,1.04,0.18,-0.04
11741,58.7,58.7,58.800704,0.002343,0,0,-0.2,-10.7,-2.2,1.03,0.18,-0.04
11742,58.705,58.705,58.805703,0.002342,0,0,-0.3,-10.7,-2,1.04,0.18,-0.04
11743,58.71,58.71,58.809658,0.001297,0,0,-0.5,-10.7,-2.8,1.04,0.19,-0.04
11744,58.715,58.715,58.814873,0.001511,0,0,-0.6,-10.7,-2.6,1.04,0.19,-0.04
11745,58.72,58.72,58.820751,0.00239,0,0,-0.3,-10.7,-2.5,1.04,0.18,-0.04
11746,58.725,58.725,58.824676,0.001315,0,0,-0.3,-10.6,-3.1,1.04,0.18,-0.05
11747,58.73,58.730001,58.829816,0.001453,9.99999997475243e-07,0,-0.3,-10.6,-3.6,1.03,0.19,-0.05
11748,58.735,58.735,58.835757,0.002395,0,0,-0.3,-10.6,-3.5,1.03,0.19,-0.05
11749,58.74,58.74,58.839675,0.001314,0,0,-0.2,-10.7,-3,1.03,0.17,-0.04
11750,58.745,58.745001,58.844752,0.00139,9.99999997475243e-07,0,-0.3,-10.7,-3.2,1.03,0.19,-0.05
11751,58.75,58.75,58.850771,0.002409,0,0,-0.4,-10.8,-2.8,1.04,0.19,-0.04
11752,58.755,58.755,58.855794,0.002432,0,0,-0.4,-10.7,-2.8,1.04,0.19,-0.04
11753,58.76,58.76,58.859671,0.00131,0,0,-0.5,-10.7,-2.8,1.04,0.2,-0.04
11754,58.765,58.765,58.86581,0.002449,0,0,-0.4,-10.7,-2.3,1.04,0.18,-0.04
11755,58.77,58.77,58.870715,0.002354,0,0,-0.5,-10.8,-2.9,1.03,0.19,-0.04
11756,58.775,58.775,58.874704,0.001343,0,0,-0.5,-10.9,-2.2,1.04,0.18,-0.04
11757,58.78,58.78,58.87987,0.001508,0,0,-0.4,-10.7,-2.1,1.05,0.17,-0.04
11758,58.785,58.785001,58.885754,0.002392,9.99999997475243e-07,0,-0.3,-10.7,-2.6,1.04,0.18,-0.04
11759,58.79,58.79,58.889678,0.001317,0,0,-0.3,-10.8,-2.5,1.04,0.18,-0.04
11760,58.795,58.795,58.894773,0.001411,0,0,-0.3,-10.8,-2.8,1.03,0.19,-0.04
11761,58.8,58.800001,58.900747,0.002385,9.99999997475243e-07,0,-0.3,-10.8,-2.7,1.04,0.19,-0.04
11762,58.805,58.805,58.904675,0.001314,0,0,-0.3,-10.8,-2.7,1.04,0.18,-0.04
11763,58.81,58.81,58.909737,0.001376,0,0,-0.2,-10.8,-2.3,1.04,0.18,-0.04
11764,58.815,58.815,58.91581,0.002448,0,0,-0.3,-10.7,-2.5,1.04,0.18,-0.04
11765,58.82,58.82,58.920773,0.002413,0,0,-0.2,-10.7,-2.6,1.04,0.19,-0.04
11766,58.825,58.825,58.924864,0.001503,0,0,-0.3,-10.8,-2.9,1.04,0.19,-0.05
11767,58.83,58.83,58.930803,0.002441,0,0,-0.2,-10.8,-1.8,1.04,0.17,-0.04
11768,58.835,58.835,58.935691,0.00233,0,0,-0.1,-10.8,-2,1.05,0.16,-0.04
11769,58.84,58.84,58.939668,0.001306,0,0,-0.2,-10.9,-1.6,1.05,0.17,-0.04
11770,58.845,58.845,58.944841,0.001481,0,0,-0.2,-10.8,-1.6,1.05,0.16,-0.04
11771,58.85,58.85,58.950794,0.002432,0,0,-0.4,-10.8,-1.9,1.05,0.17,-0.04
11772,58.855,58.855001,58.95472,0.001358,9.99999997475243e-07,0,-0.2,-10.8,-1.8,1.04,0.17,-0.03
11773,58.86,58.86,58.959757,0.001395,0,0,-0.3,-10.8,-2.1,1.04,0.18,-0.04
11774,58.865,58.865,58.96578,0.002419,0,0,-0.2,-10.8,-2.1,1.04,0.17,-0.04
11775,58.87,58.870001,58.970866,0.002505,9.99999997475243e-07,0,-0.5,-10.8,-2.6,1.04,0.2,-0.04
11776,58.875,58.875,58.974756,0.001395,0,0,-0.5,-10.9,-3.3,1.03,0.21,-0.04
11777,58.88,58.88,58.979935,0.001574,0,0,-0.5,-10.8,-3.2,1.03,0.2,-0.04
11778,58.885,58.885,58.985771,0.00241,0,0,-0.4,-10.8,-2.6,1.03,0.19,-0.04
11779,58.89,58.89,58.989681,0.00132,0,0,-0.3,-10.6,-2.5,1.04,0.18,-0.04
11780,58.895,58.895,58.994973,0.001613,0,0,-0.4,-10.6,-2.6,1.04,0.18,-0.04
11781,58.9,58.9,59.000914,0.002552,0,0,-0.3,-10.7,-2.2,1.05,0.17,-0.04
11782,58.905,58.905,59.004722,0.001361,0,0,-0.2,-10.7,-1.7,1.05,0.17,-0.03
11783,58.91,58.910001,59.00978,0.001417,9.99999997475243e-07,0,-0.3,-10.8,-2,1.05,0.18,-0.04
11784,58.915,58.915,59.015777,0.002415,0,0,-0.4,-10.8,-2.1,1.04,0.19,-0.04
11785,58.92,58.92,59.019817,0.001455,0,0,-0.5,-10.8,-2.4,1.04,0.19,-0.04
11786,58.925,58.925001,59.024741,0.001379,9.99999997475243e-07,0,-0.4,-10.8,-2.4,1.04,0.19,-0.04
11787,58.93,58.93,59.030859,0.002497,0,0,-0.4,-10.7,-2.2,1.04,0.19,-0.04
11788,58.935,58.935,59.035715,0.002353,0,0,-0.3,-10.7,-2.5,1.04,0.18,-0.05
11789,58.94,58.94,59.039691,0.001329,0,0,-0.5,-10.7,-2.3,1.04,0.18,-0.04
11790,58.945,58.945,59.045788,0.002428,0,0,-0.4,-10.7,-2.4,1.04,0.19,-0.04
11791,58.95,58.95,59.050725,0.002363,0,0,-0.4,-10.7,-2.1,1.04,0.18,-0.04
11792,58.955,58.955,59.054871,0.00151,0,0,-0.3,-10.7,-1.8,1.04,0.17,-0.04
11793,58.96,58.96,59.059839,0.001478,0,0,-0.4,-10.7,-1.7,1.05,0.18,-0.04
11794,58.965,58.965,59.065847,0.002485,0,0,-0.3,-10.7,-1.9,1.04,0.18,-0.03
11795,58.97,58.97,59.069699,0.001337,0,0,-0.2,-10.6,-2,1.04,0.17,-0.03
11796,58.975,58.975,59.074869,0.001507,0,0,-0.1,-10.7,-1.6,1.05,0.16,-0.03
11797,58.98,58.980001,59.080877,0.002515,9.99999997475243e-07,0,-0.2,-10.8,-2.8,1.04,0.18,-0.04
11798,58.985,58.985,59.08471,0.001349,0,0,-0.3,-10.8,-2.6,1.04,0.18,-0.04
11799,58.99,58.99,59.089759,0.001397,0,0,-0.2,-10.8,-2.6,1.04,0.18,-0.04
11800,58.995,58.995001,59.095806,0.002443,9.99999997475243e-07,0,-0.2,-10.8,-2.3,1.04,0.18,-0.04
11801,59,59,59.100725,0.002365,0,0,-0.3,-10.8,-2.4,1.04,0.18,-0.04
11802,59.005,59.005,59.104843,0.001482,0,0,-0.3,-10.7,-2.4,1.04,0.19,-0.04
11803,59.01,59.01,59.110763,0.002402,0,0,-0.4,-10.8,-3.3,1.04,0.19,-0.04
11804,59.015,59.015,59.114689,0.001327,0,0,-0.5,-10.8,-3,1.04,0.19,-0.04
11805,59.02,59.02,59.119746,0.001385,0,0,-0.4,-10.9,-2.8,1.04,0.19,-0.04
11806,59.025,59.025064,59.125882,0.002456,6.40000000018404e-05,0,-0.5,-10.9,-3.2,1.04,0.2,-0.04
11807,59.03,59.03,59.129725,0.001364,0,0,-0.3,-10.7,-2.1,1.05,0.17,-0.04
11808,59.035,59.035001,59.134709,0.001347,9.99999997475243e-07,0,-0.3,-10.6,-1.7,1.04,0.17,-0.03
11809,59.04,59.040001,59.140959,0.002598,9.99999997475243e-07,0,-0.4,-10.7,-2.1,1.04,0.18,-0.04
11810,59.045,59.045,59.145712,0.002351,0,0,-0.2,-10.6,-2,1.04,0.17,-0.03
11811,59.05,59.050001,59.14977,0.001407,9.99999997475243e-07,0,-0.2,-10.7,-2.1,1.04,0.17,-0.04
11812,59.055,59.055,59.154839,0.001478,0,0,-0.3,-10.8,-2.2,1.04,0.18,-0.04
11813,59.06,59.06,59.160784,0.002424,0,0,-0.4,-10.7,-2.4,1.04,0.19,-0.04
11814,59.065,59.065,59.16471,0.001348,0,0,-0.5,-10.8,-2.5,1.04,0.19,-0.04
11815,59.07,59.07,59.169836,0.001474,0,0,-0.5,-10.8,-2.7,1.04,0.19,-0.04
11816,59.075,59.075,59.175737,0.002376,0,0,-0.4,-10.8,-3.2,1.04,0.19,-0.04
11817,59.08,59.08,59.180807,0.002447,0,0,-0.2,-10.8,-2.8,1.04,0.19,-0.04
11818,59.085,59.085,59.184693,0.001332,0,0,-0.2,-10.7,-2.6,1.04,0.19,-0.04
11819,59.09,59.09,59.189802,0.001441,0,0,-0.4,-10.7,-3.3,1.04,0.2,-0.04
11820,59.095,59.095,59.195746,0.002385,0,0,-0.4,-10.7,-3.2,1.04,0.19,-0.05
11821,59.1,59.1,59.199696,0.001334,0,0,-0.3,-10.7,-3.2,1.04,0.19,-0.04
11822,59.105,59.105001,59.204804,0.001441,9.99999997475243e-07,0,-0.3,-10.7,-2.8,1.04,0.18,-0.04
11823,59.11,59.11,59.210733,0.002373,0,0,-0.2,-10.6,-2.4,1.05,0.17,-0.04
11824,59.115,59.115,59.215731,0.002369,0,0,-0.3,-10.6,-2.1,1.04,0.19,-0.04
11825,59.12,59.120001,59.219676,0.001314,9.99999997475243e-07,0,-0.3,-10.6,-2.5,1.04,0.19,-0.04
11826,59.125,59.125,59.224812,0.001451,0,0,-0.2,-10.6,-2.7,1.04,0.18,-0.04
11827,59.13,59.13,59.2308,0.002439,0,0,-0.2,-10.7,-2.6,1.04,0.18,-0.04
11828,59.135,59.135,59.23469,0.001328,0,0,-0.1,-10.6,-2.6,1.04,0.17,-0.04
11829,59.14,59.14,59.239749,0.001388,0,0,-0.3,-10.7,-3.2,1.03,0.19,-0.04
11830,59.145,59.145,59.245717,0.002356,0,0,-0.4,-10.7,-3.2,1.03,0.19,-0.04
11831,59.15,59.150023,59.2509,0.002514,2.2999999998774e-05,0,-0.3,-10.6,-3,1.03,0.19,-0.04
11832,59.155,59.155,59.254713,0.001353,0,0,-0.4,-10.7,-2.8,1.04,0.19,-0.04
11833,59.16,59.160001,59.260763,0.002402,9.99999997475243e-07,0,-0.3,-10.6,-2.4,1.03,0.18,-0.04
11834,59.165,59.165,59.265755,0.002394,0,0,-0.3,-10.7,-2.3,1.04,0.18,-0.04
11835,59.17,59.17,59.269719,0.001359,0,0,-0.3,-10.7,-2,1.04,0.19,-0.03
11836,59.175,59.175001,59.274802,0.00144,9.99999997475243e-07,0,-0.3,-10.7,-2.5,1.04,0.19,-0.04
11837,59.18,59.18,59.280755,0.002394,0,0,-0.2,-10.6,-2.7,1.04,0.18,-0.04
11838,59.185,59.185,59.284681,0.00132,0,0,-0.2,-10.7,-2.5,1.04,0.18,-0.04
11839,59.19,59.19,59.28972,0.001359,0,0,-0.3,-10.7,-1.8,1.05,0.17,-0.04
11840,59.195,59.195,59.295757,0.002396,0,0,-0.4,-10.7,-1.9,1.05,0.18,-0.04
11841,59.2,59.2,59.300726,0.002365,0,0,-0.6,-10.8,-2,1.05,0.19,-0.04
11842,59.205,59.205,59.304707,0.001346,0,0,-0.6,-10.8,-2,1.05,0.18,-0.04
11843,59.21,59.21,59.310712,0.002351,0,0,-0.5,-10.8,-2.5,1.05,0.19,-0.04
11844,59.215,59.215,59.315775,0.002414,0,0,-0.5,-10.8,-2.8,1.05,0.2,-0.04
11845,59.22,59.22,59.319731,0.00137,0,0,-0.6,-10.8,-2.7,1.04,0.2,-0.04
11846,59.225,59.225,59.324778,0.001417,0,0,-0.4,-10.8,-1.9,1.05,0.18,-0.04
11847,59.23,59.230001,59.330978,0.002615,9.99999997475243e-07,0,-0.4,-10.7,-2.5,1.05,0.19,-0.04
11848,59.235,59.235,59.3347,0.001339,0,0,-0.5,-10.8,-2.4,1.05,0.19,-0.04
11849,59.24,59.24,59.339795,0.001434,0,0,-0.5,-10.8,-2.4,1.04,0.19,-0.04
11850,59.245,59.245001,59.345937,0.002574,9.99999997475243e-07,0,-0.5,-10.8,-2.7,1.04,0.2,-0.04
11851,59.25,59.25,59.350728,0.002366,0,0,-0.4,-10.8,-3.2,1.04,0.2,-0.05
11852,59.255,59.255,59.354746,0.001385,0,0,-0.5,-10.8,-3.7,1.03,0.2,-0.05
11853,59.26,59.26,59.35982,0.001459,0,0,-0.6,-10.7,-4.2,1.02,0.21,-0.05
11854,59.265,59.265,59.365813,0.002451,0,0,-0.5,-10.7,-3.1,1.03,0.19,-0.05
11855,59.27,59.27,59.369819,0.001457,0,0,-0.4,-10.7,-3.2,1.03,0.19,-0.05
11856,59.275,59.275001,59.375253,0.001892,1.00000000458067e-06,0,-0.5,-10.7,-3.8,1.03,0.2,-0.05
11857,59.28,59.280001,59.380148,0.001788,9.99999997475243e-07,0,-0.4,-10.7,-3.3,1.03,0.2,-0.04
11858,59.285,59.285002,59.386122,0.002759,1.99999999495049e-06,0,-0.5,-10.7,-3.3,1.03,0.2,-0.04
11859,59.29,59.29,59.390066,0.001705,0,0,-0.5,-10.7,-3.4,1.03,0.2,-0.05
11860,59.295,59.295,59.396019,0.00266,0,0,-0.6,-10.8,-3.2,1.03,0.21,-0.04
11861,59.3,59.300001,59.400911,0.002549,9.99999997475243e-07,0,-0.7,-10.7,-3.5,1.03,0.21,-0.05
11862,59.305,59.305,59.404723,0.001361,0,0,-0.5,-10.7,-3.8,1.03,0.2,-0.05
11863,59.31,59.31,59.410781,0.00242,0,0,-0.5,-10.7,-3.2,1.03,0.2,-0.05
11864,59.315,59.315,59.415707,0.002346,0,0,-0.5,-10.6,-2.9,1.03,0.19,-0.04
11865,59.32,59.32,59.419683,0.001322,0,0,-0.5,-10.6,-3.3,1.03,0.2,-0.04
11866,59.325,59.325,59.424784,0.001423,0,0,-0.5,-10.7,-2.8,1.04,0.19,-0.04
11867,59.33,59.33,59.430788,0.002428,0,0,-0.6,-10.7,-2.8,1.04,0.2,-0.04
11868,59.335,59.335,59.43469,0.00133,0,0,-0.4,-10.7,-3.7,1.03,0.19,-0.05
11869,59.34,59.34,59.439726,0.001365,0,0,-0.4,-10.8,-3.1,1.04,0.19,-0.04
11870,59.345,59.345,59.445702,0.002341,0,0,-0.4,-10.8,-3.4,1.03,0.19,-0.04
11871,59.35,59.35,59.449677,0.001315,0,0,-0.5,-10.8,-2.5,1.04,0.18,-0.04
11872,59.355,59.355001,59.454678,0.001316,9.99999997475243e-07,0,-0.4,-10.8,-2.9,1.03,0.19,-0.04
11873,59.36,59.36,59.460722,0.002361,0,0,-0.4,-10.7,-3.4,1.03,0.19,-0.04
11874,59.365,59.365,59.46571,0.00235,0,0,-0.6,-11,-3.2,1.04,0.21,-0.04
11875,59.37,59.370001,59.469778,0.001415,9.99999997475243e-07,0,-0.4,-10.9,-2.9,1.04,0.2,-0.04
11876,59.375,59.375,59.474858,0.001497,0,0,-0.4,-10.9,-2.1,1.04,0.18,-0.04
11877,59.38,59.38,59.480851,0.002489,0,0,-0.4,-10.8,-1.7,1.04,0.18,-0.04
11878,59.385,59.385,59.484686,0.001323,0,0,-0.5,-10.8,-2.3,1.04,0.19,-0.04
11879,59.39,59.39,59.489908,0.001547,0,0,-0.5,-10.9,-1.7,1.05,0.19,-0.04
11880,59.395,59.395,59.495781,0.00242,0,0,-0.6,-10.8,-2.5,1.03,0.2,-0.04
11881,59.4,59.4,59.500708,0.002347,0,0,-0.6,-10.8,-3.3,1.03,0.2,-0.05
11882,59.405,59.405,59.504703,0.001342,0,0,-0.4,-10.8,-3.5,1.03,0.19,-0.05
11883,59.41,59.410001,59.510787,0.002425,9.99999997475243e-07,0,-0.4,-10.8,-3.5,1.03,0.2,-0.04
11884,59.415,59.415,59.514721,0.00136,0,0,-0.4,-10.8,-3,1.04,0.19,-0.04
11885,59.42,59.42,59.519842,0.001481,0,0,-0.4,-10.8,-2.4,1.04,0.19,-0.04
11886,59.425,59.425001,59.525829,0.002466,9.99999997475243e-07,0,-0.4,-10.8,-2,1.04,0.19,-0.04
11887,59.43,59.43,59.530762,0.002401,0,0,-0.3,-10.7,-2.6,1.03,0.19,-0.04
11888,59.435,59.435,59.534711,0.00135,0,0,-0.4,-10.9,-2.4,1.04,0.19,-0.04
11889,59.44,59.44,59.540766,0.002404,0,0,-0.4,-10.8,-2.5,1.04,0.19,-0.04
11890,59.445,59.445,59.545855,0.002494,0,0,-0.4,-10.8,-2.4,1.04,0.19,-0.04
11891,59.45,59.45,59.549703,0.001342,0,0,-0.4,-10.8,-2.5,1.04,0.19,-0.03
11892,59.455,59.455,59.555722,0.002361,0,0,-0.4,-10.8,-3.4,1.03,0.19,-0.04
11893,59.46,59.46,59.560716,0.002355,0,0,-0.2,-10.8,-2.7,1.04,0.18,-0.04
11894,59.465,59.465,59.564772,0.00141,0,0,-0.4,-10.7,-2.6,1.04,0.18,-0.04
11895,59.47,59.47,59.569779,0.001418,0,0,-0.3,-10.7,-2,1.04,0.17,-0.04
11896,59.475,59.475,59.575701,0.00234,0,0,-0.2,-10.8,-2,1.04,0.17,-0.04
11897,59.48,59.480001,59.579704,0.001342,9.99999997475243e-07,0,-0.2,-10.9,-2.2,1.04,0.18,-0.04
11898,59.485,59.485,59.584684,0.001323,0,0,-0.2,-10.8,-2.5,1.04,0.18,-0.04
11899,59.49,59.49,59.590689,0.002328,0,0,-0.1,-10.7,-1.9,1.04,0.17,-0.03
11900,59.495,59.495001,59.595709,0.002347,9.99999997475243e-07,0,-0.2,-10.7,-2.5,1.04,0.17,-0.04
11901,59.5,59.5,59.599688,0.001327,0,0,-0.2,-10.7,-1.9,1.04,0.16,-0.04
11902,59.505,59.505,59.605756,0.002394,0,0,-0.3,-10.8,-2,1.04,0.18,-0.04
11903,59.51,59.51,59.610698,0.002337,0,0,-0.3,-10.8,-2.3,1.04,0.18,-0.04
11904,59.515,59.515,59.614704,0.001343,0,0,-0.3,-10.7,-2.5,1.04,0.18,-0.05
11905,59.52,59.52,59.619884,0.001524,0,0,-0.2,-10.7,-2.5,1.04,0.17,-0.04
11906,59.525,59.525,59.625755,0.002394,0,0,-0.2,-10.7,-2.4,1.04,0.18,-0.04
11907,59.53,59.53,59.629713,0.001351,0,0,-0.3,-10.6,-2.8,1.04,0.18,-0.05
11908,59.535,59.535001,59.634769,0.001408,9.99999997475243e-07,0,-0.3,-10.7,-2.1,1.04,0.17,-0.04
11909,59.54,59.54,59.640717,0.002355,0,0,-0.2,-10.6,-2.5,1.04,0.17,-0.04
11910,59.545,59.545,59.644713,0.001352,0,0,-0.1,-10.6,-2.5,1.04,0.17,-0.04
11911,59.55,59.550001,59.649746,0.001383,9.99999997475243e-07,0,-0.2,-10.7,-2.5,1.03,0.17,-0.04
11912,59.555,59.555,59.655786,0.002425,0,0,-0.3,-10.7,-1.9,1.04,0.18,-0.03
11913,59.56,59.56,59.660756,0.002395,0,0,-0.3,-10.7,-1.6,1.04,0.17,-0.04
11914,59.565,59.565,59.664752,0.001391,0,0,-0.3,-10.7,-2.2,1.04,0.18,-0.04
11915,59.57,59.57,59.670727,0.002365,0,0,-0.3,-10.8,-2.4,1.04,0.18,-0.04
11916,59.575,59.575,59.675715,0.002354,0,0,-0.3,-10.8,-2.5,1.03,0.18,-0.04
11917,59.58,59.58,59.67973,0.001369,0,0,-0.4,-10.7,-2.7,1.03,0.19,-0.04
11918,59.585,59.585,59.68482,0.001458,0,0,-0.4,-10.8,-2.8,1.03,0.19,-0.04
11919,59.59,59.59,59.690724,0.002363,0,0,-0.3,-10.7,-2.7,1.03,0.18,-0.04
11920,59.595,59.595,59.694715,0.001354,0,0,-0.2,-10.7,-3.1,1.03,0.19,-0.04
11921,59.6,59.6,59.699731,0.00137,0,0,-0.3,-10.7,-3.2,1.04,0.19,-0.04
11922,59.605,59.605001,59.705731,0.002369,9.99999997475243e-07,0,-0.3,-10.7,-3.5,1.04,0.19,-0.04
11923,59.61,59.61,59.710696,0.002335,0,0,-0.4,-10.8,-3.2,1.04,0.19,-0.04
11924,59.615,59.615,59.714721,0.001359,0,0,-0.4,-10.8,-3.1,1.04,0.19,-0.04
11925,59.62,59.620001,59.720807,0.002444,9.99999997475243e-07,0,-0.4,-10.8,-2.7,1.04,0.18,-0.04
11926,59.625,59.625,59.725711,0.002351,0,0,-0.4,-10.7,-2.8,1.04,0.19,-0.03
11927,59.63,59.63,59.729716,0.001355,0,0,-0.4,-10.7,-2.9,1.04,0.19,-0.04
11928,59.635,59.635,59.73479,0.001429,0,0,-0.4,-10.7,-2.4,1.04,0.19,-0.03
11929,59.64,59.64,59.740696,0.002335,0,0,-0.3,-10.7,-2.4,1.04,0.18,-0.04
11930,59.645,59.645,59.74469,0.001328,0,0,-0.3,-10.7,-2.1,1.04,0.18,-0.04
11931,59.65,59.65,59.749696,0.001336,0,0,-0.3,-10.8,-2.3,1.04,0.18,-0.04
11932,59.655,59.655,59.755702,0.002341,0,0,-0.2,-10.8,-1.9,1.04,0.17,-0.03
11933,59.66,59.660001,59.760693,0.002331,9.99999997475243e-07,0,-0.3,-10.9,-2.6,1.04,0.19,-0.04
11934,59.665,59.665,59.764731,0.001369,0,0,-0.5,-10.9,-3,1.04,0.2,-0.04
11935,59.67,59.67,59.770722,0.002361,0,0,-0.4,-10.9,-3,1.04,0.19,-0.04
11936,59.675,59.675001,59.775691,0.00233,9.99999997475243e-07,0,-0.3,-10.9,-3.2,1.03,0.2,-0.05
11937,59.68,59.68,59.779704,0.001342,0,0,-0.3,-10.8,-2.5,1.04,0.19,-0.04
11938,59.685,59.685,59.784759,0.001398,0,0,-0.3,-10.8,-2.7,1.04,0.19,-0.04
11939,59.69,59.69,59.790715,0.002353,0,0,-0.3,-10.7,-2.7,1.04,0.18,-0.04
11940,59.695,59.695,59.794693,0.001332,0,0,-0.4,-10.7,-3.2,1.04,0.2,-0.05
11941,59.7,59.7,59.799742,0.00138,0,0,-0.5,-10.7,-3,1.04,0.2,-0.05
11942,59.705,59.705,59.805893,0.002532,0,0,-0.4,-10.7,-3,1.03,0.19,-0.05
11943,59.71,59.71,59.810717,0.002356,0,0,-0.4,-10.7,-2.8,1.04,0.19,-0.05
11944,59.715,59.715,59.81473,0.001369,0,0,-0.4,-10.7,-2.2,1.04,0.17,-0.04
11945,59.72,59.72,59.820058,0.001696,0,0,-0.4,-10.8,-2.5,1.04,0.18,-0.04
11946,59.725,59.725,59.825779,0.002417,0,0,-0.4,-10.7,-2.2,1.04,0.18,-0.03
11947,59.73,59.730001,59.829856,0.001494,9.99999997475243e-07,0,-0.4,-10.7,-2.2,1.04,0.18,-0.04
11948,59.735,59.735,59.834768,0.001407,0,0,-0.2,-10.6,-2.2,1.04,0.17,-0.03
11949,59.74,59.74,59.840866,0.002504,0,0,-0.4,-10.7,-2.3,1.04,0.17,-0.03
11950,59.745,59.745001,59.844709,0.001348,9.99999997475243e-07,0,-0.4,-10.7,-2.5,1.04,0.18,-0.04
11951,59.75,59.75,59.849712,0.00135,0,0,-0.6,-10.7,-3.1,1.04,0.19,-0.05
11952,59.755,59.755,59.8559,0.002539,0,0,-0.5,-10.7,-3.7,1.03,0.21,-0.04
11953,59.76,59.760002,59.861374,0.003013,2.00000000205591e-06,0,-0.4,-10.7,-2.1,1.04,0.18,-0.04
11954,59.765,59.765001,59.865171,0.00181,9.99999997475243e-07,0,-0.5,-10.8,-2.6,1.03,0.19,-0.04
11955,59.77,59.770002,59.870447,0.002086,1.99999999495049e-06,0,-0.4,-10.8,-2.8,1.03,0.19,-0.04
11956,59.775,59.775002,59.876332,0.002975,2.00000000205591e-06,0,-0.4,-10.8,-3,1.03,0.19,-0.04
11957,59.78,59.780001,59.8812,0.002837,9.99999997475243e-07,0,-0.3,-10.7,-1.6,1.04,0.16,-0.03
11958,59.785,59.785001,59.885786,0.002424,9.99999997475243e-07,0,-0.3,-10.8,-2.2,1.04,0.17,-0.04
11959,59.79,59.79,59.890786,0.002425,0,0,-0.3,-10.7,-2.2,1.04,0.18,-0.04
11960,59.795,59.795,59.895806,0.002444,0,0,-0.4,-10.8,-2.3,1.05,0.19,-0.04
11961,59.8,59.800001,59.899778,0.001415,9.99999997475243e-07,0,-0.4,-10.8,-2.4,1.05,0.19,-0.04
11962,59.805,59.805,59.905794,0.002432,0,0,-0.3,-10.8,-2.2,1.04,0.18,-0.04
11963,59.81,59.81,59.909693,0.001332,0,0,-0.3,-10.8,-2,1.05,0.18,-0.04
11964,59.815,59.815,59.91474,0.001378,0,0,-0.3,-10.8,-2.1,1.04,0.18,-0.04
11965,59.82,59.82,59.920738,0.002377,0,0,-0.4,-10.8,-2.8,1.03,0.19,-0.04
11966,59.825,59.825019,59.925939,0.002544,1.89999999946622e-05,0,-0.3,-10.9,-3,1.04,0.19,-0.04
11967,59.83,59.83,59.929903,0.001541,0,0,-0.4,-10.9,-2.8,1.04,0.19,-0.04
11968,59.835,59.835,59.935794,0.002432,0,0,-0.3,-10.7,-2.8,1.04,0.18,-0.04
11969,59.84,59.840001,59.940288,0.001926,9.99999997475243e-07,0,-0.3,-10.8,-3,1.03,0.18,-0.04
11970,59.845,59.845001,59.945341,0.00198,1.00000000458067e-06,0,-0.3,-10.7,-2.4,1.04,0.18,-0.04
11971,59.85,59.85,59.950803,0.002441,0,0,-0.2,-10.7,-2.7,1.04,0.18,-0.04
11972,59.855,59.855001,59.954789,0.001426,9.99999997475243e-07,0,-0.3,-10.7,-2.4,1.04,0.18,-0.04
11973,59.86,59.86,59.95982,0.001458,0,0,-0.3,-10.7,-2.9,1.04,0.19,-0.04
11974,59.865,59.865,59.96603,0.002669,0,0,-0.3,-10.7,-2.3,1.04,0.19,-0.04
11975,59.87,59.870001,59.969748,0.001385,9.99999997475243e-07,0,-0.4,-10.7,-2.2,1.04,0.19,-0.03
11976,59.875,59.875,59.974777,0.001415,0,0,-0.4,-10.7,-3.1,1.04,0.19,-0.04
11977,59.88,59.88,59.980828,0.002466,0,0,-0.5,-10.8,-2.5,1.05,0.19,-0.04
11978,59.885,59.885,59.984717,0.001355,0,0,-0.4,-10.7,-2.5,1.05,0.18,-0.04
11979,59.89,59.89,59.989832,0.001471,0,0,-0.4,-10.7,-3,1.04,0.19,-0.04
11980,59.895,59.895,59.995805,0.002443,0,0,-0.4,-10.7,-3.3,1.04,0.2,-0.05
11981,59.9,59.9,59.99974,0.001378,0,0,-0.3,-10.7,-3.4,1.03,0.19,-0.04
11982,59.905,59.905,60.004718,0.001357,0,0,-0.4,-10.7,-2.9,1.04,0.2,-0.04
11983,59.91,59.910001,60.010746,0.002384,9.99999997475243e-07,0,-0.3,-10.8,-2.9,1.04,0.2,-0.04
11984,59.915,59.915,60.015745,0.002383,0,0,-0.3,-10.9,-2.1,1.04,0.19,-0.03
11985,59.92,59.92,60.019776,0.001415,0,0,-0.3,-10.8,-2,1.04,0.18,-0.03
11986,59.925,59.925001,60.025757,0.002396,9.99999997475243e-07,0,-0.2,-10.8,-2.4,1.04,0.18,-0.03
11987,59.93,59.93,60.030788,0.002426,0,0,-0.3,-10.7,-2.7,1.04,0.18,-0.04
11988,59.935,59.935,60.034739,0.001378,0,0,-0.2,-10.7,-2.8,1.04,0.18,-0.04
11989,59.94,59.94,60.040738,0.002377,0,0,-0.4,-10.7,-3.1,1.03,0.19,-0.04
11990,59.945,59.945,60.044727,0.001366,0,0,-0.4,-10.7,-3.1,1.03,0.2,-0.04
11991,59.95,59.95,60.049756,0.001395,0,0,-0.4,-10.7,-2.6,1.03,0.19,-0.04
11992,59.955,59.955,60.055766,0.002404,0,0,-0.4,-10.6,-2.7,1.03,0.19,-0.03
11993,59.96,59.96,60.060736,0.002375,0,0,-0.4,-10.7,-2.6,1.04,0.19,-0.03
11994,59.965,59.965,60.064759,0.001398,0,0,-0.3,-10.7,-2.1,1.04,0.18,-0.03
11995,59.97,59.97,60.070766,0.002404,0,0,-0.2,-10.7,-2.3,1.04,0.17,-0.03
11996,59.975,59.975,60.074713,0.001351,0,0,-0.4,-10.7,-2.4,1.04,0.18,-0.04
11997,59.98,59.980001,60.079914,0.001551,9.99999997475243e-07,0,-0.4,-10.7,-1.9,1.04,0.18,-0.03
11998,59.985,59.985,60.085819,0.002457,0,0,-0.3,-10.7,-2,1.04,0.18,-0.03
11999,59.99,59.99,60.089773,0.001411,0,0,-0.3,-10.7,-2,1.05,0.18,-0.03
12000,59.995,59.995001,60.094827,0.001465,9.99999997475243e-07,0,-0.5,-10.8,-2.5,1.04,0.19,-0.04
