sequence,scheduledTimeSec,readStartTimeSec,sampleTimeSec,readDurationSec,startLatenessSec,deadlineMiss,Fx_N,Fy_N,Fz_N,Tx_Nm,Ty_Nm,Tz_Nm
1,0,0.000176,0.131014,0.016965,0.000176,1,-0.2,-10.8,-2.7,1.04,0.18,-0.03
2,0.005,0.02834,0.156602,0.014465,0.02334,1,-0.2,-10.9,-3.2,1.03,0.18,-0.04
3,0.01,0.043067,0.161163,0.004353,0.033067,1,-0.3,-10.8,-2.4,1.04,0.19,-0.04
4,0.015,0.04758,0.177521,0.016209,0.03258,1,-0.2,-10.8,-2.9,1.03,0.18,-0.04
5,0.02,0.064265,0.183129,0.004907,0.044265,1,-0.2,-10.8,-3.1,1.04,0.19,-0.04
6,0.025,0.070505,0.188394,0.0042,0.045505,1,0,-10.7,-2.6,1.04,0.18,-0.04
7,0.03,0.074724,0.191559,0.003147,0.044724,1,0,-10.8,-2.8,1.04,0.18,-0.04
8,0.035,0.077888,0.193841,0.002265,0.042888,1,0,-10.8,-3,1.04,0.18,-0.04
9,0.04,0.080168,0.195409,0.001553,0.040168,1,-0.1,-10.7,-3,1.04,0.18,-0.04
10,0.045,0.081735,0.196798,0.001376,0.036735,1,-0.1,-10.7,-2.6,1.04,0.18,-0.04
11,0.05,0.083124,0.199218,0.002407,0.033124,1,-0.2,-10.8,-3.1,1.03,0.19,-0.04
12,0.055,0.085543,0.200581,0.001351,0.030543,1,-0.2,-10.8,-2.8,1.04,0.19,-0.04
13,0.06,0.086906,0.201999,0.001405,0.026906,1,-0.2,-10.7,-2.8,1.03,0.18,-0.04
14,0.065,0.088324,0.204403,0.002392,0.023324,1,-0.2,-10.7,-2.8,1.03,0.18,-0.04
15,0.07,0.090727,0.206797,0.002381,0.020727,1,-0.1,-10.8,-2.3,1.04,0.17,-0.03
16,0.075,0.093122,0.208322,0.001512,0.018122,1,-0.1,-10.8,-2,1.04,0.17,-0.03
17,0.08,0.094646,0.209707,0.001373,0.014646,1,-0.1,-10.8,-1.6,1.04,0.16,-0.03
18,0.085,0.096032,0.21211,0.002391,0.011032,1,-0.1,-10.8,-1.6,1.04,0.16,-0.03
19,0.09,0.098434,0.214491,0.00237,0.008434,1,-0.2,-10.8,-1.9,1.05,0.17,-0.03
20,0.095,0.100816,0.215975,0.001472,0.005816,1,-0.2,-10.8,-2.1,1.04,0.18,-0.03
21,0.1,0.102301,0.218437,0.002449,0.002301,0,-0.2,-10.8,-2.1,1.04,0.18,-0.03
22,0.105,0.105005,0.22041,0.001717,5.000000000005e-06,0,-0.2,-10.8,-2.3,1.04,0.18,-0.04
23,0.11,0.11,0.226232,0.002544,0,0,-0.3,-10.7,-2.8,1.03,0.19,-0.04
24,0.115,0.115,0.230134,0.001447,0,0,-0.3,-10.8,-3,1.03,0.19,-0.04
25,0.12,0.12,0.23512,0.001431,0,0,-0.3,-10.8,-2.4,1.03,0.18,-0.03
26,0.125,0.125,0.241286,0.002597,0,0,-0.3,-10.9,-2,1.04,0.17,-0.03
27,0.13,0.13,0.245114,0.001427,0,0,-0.5,-10.9,-2.3,1.04,0.18,-0.04
28,0.135,0.135,0.250086,0.001399,0,0,-0.4,-10.8,-2.6,1.04,0.18,-0.04
29,0.14,0.14,0.255391,0.001703,0,0,-0.3,-10.8,-2.8,1.04,0.17,-0.04
30,0.145,0.145,0.261205,0.002517,0,0,-0.4,-10.8,-3.1,1.03,0.19,-0.04
31,0.15,0.15,0.26511,0.001422,0,0,-0.3,-10.8,-2.7,1.04,0.18,-0.04
32,0.155,0.155,0.27111,0.002422,0,0,-0.3,-10.7,-2.5,1.04,0.18,-0.04
33,0.16,0.16,0.276109,0.002421,0,0,-0.3,-10.8,-2.6,1.04,0.18,-0.03
34,0.165,0.165,0.280065,0.001378,0,0,-0.3,-10.8,-2.6,1.04,0.18,-0.04
35,0.17,0.17,0.285233,0.001545,0,0,-0.3,-10.7,-2.7,1.04,0.18,-0.04
36,0.175,0.175001,0.291185,0.002496,9.99999999973245e-07,0,-0.4,-10.8,-3.1,1.04,0.19,-0.04
37,0.18,0.18,0.295133,0.001445,0,0,-0.4,-10.8,-3.5,1.03,0.19,-0.04
38,0.185,0.185,0.30018,0.001493,0,0,-0.3,-10.8,-2.9,1.04,0.18,-0.04
39,0.19,0.19,0.306169,0.002481,0,0,-0.4,-10.7,-2.6,1.04,0.19,-0.04
40,0.195,0.195,0.311121,0.002433,0,0,-0.4,-10.7,-3.1,1.04,0.19,-0.04
41,0.2,0.2,0.315075,0.001386,0,0,-0.5,-10.8,-3,1.04,0.2,-0.04
42,0.205,0.205001,0.320267,0.001578,9.99999999973245e-07,0,-0.3,-10.8,-2.9,1.04,0.19,-0.04
43,0.21,0.21,0.32621,0.002523,0,0,-0.4,-10.8,-3.3,1.03,0.19,-0.04
44,0.215,0.215,0.330094,0.001406,0,0,-0.2,-10.8,-3.9,1.03,0.19,-0.05
45,0.22,0.22,0.335169,0.001481,0,0,-0.2,-10.8,-3.3,1.03,0.18,-0.04
46,0.225,0.225,0.34115,0.002462,0,0,-0.2,-10.8,-3.1,1.03,0.19,-0.04
47,0.23,0.23,0.346114,0.002426,0,0,-0.4,-10.7,-3.2,1.04,0.19,-0.04
48,0.235,0.235001,0.350163,0.001474,9.99999999973245e-07,0,-0.4,-10.7,-3.6,1.03,0.2,-0.05
49,0.24,0.24,0.356162,0.002474,0,0,-0.5,-10.8,-2.9,1.04,0.2,-0.04
50,0.245,0.245,0.361625,0.002939,0,0,-0.3,-10.7,-2.7,1.04,0.18,-0.04
51,0.25,0.250001,0.365563,0.001875,9.99999999973245e-07,0,-0.3,-10.7,-2.6,1.04,0.18,-0.04
52,0.255,0.255001,0.370602,0.001914,9.99999999973245e-07,0,-0.2,-10.8,-3.2,1.03,0.18,-0.04
53,0.26,0.260002,0.375639,0.00195,2.000000000002e-06,0,-0.1,-10.7,-3.3,1.03,0.18,-0.04
54,0.265,0.265001,0.380578,0.00189,9.99999999973245e-07,0,-0.2,-10.9,-2.5,1.04,0.18,-0.03
55,0.27,0.270001,0.385561,0.001873,9.99999999973245e-07,0,-0.4,-10.8,-2.7,1.03,0.18,-0.03
56,0.275,0.275002,0.39095,0.002261,2.000000000002e-06,0,-0.5,-10.8,-2.9,1.04,0.19,-0.04
57,0.28,0.280001,0.396391,0.002703,9.99999999973245e-07,0,-0.6,-10.8,-2.8,1.04,0.18,-0.04
58,0.285,0.285001,0.400096,0.001407,9.99999999973245e-07,0,-0.5,-10.8,-2.6,1.04,0.18,-0.04
59,0.29,0.29,0.406125,0.002437,0,0,-0.3,-10.8,-2.8,1.04,0.18,-0.04
60,0.295,0.295,0.410058,0.00137,0,0,-0.2,-10.8,-2.7,1.04,0.18,-0.04
61,0.3,0.3,0.415113,0.001425,0,0,-0.2,-10.8,-2.4,1.04,0.17,-0.04
62,0.305,0.305,0.421168,0.00248,0,0,-0.2,-10.7,-2.5,1.04,0.17,-0.04
63,0.31,0.31,0.426181,0.002494,0,0,-0.3,-10.7,-2.3,1.05,0.17,-0.04
64,0.315,0.315,0.430113,0.001425,0,0,-0.1,-10.8,-2.2,1.05,0.16,-0.04
65,0.32,0.32,0.436118,0.00243,0,0,-0.2,-10.8,-2.7,1.04,0.17,-0.04
66,0.325,0.325,0.44109,0.002402,0,0,0,-10.7,-2.2,1.04,0.16,-0.03
67,0.33,0.33,0.445064,0.001376,0,0,-0.1,-10.8,-2.6,1.04,0.18,-0.03
68,0.335,0.335,0.450198,0.001511,0,0,-0.2,-10.8,-3.2,1.04,0.18,-0.04
69,0.34,0.34,0.456116,0.00243,0,0,-0.3,-10.9,-3,1.04,0.19,-0.04
70,0.345,0.345001,0.461124,0.002435,9.99999999973245e-07,0,-0.2,-10.7,-3.1,1.03,0.18,-0.04
71,0.35,0.350001,0.465465,0.001778,9.99999999973245e-07,0,-0.2,-10.7,-3.6,1.03,0.19,-0.04
72,0.355,0.355002,0.47072,0.002032,2.000000000002e-06,0,-0.3,-10.7,-3.9,1.02,0.2,-0.05
73,0.36,0.360001,0.476633,0.002947,1.00000000002876e-06,0,-0.3,-10.7,-3.9,1.03,0.2,-0.04
74,0.365,0.365001,0.480526,0.001839,1.00000000002876e-06,0,-0.4,-10.7,-3.6,1.03,0.2,-0.04
75,0.37,0.37,0.486162,0.002474,0,0,-0.4,-10.6,-3.4,1.04,0.2,-0.05
76,0.375,0.375,0.491283,0.002596,0,0,-0.3,-10.6,-2.4,1.05,0.18,-0.04
77,0.38,0.38,0.49545,0.001762,0,0,-0.4,-10.7,-2.7,1.04,0.18,-0.04
78,0.385,0.385001,0.501294,0.002606,9.99999999973245e-07,0,-0.3,-10.7,-2.8,1.04,0.18,-0.04
79,0.39,0.39,0.506361,0.002672,0,0,-0.4,-10.7,-2.7,1.03,0.18,-0.04
80,0.395,0.395001,0.510141,0.001453,9.99999999973245e-07,0,-0.2,-10.7,-1.7,1.04,0.17,-0.03
81,0.4,0.4,0.516082,0.002394,0,0,-0.4,-10.6,-2,1.04,0.18,-0.03
82,0.405,0.405,0.521081,0.002394,0,0,-0.5,-10.7,-2.3,1.04,0.19,-0.04
83,0.41,0.410001,0.525171,0.001482,9.99999999973245e-07,0,-0.5,-10.8,-2.5,1.05,0.19,-0.04
84,0.415,0.415001,0.531171,0.002482,9.99999999973245e-07,0,-0.3,-10.7,-2.7,1.04,0.19,-0.04
85,0.42,0.42,0.536125,0.002437,0,0,-0.4,-10.7,-3.4,1.03,0.2,-0.04
86,0.425,0.425,0.540132,0.001444,0,0,-0.4,-10.7,-3.2,1.04,0.19,-0.04
87,0.43,0.43,0.545315,0.001627,0,0,-0.3,-10.6,-3,1.03,0.19,-0.04
88,0.435,0.435,0.551176,0.002487,0,0,-0.3,-10.6,-2.6,1.04,0.18,-0.04
89,0.44,0.44,0.555306,0.001618,0,0,-0.4,-10.8,-2.8,1.04,0.2,-0.04
90,0.445,0.445,0.560454,0.001765,0,0,-0.5,-10.8,-2.8,1.04,0.2,-0.04
91,0.45,0.45,0.566224,0.002535,0,0,-0.4,-10.8,-2.6,1.04,0.2,-0.03
92,0.455,0.455,0.570097,0.001409,0,0,-0.3,-10.6,-2.7,1.04,0.18,-0.04
93,0.46,0.46,0.575403,0.001716,0,0,-0.2,-10.8,-3.7,1.03,0.2,-0.04
94,0.465,0.465001,0.581226,0.002538,9.99999999973245e-07,0,-0.3,-10.8,-3.2,1.03,0.19,-0.04
95,0.47,0.470001,0.585106,0.001417,9.99999999973245e-07,0,-0.3,-10.8,-3.3,1.03,0.19,-0.04
96,0.475,0.475001,0.590262,0.001573,9.99999999973245e-07,0,-0.3,-10.7,-2.8,1.04,0.19,-0.04
97,0.48,0.480001,0.596192,0.002503,1.00000000002876e-06,0,-0.3,-10.8,-3.2,1.03,0.2,-0.04
98,0.485,0.485,0.600132,0.001445,0,0,-0.1,-10.7,-3.1,1.03,0.19,-0.04
99,0.49,0.49,0.605074,0.001387,0,0,-0.2,-10.8,-2.8,1.03,0.18,-0.03
100,0.495,0.495,0.610597,0.001908,0,0,-0.2,-10.7,-3.4,1.02,0.19,-0.04
101,0.5,0.5,0.616143,0.002455,0,0,-0.2,-10.7,-3.2,1.03,0.19,-0.04
102,0.505,0.505,0.620082,0.001394,0,0,-0.4,-10.8,-3.2,1.03,0.19,-0.04
103,0.51,0.51,0.62625,0.002563,0,0,-0.3,-10.6,-2.9,1.03,0.18,-0.04
104,0.515,0.515,0.631134,0.002446,0,0,-0.3,-10.6,-2.3,1.03,0.18,-0.04
105,0.52,0.52,0.635216,0.001529,0,0,-0.3,-10.7,-2,1.04,0.17,-0.03
106,0.525,0.525,0.641195,0.002507,0,0,-0.2,-10.7,-2.4,1.04,0.17,-0.03
107,0.53,0.53,0.646173,0.002485,0,0,-0.3,-10.8,-2.8,1.04,0.18,-0.04
108,0.535,0.535,0.650078,0.00139,0,0,-0.4,-10.7,-2.8,1.04,0.19,-0.04
109,0.54,0.54,0.656174,0.002487,0,0,-0.5,-10.8,-3.1,1.03,0.19,-0.04
110,0.545,0.545,0.661146,0.002458,0,0,-0.3,-10.8,-2.3,1.04,0.18,-0.03
111,0.55,0.55,0.665097,0.001409,0,0,-0.3,-10.6,-2.9,1.04,0.17,-0.04
112,0.555,0.555,0.67015,0.001463,0,0,-0.3,-10.6,-2.2,1.04,0.17,-0.03
113,0.56,0.56,0.676153,0.002465,0,0,-0.3,-10.8,-2.1,1.05,0.17,-0.04
114,0.565,0.565001,0.680085,0.001396,9.99999999917733e-07,0,-0.4,-10.7,-2.1,1.05,0.17,-0.03
115,0.57,0.570001,0.685064,0.001375,9.99999999917733e-07,0,-0.3,-10.7,-1.9,1.04,0.17,-0.03
116,0.575,0.575001,0.691165,0.002476,9.99999999917733e-07,0,-0.3,-10.8,-1.8,1.05,0.17,-0.04
117,0.58,0.58,0.696105,0.002417,0,0,-0.3,-10.7,-2.3,1.04,0.18,-0.04
118,0.585,0.585,0.700124,0.001436,0,0,-0.3,-10.7,-2.4,1.04,0.18,-0.04
119,0.59,0.59,0.70618,0.002492,0,0,-0.3,-10.8,-2.9,1.04,0.18,-0.04
120,0.595,0.595,0.711131,0.002443,0,0,-0.3,-10.8,-2.6,1.04,0.18,-0.04
121,0.6,0.6,0.715086,0.001398,0,0,-0.3,-10.8,-3.2,1.04,0.19,-0.04
122,0.605,0.605,0.720185,0.001497,0,0,-0.4,-10.8,-3.4,1.03,0.2,-0.05
123,0.61,0.61,0.726251,0.002564,0,0,-0.4,-10.7,-3.2,1.04,0.19,-0.05
124,0.615,0.615,0.730139,0.001451,0,0,-0.5,-10.8,-3.4,1.03,0.19,-0.05
125,0.62,0.62,0.735092,0.001404,0,0,-0.4,-10.7,-3,1.03,0.18,-0.04
126,0.625,0.625,0.741146,0.002458,0,0,-0.4,-10.7,-2.9,1.04,0.18,-0.04
127,0.63,0.63,0.746127,0.002439,0,0,-0.3,-10.6,-2.4,1.04,0.17,-0.04
128,0.635,0.635,0.750201,0.001513,0,0,-0.3,-10.7,-2.5,1.04,0.18,-0.04
129,0.64,0.64,0.755182,0.001495,0,0,-0.3,-10.5,-2.9,1.04,0.17,-0.04
130,0.645,0.645,0.761163,0.002475,0,0,-0.4,-10.6,-3.4,1.03,0.19,-0.04
131,0.65,0.65,0.765186,0.001498,0,0,-0.5,-10.7,-3.6,1.04,0.2,-0.04
132,0.655,0.655,0.770198,0.00151,0,0,-0.3,-10.7,-3.1,1.04,0.19,-0.04
133,0.66,0.66,0.776101,0.002413,0,0,-0.1,-10.7,-2.8,1.03,0.18,-0.03
134,0.665,0.665,0.780066,0.001378,0,0,-0.2,-10.7,-3,1.03,0.18,-0.04
135,0.67,0.67,0.785284,0.001596,0,0,-0.1,-10.8,-2.5,1.04,0.17,-0.04
136,0.675,0.675,0.791235,0.002548,0,0,-0.2,-10.7,-3.2,1.03,0.19,-0.04
137,0.68,0.68,0.796164,0.002476,0,0,-0.2,-10.7,-3.7,1.02,0.19,-0.04
138,0.685,0.685,0.800075,0.001387,0,0,-0.1,-10.8,-3.5,1.03,0.19,-0.04
139,0.69,0.690001,0.806111,0.002422,9.99999999917733e-07,0,-0.1,-10.8,-3.1,1.04,0.18,-0.04
140,0.695,0.695001,0.811098,0.002409,9.99999999917733e-07,0,-0.1,-10.8,-2,1.04,0.16,-0.03
141,0.7,0.700001,0.815054,0.001365,9.99999999917733e-07,0,-0.1,-10.8,-2.4,1.03,0.18,-0.03
142,0.705,0.705,0.820176,0.001488,0,0,-0.2,-10.7,-3,1.03,0.18,-0.03
143,0.71,0.71,0.82622,0.002532,0,0,-0.2,-10.7,-3,1.03,0.18,-0.03
144,0.715,0.715,0.83015,0.001462,0,0,-0.5,-10.8,-3.8,1.03,0.21,-0.05
145,0.72,0.72,0.835101,0.001413,0,0,-0.4,-10.8,-3.4,1.03,0.2,-0.05
146,0.725,0.725,0.841114,0.002426,0,0,-0.4,-10.8,-3.5,1.04,0.19,-0.04
147,0.73,0.73,0.845064,0.001376,0,0,-0.5,-10.9,-3.3,1.04,0.19,-0.04
148,0.735,0.735,0.850076,0.001388,0,0,-0.3,-10.8,-3.1,1.04,0.19,-0.04
149,0.74,0.74,0.85611,0.002422,0,0,-0.1,-10.7,-2.6,1.04,0.17,-0.04
150,0.745,0.745,0.86112,0.002432,0,0,-0.1,-10.7,-2.8,1.04,0.17,-0.04
151,0.75,0.75,0.865085,0.001397,0,0,-0.1,-10.7,-2.6,1.04,0.17,-0.04
152,0.755,0.755,0.870146,0.001458,0,0,-0.2,-10.7,-3,1.04,0.18,-0.04
153,0.76,0.76,0.876114,0.002426,0,0,-0.3,-10.7,-2.9,1.04,0.18,-0.03
154,0.765,0.765,0.881093,0.002405,0,0,-0.3,-10.7,-3.4,1.03,0.19,-0.04
155,0.77,0.77,0.885063,0.001375,0,0,-0.4,-10.8,-4.2,1.03,0.21,-0.05
156,0.775,0.775,0.891121,0.002434,0,0,-0.4,-10.8,-3.6,1.04,0.2,-0.05
157,0.78,0.78,0.89619,0.002502,0,0,-0.4,-10.8,-3.6,1.04,0.2,-0.04
158,0.785,0.785,0.90012,0.001432,0,0,-0.6,-10.9,-3.4,1.04,0.21,-0.05
159,0.79,0.79,0.906299,0.002611,0,0,-0.5,-10.8,-3.4,1.04,0.2,-0.05
160,0.795,0.795,0.911197,0.002508,0,0,-0.5,-10.8,-3.5,1.04,0.21,-0.04
161,0.8,0.8,0.915099,0.001411,0,0,-0.6,-10.8,-3.7,1.03,0.21,-0.05
162,0.805,0.805,0.920279,0.001591,0,0,-0.3,-10.7,-2.4,1.04,0.18,-0.04
163,0.81,0.81,0.926189,0.002501,0,0,-0.3,-10.7,-1.9,1.05,0.17,-0.04
164,0.815,0.815001,0.930091,0.001402,9.99999999917733e-07,0,-0.1,-10.7,-2.3,1.04,0.17,-0.04
165,0.82,0.820001,0.935225,0.001536,9.99999999917733e-07,0,-0.1,-10.7,-2.2,1.04,0.16,-0.04
166,0.825,0.825001,0.941208,0.002519,9.99999999917733e-07,0,-0.2,-10.7,-2.3,1.04,0.18,-0.04
167,0.83,0.830001,0.946196,0.002508,9.99999999917733e-07,0,-0.3,-10.8,-2.6,1.04,0.18,-0.04
168,0.835,0.835,0.950121,0.001433,0,0,-0.4,-10.7,-2.6,1.04,0.19,-0.04
169,0.84,0.84,0.95618,0.002492,0,0,-0.3,-10.8,-3.1,1.04,0.19,-0.04
170,0.845,0.845,0.961174,0.002486,0,0,-0.2,-10.7,-2.9,1.04,0.18,-0.04
171,0.85,0.85,0.965096,0.001408,0,0,-0.3,-10.8,-3.2,1.04,0.19,-0.04
172,0.855,0.855,0.971081,0.002394,0,0,-0.3,-10.8,-3.7,1.03,0.19,-0.05
173,0.86,0.86,0.976098,0.00241,0,0,-0.3,-10.8,-3.5,1.03,0.19,-0.05
174,0.865,0.865,0.980054,0.001366,0,0,-0.4,-10.8,-3.2,1.03,0.19,-0.04
175,0.87,0.87,0.986117,0.002429,0,0,-0.4,-10.7,-3,1.04,0.2,-0.04
176,0.875,0.875,0.99117,0.002482,0,0,-0.3,-10.7,-2.2,1.04,0.18,-0.04
177,0.88,0.88,0.995104,0.001415,0,0,-0.4,-10.8,-2.6,1.04,0.19,-0.04
178,0.885,0.885,1.000118,0.00143,0,0,-0.5,-10.7,-3.1,1.04,0.2,-0.04
179,0.89,0.890002,1.005878,0.002189,1.99999999994649e-06,0,-0.4,-10.6,-2.7,1.04,0.19,-0.04
180,0.895,0.895001,1.011625,0.002937,1.00000000002876e-06,0,-0.2,-10.6,-2.9,1.04,0.18,-0.04
181,0.9,0.9,1.015527,0.001841,0,0,0,-10.6,-2.5,1.04,0.17,-0.04
182,0.905,0.905,1.020848,0.002162,0,0,-0.1,-10.7,-2.3,1.04,0.16,-0.04
183,0.91,0.910001,1.026736,0.003049,9.99999999917733e-07,0,0,-10.7,-2.3,1.04,0.16,-0.04
184,0.915,0.915,1.030231,0.001543,0,0,0,-10.6,-2.3,1.04,0.17,-0.04
185,0.92,0.92,1.036171,0.002484,0,0,-0.2,-10.8,-3,1.05,0.18,-0.05
186,0.925,0.925,1.041119,0.002431,0,0,-0.3,-10.7,-3,1.04,0.19,-0.05
187,0.93,0.93,1.045139,0.001451,0,0,-0.5,-10.7,-3.7,1.04,0.2,-0.05
188,0.935,0.935,1.050274,0.001586,0,0,-0.5,-10.7,-3.7,1.04,0.21,-0.05
189,0.94,0.940001,1.05611,0.002421,9.99999999917733e-07,0,-0.4,-10.8,-3.7,1.03,0.2,-0.05
190,0.945,0.945002,1.06019,0.0015,1.99999999994649e-06,0,-0.4,-10.8,-3.7,1.03,0.2,-0.05
191,0.95,0.950001,1.065187,0.001498,9.99999999917733e-07,0,-0.4,-10.8,-4.1,1.03,0.21,-0.05
192,0.955,0.955001,1.071129,0.002441,9.99999999917733e-07,0,-0.3,-10.8,-3.4,1.03,0.19,-0.04
193,0.96,0.96,1.07513,0.001442,0,0,-0.3,-10.9,-2.1,1.05,0.18,-0.04
194,0.965,0.965,1.080071,0.001383,0,0,-0.3,-10.8,-1.9,1.05,0.17,-0.03
195,0.97,0.97,1.086109,0.002421,0,0,-0.5,-10.9,-2.2,1.04,0.19,-0.03
196,0.975,0.975,1.091137,0.002449,0,0,-0.5,-10.8,-2.1,1.05,0.19,-0.04
197,0.98,0.98,1.09507,0.001382,0,0,-0.4,-10.8,-2.2,1.04,0.18,-0.04
198,0.985,0.985,1.101191,0.002504,0,0,-0.4,-10.8,-2.4,1.04,0.18,-0.04
199,0.99,0.99,1.106076,0.002389,0,0,-0.5,-10.7,-2.9,1.03,0.19,-0.04
200,0.995,0.995,1.110166,0.001478,0,0,-0.5,-10.8,-3,1.03,0.19,-0.04
201,1,1,1.116181,0.002492,0,0,-0.2,-10.7,-3,1.04,0.18,-0.04
202,1.005,1.005001,1.12112,0.002431,9.99999999917733e-07,0,-0.3,-10.8,-2.4,1.04,0.18,-0.04
203,1.01,1.01,1.125157,0.001469,0,0,-0.2,-10.8,-2.9,1.03,0.19,-0.04
204,1.015,1.015001,1.130207,0.001518,9.99999999917733e-07,0,-0.2,-10.8,-2.9,1.03,0.18,-0.03
205,1.02,1.02,1.136157,0.002469,0,0,-0.1,-10.8,-2.7,1.03,0.17,-0.03
206,1.025,1.025,1.141075,0.002387,0,0,-0.2,-10.7,-2.5,1.04,0.18,-0.03
207,1.03,1.03,1.145088,0.0014,0,0,-0.3,-10.8,-2.5,1.04,0.19,-0.04
208,1.035,1.035,1.151072,0.002384,0,0,-0.4,-10.7,-2.9,1.03,0.19,-0.04
209,1.04,1.04,1.156213,0.002526,0,0,-0.4,-10.7,-3.6,1.03,0.2,-0.05
210,1.045,1.045,1.160154,0.001465,0,0,-0.4,-10.7,-3.8,1.03,0.2,-0.05
211,1.05,1.05,1.166275,0.002588,0,0,-0.3,-10.7,-3.5,1.02,0.2,-0.04
212,1.055,1.055,1.171129,0.002441,0,0,-0.3,-10.7,-2.9,1.04,0.19,-0.04
213,1.06,1.06,1.17507,0.001382,0,0,-0.3,-10.8,-2.6,1.04,0.18,-0.04
214,1.065,1.065,1.181487,0.002801,0,0,-0.2,-10.7,-3.3,1.02,0.18,-0.04
215,1.07,1.070001,1.186573,0.002886,9.99999999917733e-07,0,-0.2,-10.7,-3.1,1.03,0.19,-0.04
216,1.075,1.075002,1.190596,0.001907,2.00000000005751e-06,0,-0.1,-10.7,-2.6,1.03,0.18,-0.04
217,1.08,1.08,1.195764,0.002077,0,0,-0.1,-10.8,-2.3,1.04,0.18,-0.04
218,1.085,1.085,1.201206,0.002518,0,0,-0.2,-10.8,-3,1.04,0.19,-0.04
219,1.09,1.09,1.205091,0.001403,0,0,-0.3,-10.8,-2.8,1.04,0.19,-0.05
220,1.095,1.095001,1.210704,0.002016,9.99999999917733e-07,0,-0.2,-10.8,-2.4,1.04,0.19,-0.04
221,1.1,1.1,1.216191,0.002503,0,0,-0.2,-10.8,-2.9,1.04,0.2,-0.04
222,1.105,1.105,1.220106,0.001418,0,0,-0.4,-10.8,-2.9,1.04,0.2,-0.04
223,1.11,1.11,1.225354,0.001665,0,0,-0.3,-10.8,-2.9,1.04,0.2,-0.04
224,1.115,1.115,1.231122,0.002434,0,0,-0.4,-10.8,-2.9,1.04,0.2,-0.04
225,1.12,1.12,1.235066,0.001379,0,0,-0.3,-10.8,-2.6,1.04,0.19,-0.04
226,1.125,1.125,1.240198,0.00151,0,0,-0.4,-10.9,-1.5,1.05,0.18,-0.03
227,1.13,1.130001,1.246158,0.002469,9.99999999917733e-07,0,-0.4,-10.8,-2.4,1.04,0.19,-0.04
228,1.135,1.135,1.250286,0.001598,0,0,-0.6,-10.8,-2.7,1.04,0.2,-0.04
229,1.14,1.140001,1.255266,0.001577,9.99999999917733e-07,0,-0.6,-10.9,-2.8,1.04,0.2,-0.04
230,1.145,1.145,1.261567,0.002878,0,0,-0.5,-10.8,-2.6,1.04,0.2,-0.04
231,1.15,1.150001,1.265131,0.001442,9.99999999917733e-07,0,-0.3,-10.8,-2.4,1.04,0.18,-0.04
232,1.155,1.155,1.270124,0.001436,0,0,-0.3,-10.8,-2.4,1.04,0.18,-0.04
233,1.16,1.16,1.276102,0.002414,0,0,-0.4,-10.8,-3,1.03,0.19,-0.04
234,1.165,1.165,1.281186,0.002498,0,0,-0.4,-10.8,-3.1,1.04,0.19,-0.04
235,1.17,1.17,1.285084,0.001396,0,0,-0.3,-10.8,-2.6,1.04,0.18,-0.04
236,1.175,1.175,1.291098,0.00241,0,0,-0.2,-10.7,-2.6,1.04,0.18,-0.04
237,1.18,1.180001,1.296227,0.002539,1.00000000013978e-06,0,-0.4,-10.8,-3.4,1.03,0.2,-0.05
238,1.185,1.185,1.300077,0.00139,0,0,-0.4,-10.9,-3,1.04,0.2,-0.05
239,1.19,1.19,1.306159,0.002473,0,0,-0.5,-10.9,-3.1,1.04,0.2,-0.05
240,1.195,1.195,1.311156,0.002468,0,0,-0.5,-10.8,-3.1,1.04,0.2,-0.05
241,1.2,1.2,1.315048,0.00136,0,0,-0.4,-10.8,-2.7,1.04,0.19,-0.04
242,1.205,1.205,1.321142,0.002455,0,0,-0.3,-10.7,-3.2,1.04,0.19,-0.04
243,1.21,1.21,1.326183,0.002495,0,0,-0.3,-10.6,-2.8,1.04,0.18,-0.04
244,1.215,1.215,1.330083,0.001395,0,0,-0.4,-10.6,-2.7,1.04,0.18,-0.04
245,1.22,1.22,1.336083,0.002395,0,0,-0.3,-10.6,-3,1.03,0.18,-0.03
246,1.225,1.225,1.341164,0.002476,0,0,-0.3,-10.7,-2.4,1.04,0.17,-0.03
247,1.23,1.23,1.34508,0.001392,0,0,-0.2,-10.7,-3.1,1.03,0.18,-0.04
248,1.235,1.235,1.351128,0.00244,0,0,-0.3,-10.7,-3.1,1.03,0.18,-0.04
249,1.24,1.24,1.355091,0.001404,0,0,-0.2,-10.8,-2.9,1.04,0.18,-0.04
250,1.245,1.245,1.360224,0.001536,0,0,-0.2,-10.8,-2.4,1.05,0.17,-0.04
251,1.25,1.25,1.366136,0.002448,0,0,-0.3,-10.8,-2.5,1.04,0.19,-0.04
252,1.255,1.255001,1.370078,0.001389,9.99999999917733e-07,0,-0.4,-10.7,-2.8,1.04,0.19,-0.04
253,1.26,1.260002,1.375788,0.002099,2.00000000005751e-06,0,-0.4,-10.8,-2.5,1.04,0.19,-0.04
254,1.265,1.265002,1.380563,0.001874,1.99999999983547e-06,0,-0.4,-10.8,-2.9,1.04,0.19,-0.05
255,1.27,1.27,1.38514,0.001452,0,0,-0.4,-10.8,-1.7,1.05,0.18,-0.04
256,1.275,1.275001,1.3901,0.001411,9.99999999917733e-07,0,-0.4,-10.8,-1.7,1.04,0.18,-0.04
257,1.28,1.28,1.396154,0.002465,0,0,-0.4,-10.8,-2.2,1.05,0.18,-0.04
258,1.285,1.285,1.401124,0.002436,0,0,-0.3,-10.7,-2.1,1.04,0.17,-0.04
259,1.29,1.29,1.405062,0.001374,0,0,-0.3,-10.8,-1.6,1.05,0.17,-0.04
260,1.295,1.295,1.410112,0.001424,0,0,-0.3,-10.8,-1.7,1.04,0.17,-0.04
261,1.3,1.3,1.416094,0.002406,0,0,-0.4,-10.9,-2,1.04,0.18,-0.04
262,1.305,1.305,1.420045,0.001357,0,0,-0.4,-10.8,-2.1,1.04,0.18,-0.04
263,1.31,1.31,1.425406,0.001718,0,0,-0.5,-10.8,-2.1,1.04,0.18,-0.04
264,1.315,1.315,1.431154,0.002466,0,0,-0.5,-10.9,-2.8,1.04,0.19,-0.04
265,1.32,1.32,1.435143,0.001455,0,0,-0.3,-10.7,-2.4,1.04,0.18,-0.04
266,1.325,1.325,1.440274,0.001586,0,0,-0.4,-10.7,-3.1,1.03,0.19,-0.04
267,1.33,1.33,1.446121,0.002433,0,0,-0.4,-10.8,-2.9,1.04,0.18,-0.04
268,1.335,1.335,1.450066,0.001377,0,0,-0.3,-10.8,-2.8,1.04,0.19,-0.04
269,1.34,1.34,1.455178,0.00149,0,0,-0.2,-10.7,-2.2,1.04,0.17,-0.04
270,1.345,1.345,1.461257,0.002568,0,0,-0.2,-10.7,-2.8,1.03,0.18,-0.04
271,1.35,1.35,1.465343,0.001656,0,0,-0.2,-10.8,-2.3,1.04,0.17,-0.04
272,1.355,1.355,1.470349,0.001661,0,0,-0.3,-10.7,-2.3,1.04,0.17,-0.04
273,1.36,1.36,1.476187,0.002499,0,0,-0.5,-10.7,-2.5,1.05,0.19,-0.04
274,1.365,1.365,1.481082,0.002394,0,0,-0.5,-10.8,-2.7,1.04,0.2,-0.04
275,1.37,1.37,1.485141,0.001453,0,0,-0.4,-10.8,-2.8,1.04,0.19,-0.04
276,1.375,1.375,1.491269,0.002581,0,0,-0.5,-10.8,-2.9,1.03,0.2,-0.04
277,1.38,1.380001,1.496156,0.002467,9.99999999917733e-07,0,-0.6,-10.8,-3.2,1.03,0.21,-0.04
278,1.385,1.385,1.500231,0.001543,0,0,-0.4,-10.7,-2.9,1.04,0.19,-0.04
279,1.39,1.390001,1.505328,0.001639,9.99999999917733e-07,0,-0.2,-10.8,-2.8,1.03,0.18,-0.04
280,1.395,1.395,1.511142,0.002454,0,0,-0.2,-10.8,-2.2,1.04,0.18,-0.04
281,1.4,1.400001,1.515074,0.001386,9.99999999917733e-07,0,-0.2,-10.7,-2.9,1.03,0.18,-0.04
282,1.405,1.405,1.520157,0.001469,0,0,-0.2,-10.7,-2.9,1.03,0.18,-0.04
283,1.41,1.41,1.526244,0.002556,0,0,-0.1,-10.7,-3.1,1.03,0.18,-0.04
284,1.415,1.415,1.531097,0.002409,0,0,-0.2,-10.7,-2.9,1.04,0.18,-0.04
285,1.42,1.42,1.535065,0.001377,0,0,-0.2,-10.8,-2.7,1.04,0.18,-0.04
286,1.425,1.425,1.541089,0.002401,0,0,-0.3,-10.7,-2.4,1.04,0.18,-0.04
287,1.43,1.43,1.546079,0.00239,0,0,-0.3,-10.7,-2.6,1.03,0.19,-0.04
288,1.435,1.435,1.550062,0.001374,0,0,-0.3,-10.7,-2.9,1.03,0.19,-0.04
289,1.44,1.44,1.555159,0.001471,0,0,-0.6,-10.8,-3,1.04,0.2,-0.04
290,1.445,1.445,1.561174,0.002486,0,0,-0.5,-10.8,-3,1.04,0.19,-0.04
291,1.45,1.45,1.566094,0.002406,0,0,-0.3,-10.8,-2.7,1.03,0.19,-0.04
292,1.455,1.455,1.570064,0.001376,0,0,-0.4,-10.8,-2.7,1.04,0.19,-0.04
293,1.46,1.46,1.576075,0.002387,0,0,-0.4,-10.7,-2.9,1.04,0.19,-0.04
294,1.465,1.465,1.580047,0.00136,0,0,-0.4,-10.8,-3.2,1.03,0.2,-0.04
295,1.47,1.47,1.5852,0.001512,0,0,-0.4,-10.8,-3,1.03,0.2,-0.04
296,1.475,1.475,1.591124,0.002437,0,0,-0.4,-10.9,-2.8,1.03,0.19,-0.04
297,1.48,1.48,1.596087,0.002399,0,0,-0.4,-10.8,-3.1,1.03,0.2,-0.04
298,1.485,1.485,1.600175,0.001487,0,0,-0.4,-10.8,-3.4,1.02,0.2,-0.04
299,1.49,1.49,1.60514,0.001452,0,0,-0.3,-10.7,-3.2,1.03,0.19,-0.04
300,1.495,1.495,1.611102,0.002414,0,0,-0.3,-10.8,-3.1,1.03,0.18,-0.04
301,1.5,1.5,1.615057,0.001369,0,0,-0.3,-10.8,-3.2,1.03,0.19,-0.04
302,1.505,1.505001,1.620059,0.00137,9.99999999917733e-07,0,-0.2,-10.9,-2.7,1.04,0.19,-0.04
303,1.51,1.51,1.626138,0.00245,0,0,-0.3,-10.8,-3.6,1.03,0.2,-0.05
304,1.515,1.515001,1.631082,0.002393,9.99999999917733e-07,0,-0.2,-10.7,-3,1.03,0.18,-0.04
305,1.52,1.52,1.635046,0.001358,0,0,-0.3,-10.8,-3,1.04,0.18,-0.04
306,1.525,1.525001,1.640285,0.001597,9.99999999917733e-07,0,-0.6,-10.8,-3.7,1.03,0.2,-0.05
307,1.53,1.53,1.646088,0.0024,0,0,-0.3,-10.7,-3,1.03,0.18,-0.04
308,1.535,1.535001,1.650069,0.00138,9.99999999917733e-07,0,-0.4,-10.7,-3.6,1.03,0.19,-0.04
309,1.54,1.54,1.655094,0.001405,0,0,-0.5,-10.9,-3.7,1.03,0.19,-0.04
310,1.545,1.545,1.66112,0.002432,0,0,-0.4,-10.8,-3.3,1.03,0.19,-0.04
311,1.55,1.55,1.665059,0.00137,0,0,-0.4,-10.8,-3.1,1.03,0.19,-0.04
312,1.555,1.555,1.670043,0.001356,0,0,-0.3,-10.8,-3,1.03,0.19,-0.04
313,1.56,1.56,1.67611,0.002422,0,0,-0.1,-10.8,-3.2,1.03,0.18,-0.04
314,1.565,1.565,1.681052,0.002364,0,0,-0.2,-10.8,-3.2,1.03,0.18,-0.04
315,1.57,1.57,1.685174,0.001486,0,0,-0.3,-10.7,-3.2,1.03,0.19,-0.05
316,1.575,1.575,1.690302,0.001614,0,0,-0.5,-10.7,-3.4,1.03,0.2,-0.05
317,1.58,1.58,1.696177,0.002489,0,0,-0.4,-10.7,-3.3,1.03,0.19,-0.04
318,1.585,1.585,1.700155,0.001468,0,0,-0.2,-10.7,-2.6,1.04,0.18,-0.04
319,1.59,1.59,1.705111,0.001423,0,0,-0.3,-10.8,-2,1.04,0.17,-0.04
320,1.595,1.595,1.711054,0.002366,0,0,-0.3,-10.9,-2.4,1.04,0.18,-0.04
321,1.6,1.6,1.716167,0.002479,0,0,-0.2,-10.9,-2.7,1.03,0.18,-0.04
322,1.605,1.605,1.720085,0.001397,0,0,-0.2,-10.8,-2.2,1.04,0.18,-0.04
323,1.61,1.61,1.725255,0.001568,0,0,-0.4,-10.9,-2.6,1.04,0.19,-0.04
324,1.615,1.615,1.731092,0.002404,0,0,-0.3,-10.8,-2.6,1.03,0.18,-0.04
325,1.62,1.62,1.73506,0.001372,0,0,-0.4,-10.9,-2.8,1.04,0.18,-0.04
326,1.625,1.625002,1.740627,0.001938,2.00000000005751e-06,0,-0.4,-10.9,-2.7,1.04,0.19,-0.04
327,1.63,1.630003,1.745689,0.001999,2.99999999997524e-06,0,-0.3,-10.8,-3,1.04,0.18,-0.04
328,1.635,1.635,1.751185,0.002497,0,0,-0.3,-10.8,-2.7,1.03,0.18,-0.04
329,1.64,1.640001,1.755266,0.001578,9.99999999917733e-07,0,-0.2,-10.7,-2.9,1.03,0.18,-0.04
330,1.645,1.645001,1.760482,0.001794,9.99999999917733e-07,0,-0.4,-10.8,-3.5,1.03,0.21,-0.05
331,1.65,1.650001,1.766416,0.002727,9.99999999917733e-07,0,-0.6,-10.8,-3.1,1.04,0.2,-0.04
332,1.655,1.655001,1.770499,0.001811,9.99999999917733e-07,0,-0.4,-10.8,-2.3,1.04,0.18,-0.04
333,1.66,1.660002,1.775967,0.002277,1.99999999983547e-06,0,-0.4,-10.9,-2.1,1.04,0.19,-0.04
334,1.665,1.665001,1.782025,0.00334,9.99999999917733e-07,0,-0.5,-10.8,-2.5,1.04,0.19,-0.04
335,1.67,1.670002,1.786075,0.002389,2.00000000005751e-06,0,-0.4,-10.8,-2.2,1.04,0.18,-0.03
336,1.675,1.675002,1.790774,0.002086,2.00000000005751e-06,0,-0.5,-10.9,-2.7,1.03,0.19,-0.04
337,1.68,1.680002,1.796409,0.002718,2.00000000005751e-06,0,-0.4,-10.9,-3.2,1.03,0.19,-0.04
338,1.685,1.685,1.800072,0.001384,0,0,-0.4,-10.9,-3,1.03,0.19,-0.04
339,1.69,1.69,1.805175,0.001487,0,0,-0.1,-10.8,-2.6,1.04,0.17,-0.04
340,1.695,1.695,1.811391,0.002702,0,0,-0.1,-10.8,-2.7,1.04,0.17,-0.04
341,1.7,1.7,1.815126,0.001438,0,0,-0.2,-10.8,-2.5,1.04,0.18,-0.04
342,1.705,1.705,1.82021,0.001522,0,0,-0.2,-10.7,-2.7,1.04,0.18,-0.04
343,1.71,1.710002,1.826078,0.002391,2.00000000005751e-06,0,-0.4,-10.7,-2.9,1.03,0.18,-0.04
344,1.715,1.715001,1.831625,0.002938,9.99999999917733e-07,0,-0.3,-10.7,-2.7,1.04,0.18,-0.04
345,1.72,1.720001,1.835688,0.001999,9.99999999917733e-07,0,-0.2,-10.7,-1.7,1.05,0.17,-0.03
346,1.725,1.725,1.840809,0.002122,0,0,-0.3,-10.7,-2.5,1.04,0.18,-0.04
347,1.73,1.73,1.846389,0.0027,0,0,-0.3,-10.8,-2,1.05,0.17,-0.04
348,1.735,1.735,1.850076,0.001388,0,0,-0.2,-10.8,-2.1,1.05,0.17,-0.04
349,1.74,1.74,1.856177,0.002489,0,0,-0.3,-10.8,-2,1.04,0.18,-0.04
350,1.745,1.745,1.861223,0.002535,0,0,-0.4,-10.7,-2.4,1.04,0.19,-0.04
351,1.75,1.75,1.865103,0.001415,0,0,-0.5,-10.8,-3.1,1.03,0.2,-0.05
352,1.755,1.755001,1.870173,0.001485,9.99999999917733e-07,0,-0.5,-10.9,-3.6,1.03,0.21,-0.05
353,1.76,1.76,1.876134,0.002446,0,0,-0.6,-10.8,-3,1.04,0.2,-0.05
354,1.765,1.765001,1.88008,0.001391,9.99999999917733e-07,0,-0.6,-10.8,-3.1,1.04,0.2,-0.05
355,1.77,1.77,1.885153,0.001465,0,0,-0.6,-10.8,-2.8,1.04,0.2,-0.04
356,1.775,1.775001,1.89109,0.002402,9.99999999917733e-07,0,-0.5,-10.8,-2.1,1.05,0.19,-0.04
357,1.78,1.78,1.896104,0.002416,0,0,-0.3,-10.8,-2.1,1.05,0.18,-0.03
358,1.785,1.785001,1.900063,0.001374,9.99999999917733e-07,0,-0.4,-10.8,-2.5,1.04,0.18,-0.04
359,1.79,1.79,1.906089,0.002401,0,0,-0.3,-10.8,-2.9,1.03,0.18,-0.04
360,1.795,1.795,1.911104,0.002416,0,0,-0.2,-10.7,-2.5,1.04,0.17,-0.04
361,1.8,1.8,1.915044,0.001356,0,0,-0.2,-10.8,-2.4,1.04,0.18,-0.04
362,1.805,1.805,1.921107,0.002419,0,0,-0.1,-10.7,-2.8,1.03,0.17,-0.04
363,1.81,1.81,1.926186,0.002497,0,0,-0.1,-10.8,-2.7,1.03,0.17,-0.04
364,1.815,1.815,1.930074,0.001386,0,0,-0.2,-10.7,-2.7,1.03,0.18,-0.04
365,1.82,1.82,1.935432,0.001744,0,0,-0.3,-10.6,-2.5,1.03,0.18,-0.03
366,1.825,1.825,1.941103,0.002415,0,0,-0.3,-10.6,-2.8,1.04,0.18,-0.04
367,1.83,1.83,1.945047,0.001359,0,0,-0.4,-10.7,-3.1,1.04,0.19,-0.04
368,1.835,1.835,1.950162,0.001474,0,0,-0.4,-10.8,-3,1.04,0.19,-0.04
369,1.84,1.84,1.956289,0.002602,0,0,-0.4,-10.6,-3.1,1.03,0.19,-0.04
370,1.845,1.845,1.96118,0.002493,0,0,-0.5,-10.6,-2.8,1.04,0.19,-0.04
371,1.85,1.85,1.965063,0.001375,0,0,-0.5,-10.6,-2.8,1.03,0.19,-0.04
372,1.855,1.855,1.971063,0.002376,0,0,-0.4,-10.6,-2.9,1.03,0.19,-0.04
373,1.86,1.86,1.975052,0.001364,0,0,-0.4,-10.7,-3,1.03,0.19,-0.04
374,1.865,1.865,1.980039,0.001351,0,0,-0.6,-10.7,-3.6,1.03,0.21,-0.04
375,1.87,1.87,1.986032,0.002344,0,0,-0.6,-10.7,-3.6,1.02,0.21,-0.04
376,1.875,1.875,1.991072,0.002384,0,0,-0.6,-10.7,-3,1.03,0.2,-0.04
377,1.88,1.880001,1.995073,0.001384,9.99999999917733e-07,0,-0.4,-10.8,-3.1,1.04,0.2,-0.04
378,1.885,1.885,2.001221,0.002533,0,0,-0.3,-10.8,-2.8,1.04,0.19,-0.04
379,1.89,1.890001,2.006099,0.00241,9.99999999917733e-07,0,-0.3,-10.7,-2.6,1.04,0.18,-0.04
380,1.895,1.895,2.010058,0.001369,0,0,-0.2,-10.7,-2.9,1.03,0.18,-0.04
381,1.9,1.900001,2.016076,0.002387,9.99999999917733e-07,0,-0.2,-10.8,-2.4,1.03,0.18,-0.04
382,1.905,1.905,2.021113,0.002425,0,0,-0.3,-10.8,-2.6,1.03,0.19,-0.04
383,1.91,1.910002,2.025215,0.001525,1.99999999983547e-06,0,-0.2,-10.7,-2.8,1.03,0.18,-0.04
384,1.915,1.915,2.031133,0.002445,0,0,-0.2,-10.8,-3,1.03,0.19,-0.04
385,1.92,1.92,2.036089,0.002401,0,0,-0.3,-10.9,-3.2,1.03,0.2,-0.04
386,1.925,1.925,2.040154,0.001466,0,0,-0.3,-10.9,-3,1.03,0.19,-0.04
387,1.93,1.93,2.04517,0.001482,0,0,-0.2,-10.8,-2.8,1.04,0.18,-0.04
388,1.935,1.935,2.051098,0.00241,0,0,-0.3,-10.8,-3.3,1.03,0.19,-0.04
389,1.94,1.94,2.055112,0.001425,0,0,-0.3,-10.7,-3.6,1.03,0.19,-0.04
390,1.945,1.945,2.060229,0.00154,0,0,-0.3,-10.8,-3.5,1.03,0.19,-0.04
391,1.95,1.95,2.066073,0.002385,0,0,-0.2,-10.7,-3.1,1.03,0.18,-0.04
392,1.955,1.955,2.071219,0.002531,0,0,-0.2,-10.7,-3.2,1.03,0.18,-0.04
393,1.96,1.96,2.075135,0.001447,0,0,-0.4,-10.7,-3.6,1.03,0.2,-0.05
394,1.965,1.965,2.081161,0.002473,0,0,-0.3,-10.8,-2.8,1.03,0.19,-0.04
395,1.97,1.97,2.086161,0.002473,0,0,-0.4,-10.8,-2.5,1.04,0.19,-0.04
396,1.975,1.975,2.090121,0.001433,0,0,-0.4,-10.7,-2.7,1.03,0.19,-0.05
397,1.98,1.98,2.096079,0.002391,0,0,-0.3,-10.7,-2.5,1.04,0.19,-0.04
398,1.985,1.985,2.101056,0.002368,0,0,-0.3,-10.8,-2.9,1.03,0.19,-0.04
399,1.99,1.99,2.105028,0.00134,0,0,-0.3,-10.8,-2.3,1.04,0.17,-0.04
400,1.995,1.995,2.111084,0.002396,0,0,-0.6,-10.8,-2.9,1.03,0.19,-0.04
401,2,2,2.116055,0.002367,0,0,-0.5,-10.7,-2.5,1.03,0.18,-0.04
402,2.005,2.005,2.120027,0.00134,0,0,-0.4,-10.7,-2.8,1.03,0.19,-0.04
403,2.01,2.010002,2.125328,0.001639,1.99999999983547e-06,0,-0.2,-10.7,-3,1.03,0.19,-0.04
404,2.015,2.015,2.131085,0.002397,0,0,-0.3,-10.7,-2.9,1.03,0.18,-0.04
405,2.02,2.02,2.136045,0.002358,0,0,-0.3,-10.8,-3.1,1.03,0.18,-0.04
406,2.025,2.025,2.140172,0.001485,0,0,-0.3,-10.8,-3.2,1.04,0.19,-0.04
407,2.03,2.030001,2.146107,0.002419,9.99999999695689e-07,0,-0.3,-10.8,-3.2,1.03,0.2,-0.04
408,2.035,2.035,2.151192,0.002505,0,0,-0.4,-10.9,-3.3,1.03,0.19,-0.04
409,2.04,2.04,2.155044,0.001357,0,0,-0.2,-10.8,-2,1.04,0.17,-0.04
410,2.045,2.045,2.161175,0.002487,0,0,-0.2,-10.8,-2.4,1.04,0.18,-0.04
411,2.05,2.05,2.166081,0.002394,0,0,-0.4,-10.8,-2.7,1.03,0.18,-0.04
412,2.055,2.055,2.170139,0.001451,0,0,-0.4,-10.8,-2.6,1.04,0.18,-0.04
413,2.06,2.060001,2.175384,0.001695,1.00000000013978e-06,0,-0.5,-10.8,-3,1.03,0.19,-0.04
414,2.065,2.065,2.181129,0.002441,0,0,-0.4,-10.7,-3.3,1.03,0.19,-0.04
415,2.07,2.07,2.185187,0.0015,0,0,-0.5,-10.8,-3.7,1.03,0.2,-0.04
416,2.075,2.075,2.190191,0.001503,0,0,-0.4,-10.8,-3.6,1.03,0.2,-0.04
417,2.08,2.08,2.196122,0.002434,0,0,-0.3,-10.7,-3.6,1.03,0.19,-0.04
418,2.085,2.085,2.200067,0.001379,0,0,-0.3,-10.7,-3.5,1.03,0.19,-0.05
419,2.09,2.09,2.205098,0.00141,0,0,-0.3,-10.7,-3.8,1.02,0.2,-0.04
420,2.095,2.095003,2.211033,0.002345,2.99999999997524e-06,0,-0.6,-10.8,-3.9,1.03,0.22,-0.04
421,2.1,2.100002,2.216343,0.002653,1.99999999983547e-06,0,-0.7,-10.8,-3.5,1.03,0.21,-0.05
422,2.105,2.105,2.220055,0.001367,0,0,-0.6,-10.9,-3.3,1.04,0.21,-0.04
423,2.11,2.11,2.225236,0.001548,0,0,-0.5,-10.9,-2.8,1.04,0.2,-0.04
424,2.115,2.115001,2.231436,0.002748,9.99999999695689e-07,0,-0.5,-10.9,-2.8,1.03,0.19,-0.04
425,2.12,2.120001,2.235236,0.001548,9.99999999695689e-07,0,-0.4,-10.8,-2.3,1.04,0.18,-0.04
426,2.125,2.125,2.241148,0.00246,0,0,-0.3,-10.7,-2.4,1.04,0.17,-0.04
427,2.13,2.13,2.246053,0.002365,0,0,-0.4,-10.8,-2.5,1.04,0.18,-0.04
428,2.135,2.135001,2.250038,0.001349,9.99999999695689e-07,0,-0.3,-10.8,-3.3,1.03,0.19,-0.04
429,2.14,2.14,2.255296,0.001608,0,0,-0.3,-10.9,-3.1,1.04,0.2,-0.04
430,2.145,2.145,2.26123,0.002541,0,0,-0.4,-10.9,-3.1,1.04,0.19,-0.04
431,2.15,2.15,2.265059,0.001372,0,0,-0.3,-10.8,-3.1,1.04,0.18,-0.04
432,2.155,2.155001,2.270094,0.001405,9.99999999695689e-07,0,-0.3,-10.8,-2.6,1.04,0.18,-0.04
433,2.16,2.16,2.276096,0.002408,0,0,-0.3,-10.7,-2.6,1.04,0.18,-0.04
434,2.165,2.165,2.280085,0.001398,0,0,-0.3,-10.8,-2.1,1.04,0.18,-0.04
435,2.17,2.17,2.285149,0.001461,0,0,-0.3,-10.7,-2.1,1.04,0.18,-0.04
436,2.175,2.175001,2.291072,0.002383,9.99999999695689e-07,0,-0.2,-10.7,-2,1.04,0.17,-0.03
437,2.18,2.18,2.295062,0.001374,0,0,-0.3,-10.8,-2.1,1.04,0.18,-0.04
438,2.185,2.185,2.300151,0.001463,0,0,-0.4,-10.7,-2.4,1.04,0.18,-0.04
439,2.19,2.19,2.306092,0.002404,0,0,-0.3,-10.7,-2.6,1.04,0.18,-0.04
440,2.195,2.195,2.311071,0.002383,0,0,-0.3,-10.8,-3.2,1.03,0.18,-0.04
441,2.2,2.2,2.315057,0.001369,0,0,-0.4,-10.8,-3.3,1.03,0.19,-0.04
442,2.205,2.205,2.32108,0.002392,0,0,-0.3,-10.7,-2.7,1.03,0.18,-0.04
443,2.21,2.21,2.326146,0.002458,0,0,-0.4,-10.7,-3.2,1.03,0.18,-0.04
444,2.215,2.215,2.330044,0.001356,0,0,-0.4,-10.8,-2.9,1.03,0.18,-0.04
445,2.22,2.22,2.335182,0.001494,0,0,-0.4,-10.8,-2.6,1.04,0.18,-0.04
446,2.225,2.225,2.3411,0.002412,0,0,-0.4,-10.8,-2.7,1.04,0.18,-0.04
447,2.23,2.23,2.345033,0.001345,0,0,-0.5,-10.8,-2.1,1.04,0.17,-0.04
448,2.235,2.235,2.350181,0.001493,0,0,-0.3,-10.8,-2,1.05,0.17,-0.04
449,2.24,2.24,2.356117,0.002429,0,0,-0.3,-10.8,-2.5,1.04,0.17,-0.04
450,2.245,2.245,2.360076,0.001388,0,0,-0.5,-10.8,-3.2,1.04,0.19,-0.04
451,2.25,2.25,2.365187,0.001499,0,0,-0.5,-10.8,-3.1,1.04,0.19,-0.04
452,2.255,2.255,2.371187,0.002499,0,0,-0.3,-10.7,-3,1.04,0.18,-0.04
453,2.26,2.260001,2.376115,0.002426,9.99999999695689e-07,0,-0.4,-10.7,-2.3,1.04,0.17,-0.04
454,2.265,2.265,2.380017,0.001329,0,0,-0.3,-10.8,-2.6,1.04,0.18,-0.04
455,2.27,2.27,2.386129,0.002441,0,0,-0.3,-10.8,-2.3,1.04,0.18,-0.03
456,2.275,2.275,2.390071,0.001383,0,0,-0.4,-10.9,-2.6,1.04,0.19,-0.04
457,2.28,2.280001,2.395153,0.001463,9.99999999695689e-07,0,-0.4,-10.9,-2.5,1.04,0.19,-0.04
458,2.285,2.285,2.401121,0.002433,0,0,-0.5,-10.8,-2.7,1.04,0.2,-0.04
459,2.29,2.29,2.405094,0.001407,0,0,-0.6,-10.8,-2.6,1.04,0.19,-0.04
460,2.295,2.295,2.410114,0.001426,0,0,-0.4,-10.7,-2.6,1.03,0.19,-0.04
461,2.3,2.300001,2.416093,0.002404,9.99999999695689e-07,0,-0.4,-10.7,-3.3,1.03,0.2,-0.04
462,2.305,2.305,2.421034,0.002347,0,0,-0.2,-10.7,-2.7,1.03,0.18,-0.04
463,2.31,2.31,2.425035,0.001347,0,0,-0.2,-10.7,-3,1.03,0.19,-0.04
464,2.315,2.315,2.43112,0.002432,0,0,-0.3,-10.7,-2.9,1.03,0.18,-0.04
465,2.32,2.32,2.436032,0.002344,0,0,-0.3,-10.8,-3,1.03,0.18,-0.04
466,2.325,2.325,2.440015,0.001327,0,0,-0.3,-10.9,-3.1,1.04,0.19,-0.04
467,2.33,2.33,2.446109,0.002421,0,0,-0.3,-10.8,-3.3,1.03,0.19,-0.05
468,2.335,2.335,2.451053,0.002366,0,0,-0.2,-10.7,-2.8,1.03,0.18,-0.04
469,2.34,2.34,2.455027,0.001339,0,0,-0.2,-10.8,-2.7,1.04,0.17,-0.04
470,2.345,2.345,2.460137,0.001449,0,0,-0.2,-10.6,-2.9,1.03,0.18,-0.04
471,2.35,2.35,2.466144,0.002456,0,0,-0.2,-10.7,-3.2,1.03,0.18,-0.04
472,2.355,2.355,2.471102,0.002414,0,0,-0.2,-10.7,-3,1.03,0.19,-0.04
473,2.36,2.36,2.475042,0.001354,0,0,-0.4,-10.7,-3,1.04,0.19,-0.04
474,2.365,2.365,2.481109,0.002421,0,0,-0.3,-10.8,-2.6,1.04,0.18,-0.04
475,2.37,2.370001,2.486192,0.002505,9.99999999695689e-07,0,-0.3,-10.7,-2.2,1.04,0.18,-0.03
476,2.375,2.375,2.490105,0.001417,0,0,-0.4,-10.7,-2.7,1.04,0.18,-0.04
477,2.38,2.38,2.496173,0.002484,0,0,-0.4,-10.7,-2.3,1.04,0.18,-0.04
478,2.385,2.385001,2.50107,0.002381,9.99999999695689e-07,0,-0.4,-10.8,-2.8,1.04,0.2,-0.04
479,2.39,2.39,2.505038,0.00135,0,0,-0.3,-10.8,-2.6,1.04,0.19,-0.04
480,2.395,2.395,2.511173,0.002484,0,0,-0.2,-10.7,-3.1,1.03,0.18,-0.04
481,2.4,2.4,2.515025,0.001337,0,0,-0.2,-10.8,-3.2,1.03,0.18,-0.05
482,2.405,2.405001,2.52008,0.001391,9.99999999695689e-07,0,-0.1,-10.7,-3.1,1.03,0.17,-0.04
483,2.41,2.41,2.526178,0.002491,0,0,-0.2,-10.8,-3,1.03,0.18,-0.04
484,2.415,2.415,2.531068,0.00238,0,0,-0.3,-10.8,-3.3,1.03,0.18,-0.05
485,2.42,2.42,2.535117,0.00143,0,0,-0.3,-10.8,-3.6,1.03,0.19,-0.04
486,2.425,2.425001,2.541119,0.00243,9.99999999695689e-07,0,-0.4,-10.7,-3.7,1.03,0.19,-0.04
487,2.43,2.43,2.545079,0.001391,0,0,-0.5,-10.8,-3.7,1.03,0.2,-0.04
488,2.435,2.435,2.550267,0.001579,0,0,-0.4,-10.7,-2.6,1.04,0.18,-0.04
489,2.44,2.44,2.556139,0.002451,0,0,-0.3,-10.8,-1.7,1.04,0.18,-0.03
490,2.445,2.445,2.561118,0.00243,0,0,-0.2,-10.8,-1.8,1.04,0.17,-0.03
491,2.45,2.45,2.565096,0.001408,0,0,-0.4,-10.8,-2.5,1.04,0.19,-0.04
492,2.455,2.455,2.571203,0.002515,0,0,-0.5,-10.8,-3.1,1.03,0.19,-0.04
493,2.46,2.46,2.576114,0.002426,0,0,-0.6,-10.8,-3.7,1.03,0.21,-0.04
494,2.465,2.465,2.580033,0.001345,0,0,-0.5,-10.8,-3,1.03,0.2,-0.03
495,2.47,2.47,2.586141,0.002453,0,0,-0.4,-10.8,-2.9,1.03,0.19,-0.04
496,2.475,2.475,2.591146,0.002458,0,0,-0.4,-10.9,-2.8,1.04,0.19,-0.03
497,2.48,2.48,2.595041,0.001353,0,0,-0.4,-10.8,-2.6,1.04,0.19,-0.03
498,2.485,2.485,2.601122,0.002434,0,0,-0.5,-10.9,-2.8,1.04,0.2,-0.04
499,2.49,2.49,2.606085,0.002397,0,0,-0.6,-10.9,-3,1.04,0.2,-0.04
500,2.495,2.495,2.610053,0.001365,0,0,-0.4,-10.8,-2.9,1.04,0.2,-0.04
501,2.5,2.5,2.615422,0.001734,0,0,-0.3,-10.7,-3.4,1.03,0.2,-0.04
502,2.505,2.505,2.621167,0.002472,0,0,-0.4,-10.7,-3,1.04,0.19,-0.04
503,2.51,2.510001,2.625152,0.001463,9.99999999695689e-07,0,-0.4,-10.7,-2.9,1.04,0.19,-0.05
504,2.515,2.515,2.630263,0.001575,0,0,-0.3,-10.6,-2.5,1.03,0.18,-0.04
505,2.52,2.52,2.636112,0.002424,0,0,-0.5,-10.8,-2.7,1.03,0.19,-0.04
506,2.525,2.525,2.640033,0.001345,0,0,-0.5,-10.7,-3.2,1.03,0.19,-0.04
507,2.53,2.530001,2.645311,0.001621,9.99999999695689e-07,0,-0.6,-10.7,-3.3,1.04,0.2,-0.04
508,2.535,2.535,2.651111,0.002423,0,0,-0.5,-10.8,-3.5,1.04,0.2,-0.05
509,2.54,2.54,2.655036,0.001348,0,0,-0.5,-10.7,-3.7,1.03,0.2,-0.05
510,2.545,2.545002,2.660485,0.001794,2.00000000027956e-06,0,-0.3,-10.6,-2.9,1.04,0.18,-0.04
511,2.55,2.550001,2.666116,0.002427,9.99999999695689e-07,0,-0.3,-10.7,-2.7,1.04,0.18,-0.04
512,2.555,2.555,2.670054,0.001366,0,0,-0.4,-10.7,-3.7,1.03,0.19,-0.04
513,2.56,2.56,2.675212,0.001524,0,0,-0.4,-10.8,-3.3,1.03,0.19,-0.04
514,2.565,2.565,2.681077,0.002389,0,0,-0.5,-10.7,-2.9,1.04,0.19,-0.04
515,2.57,2.57,2.685031,0.001343,0,0,-0.4,-10.8,-3.3,1.04,0.19,-0.04
516,2.575,2.575,2.690194,0.001507,0,0,-0.4,-10.9,-3.2,1.04,0.19,-0.04
517,2.58,2.58,2.696141,0.002453,0,0,-0.3,-10.8,-3.1,1.04,0.18,-0.05
518,2.585,2.585,2.700045,0.001356,0,0,-0.5,-10.9,-3.3,1.04,0.2,-0.04
519,2.59,2.59,2.705154,0.001466,0,0,-0.5,-10.9,-2.9,1.04,0.19,-0.04
520,2.595,2.595,2.7111,0.002412,0,0,-0.4,-10.9,-3.3,1.04,0.19,-0.04
521,2.6,2.6,2.715039,0.001351,0,0,-0.2,-10.8,-3.1,1.04,0.18,-0.04
522,2.605,2.605,2.720129,0.001441,0,0,-0.1,-10.7,-2.8,1.04,0.17,-0.04
523,2.61,2.61,2.726259,0.002571,0,0,-0.2,-10.8,-2.6,1.04,0.17,-0.04
524,2.615,2.615,2.730066,0.001378,0,0,-0.5,-10.7,-2.9,1.04,0.19,-0.04
525,2.62,2.62,2.735081,0.001393,0,0,-0.4,-10.8,-3.1,1.04,0.18,-0.04
526,2.625,2.625,2.741176,0.002489,0,0,-0.4,-10.9,-2.7,1.04,0.18,-0.04
527,2.63,2.63,2.746119,0.002431,0,0,-0.4,-10.9,-2.9,1.04,0.19,-0.04
528,2.635,2.635001,2.750045,0.001356,9.99999999695689e-07,0,-0.6,-10.8,-3.4,1.04,0.2,-0.04
529,2.64,2.64,2.756115,0.002428,0,0,-0.4,-10.7,-3,1.04,0.19,-0.04
530,2.645,2.645,2.761212,0.002523,0,0,-0.5,-10.8,-2.8,1.04,0.19,-0.04
531,2.65,2.65,2.765068,0.00138,0,0,-0.4,-10.8,-3,1.04,0.19,-0.04
532,2.655,2.655001,2.770627,0.001938,9.99999999695689e-07,0,-0.4,-10.8,-2.5,1.04,0.18,-0.03
533,2.66,2.660002,2.776408,0.00271,1.99999999983547e-06,0,-0.3,-10.7,-3.2,1.03,0.19,-0.03
534,2.665,2.665,2.7801,0.001412,0,0,-0.3,-10.6,-3.3,1.03,0.19,-0.04
535,2.67,2.67,2.786121,0.002433,0,0,-0.3,-10.7,-3.4,1.03,0.18,-0.04
536,2.675,2.675001,2.791203,0.002514,9.99999999695689e-07,0,-0.2,-10.7,-3.1,1.04,0.18,-0.04
537,2.68,2.68,2.795069,0.001381,0,0,-0.3,-10.8,-3.2,1.03,0.2,-0.04
538,2.685,2.685,2.80006,0.001372,0,0,-0.3,-10.7,-2.9,1.04,0.19,-0.04
539,2.69,2.69,2.806155,0.002467,0,0,-0.3,-10.8,-2.8,1.03,0.19,-0.04
540,2.695,2.695,2.810071,0.001384,0,0,-0.2,-10.7,-2.1,1.04,0.17,-0.04
541,2.7,2.7,2.816179,0.002492,0,0,-0.3,-10.8,-2.2,1.05,0.18,-0.04
542,2.705,2.705001,2.821221,0.002532,1.00000000013978e-06,0,-0.2,-10.8,-1.6,1.05,0.17,-0.03
543,2.71,2.71,2.825231,0.001543,0,0,-0.3,-10.8,-2,1.04,0.18,-0.03
544,2.715,2.715,2.830445,0.001757,0,0,-0.3,-10.8,-2.2,1.04,0.18,-0.03
545,2.72,2.72,2.83611,0.002422,0,0,-0.4,-10.7,-2.3,1.04,0.18,-0.04
546,2.725,2.725,2.840151,0.001463,0,0,-0.4,-10.8,-2.7,1.04,0.19,-0.04
547,2.73,2.73,2.845132,0.001444,0,0,-0.4,-10.7,-2.9,1.03,0.19,-0.04
548,2.735,2.735,2.851301,0.002614,0,0,-0.3,-10.7,-3,1.03,0.18,-0.05
549,2.74,2.74,2.855077,0.001391,0,0,-0.3,-10.7,-2.8,1.03,0.18,-0.04
550,2.745,2.745001,2.860211,0.001523,9.99999999695689e-07,0,-0.2,-10.8,-2.6,1.04,0.18,-0.04
551,2.75,2.75,2.86612,0.002432,0,0,-0.2,-10.8,-3.4,1.03,0.19,-0.04
552,2.755,2.755,2.870184,0.001496,0,0,-0.3,-10.8,-3.2,1.03,0.19,-0.04
553,2.76,2.760001,2.875118,0.00143,9.99999999695689e-07,0,-0.3,-10.7,-3.4,1.03,0.19,-0.04
554,2.765,2.765,2.881091,0.002403,0,0,-0.4,-10.7,-4.1,1.02,0.2,-0.04
555,2.77,2.77,2.88509,0.001403,0,0,-0.4,-10.6,-3.8,1.03,0.19,-0.05
556,2.775,2.775,2.890101,0.001414,0,0,-0.5,-10.7,-3.8,1.03,0.2,-0.04
557,2.78,2.780001,2.896174,0.002485,9.99999999695689e-07,0,-0.5,-10.7,-3.5,1.03,0.2,-0.04
558,2.785,2.785,2.900045,0.001358,0,0,-0.6,-10.7,-3.6,1.03,0.2,-0.04
559,2.79,2.79,2.905211,0.001523,0,0,-0.7,-10.7,-4,1.03,0.21,-0.05
560,2.795,2.795,2.911268,0.002581,0,0,-0.6,-10.7,-4.2,1.03,0.2,-0.05
561,2.8,2.800001,2.915048,0.00136,9.99999999695689e-07,0,-0.6,-10.7,-4.3,1.02,0.21,-0.05
562,2.805,2.805,2.920052,0.001365,0,0,-0.5,-10.7,-3.9,1.03,0.21,-0.05
563,2.81,2.81,2.926217,0.00253,0,0,-0.4,-10.8,-2.9,1.04,0.19,-0.04
564,2.815,2.815,2.930156,0.001469,0,0,-0.3,-10.8,-3.1,1.03,0.19,-0.04
565,2.82,2.82,2.935304,0.001617,0,0,-0.2,-10.9,-2.9,1.03,0.18,-0.03
566,2.825,2.825,2.941133,0.002445,0,0,-0.2,-10.9,-3.7,1.03,0.19,-0.04
567,2.83,2.83,2.945054,0.001368,0,0,-0.5,-10.9,-4.2,1.03,0.2,-0.05
568,2.835,2.835,2.950081,0.001394,0,0,-0.4,-10.7,-3.6,1.03,0.19,-0.05
569,2.84,2.84,2.956109,0.002422,0,0,-0.4,-10.8,-3.4,1.03,0.19,-0.04
570,2.845,2.845,2.961132,0.002445,0,0,-0.4,-10.9,-3.4,1.03,0.19,-0.04
571,2.85,2.85,2.965119,0.001432,0,0,-0.4,-10.8,-2.7,1.04,0.19,-0.04
572,2.855,2.855,2.971159,0.002472,0,0,-0.2,-10.9,-2.8,1.04,0.18,-0.04
573,2.86,2.86,2.97613,0.002443,0,0,-0.2,-10.9,-2.3,1.04,0.17,-0.04
574,2.865,2.865,2.980063,0.001376,0,0,-0.3,-10.9,-3.1,1.04,0.19,-0.04
575,2.87,2.87,2.986053,0.002366,0,0,-0.3,-10.8,-3.1,1.03,0.18,-0.04
576,2.875,2.875,2.991127,0.002439,0,0,-0.1,-10.8,-3.4,1.03,0.18,-0.04
577,2.88,2.88,2.995071,0.001383,0,0,-0.3,-10.8,-3.4,1.03,0.19,-0.04
578,2.885,2.885001,3.001128,0.002439,9.99999999695689e-07,0,-0.4,-10.9,-3,1.04,0.19,-0.04
579,2.89,2.89,3.006223,0.002536,0,0,-0.4,-10.9,-2.8,1.04,0.19,-0.04
580,2.895,2.895001,3.010144,0.001456,1.00000000013978e-06,0,-0.3,-10.8,-2.5,1.04,0.18,-0.04
581,2.9,2.9,3.01616,0.002473,0,0,-0.2,-10.7,-2.7,1.04,0.18,-0.04
582,2.905,2.905001,3.021163,0.002474,9.99999999695689e-07,0,-0.1,-10.6,-2.9,1.04,0.17,-0.04
583,2.91,2.91,3.025093,0.001405,0,0,-0.2,-10.7,-2.6,1.04,0.17,-0.04
584,2.915,2.915,3.031155,0.002467,0,0,-0.3,-10.8,-2.3,1.04,0.17,-0.04
585,2.92,2.92,3.036067,0.002379,0,0,-0.3,-10.8,-1.8,1.05,0.16,-0.04
586,2.925,2.925001,3.040047,0.001359,9.99999999695689e-07,0,-0.3,-10.7,-2.4,1.04,0.17,-0.04
587,2.93,2.930003,3.045746,0.002056,2.99999999997524e-06,0,-0.4,-10.8,-2.7,1.03,0.18,-0.04
588,2.935,2.935002,3.051273,0.002584,1.99999999983547e-06,0,-0.3,-10.7,-2.4,1.03,0.18,-0.03
589,2.94,2.94,3.055083,0.001397,0,0,-0.3,-10.8,-2.5,1.04,0.19,-0.03
590,2.945,2.945,3.061301,0.002613,0,0,-0.3,-10.8,-2.5,1.04,0.18,-0.04
591,2.95,2.95,3.06614,0.002453,0,0,-0.3,-10.8,-1.8,1.04,0.18,-0.03
592,2.955,2.955,3.070079,0.001391,0,0,-0.4,-10.8,-2,1.04,0.18,-0.03
593,2.96,2.96,3.076128,0.00244,0,0,-0.4,-10.8,-1.8,1.04,0.17,-0.03
594,2.965,2.965,3.081069,0.002381,0,0,-0.3,-10.8,-2.7,1.03,0.19,-0.04
595,2.97,2.97,3.085104,0.001417,0,0,-0.4,-10.8,-2.6,1.04,0.18,-0.04
596,2.975,2.975,3.091142,0.002455,0,0,-0.3,-10.7,-2.4,1.04,0.17,-0.04
597,2.98,2.98,3.096071,0.002384,0,0,-0.2,-10.7,-2.8,1.04,0.17,-0.04
598,2.985,2.985,3.100026,0.001338,0,0,-0.2,-10.8,-3.1,1.03,0.18,-0.04
599,2.99,2.99,3.106262,0.002575,0,0,-0.2,-10.7,-3.5,1.02,0.18,-0.04
600,2.995,2.995,3.11111,0.002422,0,0,-0.2,-10.8,-2.8,1.03,0.18,-0.04
601,3,3,3.115044,0.001358,0,0,-0.2,-10.7,-2.6,1.04,0.17,-0.04
602,3.005,3.005,3.120183,0.001495,0,0,-0.2,-10.8,-2,1.04,0.17,-0.04
603,3.01,3.010001,3.126292,0.002603,9.99999999695689e-07,0,-0.2,-10.8,-2.3,1.04,0.17,-0.03
604,3.015,3.015,3.130116,0.00143,0,0,-0.1,-10.8,-2.5,1.03,0.17,-0.03
605,3.02,3.02,3.135115,0.001427,0,0,-0.3,-10.8,-3.2,1.03,0.19,-0.04
606,3.025,3.025,3.141227,0.002539,0,0,-0.4,-10.7,-3.1,1.03,0.19,-0.04
607,3.03,3.030001,3.146079,0.002391,9.99999999695689e-07,0,-0.5,-10.8,-3.1,1.04,0.2,-0.05
608,3.035,3.035,3.15021,0.001524,0,0,-0.5,-10.8,-3.2,1.03,0.2,-0.04
609,3.04,3.04,3.156113,0.002425,0,0,-0.4,-10.8,-3,1.03,0.2,-0.04
610,3.045,3.045,3.16111,0.002422,0,0,-0.4,-10.8,-3.2,1.03,0.2,-0.05
611,3.05,3.050001,3.165034,0.001347,9.99999999695689e-07,0,-0.4,-10.8,-3,1.03,0.2,-0.04
612,3.055,3.055,3.170358,0.001671,0,0,-0.2,-10.7,-2.8,1.03,0.18,-0.04
613,3.06,3.06,3.176182,0.002495,0,0,-0.1,-10.7,-3.6,1.02,0.19,-0.04
614,3.065,3.065,3.181088,0.002401,0,0,0,-10.7,-3.3,1.03,0.18,-0.04
615,3.07,3.070001,3.185301,0.001614,9.99999999695689e-07,0,0,-10.7,-3.9,1.02,0.19,-0.04
616,3.075,3.075,3.191204,0.002516,0,0,-0.1,-10.7,-3.3,1.03,0.18,-0.04
617,3.08,3.08,3.196141,0.002454,0,0,-0.3,-10.8,-2.8,1.04,0.19,-0.04
618,3.085,3.085,3.200059,0.001372,0,0,-0.4,-10.7,-2.6,1.03,0.18,-0.03
619,3.09,3.090003,3.205702,0.002013,2.99999999997524e-06,0,-0.3,-10.7,-2.9,1.03,0.19,-0.04
620,3.095,3.095002,3.211646,0.002957,1.99999999983547e-06,0,-0.3,-10.7,-2.7,1.04,0.18,-0.04
621,3.1,3.100001,3.215487,0.0018,9.99999999695689e-07,0,-0.3,-10.8,-3.2,1.04,0.19,-0.04
622,3.105,3.105001,3.22106,0.002373,1.00000000013978e-06,0,-0.2,-10.9,-3.4,1.03,0.19,-0.04
623,3.11,3.110001,3.226644,0.002956,1.00000000013978e-06,0,-0.2,-10.9,-3,1.04,0.18,-0.04
624,3.115,3.115,3.230225,0.001538,0,0,0,-10.8,-2.6,1.04,0.18,-0.04
625,3.12,3.120001,3.236133,0.002445,9.99999999695689e-07,0,-0.1,-10.8,-2.5,1.04,0.18,-0.04
626,3.125,3.125,3.241206,0.002519,0,0,-0.4,-10.8,-3.8,1.03,0.19,-0.05
627,3.13,3.13,3.245158,0.001471,0,0,-0.5,-10.8,-4.4,1.02,0.21,-0.05
628,3.135,3.135001,3.251176,0.002487,9.99999999695689e-07,0,-0.4,-10.7,-3.5,1.03,0.19,-0.04
629,3.14,3.14,3.256136,0.002449,0,0,-0.4,-10.7,-2.9,1.04,0.18,-0.04
630,3.145,3.145,3.260114,0.001427,0,0,-0.4,-10.9,-3,1.03,0.19,-0.04
631,3.15,3.150001,3.266134,0.002447,1.00000000013978e-06,0,-0.2,-10.7,-3,1.03,0.19,-0.04
632,3.155,3.155001,3.271062,0.002373,9.99999999695689e-07,0,-0.4,-10.7,-2.6,1.04,0.18,-0.04
633,3.16,3.16,3.275068,0.001381,0,0,-0.4,-10.8,-2.4,1.04,0.18,-0.04
634,3.165,3.165,3.281128,0.002441,0,0,-0.2,-10.8,-2.2,1.04,0.17,-0.04
635,3.17,3.17,3.285042,0.001354,0,0,-0.2,-10.7,-2.2,1.04,0.17,-0.04
636,3.175,3.175001,3.2901,0.001412,9.99999999695689e-07,0,-0.2,-10.8,-2.5,1.03,0.18,-0.04
637,3.18,3.18,3.296154,0.002466,0,0,-0.3,-10.9,-2.9,1.03,0.19,-0.04
638,3.185,3.185,3.30119,0.002503,0,0,-0.4,-10.8,-2.9,1.04,0.19,-0.04
639,3.19,3.19,3.30504,0.001353,0,0,-0.5,-10.8,-3,1.04,0.2,-0.05
640,3.195,3.195001,3.310199,0.00151,9.99999999695689e-07,0,-0.5,-10.8,-2.7,1.04,0.19,-0.05
641,3.2,3.2,3.316135,0.002447,0,0,-0.6,-10.9,-3.4,1.03,0.21,-0.05
642,3.205,3.205,3.320044,0.001356,0,0,-0.3,-10.9,-3.3,1.04,0.19,-0.04
643,3.21,3.21,3.325197,0.00151,0,0,-0.3,-10.8,-3,1.04,0.18,-0.04
644,3.215,3.215,3.33113,0.002443,0,0,-0.3,-10.7,-2.9,1.04,0.18,-0.04
645,3.22,3.22,3.335089,0.001402,0,0,-0.3,-10.6,-2.4,1.04,0.17,-0.05
646,3.225,3.225,3.340107,0.00142,0,0,-0.5,-10.7,-3,1.04,0.19,-0.05
647,3.23,3.23,3.345172,0.001485,0,0,-0.6,-10.8,-3.5,1.03,0.2,-0.05
648,3.235,3.235,3.35105,0.002362,0,0,-0.4,-10.8,-3.2,1.03,0.19,-0.04
649,3.24,3.24,3.355153,0.001465,0,0,-0.3,-10.7,-3.4,1.03,0.18,-0.04
650,3.245,3.245,3.360095,0.001407,0,0,-0.2,-10.7,-3,1.03,0.18,-0.04
651,3.25,3.25,3.366062,0.002373,0,0,-0.2,-10.7,-3.1,1.03,0.18,-0.04
652,3.255,3.255,3.370037,0.00135,0,0,-0.2,-10.6,-2.4,1.03,0.18,-0.04
653,3.26,3.260001,3.375049,0.001361,9.99999999695689e-07,0,-0.1,-10.7,-2.6,1.03,0.17,-0.04
654,3.265,3.265,3.381193,0.002507,0,0,0,-10.7,-2.3,1.04,0.16,-0.04
655,3.27,3.27,3.385042,0.001355,0,0,-0.1,-10.7,-2.8,1.04,0.17,-0.04
656,3.275,3.275,3.390061,0.001374,0,0,-0.1,-10.8,-2.5,1.04,0.17,-0.04
657,3.28,3.280001,3.396071,0.002382,9.99999999695689e-07,0,-0.1,-10.8,-2.1,1.05,0.16,-0.04
658,3.285,3.285,3.401048,0.002361,0,0,-0.2,-10.8,-2.2,1.04,0.17,-0.04
659,3.29,3.29,3.40502,0.001332,0,0,-0.3,-10.9,-3,1.03,0.19,-0.04
660,3.295,3.295,3.410079,0.001392,0,0,-0.4,-10.8,-2.9,1.03,0.2,-0.04
661,3.3,3.300001,3.416124,0.002435,9.99999999695689e-07,0,-0.3,-10.7,-3.1,1.03,0.18,-0.04
662,3.305,3.305,3.420148,0.001461,0,0,-0.2,-10.7,-3.1,1.03,0.18,-0.04
663,3.31,3.31,3.425247,0.001559,0,0,-0.2,-10.8,-3.7,1.03,0.18,-0.05
664,3.315,3.315,3.431104,0.002416,0,0,-0.2,-10.8,-3.4,1.04,0.19,-0.05
665,3.32,3.320001,3.435087,0.001398,9.99999999695689e-07,0,-0.3,-10.8,-2.1,1.04,0.18,-0.03
666,3.325,3.325,3.440271,0.001583,0,0,-0.2,-10.7,-2.5,1.04,0.18,-0.04
667,3.33,3.33,3.446171,0.002483,0,0,-0.2,-10.7,-2.7,1.03,0.17,-0.04
668,3.335,3.335,3.451118,0.002432,0,0,-0.3,-10.7,-2.7,1.03,0.18,-0.04
669,3.34,3.34,3.45511,0.001423,0,0,-0.2,-10.7,-2.6,1.04,0.17,-0.04
670,3.345,3.345,3.460154,0.001467,0,0,-0.2,-10.8,-2.1,1.04,0.17,-0.04
671,3.35,3.35,3.466099,0.002411,0,0,-0.4,-10.8,-2.3,1.04,0.17,-0.04
672,3.355,3.355,3.470142,0.001455,0,0,-0.4,-10.7,-2.8,1.04,0.18,-0.05
673,3.36,3.36,3.475118,0.001431,0,0,-0.6,-10.9,-3.2,1.04,0.2,-0.05
674,3.365,3.365,3.481133,0.002445,0,0,-0.4,-10.7,-2.9,1.04,0.19,-0.05
675,3.37,3.37,3.485162,0.001476,0,0,-0.5,-10.8,-3.1,1.04,0.2,-0.05
676,3.375,3.375,3.490131,0.001444,0,0,-0.5,-10.8,-3.5,1.03,0.21,-0.05
677,3.38,3.38,3.495166,0.001478,0,0,-0.4,-10.8,-3.7,1.02,0.2,-0.05
678,3.385,3.385001,3.50107,0.002381,9.99999999695689e-07,0,-0.4,-10.7,-3.5,1.03,0.2,-0.04
679,3.39,3.39,3.505025,0.001338,0,0,-0.3,-10.7,-3.4,1.03,0.19,-0.05
680,3.395,3.395,3.510102,0.001414,0,0,-0.3,-10.7,-3.2,1.03,0.19,-0.05
681,3.4,3.4,3.516111,0.002423,0,0,-0.3,-10.8,-4.2,1.02,0.2,-0.05
682,3.405,3.405001,3.52004,0.001351,9.99999999695689e-07,0,-0.3,-10.8,-3.6,1.02,0.2,-0.04
683,3.41,3.41,3.525178,0.001491,0,0,-0.4,-10.8,-3.8,1.02,0.2,-0.05
684,3.415,3.415,3.531066,0.002379,0,0,-0.4,-10.8,-3.5,1.03,0.2,-0.04
685,3.42,3.42,3.535076,0.001388,0,0,-0.3,-10.8,-3.1,1.03,0.19,-0.04
686,3.425,3.425002,3.54061,0.001922,1.99999999983547e-06,0,-0.5,-10.9,-3,1.04,0.19,-0.04
687,3.43,3.430003,3.545751,0.002062,2.99999999997524e-06,0,-0.4,-10.9,-2.8,1.03,0.19,-0.04
688,3.435,3.435001,3.551619,0.002932,1.00000000013978e-06,0,-0.3,-10.8,-2.5,1.04,0.18,-0.03
689,3.44,3.44,3.555505,0.001819,0,0,-0.3,-10.8,-2.6,1.04,0.18,-0.04
690,3.445,3.445003,3.560806,0.002117,2.99999999953116e-06,0,-0.4,-10.8,-2.7,1.04,0.18,-0.04
691,3.45,3.450001,3.566589,0.002902,9.99999999695689e-07,0,-0.4,-10.8,-2.8,1.04,0.18,-0.04
692,3.455,3.455001,3.570511,0.001824,1.00000000013978e-06,0,-0.3,-10.7,-2.5,1.04,0.18,-0.04
693,3.46,3.46,3.575219,0.001532,0,0,-0.3,-10.8,-2.7,1.04,0.17,-0.04
694,3.465,3.465,3.581092,0.002405,0,0,-0.3,-10.8,-2.8,1.04,0.18,-0.04
695,3.47,3.47,3.586173,0.002486,0,0,-0.3,-10.8,-2.8,1.04,0.18,-0.04
696,3.475,3.475,3.590304,0.001617,0,0,-0.4,-10.8,-2.9,1.03,0.19,-0.04
697,3.48,3.48,3.596162,0.002474,0,0,-0.5,-10.8,-3.5,1.03,0.2,-0.05
698,3.485,3.485,3.601144,0.002456,0,0,-0.5,-10.9,-2.8,1.04,0.19,-0.04
699,3.49,3.49,3.605345,0.001659,0,0,-0.4,-11,-3.3,1.03,0.2,-0.05
700,3.495,3.495,3.611149,0.002461,0,0,-0.4,-10.9,-3.5,1.03,0.19,-0.04
701,3.5,3.5,3.616126,0.002438,0,0,-0.2,-10.9,-3.6,1.03,0.19,-0.05
702,3.505,3.505,3.620091,0.001403,0,0,-0.2,-10.9,-3.3,1.04,0.18,-0.05
703,3.51,3.510001,3.625262,0.001573,9.99999999695689e-07,0,-0.2,-10.8,-3.2,1.04,0.18,-0.04
704,3.515,3.515,3.631076,0.002388,0,0,-0.3,-10.9,-3.7,1.03,0.19,-0.05
705,3.52,3.52,3.635154,0.001467,0,0,-0.1,-10.8,-3.3,1.03,0.18,-0.04
706,3.525,3.525,3.64008,0.001393,0,0,-0.2,-10.7,-3.1,1.04,0.18,-0.04
707,3.53,3.530001,3.646072,0.002383,9.99999999695689e-07,0,-0.3,-10.7,-2.6,1.04,0.18,-0.04
708,3.535,3.535,3.650054,0.001367,0,0,-0.3,-10.8,-2.4,1.05,0.18,-0.04
709,3.54,3.54,3.655074,0.001387,0,0,-0.3,-10.9,-3,1.03,0.2,-0.04
710,3.545,3.545,3.660255,0.001568,0,0,-0.2,-10.9,-2.9,1.03,0.19,-0.04
711,3.55,3.550001,3.666059,0.002371,9.99999999695689e-07,0,-0.5,-10.8,-3.2,1.03,0.2,-0.04
712,3.555,3.555,3.670035,0.001349,0,0,-0.4,-10.7,-3.3,1.03,0.2,-0.04
713,3.56,3.56,3.67517,0.001482,0,0,-0.4,-10.9,-2.9,1.04,0.19,-0.04
714,3.565,3.565,3.681077,0.002391,0,0,-0.4,-10.8,-2.8,1.04,0.19,-0.04
715,3.57,3.570001,3.685056,0.001367,9.99999999695689e-07,0,-0.2,-10.7,-2.4,1.04,0.18,-0.03
716,3.575,3.575,3.690075,0.001388,0,0,-0.2,-10.7,-2.6,1.04,0.17,-0.04
717,3.58,3.58,3.696129,0.002442,0,0,-0.3,-10.8,-3.2,1.04,0.19,-0.04
718,3.585,3.585,3.700071,0.001383,0,0,-0.2,-10.8,-3.2,1.04,0.19,-0.04
719,3.59,3.59,3.705068,0.00138,0,0,-0.2,-10.8,-2.6,1.04,0.18,-0.04
720,3.595,3.595,3.711081,0.002395,0,0,-0.3,-10.8,-2.5,1.04,0.18,-0.04
721,3.6,3.6,3.715046,0.001358,0,0,-0.2,-10.8,-3,1.03,0.18,-0.04
722,3.605,3.605,3.720041,0.001354,0,0,-0.2,-10.7,-2.8,1.03,0.17,-0.04
723,3.61,3.61,3.726076,0.002388,0,0,0,-10.7,-2,1.04,0.16,-0.03
724,3.615,3.615,3.731038,0.002351,0,0,-0.2,-10.8,-2.9,1.03,0.18,-0.04
725,3.62,3.62,3.735157,0.00147,0,0,-0.2,-10.7,-2.7,1.03,0.17,-0.04
726,3.625,3.625,3.740151,0.001464,0,0,-0.1,-10.7,-2.3,1.04,0.16,-0.04
727,3.63,3.63,3.746048,0.00236,0,0,-0.2,-10.7,-2.9,1.03,0.17,-0.04
728,3.635,3.635001,3.750139,0.00145,9.99999999695689e-07,0,-0.1,-10.7,-2.9,1.03,0.17,-0.04
729,3.64,3.64,3.755133,0.001446,0,0,-0.1,-10.7,-2.4,1.04,0.17,-0.04
730,3.645,3.645,3.760313,0.001626,0,0,-0.2,-10.7,-2.9,1.03,0.18,-0.04
731,3.65,3.65,3.76613,0.002443,0,0,-0.2,-10.7,-2.6,1.04,0.17,-0.04
732,3.655,3.655001,3.770139,0.00145,9.99999999695689e-07,0,-0.3,-10.7,-2.9,1.03,0.18,-0.04
733,3.66,3.66,3.775162,0.001474,0,0,-0.3,-10.8,-2.5,1.04,0.18,-0.04
734,3.665,3.665,3.781157,0.002469,0,0,-0.2,-10.8,-2.1,1.04,0.17,-0.04
735,3.67,3.67,3.785054,0.001366,0,0,-0.2,-10.7,-2.4,1.04,0.17,-0.04
736,3.675,3.675001,3.790173,0.001484,9.99999999695689e-07,0,-0.2,-10.8,-2.3,1.04,0.17,-0.04
737,3.68,3.68,3.796081,0.002393,0,0,-0.2,-10.7,-2.2,1.05,0.17,-0.04
738,3.685,3.685,3.801062,0.002374,0,0,-0.1,-10.7,-1.8,1.05,0.16,-0.04
739,3.69,3.69,3.805041,0.001353,0,0,-0.2,-10.7,-2,1.04,0.17,-0.04
740,3.695,3.695001,3.811146,0.002457,9.99999999695689e-07,0,-0.1,-10.7,-2.8,1.04,0.18,-0.04
741,3.7,3.7,3.815057,0.00137,0,0,-0.1,-10.8,-2.7,1.03,0.17,-0.04
742,3.705,3.705,3.820066,0.001378,0,0,-0.2,-10.6,-3.4,1.03,0.18,-0.04
743,3.71,3.71,3.826234,0.002546,0,0,-0.2,-10.7,-3.6,1.02,0.18,-0.04
744,3.715,3.715,3.831087,0.0024,0,0,-0.3,-10.7,-3.5,1.03,0.19,-0.04
745,3.72,3.72,3.83504,0.001352,0,0,-0.2,-10.7,-2.8,1.04,0.17,-0.04
746,3.725,3.725,3.840214,0.001526,0,0,-0.2,-10.7,-2.7,1.04,0.17,-0.04
747,3.73,3.73,3.8461,0.002413,0,0,-0.2,-10.8,-2.7,1.04,0.18,-0.04
748,3.735,3.735,3.850104,0.001416,0,0,-0.3,-10.8,-2.8,1.04,0.19,-0.04
749,3.74,3.74,3.855196,0.001508,0,0,-0.4,-10.8,-2.8,1.04,0.19,-0.04
750,3.745,3.745,3.861165,0.002478,0,0,-0.4,-10.8,-2.4,1.04,0.19,-0.04
751,3.75,3.75,3.865176,0.001489,0,0,-0.4,-10.7,-2.8,1.03,0.18,-0.04
752,3.755,3.755,3.870062,0.001374,0,0,-0.4,-10.7,-2.9,1.04,0.19,-0.03
753,3.76,3.760001,3.876125,0.002437,9.99999999695689e-07,0,-0.2,-10.7,-2.7,1.04,0.18,-0.03
754,3.765,3.765,3.881057,0.002369,0,0,-0.3,-10.8,-3.1,1.04,0.19,-0.04
755,3.77,3.77,3.885026,0.001338,0,0,-0.4,-10.8,-2.7,1.04,0.19,-0.04
756,3.775,3.775,3.890229,0.001541,0,0,-0.5,-10.9,-3.1,1.03,0.2,-0.04
757,3.78,3.780001,3.896127,0.002438,9.99999999695689e-07,0,-0.7,-10.9,-3.2,1.03,0.2,-0.04
758,3.785,3.785,3.900179,0.001493,0,0,-0.7,-10.9,-4.1,1.02,0.22,-0.05
759,3.79,3.790001,3.905137,0.00145,1.00000000013978e-06,0,-0.4,-10.8,-3.5,1.03,0.2,-0.05
760,3.795,3.795,3.911143,0.002455,0,0,-0.4,-10.8,-3.2,1.03,0.19,-0.04
761,3.8,3.800001,3.915098,0.00141,9.99999999695689e-07,0,-0.4,-10.9,-3.3,1.03,0.19,-0.05
762,3.805,3.805,3.920057,0.001371,0,0,-0.3,-10.8,-2.8,1.04,0.18,-0.04
763,3.81,3.810001,3.925326,0.001637,1.00000000013978e-06,0,-0.2,-10.8,-2.8,1.03,0.18,-0.04
764,3.815,3.815,3.931128,0.002441,0,0,-0.2,-10.8,-3,1.03,0.18,-0.04
765,3.82,3.820001,3.9351,0.001411,9.99999999695689e-07,0,-0.3,-10.9,-3.6,1.04,0.18,-0.05
766,3.825,3.825,3.94015,0.001463,0,0,-0.3,-10.9,-3.2,1.04,0.18,-0.04
767,3.83,3.830001,3.946069,0.002381,1.00000000013978e-06,0,-0.4,-11,-3.5,1.03,0.19,-0.04
768,3.835,3.835,3.950059,0.001372,0,0,-0.3,-10.9,-3,1.03,0.18,-0.04
769,3.84,3.84,3.95505,0.001362,0,0,-0.4,-11,-3.1,1.03,0.2,-0.04
770,3.845,3.845,3.961448,0.002762,0,0,-0.4,-10.9,-3.2,1.03,0.19,-0.04
771,3.85,3.850002,3.966593,0.002906,1.99999999983547e-06,0,-0.3,-10.8,-3.7,1.03,0.19,-0.05
772,3.855,3.855001,3.970254,0.001567,1.00000000013978e-06,0,-0.4,-10.8,-3.6,1.03,0.2,-0.05
773,3.86,3.860001,3.975665,0.001977,1.00000000013978e-06,0,-0.5,-10.8,-3.4,1.03,0.19,-0.05
774,3.865,3.865001,3.981287,0.0026,9.99999999695689e-07,0,-0.4,-10.9,-3.1,1.03,0.19,-0.04
775,3.87,3.87,3.98507,0.001382,0,0,-0.4,-10.8,-3.1,1.03,0.19,-0.04
776,3.875,3.875,3.991187,0.002499,0,0,-0.3,-10.8,-3.6,1.03,0.2,-0.04
777,3.88,3.88,3.996099,0.002411,0,0,-0.2,-10.8,-2.9,1.03,0.19,-0.04
778,3.885,3.885001,4.000137,0.001449,9.99999999695689e-07,0,-0.3,-10.8,-3,1.04,0.18,-0.04
779,3.89,3.89,4.005186,0.001498,0,0,-0.1,-10.7,-2.7,1.04,0.17,-0.04
780,3.895,3.895,4.011066,0.002379,0,0,-0.1,-10.8,-3.2,1.04,0.18,-0.04
781,3.9,3.9,4.015107,0.001419,0,0,-0.2,-10.8,-3.8,1.03,0.19,-0.05
782,3.905,3.905001,4.020147,0.001458,9.99999999695689e-07,0,-0.3,-10.8,-3.4,1.03,0.19,-0.05
783,3.91,3.91,4.02625,0.002562,0,0,-0.2,-10.8,-3.8,1.03,0.19,-0.05
784,3.915,3.915,4.03116,0.002474,0,0,-0.4,-10.8,-2.8,1.04,0.19,-0.04
785,3.92,3.92,4.035044,0.001356,0,0,-0.5,-10.8,-2.9,1.03,0.19,-0.04
786,3.925,3.925001,4.041151,0.002463,9.99999999695689e-07,0,-0.4,-10.8,-2.5,1.03,0.18,-0.04
787,3.93,3.93,4.046099,0.002411,0,0,-0.4,-10.8,-2.9,1.03,0.18,-0.04
788,3.935,3.935,4.050037,0.00135,0,0,-0.4,-10.8,-2.9,1.03,0.19,-0.04
789,3.94,3.94,4.05525,0.001562,0,0,-0.2,-10.8,-2.7,1.03,0.18,-0.04
790,3.945,3.945001,4.061204,0.002515,9.99999999695689e-07,0,-0.2,-10.8,-3.1,1.02,0.18,-0.04
791,3.95,3.95,4.06512,0.001433,0,0,-0.3,-10.9,-2.9,1.04,0.18,-0.04
792,3.955,3.955,4.070116,0.001428,0,0,-0.4,-10.8,-3.2,1.03,0.19,-0.04
793,3.96,3.96,4.07626,0.002573,0,0,-0.3,-10.8,-2.5,1.04,0.18,-0.04
794,3.965,3.965001,4.081177,0.002488,9.99999999695689e-07,0,-0.3,-10.8,-2.8,1.04,0.18,-0.04
795,3.97,3.970001,4.085071,0.001383,9.99999999695689e-07,0,-0.5,-10.8,-2.9,1.03,0.19,-0.04
796,3.975,3.975,4.091113,0.002425,0,0,-0.5,-10.9,-3.2,1.03,0.2,-0.04
797,3.98,3.98,4.09609,0.002402,0,0,-0.4,-10.8,-3.6,1.03,0.19,-0.04
798,3.985,3.985,4.100055,0.001368,0,0,-0.5,-10.8,-3,1.03,0.19,-0.04
799,3.99,3.99,4.105239,0.001552,0,0,-0.4,-10.8,-3.4,1.03,0.2,-0.05
800,3.995,3.995,4.111075,0.002387,0,0,-0.4,-10.9,-2.6,1.04,0.19,-0.04
801,4,4,4.115047,0.001359,0,0,-0.4,-10.9,-2.4,1.04,0.19,-0.04
802,4.005,4.005,4.120125,0.001437,0,0,-0.3,-10.8,-2.9,1.04,0.19,-0.04
803,4.01,4.01,4.126144,0.002456,0,0,-0.3,-10.8,-3.3,1.04,0.19,-0.05
804,4.015,4.015,4.130049,0.001361,0,0,-0.4,-10.8,-3.7,1.03,0.2,-0.05
805,4.02,4.020001,4.135138,0.001449,9.999999992516e-07,0,-0.3,-10.8,-3.2,1.04,0.19,-0.04
806,4.025,4.025,4.141131,0.002444,0,0,-0.4,-10.8,-3.1,1.04,0.19,-0.04
807,4.03,4.03,4.14607,0.002382,0,0,-0.3,-10.8,-2.8,1.04,0.19,-0.04
808,4.035,4.035,4.150038,0.001351,0,0,-0.4,-10.8,-3,1.03,0.2,-0.04
809,4.04,4.04,4.155142,0.001454,0,0,-0.1,-10.6,-2.4,1.04,0.17,-0.04
810,4.045,4.045,4.161182,0.002494,0,0,-0.2,-10.6,-2.5,1.03,0.18,-0.04
811,4.05,4.05,4.165073,0.001386,0,0,-0.4,-10.7,-2.5,1.04,0.18,-0.04
812,4.055,4.055,4.170056,0.001368,0,0,-0.3,-10.7,-2.4,1.04,0.18,-0.04
813,4.06,4.060001,4.176504,0.002817,9.999999992516e-07,0,-0.3,-10.7,-2.8,1.03,0.18,-0.04
814,4.065,4.065002,4.181355,0.002665,1.99999999939138e-06,0,-0.3,-10.7,-2.7,1.04,0.18,-0.04
815,4.07,4.07,4.185067,0.001379,0,0,-0.3,-10.7,-3.1,1.04,0.18,-0.04
816,4.075,4.075001,4.190266,0.001578,1.00000000013978e-06,0,-0.3,-10.7,-2.7,1.04,0.18,-0.04
817,4.08,4.080001,4.196592,0.002904,1.00000000013978e-06,0,-0.3,-10.7,-3.8,1.03,0.2,-0.04
818,4.085,4.085001,4.200414,0.001725,1.00000000013978e-06,0,-0.3,-10.7,-3.3,1.03,0.19,-0.04
819,4.09,4.09,4.205636,0.001949,0,0,-0.4,-10.8,-3.4,1.03,0.19,-0.05
820,4.095,4.095001,4.211584,0.002896,1.00000000013978e-06,0,-0.2,-10.8,-3,1.04,0.19,-0.04
821,4.1,4.100001,4.215336,0.00165,1.00000000013978e-06,0,-0.3,-10.8,-2.6,1.04,0.18,-0.04
822,4.105,4.105001,4.221219,0.002531,9.999999992516e-07,0,-0.3,-10.8,-2.2,1.04,0.18,-0.04
823,4.11,4.11,4.226154,0.002466,0,0,-0.3,-10.7,-2.9,1.04,0.18,-0.04
824,4.115,4.115,4.230064,0.001376,0,0,-0.2,-10.7,-2.2,1.04,0.18,-0.04
825,4.12,4.12,4.236065,0.002377,0,0,-0.3,-10.8,-2.6,1.04,0.17,-0.04
826,4.125,4.125,4.241075,0.002388,0,0,-0.4,-10.8,-2.8,1.04,0.18,-0.05
827,4.13,4.13,4.245102,0.001414,0,0,-0.3,-10.7,-3.2,1.03,0.19,-0.04
828,4.135,4.135,4.250053,0.001366,0,0,-0.3,-10.7,-3,1.03,0.18,-0.04
829,4.14,4.14,4.256208,0.002521,0,0,-0.3,-10.8,-2.2,1.04,0.18,-0.03
830,4.145,4.145001,4.261184,0.002495,9.999999992516e-07,0,-0.2,-10.8,-1.9,1.04,0.17,-0.04
831,4.15,4.15,4.265082,0.001394,0,0,-0.2,-10.6,-2.9,1.03,0.18,-0.04
832,4.155,4.155,4.271102,0.002415,0,0,-0.3,-10.7,-3.1,1.03,0.19,-0.04
833,4.16,4.16,4.276098,0.00241,0,0,-0.5,-10.7,-3.9,1.03,0.2,-0.04
834,4.165,4.165,4.280061,0.001374,0,0,-0.4,-10.8,-3.3,1.04,0.2,-0.04
835,4.17,4.17,4.285213,0.001525,0,0,-0.3,-10.7,-2.7,1.03,0.18,-0.03
836,4.175,4.175,4.29113,0.002443,0,0,-0.3,-10.8,-3.2,1.03,0.19,-0.04
837,4.18,4.180001,4.295151,0.001463,1.00000000013978e-06,0,-0.5,-10.8,-3.3,1.03,0.2,-0.04
838,4.185,4.185001,4.300097,0.001409,9.999999992516e-07,0,-0.3,-10.8,-3.4,1.03,0.19,-0.04
839,4.19,4.19,4.306159,0.002471,0,0,-0.2,-10.7,-3.4,1.03,0.19,-0.04
840,4.195,4.195,4.310048,0.001361,0,0,-0.1,-10.7,-2.8,1.03,0.17,-0.04
841,4.2,4.2,4.315077,0.00139,0,0,-0.3,-10.8,-3,1.03,0.18,-0.04
842,4.205,4.205,4.32111,0.002422,0,0,-0.4,-10.8,-3.1,1.03,0.19,-0.04
843,4.21,4.21,4.326167,0.00248,0,0,-0.3,-10.8,-2.8,1.03,0.18,-0.04
844,4.215,4.215,4.330087,0.0014,0,0,-0.3,-10.8,-2.6,1.04,0.18,-0.04
845,4.22,4.22,4.33515,0.001463,0,0,-0.4,-10.8,-3.5,1.03,0.2,-0.04
846,4.225,4.225,4.341093,0.002405,0,0,-0.4,-10.8,-3.6,1.03,0.19,-0.04
847,4.23,4.23,4.34609,0.002402,0,0,-0.4,-10.8,-3.4,1.03,0.19,-0.04
848,4.235,4.235,4.350117,0.001429,0,0,-0.3,-10.7,-3.2,1.03,0.18,-0.04
849,4.24,4.24,4.356178,0.00249,0,0,-0.3,-10.7,-3,1.03,0.18,-0.04
850,4.245,4.245,4.361113,0.002426,0,0,-0.3,-10.8,-2.5,1.04,0.18,-0.04
851,4.25,4.25,4.365087,0.001399,0,0,-0.3,-10.8,-2.6,1.04,0.18,-0.04
852,4.255,4.255,4.370243,0.001555,0,0,-0.3,-10.8,-2.7,1.03,0.18,-0.04
853,4.26,4.26,4.3761,0.002412,0,0,-0.4,-10.8,-3,1.03,0.19,-0.04
854,4.265,4.265,4.380054,0.001367,0,0,-0.5,-10.8,-2.9,1.03,0.19,-0.04
855,4.27,4.270001,4.385259,0.00157,9.999999992516e-07,0,-0.3,-10.8,-2.2,1.04,0.18,-0.04
856,4.275,4.275,4.391171,0.002483,0,0,-0.5,-10.8,-2.3,1.04,0.19,-0.04
857,4.28,4.28,4.395078,0.00139,0,0,-0.5,-10.8,-3.2,1.03,0.2,-0.05
858,4.285,4.285,4.40016,0.001472,0,0,-0.5,-10.8,-3.5,1.03,0.2,-0.05
859,4.29,4.29,4.406137,0.002451,0,0,-0.5,-10.7,-3.2,1.03,0.2,-0.04
860,4.295,4.295,4.410077,0.001389,0,0,-0.4,-10.7,-3.8,1.03,0.2,-0.05
861,4.3,4.3,4.415049,0.001362,0,0,-0.2,-10.7,-3.2,1.04,0.18,-0.04
862,4.305,4.305,4.421084,0.002397,0,0,-0.2,-10.7,-2.7,1.04,0.18,-0.04
863,4.31,4.310001,4.42655,0.002862,9.999999992516e-07,0,-0.2,-10.7,-2.9,1.04,0.18,-0.04
864,4.315,4.315,4.430057,0.001369,0,0,-0.2,-10.7,-3,1.04,0.18,-0.04
865,4.32,4.32,4.435149,0.001461,0,0,-0.5,-10.8,-3.2,1.04,0.2,-0.04
866,4.325,4.325,4.441175,0.002487,0,0,-0.6,-10.9,-3.3,1.04,0.21,-0.05
867,4.33,4.33,4.445064,0.001377,0,0,-0.4,-10.8,-3.3,1.03,0.2,-0.04
868,4.335,4.335,4.450108,0.00142,0,0,-0.4,-10.9,-2.9,1.04,0.2,-0.04
869,4.34,4.34,4.45614,0.002452,0,0,-0.4,-10.8,-2.5,1.05,0.19,-0.04
870,4.345,4.345,4.461134,0.002446,0,0,-0.4,-10.7,-2.9,1.04,0.19,-0.04
871,4.35,4.350001,4.465152,0.001463,9.999999992516e-07,0,-0.3,-10.8,-2.5,1.04,0.18,-0.04
872,4.355,4.355,4.471083,0.002395,0,0,-0.3,-10.8,-2.2,1.05,0.18,-0.04
873,4.36,4.36,4.475042,0.001354,0,0,-0.4,-10.7,-3.2,1.04,0.21,-0.05
874,4.365,4.365,4.480119,0.001432,0,0,-0.4,-10.8,-3.3,1.04,0.21,-0.05
875,4.37,4.37,4.486173,0.002486,0,0,-0.2,-10.8,-3.4,1.03,0.2,-0.04
876,4.375,4.375,4.4911,0.002414,0,0,-0.3,-10.8,-3.4,1.03,0.2,-0.04
877,4.38,4.38,4.495086,0.001398,0,0,-0.5,-10.9,-3,1.04,0.2,-0.04
878,4.385,4.385,4.500292,0.001604,0,0,-0.4,-10.8,-3.1,1.03,0.2,-0.04
879,4.39,4.39,4.506094,0.002407,0,0,-0.3,-10.7,-3.3,1.03,0.2,-0.04
880,4.395,4.395001,4.510057,0.001368,9.999999992516e-07,0,-0.3,-10.7,-3.3,1.03,0.2,-0.04
881,4.4,4.4,4.515122,0.001435,0,0,-0.3,-10.7,-2.7,1.03,0.18,-0.04
882,4.405,4.405,4.521078,0.00239,0,0,-0.2,-10.6,-2.9,1.04,0.18,-0.04
883,4.41,4.41,4.526227,0.00254,0,0,-0.3,-10.8,-3,1.04,0.18,-0.04
884,4.415,4.415,4.530081,0.001393,0,0,-0.3,-10.8,-2.9,1.04,0.18,-0.04
885,4.42,4.42,4.536055,0.002368,0,0,-0.3,-10.8,-2.5,1.04,0.18,-0.04
886,4.425,4.425,4.541171,0.002484,0,0,-0.3,-10.7,-2.4,1.04,0.18,-0.04
887,4.43,4.43,4.545067,0.00138,0,0,-0.3,-10.8,-3.2,1.03,0.19,-0.04
888,4.435,4.435001,4.55016,0.001471,9.999999992516e-07,0,-0.3,-10.8,-3.7,1.03,0.2,-0.04
889,4.44,4.44,4.55607,0.002383,0,0,-0.3,-10.8,-3.9,1.03,0.2,-0.04
890,4.445,4.445,4.560068,0.00138,0,0,-0.5,-10.7,-4,1.03,0.2,-0.04
891,4.45,4.45,4.565124,0.001436,0,0,-0.5,-10.9,-3.9,1.03,0.2,-0.04
892,4.455,4.455,4.571104,0.002416,0,0,-0.4,-10.8,-3.8,1.03,0.2,-0.04
893,4.46,4.46,4.576059,0.002372,0,0,-0.4,-10.9,-4.1,1.03,0.2,-0.05
894,4.465,4.465,4.580052,0.001364,0,0,-0.3,-10.8,-3.7,1.03,0.19,-0.04
895,4.47,4.47,4.585263,0.001577,0,0,-0.3,-10.8,-3.5,1.04,0.19,-0.04
896,4.475,4.475001,4.591113,0.002424,9.999999992516e-07,0,-0.3,-10.8,-3.8,1.04,0.19,-0.05
897,4.48,4.48,4.595068,0.00138,0,0,-0.4,-10.7,-3.8,1.04,0.2,-0.04
898,4.485,4.485,4.600197,0.001511,0,0,-0.3,-10.7,-3,1.04,0.18,-0.04
899,4.49,4.49,4.606178,0.002491,0,0,-0.3,-10.8,-2.9,1.04,0.19,-0.04
900,4.495,4.495,4.611114,0.002426,0,0,-0.4,-10.7,-2.8,1.04,0.19,-0.04
901,4.5,4.5,4.615053,0.001365,0,0,-0.2,-10.8,-2.8,1.04,0.18,-0.04
902,4.505,4.505,4.621125,0.002437,0,0,-0.2,-10.8,-2.4,1.04,0.17,-0.04
903,4.51,4.51,4.626204,0.002517,0,0,-0.2,-10.7,-3,1.04,0.18,-0.04
904,4.515,4.515,4.630081,0.001393,0,0,-0.2,-10.7,-3.5,1.03,0.18,-0.05
905,4.52,4.520001,4.635306,0.001618,9.999999992516e-07,0,-0.2,-10.8,-3.8,1.03,0.19,-0.04
906,4.525,4.525,4.641126,0.002439,0,0,-0.3,-10.8,-3.4,1.03,0.19,-0.04
907,4.53,4.53,4.645069,0.001381,0,0,-0.3,-10.7,-3.3,1.04,0.19,-0.04
908,4.535,4.535,4.650138,0.00145,0,0,-0.3,-10.8,-2.9,1.04,0.19,-0.04
909,4.54,4.54,4.656113,0.002426,0,0,-0.3,-10.7,-3.7,1.03,0.19,-0.04
910,4.545,4.545,4.660099,0.001411,0,0,-0.4,-10.7,-4,1.03,0.21,-0.05
911,4.55,4.55,4.665205,0.001518,0,0,-0.5,-10.8,-3.9,1.03,0.2,-0.04
912,4.555,4.555,4.671074,0.002387,0,0,-0.4,-10.8,-3.3,1.04,0.19,-0.04
913,4.56,4.560001,4.676082,0.002393,9.999999992516e-07,0,-0.3,-10.8,-2.8,1.04,0.18,-0.04
914,4.565,4.565,4.680114,0.001427,0,0,-0.3,-10.7,-2.5,1.04,0.18,-0.03
915,4.57,4.57,4.686174,0.002486,0,0,-0.2,-10.7,-2.5,1.04,0.18,-0.04
916,4.575,4.575,4.690092,0.001404,0,0,-0.3,-10.8,-2.7,1.04,0.18,-0.04
917,4.58,4.58,4.695078,0.00139,0,0,-0.3,-10.8,-3.5,1.03,0.2,-0.04
918,4.585,4.585,4.701073,0.002385,0,0,-0.4,-10.8,-3.3,1.03,0.19,-0.04
919,4.59,4.59,4.706072,0.002385,0,0,-0.4,-10.8,-3.3,1.03,0.2,-0.04
920,4.595,4.595,4.710036,0.001349,0,0,-0.4,-10.8,-3.6,1.03,0.19,-0.04
921,4.6,4.600001,4.716064,0.002377,9.999999992516e-07,0,-0.5,-10.9,-3.2,1.03,0.2,-0.04
922,4.605,4.605,4.721043,0.002355,0,0,-0.4,-10.8,-2.7,1.04,0.18,-0.04
923,4.61,4.610001,4.725058,0.00137,9.999999992516e-07,0,-0.4,-10.8,-3.3,1.03,0.19,-0.04
924,4.615,4.615,4.730177,0.001489,0,0,-0.2,-10.8,-2.8,1.03,0.18,-0.04
925,4.62,4.62,4.736127,0.002439,0,0,-0.2,-10.9,-3.2,1.03,0.19,-0.03
926,4.625,4.625,4.741124,0.002437,0,0,-0.2,-10.9,-3.4,1.03,0.19,-0.04
927,4.63,4.63,4.745059,0.001372,0,0,-0.3,-10.8,-3.7,1.03,0.19,-0.05
928,4.635,4.635,4.751047,0.002359,0,0,-0.1,-10.7,-3.1,1.03,0.18,-0.04
929,4.64,4.64,4.756186,0.002499,0,0,-0.2,-10.9,-3.2,1.03,0.18,-0.04
930,4.645,4.645001,4.760114,0.001426,9.999999992516e-07,0,-0.1,-10.7,-2.9,1.03,0.17,-0.04
931,4.65,4.65,4.765196,0.001508,0,0,-0.2,-10.7,-2.5,1.04,0.17,-0.04
932,4.655,4.655,4.77121,0.002523,0,0,-0.5,-10.8,-3.2,1.03,0.2,-0.04
933,4.66,4.66,4.775065,0.001377,0,0,-0.3,-10.8,-2.9,1.03,0.19,-0.04
934,4.665,4.665,4.780148,0.00146,0,0,-0.3,-10.9,-2.1,1.04,0.18,-0.04
935,4.67,4.67,4.786204,0.002516,0,0,-0.3,-10.8,-2,1.04,0.17,-0.03
936,4.675,4.675,4.790079,0.001393,0,0,-0.2,-10.8,-2.5,1.04,0.18,-0.04
937,4.68,4.68,4.795191,0.001503,0,0,-0.3,-10.8,-2.9,1.04,0.19,-0.04
938,4.685,4.685001,4.801126,0.002438,9.999999992516e-07,0,-0.3,-10.9,-2.4,1.05,0.18,-0.04
939,4.69,4.69,4.805052,0.001365,0,0,-0.2,-10.8,-2.6,1.04,0.17,-0.04
940,4.695,4.695,4.810117,0.00143,0,0,-0.2,-10.7,-1.9,1.04,0.17,-0.03
941,4.7,4.7,4.816129,0.002441,0,0,-0.2,-10.7,-1.8,1.04,0.16,-0.03
942,4.705,4.705,4.821055,0.002368,0,0,-0.3,-10.8,-2.5,1.04,0.18,-0.04
943,4.71,4.71,4.825087,0.001399,0,0,-0.5,-10.8,-2.6,1.04,0.18,-0.04
944,4.715,4.715,4.830316,0.001629,0,0,-0.3,-10.7,-2.9,1.04,0.18,-0.04
945,4.72,4.72,4.836048,0.002361,0,0,-0.2,-10.7,-2.6,1.04,0.17,-0.04
946,4.725,4.725001,4.840034,0.001346,9.999999992516e-07,0,-0.3,-10.8,-2.4,1.04,0.18,-0.04
947,4.73,4.73,4.845228,0.001541,0,0,-0.4,-10.8,-2.7,1.04,0.19,-0.04
948,4.735,4.735,4.851115,0.002428,0,0,-0.4,-10.8,-3.2,1.03,0.2,-0.05
949,4.74,4.74,4.855174,0.001487,0,0,-0.5,-10.9,-3.3,1.03,0.19,-0.05
950,4.745,4.745,4.86028,0.001593,0,0,-0.5,-10.9,-2.7,1.04,0.19,-0.05
951,4.75,4.75,4.866549,0.002863,0,0,-0.5,-10.8,-2.5,1.04,0.19,-0.04
952,4.755,4.755002,4.870497,0.001809,2.00000000027956e-06,0,-0.5,-10.9,-2.3,1.04,0.18,-0.04
953,4.76,4.760002,4.875658,0.00197,2.00000000027956e-06,0,-0.3,-10.9,-2.4,1.04,0.18,-0.04
954,4.765,4.765003,4.880862,0.002172,3.00000000041933e-06,0,-0.2,-10.8,-1.9,1.04,0.17,-0.04
955,4.77,4.770003,4.886595,0.002905,2.99999999953116e-06,0,-0.1,-10.8,-2.4,1.04,0.17,-0.04
956,4.775,4.775002,4.890691,0.002003,1.99999999939138e-06,0,-0.1,-10.7,-2.1,1.04,0.16,-0.04
957,4.78,4.78,4.896232,0.002544,0,0,-0.1,-10.7,-2.7,1.04,0.18,-0.04
958,4.785,4.785,4.901122,0.002434,0,0,-0.2,-10.7,-2.4,1.04,0.17,-0.04
959,4.79,4.79,4.905066,0.001379,0,0,-0.3,-10.7,-2.4,1.04,0.17,-0.04
960,4.795,4.795,4.911182,0.002494,0,0,-0.3,-10.7,-2.7,1.04,0.17,-0.04
961,4.8,4.8,4.916088,0.0024,0,0,-0.3,-10.7,-2.1,1.04,0.16,-0.04
962,4.805,4.805,4.920068,0.00138,0,0,-0.3,-10.8,-2.1,1.05,0.17,-0.04
963,4.81,4.810001,4.92541,0.001721,9.999999992516e-07,0,-0.4,-10.8,-2.9,1.04,0.18,-0.05
964,4.815,4.815,4.931118,0.00243,0,0,-0.3,-10.8,-2.6,1.04,0.17,-0.04
965,4.82,4.82,4.93506,0.001372,0,0,-0.4,-10.8,-3.3,1.03,0.19,-0.04
966,4.825,4.825,4.94023,0.001542,0,0,-0.4,-10.7,-3.5,1.03,0.19,-0.04
967,4.83,4.83,4.946223,0.002535,0,0,-0.3,-10.7,-3,1.03,0.18,-0.04
968,4.835,4.835,4.950057,0.001369,0,0,-0.5,-10.8,-2.4,1.05,0.18,-0.04
969,4.84,4.84,4.955628,0.001943,0,0,-0.4,-10.8,-2.5,1.05,0.18,-0.04
970,4.845,4.845,4.961132,0.002444,0,0,-0.4,-10.6,-3.1,1.03,0.18,-0.04
971,4.85,4.850001,4.965194,0.001506,9.999999992516e-07,0,-0.2,-10.6,-3.5,1.03,0.18,-0.04
972,4.855,4.855,4.970269,0.001582,0,0,-0.1,-10.7,-2.7,1.03,0.16,-0.03
973,4.86,4.86,4.976229,0.002541,0,0,-0.2,-10.7,-3,1.03,0.18,-0.03
974,4.865,4.865,4.980045,0.001357,0,0,-0.2,-10.8,-3.6,1.03,0.19,-0.04
975,4.87,4.87,4.985063,0.001375,0,0,-0.3,-10.8,-3.4,1.03,0.18,-0.04
976,4.875,4.875,4.991218,0.002532,0,0,-0.3,-10.8,-3.6,1.03,0.19,-0.04
977,4.88,4.88,4.996082,0.002394,0,0,-0.2,-10.8,-3.6,1.03,0.19,-0.05
978,4.885,4.885,5.000107,0.001421,0,0,-0.3,-10.8,-3.9,1.03,0.19,-0.05
979,4.89,4.89,5.006163,0.002475,0,0,-0.3,-10.8,-3.7,1.03,0.19,-0.05
980,4.895,4.895001,5.011055,0.002367,9.999999992516e-07,0,-0.2,-10.8,-3.1,1.04,0.18,-0.04
981,4.9,4.9,5.015022,0.001334,0,0,-0.1,-10.8,-2.6,1.04,0.18,-0.04
982,4.905,4.905,5.021056,0.002368,0,0,-0.3,-10.7,-3.5,1.04,0.19,-0.04
983,4.91,4.910001,5.026206,0.002518,1.00000000013978e-06,0,-0.2,-10.6,-3.7,1.03,0.19,-0.04
984,4.915,4.915,5.030058,0.00137,0,0,-0.2,-10.7,-3.3,1.03,0.17,-0.04
985,4.92,4.92,5.035144,0.001456,0,0,-0.2,-10.7,-3.3,1.03,0.17,-0.04
986,4.925,4.925,5.041114,0.002427,0,0,0,-10.6,-2.6,1.04,0.17,-0.03
987,4.93,4.93,5.046071,0.002384,0,0,-0.1,-10.7,-2,1.04,0.16,-0.03
988,4.935,4.935001,5.050127,0.001438,9.999999992516e-07,0,-0.2,-10.8,-2.7,1.04,0.18,-0.03
989,4.94,4.94,5.056133,0.002445,0,0,-0.1,-10.8,-2,1.04,0.16,-0.03
990,4.945,4.945,5.061114,0.002426,0,0,-0.2,-10.7,-3.1,1.03,0.17,-0.04
991,4.95,4.95,5.065063,0.001376,0,0,-0.3,-10.7,-3.4,1.04,0.18,-0.04
992,4.955,4.955,5.071138,0.002451,0,0,-0.3,-10.7,-3.1,1.04,0.18,-0.04
993,4.96,4.96,5.076079,0.002391,0,0,-0.4,-10.7,-3.1,1.04,0.18,-0.04
994,4.965,4.965,5.080123,0.001436,0,0,-0.2,-10.8,-3.3,1.03,0.19,-0.04
995,4.97,4.97,5.085097,0.001409,0,0,-0.3,-10.7,-3.2,1.03,0.19,-0.04
996,4.975,4.975001,5.091154,0.002468,9.999999992516e-07,0,-0.3,-10.7,-3,1.03,0.18,-0.04
997,4.98,4.98,5.095091,0.001404,0,0,-0.4,-10.6,-3.5,1.03,0.19,-0.05
998,4.985,4.985,5.100102,0.001414,0,0,-0.3,-10.7,-3,1.03,0.18,-0.04
999,4.99,4.99,5.106176,0.002488,0,0,-0.3,-10.7,-2.9,1.03,0.18,-0.04
1000,4.995,4.995,5.111128,0.00244,0,0,-0.3,-10.7,-3.3,1.03,0.18,-0.04
1001,5,5,5.115126,0.001438,0,0,-0.2,-10.7,-3.5,1.03,0.18,-0.04
1002,5.005,5.005,5.120156,0.001469,0,0,-0.1,-10.6,-3.2,1.03,0.17,-0.04
1003,5.01,5.01,5.126552,0.002864,0,0,-0.1,-10.7,-3.5,1.03,0.18,-0.04
1004,5.015,5.015005,5.130264,0.001569,5.00000000069889e-06,0,-0.3,-10.7,-3.4,1.04,0.18,-0.04
1005,5.02,5.020001,5.135223,0.001535,9.999999992516e-07,0,-0.4,-10.7,-3.1,1.04,0.19,-0.04
1006,5.025,5.025001,5.140674,0.001987,9.999999992516e-07,0,-0.3,-10.6,-3.3,1.04,0.18,-0.04
1007,5.03,5.030002,5.14671,0.003021,1.99999999939138e-06,0,-0.4,-10.7,-3,1.04,0.19,-0.04
1008,5.035,5.035001,5.150716,0.002028,1.00000000013978e-06,0,-0.3,-10.7,-3.8,1.03,0.2,-0.04
1009,5.04,5.040002,5.15586,0.002172,2.00000000027956e-06,0,-0.2,-10.7,-3.5,1.03,0.19,-0.04
1010,5.045,5.045001,5.16142,0.00273,1.00000000013978e-06,0,-0.2,-10.7,-3.4,1.03,0.18,-0.04
1011,5.05,5.05,5.165105,0.001417,0,0,-0.2,-10.7,-3.5,1.03,0.19,-0.04
1012,5.055,5.055001,5.17111,0.002422,1.00000000013978e-06,0,-0.2,-10.8,-2.8,1.04,0.18,-0.04
1013,5.06,5.060001,5.175111,0.001422,9.999999992516e-07,0,-0.3,-10.8,-3,1.04,0.18,-0.04
1014,5.065,5.065,5.180123,0.001435,0,0,-0.2,-10.8,-3.2,1.03,0.18,-0.04
1015,5.07,5.07,5.186085,0.002397,0,0,-0.3,-10.9,-3.7,1.03,0.19,-0.04
1016,5.075,5.075,5.191143,0.002457,0,0,-0.4,-10.9,-3.8,1.03,0.2,-0.04
1017,5.08,5.08,5.195149,0.001462,0,0,-0.3,-10.8,-4.3,1.03,0.2,-0.04
1018,5.085,5.085001,5.201232,0.002544,1.00000000013978e-06,0,-0.3,-10.8,-3.9,1.03,0.19,-0.04
1019,5.09,5.09,5.206086,0.002398,0,0,-0.3,-10.8,-3.8,1.03,0.18,-0.04
1020,5.095,5.095,5.210051,0.001363,0,0,-0.3,-10.8,-3.8,1.03,0.19,-0.05
1021,5.1,5.100001,5.21608,0.002391,9.999999992516e-07,0,-0.3,-10.8,-3.1,1.04,0.19,-0.04
1022,5.105,5.105,5.221073,0.002385,0,0,-0.1,-10.7,-2.8,1.04,0.17,-0.04
1023,5.11,5.11,5.225098,0.001411,0,0,-0.1,-10.8,-2.5,1.04,0.17,-0.04
1024,5.115,5.115,5.231096,0.002408,0,0,-0.2,-10.8,-2.6,1.04,0.18,-0.04
1025,5.12,5.12,5.236085,0.002397,0,0,-0.4,-10.9,-3.1,1.04,0.19,-0.04
1026,5.125,5.125,5.240053,0.001365,0,0,-0.4,-10.8,-3.6,1.03,0.19,-0.05
1027,5.13,5.13,5.245262,0.001574,0,0,-0.3,-10.8,-4.4,1.02,0.2,-0.05
1028,5.135,5.135,5.251176,0.002488,0,0,-0.4,-10.9,-4.1,1.03,0.2,-0.05
1029,5.14,5.140001,5.255167,0.00148,1.00000000013978e-06,0,-0.4,-10.9,-4,1.03,0.2,-0.05
1030,5.145,5.145001,5.26053,0.001841,9.999999992516e-07,0,-0.2,-10.8,-2.9,1.04,0.18,-0.04
1031,5.15,5.15,5.26626,0.002572,0,0,-0.3,-10.8,-2.9,1.04,0.19,-0.04
1032,5.155,5.155,5.270133,0.001445,0,0,-0.3,-10.7,-3.3,1.03,0.19,-0.04
1033,5.16,5.16,5.275515,0.001827,0,0,-0.3,-10.7,-3,1.04,0.19,-0.04
1034,5.165,5.165,5.281182,0.002494,0,0,-0.3,-10.6,-3.1,1.03,0.19,-0.04
1035,5.17,5.17,5.286087,0.002399,0,0,-0.3,-10.7,-2.6,1.04,0.18,-0.04
1036,5.175,5.175,5.29006,0.001373,0,0,-0.4,-10.8,-3,1.03,0.19,-0.04
1037,5.18,5.18,5.296222,0.002533,0,0,-0.3,-10.7,-2.7,1.04,0.18,-0.04
1038,5.185,5.185001,5.301096,0.002408,9.999999992516e-07,0,-0.2,-10.7,-2.5,1.04,0.17,-0.04
1039,5.19,5.19,5.305425,0.001738,0,0,-0.4,-10.7,-2.7,1.04,0.19,-0.04
1040,5.195,5.195,5.311175,0.002488,0,0,-0.3,-10.8,-3.2,1.03,0.19,-0.04
1041,5.2,5.2,5.315088,0.0014,0,0,-0.4,-10.8,-3.3,1.03,0.19,-0.04
1042,5.205,5.205,5.320124,0.001436,0,0,-0.3,-10.7,-3.4,1.03,0.19,-0.04
1043,5.21,5.21,5.326288,0.002601,0,0,-0.3,-10.8,-2.7,1.03,0.18,-0.04
1044,5.215,5.215,5.331117,0.00243,0,0,-0.2,-10.8,-2.8,1.03,0.18,-0.03
1045,5.22,5.22,5.335151,0.001463,0,0,-0.2,-10.8,-2.9,1.03,0.18,-0.04
1046,5.225,5.225001,5.341172,0.002483,9.999999992516e-07,0,-0.2,-10.8,-3.4,1.02,0.19,-0.04
1047,5.23,5.23,5.346099,0.002411,0,0,-0.2,-10.7,-3.3,1.03,0.19,-0.04
1048,5.235,5.235,5.350065,0.001377,0,0,-0.4,-10.8,-3.1,1.03,0.2,-0.04
1049,5.24,5.24,5.3562,0.002509,0,0,-0.6,-10.9,-3.1,1.03,0.2,-0.04
1050,5.245,5.245,5.361127,0.00244,0,0,-0.3,-10.8,-2.7,1.03,0.19,-0.03
1051,5.25,5.25,5.365043,0.001355,0,0,-0.3,-10.7,-2.3,1.04,0.18,-0.03
1052,5.255,5.255,5.370222,0.001534,0,0,-0.2,-10.7,-2.9,1.04,0.18,-0.03
1053,5.26,5.26,5.376171,0.002484,0,0,-0.2,-10.7,-2.4,1.04,0.17,-0.03
1054,5.265,5.265,5.380047,0.001361,0,0,-0.1,-10.7,-2.2,1.04,0.17,-0.03
1055,5.27,5.270001,5.385099,0.00141,9.999999992516e-07,0,-0.2,-10.7,-2.8,1.03,0.17,-0.04
1056,5.275,5.275,5.391205,0.002518,0,0,-0.4,-10.8,-3.3,1.03,0.18,-0.04
1057,5.28,5.28,5.395087,0.001399,0,0,-0.5,-10.8,-3.4,1.04,0.19,-0.04
1058,5.285,5.285,5.400133,0.001445,0,0,-0.5,-10.7,-2.9,1.04,0.18,-0.05
1059,5.29,5.29,5.406159,0.002471,0,0,-0.5,-10.7,-3.2,1.04,0.19,-0.05
1060,5.295,5.295,5.411111,0.002423,0,0,-0.4,-10.7,-2.5,1.04,0.18,-0.04
1061,5.3,5.3,5.415061,0.001373,0,0,-0.4,-10.8,-3,1.03,0.18,-0.04
1062,5.305,5.305,5.421063,0.002375,0,0,-0.3,-10.8,-3,1.03,0.18,-0.04
1063,5.31,5.310001,5.426073,0.002384,9.999999992516e-07,0,-0.3,-10.7,-2.7,1.03,0.18,-0.04
1064,5.315,5.315,5.43004,0.001352,0,0,-0.3,-10.7,-3.2,1.03,0.18,-0.04
1065,5.32,5.32,5.436131,0.002443,0,0,-0.2,-10.8,-3.7,1.03,0.19,-0.04
1066,5.325,5.325,5.44007,0.001382,0,0,-0.3,-10.9,-3.9,1.03,0.2,-0.05
1067,5.33,5.33,5.445122,0.001434,0,0,-0.3,-10.9,-3.9,1.03,0.2,-0.05
1068,5.335,5.335,5.451125,0.002437,0,0,-0.4,-10.8,-4.1,1.03,0.21,-0.05
1069,5.34,5.34,5.456099,0.002411,0,0,-0.3,-10.8,-3.5,1.03,0.2,-0.04
1070,5.345,5.345,5.460071,0.001383,0,0,-0.3,-10.9,-3.9,1.03,0.19,-0.05
1071,5.35,5.350001,5.466073,0.002384,9.999999992516e-07,0,-0.3,-10.9,-3.1,1.04,0.19,-0.04
1072,5.355,5.355,5.471089,0.002401,0,0,-0.4,-10.8,-2.8,1.04,0.18,-0.04
1073,5.36,5.36,5.475064,0.001376,0,0,-0.3,-10.8,-2.4,1.04,0.17,-0.04
1074,5.365,5.365,5.480128,0.00144,0,0,-0.5,-10.8,-2.8,1.04,0.19,-0.04
1075,5.37,5.370006,5.486132,0.002438,5.99999999995049e-06,0,-0.5,-10.8,-2.9,1.04,0.19,-0.04
1076,5.375,5.375,5.490083,0.001393,0,0,-0.3,-10.8,-2.9,1.04,0.18,-0.04
1077,5.38,5.38,5.49513,0.001442,0,0,-0.3,-10.8,-3,1.04,0.19,-0.04
1078,5.385,5.385,5.501125,0.002439,0,0,-0.3,-10.7,-3.1,1.04,0.18,-0.04
1079,5.39,5.39,5.505044,0.001356,0,0,-0.4,-10.8,-2.5,1.04,0.18,-0.04
1080,5.395,5.395001,5.510133,0.001445,9.999999992516e-07,0,-0.5,-10.7,-2.6,1.04,0.18,-0.04
1081,5.4,5.4,5.516122,0.002434,0,0,-0.5,-10.8,-2.8,1.04,0.19,-0.04
1082,5.405,5.405,5.520036,0.001349,0,0,-0.4,-10.7,-3.3,1.04,0.18,-0.04
1083,5.41,5.41,5.525166,0.001478,0,0,-0.4,-10.7,-3,1.04,0.19,-0.04
1084,5.415,5.415001,5.53116,0.002472,1.00000000013978e-06,0,-0.2,-10.7,-2.6,1.03,0.18,-0.04
1085,5.42,5.42,5.536091,0.002403,0,0,-0.2,-10.7,-2.9,1.04,0.18,-0.04
1086,5.425,5.425,5.54005,0.001363,0,0,-0.3,-10.7,-2.7,1.04,0.18,-0.04
1087,5.43,5.43,5.546153,0.002466,0,0,-0.2,-10.7,-3.1,1.04,0.18,-0.04
1088,5.435,5.435001,5.551085,0.002397,9.999999992516e-07,0,-0.3,-10.7,-3.6,1.04,0.19,-0.04
1089,5.44,5.44,5.555017,0.001329,0,0,-0.2,-10.7,-3,1.04,0.18,-0.03
1090,5.445,5.445,5.560397,0.00171,0,0,-0.4,-10.7,-3.1,1.03,0.19,-0.04
1091,5.45,5.45,5.566126,0.00244,0,0,-0.4,-10.7,-3,1.03,0.19,-0.04
1092,5.455,5.455,5.570028,0.001342,0,0,-0.4,-10.7,-3.4,1.03,0.19,-0.04
1093,5.46,5.46,5.575276,0.001589,0,0,-0.4,-10.7,-3.4,1.03,0.19,-0.04
1094,5.465,5.465,5.581162,0.002476,0,0,-0.4,-10.7,-3,1.04,0.19,-0.03
1095,5.47,5.47,5.585038,0.001351,0,0,-0.5,-10.8,-2.8,1.04,0.18,-0.03
1096,5.475,5.475001,5.590528,0.001839,9.999999992516e-07,0,-0.4,-10.8,-2.4,1.04,0.18,-0.03
1097,5.48,5.48,5.596154,0.002467,0,0,-0.3,-10.8,-2.2,1.05,0.18,-0.04
1098,5.485,5.485,5.600042,0.001355,0,0,-0.3,-10.7,-2.4,1.04,0.18,-0.04
1099,5.49,5.49,5.605087,0.001399,0,0,-0.2,-10.7,-2.2,1.04,0.17,-0.04
1100,5.495,5.495,5.611197,0.00251,0,0,-0.1,-10.6,-2,1.04,0.16,-0.03
1101,5.5,5.5,5.615065,0.001378,0,0,-0.2,-10.7,-1.9,1.04,0.16,-0.03
1102,5.505,5.505,5.620131,0.001445,0,0,-0.2,-10.7,-2,1.04,0.17,-0.03
1103,5.51,5.51,5.626165,0.002478,0,0,-0.2,-10.7,-2.6,1.04,0.17,-0.04
1104,5.515,5.515,5.630046,0.001359,0,0,-0.3,-10.8,-2,1.04,0.17,-0.03
1105,5.52,5.520001,5.635097,0.001409,9.999999992516e-07,0,-0.3,-10.8,-2.1,1.04,0.17,-0.04
1106,5.525,5.525,5.641108,0.002421,0,0,-0.4,-10.8,-2.1,1.04,0.18,-0.03
1107,5.53,5.53,5.646054,0.002367,0,0,-0.4,-10.7,-2.1,1.04,0.18,-0.04
1108,5.535,5.535,5.650125,0.001438,0,0,-0.2,-10.7,-2.3,1.04,0.17,-0.03
1109,5.54,5.54,5.655501,0.001813,0,0,-0.2,-10.7,-1.7,1.04,0.17,-0.03
1110,5.545,5.545,5.661216,0.002528,0,0,-0.1,-10.7,-2.1,1.04,0.17,-0.03
1111,5.55,5.55,5.665024,0.001337,0,0,-0.2,-10.7,-2.5,1.04,0.18,-0.04
1112,5.555,5.555,5.670165,0.001478,0,0,-0.3,-10.8,-2.8,1.04,0.19,-0.04
1113,5.56,5.560001,5.676157,0.002468,9.999999992516e-07,0,-0.4,-10.8,-3.5,1.04,0.2,-0.05
1114,5.565,5.565,5.680042,0.001355,0,0,-0.5,-10.7,-3.4,1.03,0.19,-0.05
1115,5.57,5.57,5.685264,0.001577,0,0,-0.6,-10.7,-3.8,1.03,0.21,-0.05
1116,5.575,5.575,5.691134,0.002448,0,0,-0.5,-10.7,-3.6,1.03,0.2,-0.04
1117,5.58,5.58,5.6951,0.001412,0,0,-0.5,-10.6,-3.7,1.03,0.2,-0.04
1118,5.585,5.585,5.700211,0.001524,0,0,-0.4,-10.7,-3.2,1.03,0.19,-0.04
1119,5.59,5.59,5.706111,0.002424,0,0,-0.3,-10.8,-3.2,1.04,0.19,-0.04
1120,5.595,5.595,5.711073,0.002386,0,0,-0.3,-10.7,-3.2,1.04,0.19,-0.04
1121,5.6,5.600001,5.715167,0.001479,9.999999992516e-07,0,-0.4,-10.8,-3.5,1.03,0.2,-0.04
1122,5.605,5.605,5.721062,0.002375,0,0,-0.3,-10.7,-3.3,1.03,0.19,-0.04
1123,5.61,5.61,5.726252,0.002564,0,0,-0.1,-10.6,-2.9,1.03,0.17,-0.04
1124,5.615,5.615,5.730069,0.001382,0,0,-0.3,-10.6,-3.8,1.02,0.19,-0.04
1125,5.62,5.62,5.735196,0.001508,0,0,-0.3,-10.7,-3.2,1.03,0.18,-0.04
1126,5.625,5.625,5.741083,0.002396,0,0,-0.3,-10.7,-3.3,1.03,0.19,-0.04
1127,5.63,5.63,5.745036,0.00135,0,0,-0.3,-10.8,-2.8,1.04,0.18,-0.04
1128,5.635,5.635,5.750128,0.001441,0,0,-0.3,-10.9,-3.3,1.04,0.2,-0.05
1129,5.64,5.64,5.756133,0.002446,0,0,-0.4,-10.9,-3.3,1.04,0.2,-0.04
1130,5.645,5.645001,5.76106,0.002372,9.999999992516e-07,0,-0.3,-10.8,-3.4,1.03,0.19,-0.04
1131,5.65,5.65,5.765142,0.001455,0,0,-0.3,-10.8,-3.3,1.03,0.19,-0.04
1132,5.655,5.655,5.771036,0.002349,0,0,-0.3,-10.8,-2.8,1.04,0.18,-0.04
1133,5.66,5.66,5.776094,0.002407,0,0,-0.3,-10.8,-2.5,1.05,0.17,-0.04
1134,5.665,5.665,5.780026,0.001338,0,0,-0.2,-10.7,-1.9,1.05,0.16,-0.03
1135,5.67,5.67,5.785123,0.001436,0,0,-0.2,-10.8,-2.1,1.04,0.17,-0.04
1136,5.675,5.675,5.791092,0.002404,0,0,-0.4,-10.8,-2.4,1.04,0.18,-0.04
1137,5.68,5.68,5.796053,0.002365,0,0,-0.4,-10.9,-3,1.04,0.19,-0.04
1138,5.685,5.685001,5.800099,0.001412,9.999999992516e-07,0,-0.4,-10.8,-2.6,1.04,0.19,-0.04
1139,5.69,5.69,5.806076,0.002388,0,0,-0.4,-10.9,-2.3,1.05,0.18,-0.04
1140,5.695,5.695,5.811056,0.002369,0,0,-0.5,-10.9,-3.3,1.03,0.2,-0.04
1141,5.7,5.7,5.815061,0.001374,0,0,-0.5,-11,-3.2,1.04,0.2,-0.05
1142,5.705,5.705,5.820126,0.001439,0,0,-0.4,-10.9,-2.5,1.04,0.19,-0.04
1143,5.71,5.71,5.826194,0.002507,0,0,-0.5,-10.9,-3.4,1.03,0.2,-0.05
1144,5.715,5.715,5.830019,0.001331,0,0,-0.4,-10.8,-3.1,1.03,0.19,-0.04
1145,5.72,5.72,5.836034,0.002347,0,0,-0.4,-10.8,-3,1.03,0.19,-0.04
1146,5.725,5.725001,5.841033,0.002345,9.999999992516e-07,0,-0.4,-10.8,-2.5,1.04,0.19,-0.04
1147,5.73,5.73,5.845011,0.001324,0,0,-0.5,-10.8,-3.5,1.03,0.19,-0.04
1148,5.735,5.735,5.850122,0.001435,0,0,-0.3,-10.7,-3,1.04,0.18,-0.04
1149,5.74,5.74,5.856032,0.002345,0,0,-0.4,-10.7,-3.3,1.04,0.19,-0.04
1150,5.745,5.745,5.860028,0.001341,0,0,-0.5,-10.7,-3.2,1.04,0.19,-0.04
1151,5.75,5.75,5.865025,0.001338,0,0,-0.5,-10.8,-3.7,1.04,0.2,-0.04
1152,5.755,5.755,5.871012,0.002325,0,0,-0.4,-10.7,-2.6,1.04,0.18,-0.04
1153,5.76,5.76,5.876007,0.00232,0,0,-0.5,-10.8,-2.6,1.04,0.19,-0.04
1154,5.765,5.765,5.880005,0.001318,0,0,-0.3,-10.6,-3.2,1.03,0.19,-0.04
1155,5.77,5.770001,5.886074,0.002386,9.999999992516e-07,0,-0.3,-10.6,-2.7,1.04,0.19,-0.04
1156,5.775,5.775,5.891254,0.002567,0,0,-0.2,-10.8,-3,1.03,0.19,-0.04
1157,5.78,5.78,5.895066,0.001378,0,0,-0.2,-10.8,-3.4,1.03,0.19,-0.04
1158,5.785,5.785,5.900155,0.001468,0,0,-0.2,-10.9,-2.6,1.03,0.19,-0.04
1159,5.79,5.79,5.906108,0.002421,0,0,-0.2,-10.9,-1.7,1.04,0.18,-0.04
1160,5.795,5.795,5.910058,0.001371,0,0,-0.3,-10.9,-2.2,1.04,0.18,-0.04
1161,5.8,5.8,5.915068,0.001382,0,0,-0.2,-10.8,-1.9,1.04,0.18,-0.04
1162,5.805,5.805,5.921066,0.002379,0,0,-0.3,-10.8,-2.5,1.04,0.18,-0.04
1163,5.81,5.810001,5.926108,0.002421,9.999999992516e-07,0,-0.4,-10.7,-2.8,1.04,0.18,-0.04
1164,5.815,5.815,5.93003,0.001343,0,0,-0.3,-10.8,-2.8,1.04,0.18,-0.04
1165,5.82,5.820002,5.935681,0.001993,1.99999999939138e-06,0,-0.4,-10.8,-3.3,1.03,0.19,-0.04
1166,5.825,5.825002,5.941537,0.002849,1.99999999939138e-06,0,-0.4,-10.8,-3.2,1.03,0.19,-0.04
1167,5.83,5.830001,5.945506,0.00182,1.00000000013978e-06,0,-0.4,-10.9,-3.3,1.03,0.19,-0.04
1168,5.835,5.835002,5.950446,0.001755,2.00000000027956e-06,0,-0.4,-10.8,-3.6,1.04,0.19,-0.04
1169,5.84,5.84,5.956197,0.00251,0,0,-0.4,-10.8,-2.8,1.05,0.18,-0.04
1170,5.845,5.845,5.961339,0.002653,0,0,-0.6,-10.8,-3.1,1.04,0.2,-0.05
1171,5.85,5.850001,5.96519,0.001502,9.999999992516e-07,0,-0.5,-10.8,-3.1,1.04,0.2,-0.04
1172,5.855,5.855001,5.971264,0.002576,9.999999992516e-07,0,-0.3,-10.8,-2.9,1.04,0.18,-0.04
1173,5.86,5.86,5.975172,0.001485,0,0,-0.3,-10.8,-2.6,1.04,0.19,-0.04
1174,5.865,5.865,5.980076,0.001389,0,0,-0.3,-10.8,-2.8,1.04,0.18,-0.04
1175,5.87,5.87,5.985379,0.001691,0,0,-0.3,-10.8,-3.1,1.04,0.19,-0.04
1176,5.875,5.875,5.991332,0.002645,0,0,-0.3,-10.8,-2.8,1.04,0.19,-0.04
1177,5.88,5.88,5.995111,0.001423,0,0,-0.2,-10.7,-2.6,1.04,0.18,-0.04
1178,5.885,5.885,6.001083,0.002396,0,0,-0.1,-10.8,-3.3,1.03,0.18,-0.04
1179,5.89,5.89,6.005008,0.001321,0,0,-0.3,-10.8,-2.9,1.04,0.19,-0.04
1180,5.895,5.895001,6.010127,0.001439,9.999999992516e-07,0,-0.3,-10.7,-2.6,1.04,0.18,-0.04
1181,5.9,5.9,6.016026,0.002339,0,0,-0.4,-10.8,-2.3,1.04,0.18,-0.03
1182,5.905,5.905,6.020036,0.001348,0,0,-0.4,-10.8,-2.6,1.03,0.18,-0.04
1183,5.91,5.91,6.02507,0.001382,0,0,-0.3,-10.8,-2.3,1.04,0.18,-0.04
1184,5.915,5.915,6.031131,0.002444,0,0,-0.2,-10.8,-2.5,1.04,0.18,-0.04
1185,5.92,5.92,6.035042,0.001355,0,0,-0.3,-10.9,-2.7,1.04,0.18,-0.04
1186,5.925,5.925,6.040216,0.001528,0,0,-0.5,-10.9,-2.2,1.05,0.19,-0.04
1187,5.93,5.93,6.046233,0.002545,0,0,-0.4,-10.9,-2.3,1.05,0.19,-0.04
1188,5.935,5.935001,6.051071,0.002383,9.999999992516e-07,0,-0.4,-10.8,-3.2,1.04,0.19,-0.04
1189,5.94,5.94,6.055027,0.00134,0,0,-0.3,-10.8,-2.8,1.04,0.19,-0.04
1190,5.945,5.945,6.061208,0.00252,0,0,-0.1,-10.8,-2.6,1.04,0.18,-0.04
1191,5.95,5.95,6.066056,0.002369,0,0,-0.2,-10.7,-2.7,1.04,0.18,-0.04
1192,5.955,5.955,6.070096,0.001409,0,0,-0.2,-10.7,-2.8,1.04,0.18,-0.04
1193,5.96,5.96,6.076171,0.002483,0,0,-0.2,-10.7,-2.8,1.04,0.18,-0.04
1194,5.965,5.965,6.080101,0.001414,0,0,-0.3,-10.7,-3.2,1.03,0.19,-0.04
1195,5.97,5.97,6.085067,0.001379,0,0,-0.3,-10.6,-2.9,1.04,0.18,-0.04
1196,5.975,5.975001,6.090275,0.001586,9.999999992516e-07,0,-0.2,-10.6,-3.1,1.04,0.18,-0.04
1197,5.98,5.98,6.096293,0.002606,0,0,-0.2,-10.7,-2.8,1.04,0.18,-0.04
1198,5.985,5.985001,6.100325,0.001638,9.999999992516e-07,0,-0.2,-10.7,-2.3,1.05,0.18,-0.03
1199,5.99,5.990001,6.10537,0.001682,1.00000000013978e-06,0,-0.1,-10.7,-2.7,1.05,0.18,-0.04
1200,5.995,5.995,6.111278,0.00259,0,0,-0.3,-10.8,-3,1.04,0.19,-0.04
1201,6,6,6.115045,0.001358,0,0,-0.3,-10.7,-2.7,1.04,0.18,-0.03
1202,6.005,6.005,6.121033,0.002346,0,0,-0.2,-10.8,-3.2,1.03,0.18,-0.03
1203,6.01,6.01,6.12609,0.002402,0,0,-0.4,-10.9,-3.1,1.03,0.2,-0.04
1204,6.015,6.015001,6.130023,0.001335,9.999999992516e-07,0,-0.5,-10.8,-3,1.04,0.2,-0.04
1205,6.02,6.020001,6.13606,0.002373,9.999999992516e-07,0,-0.4,-10.9,-3,1.04,0.19,-0.04
1206,6.025,6.025,6.141056,0.002369,0,0,-0.5,-10.8,-2.2,1.04,0.19,-0.03
1207,6.03,6.03,6.14505,0.001363,0,0,-0.4,-10.8,-2.7,1.03,0.18,-0.04
1208,6.035,6.035,6.150033,0.001346,0,0,-0.4,-10.8,-2.3,1.04,0.17,-0.03
1209,6.04,6.04,6.156045,0.002358,0,0,-0.6,-10.9,-2.5,1.03,0.19,-0.04
1210,6.045,6.045,6.161043,0.002357,0,0,-0.4,-10.8,-3,1.03,0.19,-0.04
1211,6.05,6.05,6.165071,0.001384,0,0,-0.3,-10.7,-2.6,1.04,0.19,-0.03
1212,6.055,6.055,6.171065,0.002379,0,0,-0.2,-10.7,-2.3,1.04,0.18,-0.04
1213,6.06,6.060001,6.176019,0.00233,9.999999992516e-07,0,-0.1,-10.7,-2.3,1.04,0.17,-0.04
1214,6.065,6.065,6.180019,0.001332,0,0,-0.1,-10.7,-2.6,1.03,0.18,-0.04
1215,6.07,6.07,6.185099,0.001413,0,0,-0.2,-10.7,-3.2,1.03,0.18,-0.04
1216,6.075,6.075,6.191164,0.002477,0,0,-0.3,-10.7,-3.2,1.03,0.19,-0.04
1217,6.08,6.08,6.195029,0.001342,0,0,-0.3,-10.7,-2.9,1.03,0.19,-0.04
1218,6.085,6.085,6.200097,0.001409,0,0,-0.3,-10.8,-2.4,1.04,0.18,-0.04
1219,6.09,6.09,6.206037,0.00235,0,0,-0.2,-10.8,-2.7,1.04,0.18,-0.04
1220,6.095,6.095,6.210008,0.001321,0,0,-0.1,-10.8,-2.4,1.04,0.18,-0.04
1221,6.1,6.100001,6.215012,0.001324,9.999999992516e-07,0,-0.1,-10.8,-2.5,1.03,0.18,-0.04
1222,6.105,6.105,6.221023,0.002335,0,0,0,-10.8,-2.6,1.03,0.17,-0.03
1223,6.11,6.11,6.226031,0.002344,0,0,-0.1,-10.8,-2.1,1.04,0.18,-0.03
1224,6.115,6.115,6.230006,0.001319,0,0,-0.1,-10.7,-2.5,1.04,0.18,-0.04
1225,6.12,6.12,6.236093,0.002406,0,0,0,-10.7,-2.7,1.03,0.17,-0.04
1226,6.125,6.125,6.240079,0.001393,0,0,-0.2,-10.8,-3.1,1.03,0.19,-0.04
1227,6.13,6.13,6.245039,0.001351,0,0,-0.2,-10.8,-2.6,1.04,0.18,-0.04
1228,6.135,6.135,6.25107,0.002384,0,0,-0.2,-10.8,-2.6,1.04,0.18,-0.04
1229,6.14,6.140001,6.256106,0.002418,9.999999992516e-07,0,-0.2,-10.8,-2.7,1.03,0.17,-0.04
1230,6.145,6.145001,6.26004,0.001352,9.999999992516e-07,0,-0.1,-10.8,-3,1.03,0.17,-0.04
1231,6.15,6.15,6.266026,0.002339,0,0,-0.3,-10.8,-3.3,1.03,0.19,-0.04
1232,6.155,6.155,6.271163,0.002476,0,0,-0.3,-10.7,-2.9,1.04,0.18,-0.04
1233,6.16,6.16,6.275009,0.001322,0,0,-0.4,-10.7,-3.5,1.04,0.19,-0.05
1234,6.165,6.165,6.281081,0.002394,0,0,-0.4,-10.7,-3.4,1.03,0.19,-0.04
1235,6.17,6.17,6.286067,0.00238,0,0,-0.2,-10.7,-3.2,1.04,0.18,-0.05
1236,6.175,6.175,6.29002,0.001333,0,0,-0.3,-10.7,-2.9,1.04,0.18,-0.04
1237,6.18,6.18,6.295015,0.001327,0,0,-0.1,-10.8,-2.5,1.04,0.18,-0.04
1238,6.185,6.185001,6.301018,0.00233,9.999999992516e-07,0,-0.1,-10.8,-2.4,1.04,0.17,-0.04
1239,6.19,6.19,6.305014,0.001327,0,0,-0.2,-10.8,-2.7,1.04,0.18,-0.04
1240,6.195,6.195,6.310017,0.00133,0,0,-0.3,-10.8,-2.5,1.05,0.18,-0.04
1241,6.2,6.2,6.316069,0.002382,0,0,-0.2,-10.7,-2.8,1.03,0.18,-0.04
1242,6.205,6.205,6.321093,0.002406,0,0,-0.2,-10.7,-3.1,1.03,0.17,-0.04
1243,6.21,6.210001,6.325104,0.001416,1.00000000013978e-06,0,-0.2,-10.6,-2.8,1.04,0.17,-0.05
1244,6.215,6.215,6.330036,0.00135,0,0,-0.4,-10.7,-2.2,1.04,0.17,-0.04
1245,6.22,6.22,6.336035,0.002348,0,0,-0.4,-10.8,-3.1,1.03,0.19,-0.04
1246,6.225,6.225001,6.341035,0.002346,9.999999992516e-07,0,-0.4,-10.8,-3.1,1.04,0.19,-0.04
1247,6.23,6.23,6.344993,0.001306,0,0,-0.1,-10.7,-3,1.03,0.18,-0.04
1248,6.235,6.235,6.351073,0.002387,0,0,-0.2,-10.7,-3.2,1.03,0.18,-0.04
1249,6.24,6.24,6.356153,0.002465,0,0,-0.2,-10.7,-2.7,1.04,0.18,-0.04
1250,6.245,6.245,6.360054,0.001366,0,0,-0.2,-10.7,-2.3,1.05,0.17,-0.04
1251,6.25,6.25,6.36521,0.001523,0,0,-0.3,-10.7,-2.9,1.04,0.19,-0.04
1252,6.255,6.255,6.371023,0.002336,0,0,-0.4,-10.7,-3.5,1.04,0.2,-0.05
1253,6.26,6.26,6.374993,0.001306,0,0,-0.5,-10.8,-3,1.04,0.19,-0.04
1254,6.265,6.265001,6.38006,0.001372,9.999999992516e-07,0,-0.5,-10.8,-3.5,1.03,0.2,-0.04
1255,6.27,6.270001,6.385197,0.00151,9.999999992516e-07,0,-0.2,-10.7,-3.3,1.03,0.19,-0.04
1256,6.275,6.275,6.391099,0.002411,0,0,-0.2,-10.7,-3.3,1.03,0.19,-0.04
1257,6.28,6.28,6.395038,0.001351,0,0,-0.2,-10.7,-2.8,1.03,0.18,-0.04
1258,6.285,6.285,6.400121,0.001434,0,0,-0.2,-10.7,-2.4,1.04,0.18,-0.04
1259,6.29,6.29,6.406074,0.002387,0,0,0,-10.6,-2.3,1.04,0.17,-0.04
1260,6.295,6.295,6.410024,0.001337,0,0,-0.2,-10.7,-2.4,1.04,0.17,-0.04
1261,6.3,6.3,6.415065,0.001379,0,0,-0.3,-10.7,-2.5,1.04,0.18,-0.04
1262,6.305,6.305,6.421058,0.002371,0,0,-0.4,-10.7,-2.6,1.04,0.18,-0.04
1263,6.31,6.310001,6.426171,0.002482,9.999999992516e-07,0,-0.4,-10.7,-2.7,1.04,0.18,-0.05
1264,6.315,6.315,6.43003,0.001343,0,0,-0.4,-10.8,-2.8,1.04,0.18,-0.04
1265,6.32,6.32,6.43516,0.001473,0,0,-0.3,-10.8,-2.3,1.04,0.18,-0.04
1266,6.325,6.325,6.441068,0.00238,0,0,-0.4,-10.8,-2.8,1.03,0.19,-0.04
1267,6.33,6.33,6.445005,0.001318,0,0,-0.4,-10.8,-3.2,1.03,0.19,-0.05
1268,6.335,6.335,6.45005,0.001363,0,0,-0.5,-10.8,-2.7,1.04,0.19,-0.04
1269,6.34,6.34,6.456035,0.002347,0,0,-0.3,-10.8,-3.2,1.03,0.19,-0.04
1270,6.345,6.345,6.46003,0.001342,0,0,-0.4,-10.8,-3.1,1.04,0.19,-0.04
1271,6.35,6.350001,6.465088,0.0014,9.999999992516e-07,0,-0.3,-10.8,-2.6,1.04,0.18,-0.04
1272,6.355,6.355,6.471074,0.002385,0,0,-0.4,-10.8,-2,1.04,0.18,-0.04
1273,6.36,6.36,6.476079,0.002392,0,0,-0.3,-10.8,-2.3,1.04,0.18,-0.04
1274,6.365,6.365,6.480023,0.001336,0,0,-0.4,-10.8,-2.5,1.04,0.19,-0.04
1275,6.37,6.37,6.486169,0.002483,0,0,-0.4,-10.8,-2.9,1.04,0.19,-0.04
1276,6.375,6.375,6.490117,0.001431,0,0,-0.5,-10.8,-3.1,1.04,0.19,-0.04
1277,6.38,6.38,6.496083,0.002395,0,0,-0.5,-10.9,-2.7,1.04,0.19,-0.04
1278,6.385,6.385,6.500108,0.001421,0,0,-0.4,-10.9,-3.4,1.03,0.2,-0.05
1279,6.39,6.390001,6.505065,0.001377,9.999999992516e-07,0,-0.4,-10.9,-3.4,1.04,0.2,-0.04
1280,6.395,6.395001,6.511025,0.002337,9.999999992516e-07,0,-0.4,-10.8,-3.2,1.04,0.2,-0.05
1281,6.4,6.4,6.515069,0.001382,0,0,-0.3,-10.8,-2.5,1.04,0.18,-0.04
1282,6.405,6.405,6.520067,0.00138,0,0,-0.2,-10.8,-2.5,1.04,0.17,-0.04
1283,6.41,6.41,6.525159,0.001471,0,0,-0.2,-10.8,-2.2,1.05,0.17,-0.04
1284,6.415,6.415,6.531085,0.002399,0,0,-0.2,-10.8,-2.8,1.04,0.18,-0.04
1285,6.42,6.42,6.535099,0.001412,0,0,-0.2,-10.7,-2.6,1.04,0.18,-0.04
1286,6.425,6.425,6.540025,0.001338,0,0,-0.2,-10.8,-2.3,1.04,0.17,-0.04
1287,6.43,6.43,6.546038,0.002351,0,0,-0.1,-10.8,-2.2,1.04,0.17,-0.04
1288,6.435,6.435001,6.550073,0.001385,9.999999992516e-07,0,0,-10.9,-2.3,1.04,0.17,-0.04
1289,6.44,6.44,6.555019,0.001331,0,0,0,-10.8,-2.6,1.03,0.17,-0.04
1290,6.445,6.445,6.561042,0.002354,0,0,-0.1,-10.8,-2.8,1.03,0.17,-0.04
1291,6.45,6.45,6.56615,0.002464,0,0,-0.4,-10.8,-2.6,1.04,0.19,-0.04
1292,6.455,6.455,6.570025,0.001338,0,0,-0.3,-10.9,-2.3,1.04,0.19,-0.04
1293,6.46,6.46,6.576022,0.002335,0,0,-0.4,-10.8,-2.6,1.04,0.19,-0.04
1294,6.465,6.465,6.581034,0.002348,0,0,-0.3,-10.6,-2.8,1.04,0.19,-0.04
1295,6.47,6.47,6.585007,0.00132,0,0,-0.3,-10.6,-3.1,1.04,0.19,-0.04
1296,6.475,6.475001,6.590133,0.001444,9.999999992516e-07,0,-0.4,-10.8,-2.8,1.04,0.19,-0.04
1297,6.48,6.48,6.596055,0.002368,0,0,-0.4,-10.7,-3.2,1.03,0.2,-0.04
1298,6.485,6.485,6.600042,0.001354,0,0,-0.4,-10.7,-2.6,1.04,0.19,-0.04
1299,6.49,6.49,6.605056,0.001368,0,0,-0.3,-10.7,-1.9,1.04,0.18,-0.03
1300,6.495,6.495,6.611026,0.002339,0,0,-0.3,-10.7,-2.4,1.04,0.18,-0.04
1301,6.5,6.5,6.616154,0.002466,0,0,-0.2,-10.6,-2.5,1.04,0.17,-0.04
1302,6.505,6.505,6.620014,0.001326,0,0,-0.3,-10.7,-2.4,1.04,0.18,-0.04
1303,6.51,6.51,6.626104,0.002417,0,0,-0.4,-10.8,-2.7,1.04,0.19,-0.04
1304,6.515,6.515001,6.631079,0.002391,9.999999992516e-07,0,-0.3,-10.7,-2.3,1.04,0.18,-0.04
1305,6.52,6.520001,6.63501,0.001322,9.999999992516e-07,0,-0.3,-10.7,-2.6,1.04,0.18,-0.04
1306,6.525,6.525,6.640078,0.001391,0,0,-0.3,-10.7,-2.5,1.04,0.18,-0.04
1307,6.53,6.53,6.646071,0.002384,0,0,-0.2,-10.8,-2.7,1.03,0.18,-0.04
1308,6.535,6.535,6.650121,0.001435,0,0,-0.3,-10.8,-2.7,1.03,0.18,-0.04
1309,6.54,6.54,6.655078,0.001392,0,0,-0.4,-10.8,-2.8,1.03,0.19,-0.04
1310,6.545,6.545,6.661054,0.002366,0,0,-0.4,-10.8,-3.2,1.03,0.19,-0.04
1311,6.55,6.55,6.66503,0.001343,0,0,-0.3,-10.8,-3.4,1.03,0.19,-0.04
1312,6.555,6.555,6.670089,0.001402,0,0,-0.2,-10.8,-2.9,1.03,0.18,-0.04
1313,6.56,6.560001,6.676049,0.002361,9.999999992516e-07,0,-0.1,-10.7,-2.4,1.04,0.16,-0.04
1314,6.565,6.565,6.681007,0.00232,0,0,-0.1,-10.7,-2.4,1.03,0.17,-0.04
1315,6.57,6.57,6.685158,0.001471,0,0,-0.1,-10.7,-2.8,1.04,0.17,-0.04
1316,6.575,6.575,6.691097,0.00241,0,0,-0.1,-10.7,-2.3,1.04,0.17,-0.04
1317,6.58,6.58,6.695047,0.001359,0,0,-0.3,-10.8,-3.1,1.03,0.18,-0.04
1318,6.585,6.585,6.700113,0.001426,0,0,-0.4,-10.8,-3.3,1.03,0.19,-0.04
1319,6.59,6.59,6.706146,0.00246,0,0,-0.4,-10.7,-3.4,1.03,0.2,-0.04
1320,6.595,6.595,6.711065,0.002378,0,0,-0.3,-10.6,-3.7,1.03,0.2,-0.04
1321,6.6,6.600001,6.715032,0.001344,9.999999992516e-07,0,-0.3,-10.7,-3.6,1.03,0.19,-0.04
1322,6.605,6.605,6.721023,0.002335,0,0,-0.3,-10.7,-3.1,1.04,0.18,-0.04
1323,6.61,6.61,6.726102,0.002415,0,0,-0.3,-10.7,-2.7,1.04,0.18,-0.04
1324,6.615,6.615,6.730025,0.001338,0,0,-0.3,-10.7,-2.2,1.05,0.18,-0.04
1325,6.62,6.62,6.735124,0.001437,0,0,-0.3,-10.7,-3,1.04,0.19,-0.04
1326,6.625,6.625,6.741106,0.00242,0,0,-0.4,-10.7,-2.6,1.05,0.19,-0.04
1327,6.63,6.63,6.745027,0.001339,0,0,-0.3,-10.7,-2.7,1.04,0.18,-0.04
1328,6.635,6.635,6.750024,0.001336,0,0,-0.4,-10.7,-2.9,1.04,0.19,-0.04
1329,6.64,6.640001,6.756029,0.00234,9.999999992516e-07,0,-0.6,-10.7,-2.8,1.04,0.2,-0.04
1330,6.645,6.645001,6.76104,0.002352,9.999999992516e-07,0,-0.7,-10.7,-3,1.03,0.21,-0.05
1331,6.65,6.65,6.765014,0.001327,0,0,-0.5,-10.7,-2.8,1.04,0.18,-0.05
1332,6.655,6.655,6.770304,0.001617,0,0,-0.4,-10.7,-3,1.04,0.19,-0.04
1333,6.66,6.66,6.776074,0.002386,0,0,-0.3,-10.7,-2.7,1.04,0.18,-0.04
1334,6.665,6.665,6.780007,0.00132,0,0,-0.4,-10.8,-2.9,1.04,0.18,-0.04
1335,6.67,6.67,6.785019,0.001332,0,0,-0.4,-10.7,-2.7,1.05,0.18,-0.04
1336,6.675,6.675,6.791026,0.002338,0,0,-0.4,-10.8,-3.3,1.04,0.18,-0.04
1337,6.68,6.68,6.795007,0.00132,0,0,-0.4,-10.8,-2.9,1.04,0.18,-0.04
1338,6.685,6.685001,6.800077,0.001389,9.999999992516e-07,0,-0.3,-10.7,-2.5,1.05,0.18,-0.04
1339,6.69,6.69,6.80523,0.001542,0,0,-0.4,-10.8,-3.3,1.04,0.19,-0.04
1340,6.695,6.695,6.811094,0.002406,0,0,-0.4,-10.8,-3.9,1.03,0.2,-0.05
1341,6.7,6.7,6.815053,0.001366,0,0,-0.3,-10.7,-3.3,1.04,0.18,-0.04
1342,6.705,6.705,6.820075,0.001388,0,0,-0.3,-10.7,-3.1,1.03,0.18,-0.04
1343,6.71,6.71,6.826085,0.002398,0,0,-0.2,-10.8,-1.9,1.05,0.16,-0.04
1344,6.715,6.715,6.831038,0.002351,0,0,-0.2,-10.7,-2.3,1.04,0.17,-0.04
1345,6.72,6.72,6.835006,0.001319,0,0,-0.2,-10.8,-2.8,1.04,0.18,-0.04
1346,6.725,6.725001,6.840268,0.001579,9.999999992516e-07,0,-0.2,-10.8,-2.3,1.03,0.18,-0.03
1347,6.73,6.73,6.846146,0.002459,0,0,-0.2,-10.7,-3.1,1.03,0.18,-0.04
1348,6.735,6.735,6.850155,0.001469,0,0,-0.2,-10.7,-2.7,1.03,0.18,-0.04
1349,6.74,6.74,6.8551,0.001414,0,0,-0.2,-10.7,-3,1.03,0.19,-0.04
1350,6.745,6.745,6.861089,0.002402,0,0,-0.3,-10.8,-3,1.03,0.19,-0.04
1351,6.75,6.75,6.86606,0.002373,0,0,-0.2,-10.8,-3.2,1.04,0.18,-0.04
1352,6.755,6.755,6.870029,0.001342,0,0,-0.3,-10.9,-3.4,1.03,0.19,-0.04
1353,6.76,6.76,6.875161,0.001474,0,0,-0.3,-10.8,-3.4,1.03,0.2,-0.05
1354,6.765,6.765001,6.881104,0.002415,9.999999992516e-07,0,-0.4,-10.7,-3.4,1.03,0.19,-0.05
1355,6.77,6.770001,6.885046,0.001358,9.999999992516e-07,0,-0.3,-10.7,-3.7,1.03,0.2,-0.05
1356,6.775,6.775,6.890136,0.001448,0,0,-0.4,-10.7,-4,1.03,0.2,-0.05
1357,6.78,6.78,6.896137,0.00245,0,0,-0.5,-10.7,-3.4,1.04,0.19,-0.04
1358,6.785,6.785,6.901055,0.002368,0,0,-0.4,-10.7,-3.2,1.04,0.19,-0.05
1359,6.79,6.79,6.905032,0.001345,0,0,-0.3,-10.7,-2.9,1.04,0.18,-0.04
1360,6.795,6.795,6.911057,0.002369,0,0,-0.2,-10.7,-3,1.04,0.18,-0.04
1361,6.8,6.8,6.91609,0.002403,0,0,0,-10.7,-2.4,1.05,0.16,-0.04
1362,6.805,6.805,6.920084,0.001397,0,0,0,-10.6,-1.8,1.05,0.15,-0.03
1363,6.81,6.810001,6.925244,0.001555,9.999999992516e-07,0,0,-10.7,-2.5,1.04,0.17,-0.04
1364,6.815,6.815001,6.931399,0.002711,9.999999992516e-07,0,-0.2,-10.7,-3,1.04,0.18,-0.04
1365,6.82,6.82,6.935041,0.001354,0,0,-0.4,-10.7,-3.2,1.04,0.2,-0.04
1366,6.825,6.825,6.940052,0.001364,0,0,-0.4,-10.8,-3.5,1.03,0.2,-0.04
1367,6.83,6.83,6.946178,0.002492,0,0,-0.4,-10.8,-3.3,1.03,0.2,-0.04
1368,6.835,6.835,6.951101,0.002413,0,0,-0.3,-10.7,-3.2,1.03,0.19,-0.04
1369,6.84,6.84,6.955018,0.001331,0,0,-0.2,-10.8,-2.5,1.03,0.17,-0.04
1370,6.845,6.845,6.961058,0.002372,0,0,0,-10.8,-2,1.04,0.17,-0.03
1371,6.85,6.850001,6.965037,0.001349,9.999999992516e-07,0,-0.3,-10.8,-2.6,1.04,0.18,-0.04
1372,6.855,6.855,6.970122,0.001435,0,0,-0.3,-10.9,-2.7,1.04,0.18,-0.04
1373,6.86,6.86,6.976043,0.002356,0,0,-0.3,-10.9,-2.8,1.04,0.18,-0.04
1374,6.865,6.865,6.980005,0.001318,0,0,-0.3,-10.9,-3.1,1.04,0.18,-0.04
1375,6.87,6.87,6.985097,0.00141,0,0,-0.3,-10.8,-3.1,1.04,0.18,-0.04
1376,6.875,6.875,6.991072,0.002386,0,0,-0.3,-10.8,-2.9,1.04,0.18,-0.04
1377,6.88,6.88,6.99604,0.002353,0,0,-0.4,-10.8,-3.5,1.03,0.2,-0.05
1378,6.885,6.885,7.000033,0.001346,0,0,-0.3,-10.7,-3,1.03,0.19,-0.05
1379,6.89,6.890001,7.006042,0.002354,9.999999992516e-07,0,-0.4,-10.8,-3.1,1.04,0.19,-0.05
1380,6.895,6.895001,7.01001,0.001322,9.999999992516e-07,0,-0.2,-10.7,-2.7,1.05,0.18,-0.05
1381,6.9,6.9,7.015019,0.001332,0,0,-0.3,-10.9,-2.1,1.05,0.17,-0.04
1382,6.905,6.905,7.02105,0.002363,0,0,-0.2,-10.8,-1.9,1.05,0.16,-0.03
1383,6.91,6.91,7.026225,0.002538,0,0,-0.2,-10.8,-2.7,1.04,0.18,-0.04
1384,6.915,6.915,7.030041,0.001354,0,0,-0.4,-10.9,-2.9,1.04,0.19,-0.04
1385,6.92,6.92,7.036064,0.002377,0,0,-0.4,-10.9,-2.9,1.04,0.19,-0.04
1386,6.925,6.925,7.04107,0.002383,0,0,-0.4,-10.9,-3.3,1.04,0.2,-0.04
1387,6.93,6.93,7.045046,0.001359,0,0,-0.4,-10.9,-3,1.04,0.2,-0.04
1388,6.935,6.935001,7.050126,0.001438,9.999999992516e-07,0,-0.4,-10.9,-2.6,1.04,0.19,-0.04
1389,6.94,6.94,7.056056,0.002369,0,0,-0.4,-10.8,-2.6,1.04,0.18,-0.04
1390,6.945,6.945,7.060043,0.001356,0,0,-0.4,-10.8,-3.2,1.03,0.19,-0.04
1391,6.95,6.95,7.065049,0.001362,0,0,-0.3,-10.8,-3.4,1.03,0.19,-0.05
1392,6.955,6.955,7.071106,0.00242,0,0,-0.4,-10.7,-3.3,1.03,0.19,-0.04
1393,6.96,6.96,7.075031,0.001344,0,0,-0.4,-10.7,-3,1.04,0.18,-0.04
1394,6.965,6.965,7.080071,0.001384,0,0,-0.3,-10.7,-2.8,1.04,0.18,-0.04
1395,6.97,6.97,7.086102,0.002415,0,0,-0.4,-10.6,-2.3,1.04,0.18,-0.03
1396,6.975,6.975001,7.091047,0.002359,9.999999992516e-07,0,-0.4,-10.7,-2.8,1.04,0.19,-0.04
1397,6.98,6.98,7.095032,0.001344,0,0,-0.2,-10.7,-2.6,1.05,0.17,-0.04
1398,6.985,6.985,7.101032,0.002344,0,0,-0.2,-10.7,-2.3,1.05,0.16,-0.04
1399,6.99,6.99,7.106033,0.002345,0,0,-0.3,-10.7,-3,1.04,0.18,-0.04
1400,6.995,6.995,7.110137,0.00145,0,0,-0.3,-10.7,-3.8,1.04,0.19,-0.05
1401,7,7,7.116064,0.002377,0,0,-0.3,-10.7,-4.1,1.03,0.19,-0.04
1402,7.005,7.005,7.121057,0.00237,0,0,-0.3,-10.7,-3.7,1.03,0.18,-0.04
1403,7.01,7.01,7.125189,0.001501,0,0,-0.4,-10.8,-3.7,1.03,0.19,-0.04
1404,7.015,7.015001,7.130249,0.00156,9.999999992516e-07,0,-0.3,-10.9,-3.4,1.04,0.19,-0.04
1405,7.02,7.020001,7.13611,0.002421,9.999999992516e-07,0,-0.4,-10.9,-3.2,1.04,0.19,-0.04
1406,7.025,7.025,7.14014,0.001454,0,0,-0.3,-10.8,-3,1.04,0.19,-0.04
1407,7.03,7.03,7.145204,0.001517,0,0,-0.2,-10.8,-2.3,1.04,0.17,-0.04
1408,7.035,7.035,7.151046,0.002359,0,0,-0.3,-10.9,-2.8,1.04,0.18,-0.04
1409,7.04,7.04,7.155014,0.001327,0,0,-0.5,-11,-3.2,1.03,0.2,-0.04
1410,7.045,7.045,7.160082,0.001395,0,0,-0.3,-10.9,-3,1.04,0.19,-0.04
1411,7.05,7.05,7.166139,0.00248,0,0,-0.3,-10.8,-3.3,1.03,0.19,-0.04
1412,7.055,7.055,7.171097,0.002409,0,0,-0.3,-10.8,-2.9,1.04,0.18,-0.04
1413,7.06,7.060001,7.175193,0.001504,9.999999992516e-07,0,-0.2,-10.9,-2.4,1.04,0.18,-0.04
1414,7.065,7.065,7.181126,0.002438,0,0,-0.2,-10.8,-2.4,1.04,0.17,-0.04
1415,7.07,7.07,7.186031,0.002344,0,0,-0.2,-10.8,-3.2,1.03,0.19,-0.04
1416,7.075,7.075,7.190117,0.001431,0,0,-0.1,-10.7,-3.1,1.03,0.18,-0.04
1417,7.08,7.08,7.196126,0.002439,0,0,-0.1,-10.8,-3.1,1.04,0.17,-0.05
1418,7.085,7.085,7.201082,0.002394,0,0,-0.1,-10.7,-3,1.04,0.17,-0.04
1419,7.09,7.09,7.205031,0.001344,0,0,-0.1,-10.7,-3.1,1.03,0.18,-0.04
1420,7.095,7.095,7.211135,0.002447,0,0,-0.2,-10.7,-2.7,1.04,0.18,-0.04
1421,7.1,7.100001,7.216022,0.002334,9.999999992516e-07,0,-0.3,-10.7,-2.5,1.04,0.17,-0.04
1422,7.105,7.105,7.220102,0.001416,0,0,-0.2,-10.7,-2.9,1.04,0.18,-0.04
1423,7.11,7.11,7.225265,0.001578,0,0,-0.4,-10.8,-2.6,1.04,0.18,-0.05
1424,7.115,7.115,7.231099,0.002412,0,0,-0.3,-10.8,-2.9,1.04,0.19,-0.05
1425,7.12,7.12,7.23502,0.001333,0,0,-0.4,-10.8,-2.9,1.03,0.2,-0.04
1426,7.125,7.125,7.240071,0.001384,0,0,-0.3,-10.8,-2.3,1.04,0.19,-0.04
1427,7.13,7.13,7.246124,0.002437,0,0,-0.2,-10.8,-3.3,1.03,0.19,-0.04
1428,7.135,7.135,7.250035,0.001348,0,0,-0.2,-10.8,-3.4,1.04,0.19,-0.04
1429,7.14,7.140001,7.255177,0.001488,9.999999992516e-07,0,-0.3,-10.8,-3,1.04,0.18,-0.04
1430,7.145,7.145001,7.261084,0.002395,9.999999992516e-07,0,-0.3,-10.8,-3.6,1.04,0.19,-0.05
1431,7.15,7.15,7.266044,0.002358,0,0,-0.4,-10.8,-3.4,1.04,0.19,-0.05
1432,7.155,7.155,7.270042,0.001354,0,0,-0.4,-10.9,-3.1,1.04,0.2,-0.04
1433,7.16,7.16,7.27605,0.002363,0,0,-0.5,-10.8,-3.3,1.03,0.2,-0.04
1434,7.165,7.165,7.281049,0.002362,0,0,-0.5,-10.8,-3.1,1.03,0.2,-0.04
1435,7.17,7.17,7.285,0.001313,0,0,-0.5,-10.8,-3.1,1.03,0.2,-0.04
1436,7.175,7.175,7.29024,0.001552,0,0,-0.3,-10.8,-4,1.03,0.2,-0.05
1437,7.18,7.18,7.296071,0.002384,0,0,-0.3,-10.8,-4.3,1.03,0.21,-0.05
1438,7.185,7.185001,7.300104,0.001417,9.999999992516e-07,0,-0.4,-10.8,-3.8,1.03,0.21,-0.04
1439,7.19,7.19,7.305104,0.001417,0,0,-0.4,-10.8,-3.2,1.04,0.2,-0.04
1440,7.195,7.195,7.3111,0.002414,0,0,-0.3,-10.7,-2.9,1.04,0.18,-0.04
1441,7.2,7.2,7.315024,0.001337,0,0,-0.3,-10.7,-2.9,1.03,0.19,-0.04
1442,7.205,7.205,7.320018,0.001331,0,0,-0.3,-10.7,-2.9,1.03,0.19,-0.04
1443,7.21,7.21,7.326031,0.002344,0,0,-0.4,-10.8,-2.8,1.04,0.19,-0.04
1444,7.215,7.215,7.331108,0.002421,0,0,-0.3,-10.7,-3,1.03,0.19,-0.04
1445,7.22,7.22,7.335048,0.001361,0,0,-0.3,-10.7,-3,1.03,0.19,-0.04
1446,7.225,7.225001,7.3403,0.001612,9.999999992516e-07,0,-0.2,-10.7,-3,1.03,0.19,-0.04
1447,7.23,7.23,7.346132,0.002444,0,0,-0.2,-10.7,-2.4,1.04,0.19,-0.04
1448,7.235,7.235,7.351144,0.002457,0,0,-0.2,-10.7,-2.9,1.03,0.18,-0.04
1449,7.24,7.24,7.355015,0.001328,0,0,-0.3,-10.9,-3.1,1.03,0.19,-0.04
1450,7.245,7.245,7.361141,0.002454,0,0,-0.3,-10.8,-2.8,1.04,0.19,-0.04
1451,7.25,7.25,7.366104,0.002416,0,0,-0.3,-10.8,-3.3,1.03,0.19,-0.04
1452,7.255,7.255,7.370013,0.001326,0,0,-0.2,-10.8,-2.9,1.03,0.18,-0.04
1453,7.26,7.26,7.376146,0.002459,0,0,-0.3,-10.8,-2.5,1.03,0.18,-0.03
1454,7.265,7.265001,7.381048,0.002359,9.999999992516e-07,0,-0.1,-10.7,-1.9,1.04,0.17,-0.03
1455,7.27,7.270001,7.385051,0.001363,9.999999992516e-07,0,-0.2,-10.7,-2.7,1.04,0.18,-0.04
1456,7.275,7.275,7.390279,0.001591,0,0,-0.1,-10.7,-3,1.04,0.17,-0.04
1457,7.28,7.28,7.396113,0.002426,0,0,-0.3,-10.7,-3.4,1.03,0.18,-0.04
1458,7.285,7.285,7.400069,0.001383,0,0,-0.3,-10.7,-3.4,1.03,0.19,-0.04
1459,7.29,7.29,7.405147,0.001459,0,0,-0.4,-10.8,-3.2,1.03,0.19,-0.04
1460,7.295,7.295,7.411184,0.002496,0,0,-0.2,-10.7,-2.7,1.04,0.18,-0.04
1461,7.3,7.3,7.41612,0.002433,0,0,-0.2,-10.7,-2.6,1.04,0.18,-0.04
1462,7.305,7.305,7.420082,0.001394,0,0,-0.3,-10.8,-2.9,1.04,0.19,-0.04
1463,7.31,7.310001,7.425061,0.001373,9.999999992516e-07,0,-0.3,-10.8,-2.9,1.03,0.19,-0.04
1464,7.315,7.315,7.431059,0.002372,0,0,-0.3,-10.7,-2.7,1.03,0.18,-0.04
1465,7.32,7.32,7.435018,0.001331,0,0,-0.4,-10.8,-2.8,1.03,0.18,-0.04
1466,7.325,7.325,7.440202,0.001515,0,0,-0.5,-10.8,-2.5,1.04,0.18,-0.04
1467,7.33,7.33,7.446036,0.002349,0,0,-0.6,-10.9,-3.1,1.04,0.2,-0.04
1468,7.335,7.335,7.450088,0.001401,0,0,-0.4,-11,-2.6,1.04,0.19,-0.04
1469,7.34,7.34,7.455064,0.001377,0,0,-0.6,-11,-2.9,1.03,0.2,-0.04
1470,7.345,7.345,7.461047,0.002359,0,0,-0.5,-10.8,-3.2,1.03,0.2,-0.04
1471,7.35,7.350001,7.466018,0.002331,9.999999992516e-07,0,-0.6,-10.8,-2.9,1.03,0.2,-0.04
1472,7.355,7.355,7.470028,0.001341,0,0,-0.5,-10.8,-3.3,1.03,0.2,-0.04
1473,7.36,7.36,7.476036,0.002349,0,0,-0.4,-10.8,-3.1,1.04,0.19,-0.04
1474,7.365,7.365,7.481006,0.002319,0,0,-0.3,-10.8,-3.1,1.04,0.19,-0.04
1475,7.37,7.37,7.485012,0.001326,0,0,-0.3,-10.8,-3.4,1.03,0.2,-0.04
1476,7.375,7.375,7.490093,0.001406,0,0,-0.4,-10.8,-2.7,1.04,0.19,-0.04
1477,7.38,7.38,7.49602,0.002333,0,0,-0.4,-10.8,-2.6,1.04,0.18,-0.04
1478,7.385,7.385,7.501055,0.002368,0,0,-0.3,-10.7,-2.4,1.05,0.17,-0.04
1479,7.39,7.390001,7.505074,0.001387,9.999999992516e-07,0,-0.2,-10.8,-2.3,1.04,0.17,-0.04
1480,7.395,7.395002,7.510334,0.001645,1.99999999939138e-06,0,-0.2,-10.8,-2.7,1.05,0.18,-0.04
1481,7.4,7.4,7.516054,0.002367,0,0,-0.3,-10.8,-2.5,1.04,0.17,-0.04
1482,7.405,7.405,7.520093,0.001406,0,0,-0.3,-10.8,-3,1.04,0.19,-0.04
1483,7.41,7.41,7.525072,0.001385,0,0,-0.4,-10.8,-2.9,1.04,0.19,-0.04
1484,7.415,7.415,7.531063,0.002376,0,0,-0.5,-10.8,-3,1.04,0.19,-0.04
1485,7.42,7.42,7.536019,0.002332,0,0,-0.4,-10.8,-3.5,1.04,0.19,-0.04
1486,7.425,7.425,7.540048,0.001361,0,0,-0.4,-10.8,-3.4,1.04,0.2,-0.05
1487,7.43,7.43,7.546025,0.002339,0,0,-0.4,-10.8,-3.6,1.03,0.19,-0.05
1488,7.435,7.435001,7.551277,0.00259,9.999999992516e-07,0,-0.3,-10.9,-3.4,1.03,0.19,-0.05
1489,7.44,7.44,7.555011,0.001324,0,0,-0.3,-10.8,-3.6,1.03,0.19,-0.05
1490,7.445,7.445,7.560231,0.001543,0,0,-0.1,-10.8,-3.3,1.03,0.17,-0.04
1491,7.45,7.45,7.566125,0.002438,0,0,-0.2,-10.8,-2.9,1.03,0.17,-0.04
1492,7.455,7.455,7.570055,0.001368,0,0,-0.1,-10.7,-3.5,1.03,0.17,-0.04
1493,7.46,7.46,7.575294,0.001606,0,0,-0.3,-10.8,-3,1.03,0.18,-0.04
1494,7.465,7.465,7.581082,0.002395,0,0,-0.4,-10.8,-2.8,1.03,0.19,-0.04
1495,7.47,7.47,7.585008,0.001321,0,0,-0.3,-10.8,-3.1,1.03,0.19,-0.04
1496,7.475,7.475002,7.590161,0.001472,1.99999999939138e-06,0,-0.4,-10.9,-3.7,1.03,0.19,-0.05
1497,7.48,7.48,7.59607,0.002383,0,0,-0.4,-10.9,-3.9,1.03,0.19,-0.05
1498,7.485,7.485,7.601073,0.002387,0,0,-0.5,-11,-3.4,1.03,0.2,-0.05
1499,7.49,7.49,7.605082,0.001394,0,0,-0.4,-11,-3.8,1.03,0.2,-0.04
1500,7.495,7.495,7.610018,0.00133,0,0,-0.4,-10.9,-3.3,1.04,0.19,-0.04
1501,7.5,7.5,7.616081,0.002394,0,0,-0.5,-10.9,-2.9,1.04,0.19,-0.04
1502,7.505,7.505,7.621117,0.002431,0,0,-0.6,-10.9,-2.7,1.04,0.2,-0.04
1503,7.51,7.51,7.625032,0.001345,0,0,-0.5,-10.9,-2.8,1.04,0.19,-0.04
1504,7.515,7.515001,7.630158,0.001469,9.999999992516e-07,0,-0.4,-10.8,-2.7,1.04,0.19,-0.04
1505,7.52,7.520001,7.636129,0.00244,9.999999992516e-07,0,-0.3,-10.9,-2.5,1.04,0.17,-0.04
1506,7.525,7.525,7.640111,0.001424,0,0,-0.3,-10.8,-3,1.03,0.18,-0.04
1507,7.53,7.53,7.645073,0.001386,0,0,-0.3,-10.8,-2.8,1.03,0.18,-0.04
1508,7.535,7.535,7.651031,0.002344,0,0,-0.3,-10.8,-2.7,1.04,0.18,-0.04
1509,7.54,7.54,7.655117,0.001431,0,0,-0.3,-10.8,-3.1,1.04,0.18,-0.04
1510,7.545,7.545,7.660091,0.001404,0,0,-0.2,-10.8,-2.9,1.04,0.18,-0.04
1511,7.55,7.55,7.666044,0.002358,0,0,-0.3,-10.7,-2.9,1.04,0.18,-0.04
1512,7.555,7.555,7.671071,0.002384,0,0,-0.1,-10.7,-3.1,1.04,0.17,-0.04
1513,7.56,7.560001,7.675091,0.001403,9.999999992516e-07,0,-0.2,-10.8,-3.1,1.03,0.17,-0.04
1514,7.565,7.565,7.681092,0.002406,0,0,-0.1,-10.7,-3,1.04,0.17,-0.04
1515,7.57,7.57,7.686076,0.002389,0,0,-0.1,-10.8,-3.1,1.03,0.18,-0.04
1516,7.575,7.575,7.69003,0.001343,0,0,-0.2,-10.8,-3.4,1.03,0.18,-0.04
1517,7.58,7.58,7.696118,0.002431,0,0,-0.2,-10.7,-2.8,1.04,0.17,-0.04
1518,7.585,7.585,7.701122,0.002436,0,0,0,-10.7,-2.4,1.04,0.16,-0.03
1519,7.59,7.59,7.705082,0.001395,0,0,-0.3,-10.8,-3.2,1.03,0.19,-0.04
1520,7.595,7.595,7.710141,0.001454,0,0,-0.3,-10.8,-3.7,1.03,0.19,-0.04
1521,7.6,7.600001,7.7161,0.002412,9.999999992516e-07,0,-0.2,-10.8,-3,1.04,0.18,-0.03
1522,7.605,7.605,7.720026,0.001339,0,0,-0.2,-10.7,-2.7,1.04,0.18,-0.03
1523,7.61,7.61,7.725229,0.001543,0,0,-0.2,-10.7,-3.5,1.03,0.18,-0.04
1524,7.615,7.615,7.73104,0.002353,0,0,-0.4,-10.8,-3.6,1.03,0.19,-0.05
1525,7.62,7.62,7.735122,0.001434,0,0,-0.4,-10.9,-3.1,1.04,0.18,-0.04
1526,7.625,7.625,7.74023,0.001542,0,0,-0.4,-10.9,-3,1.04,0.18,-0.04
1527,7.63,7.63,7.746235,0.002547,0,0,-0.5,-10.9,-3.5,1.04,0.2,-0.05
1528,7.635,7.635,7.751089,0.002402,0,0,-0.6,-10.9,-3.3,1.04,0.2,-0.04
1529,7.64,7.640001,7.755106,0.001418,9.999999992516e-07,0,-0.4,-10.8,-3.5,1.04,0.19,-0.05
1530,7.645,7.645001,7.760162,0.001474,9.999999992516e-07,0,-0.5,-10.8,-3.1,1.04,0.19,-0.05
1531,7.65,7.65,7.766168,0.002482,0,0,-0.4,-10.8,-3.3,1.04,0.2,-0.05
1532,7.655,7.655,7.771088,0.002401,0,0,-0.4,-10.6,-3.6,1.04,0.19,-0.05
1533,7.66,7.66,7.775084,0.001398,0,0,-0.4,-10.7,-3.4,1.04,0.19,-0.04
1534,7.665,7.665,7.781192,0.002505,0,0,-0.3,-10.7,-2.9,1.04,0.17,-0.04
1535,7.67,7.67,7.785046,0.00136,0,0,-0.4,-10.8,-3.6,1.03,0.19,-0.05
1536,7.675,7.675,7.790081,0.001395,0,0,-0.4,-10.7,-3.5,1.03,0.18,-0.04
1537,7.68,7.68,7.796128,0.00244,0,0,-0.4,-10.7,-3.4,1.03,0.19,-0.04
1538,7.685,7.685001,7.801051,0.002363,9.999999992516e-07,0,-0.5,-10.8,-2.7,1.04,0.19,-0.04
1539,7.69,7.69,7.805033,0.001345,0,0,-0.4,-10.8,-2.8,1.04,0.19,-0.04
1540,7.695,7.695,7.811082,0.002395,0,0,-0.3,-10.8,-3,1.03,0.17,-0.04
1541,7.7,7.7,7.816028,0.002341,0,0,-0.2,-10.8,-3.1,1.03,0.18,-0.04
1542,7.705,7.705,7.820011,0.001324,0,0,-0.3,-10.8,-3.5,1.03,0.19,-0.04
1543,7.71,7.71,7.825217,0.001529,0,0,-0.2,-10.7,-3.4,1.03,0.19,-0.04
1544,7.715,7.715,7.831037,0.00235,0,0,-0.4,-10.7,-3.4,1.03,0.19,-0.04
1545,7.72,7.72,7.83605,0.002364,0,0,-0.3,-10.7,-3.7,1.03,0.19,-0.04
1546,7.725,7.725001,7.840185,0.001496,9.999999992516e-07,0,-0.3,-10.7,-3.2,1.03,0.18,-0.04
1547,7.73,7.73,7.846048,0.002362,0,0,-0.2,-10.6,-2.9,1.03,0.18,-0.03
1548,7.735,7.735,7.851105,0.002418,0,0,-0.2,-10.7,-2.7,1.03,0.17,-0.03
1549,7.74,7.74,7.855084,0.001397,0,0,-0.3,-10.8,-2.7,1.03,0.18,-0.03
1550,7.745,7.745,7.860214,0.001526,0,0,-0.4,-10.8,-3.1,1.03,0.19,-0.04
1551,7.75,7.75,7.866089,0.002403,0,0,-0.3,-10.9,-3,1.03,0.19,-0.04
1552,7.755,7.755,7.870207,0.00152,0,0,-0.3,-10.9,-3.1,1.04,0.18,-0.04
1553,7.76,7.760001,7.875144,0.001457,1.00000000013978e-06,0,-0.3,-10.8,-3.1,1.04,0.18,-0.04
1554,7.765,7.765001,7.881108,0.002419,9.999999992516e-07,0,-0.3,-10.8,-2.8,1.04,0.18,-0.04
1555,7.77,7.770001,7.886134,0.002446,9.999999992516e-07,0,-0.3,-10.8,-3,1.04,0.18,-0.04
1556,7.775,7.775,7.890187,0.001501,0,0,-0.3,-10.7,-2.6,1.04,0.18,-0.04
1557,7.78,7.78,7.896134,0.002446,0,0,-0.4,-10.8,-2.4,1.04,0.18,-0.03
1558,7.785,7.785,7.901052,0.002365,0,0,-0.4,-10.8,-2.8,1.04,0.18,-0.04
1559,7.79,7.79,7.90501,0.001323,0,0,-0.4,-10.8,-2.9,1.04,0.18,-0.04
1560,7.795,7.795,7.910369,0.001681,0,0,-0.3,-10.8,-3.4,1.04,0.18,-0.04
1561,7.8,7.8,7.916139,0.002446,0,0,-0.4,-10.7,-3.7,1.03,0.19,-0.04
1562,7.805,7.805001,7.92012,0.001435,9.999999992516e-07,0,-0.2,-10.8,-3.6,1.03,0.18,-0.04
1563,7.81,7.810001,7.925096,0.001408,9.999999992516e-07,0,-0.2,-10.8,-3.1,1.03,0.19,-0.04
1564,7.815,7.815,7.931085,0.002398,0,0,-0.3,-10.8,-2.6,1.04,0.19,-0.03
1565,7.82,7.82,7.936064,0.002376,0,0,-0.3,-10.8,-2.8,1.04,0.19,-0.04
1566,7.825,7.825,7.940328,0.001641,0,0,-0.3,-10.8,-2.9,1.04,0.19,-0.04
1567,7.83,7.83,7.946148,0.002462,0,0,-0.2,-10.8,-2.4,1.04,0.18,-0.04
1568,7.835,7.835,7.95105,0.002363,0,0,-0.5,-10.8,-2.7,1.04,0.18,-0.04
1569,7.84,7.84,7.955162,0.001476,0,0,-0.4,-10.8,-3,1.04,0.18,-0.04
1570,7.845,7.845,7.960197,0.001509,0,0,-0.4,-10.8,-3.1,1.04,0.19,-0.04
1571,7.85,7.850001,7.966118,0.00243,9.999999992516e-07,0,-0.2,-10.7,-3.1,1.04,0.18,-0.04
1572,7.855,7.855,7.970086,0.001399,0,0,-0.3,-10.8,-2.9,1.04,0.18,-0.04
1573,7.86,7.86,7.975095,0.001408,0,0,-0.2,-10.7,-2.7,1.04,0.17,-0.04
1574,7.865,7.865,7.981115,0.002428,0,0,-0.3,-10.7,-3.2,1.04,0.18,-0.04
1575,7.87,7.87,7.985068,0.001381,0,0,-0.2,-10.7,-2.4,1.04,0.17,-0.04
1576,7.875,7.875,7.990091,0.001404,0,0,-0.3,-10.8,-2.5,1.04,0.17,-0.04
1577,7.88,7.88,7.995182,0.001495,0,0,-0.3,-10.8,-2.7,1.04,0.18,-0.04
1578,7.885,7.885,8.001116,0.002429,0,0,-0.4,-10.8,-2.9,1.03,0.19,-0.04
1579,7.89,7.890001,8.005023,0.001335,9.999999992516e-07,0,-0.4,-10.8,-3.5,1.03,0.2,-0.05
1580,7.895,7.895001,8.010253,0.001565,9.999999992516e-07,0,-0.3,-10.7,-3.2,1.03,0.19,-0.05
1581,7.9,7.9,8.016088,0.0024,0,0,-0.4,-10.7,-2.7,1.04,0.18,-0.04
1582,7.905,7.905,8.020057,0.00137,0,0,-0.4,-10.8,-3.1,1.03,0.19,-0.04
1583,7.91,7.91,8.025124,0.001437,0,0,-0.4,-10.7,-3.2,1.03,0.19,-0.04
1584,7.915,7.915,8.031067,0.002381,0,0,-0.2,-10.8,-2.8,1.04,0.18,-0.04
1585,7.92,7.92,8.036056,0.002369,0,0,-0.1,-10.7,-2.9,1.03,0.17,-0.04
1586,7.925,7.925,8.040172,0.001485,0,0,-0.3,-10.7,-3.1,1.03,0.18,-0.04
1587,7.93,7.930001,8.046051,0.002362,9.999999992516e-07,0,-0.2,-10.7,-3,1.03,0.18,-0.04
1588,7.935,7.935001,8.051119,0.002431,9.999999992516e-07,0,-0.3,-10.7,-3.4,1.03,0.19,-0.05
1589,7.94,7.94,8.055023,0.001336,0,0,-0.2,-10.7,-3.2,1.03,0.18,-0.04
1590,7.945,7.945,8.060149,0.00146,0,0,-0.2,-10.7,-3.2,1.03,0.19,-0.04
1591,7.95,7.95,8.066038,0.002351,0,0,-0.3,-10.6,-3.3,1.03,0.19,-0.04
1592,7.955,7.955,8.070003,0.001316,0,0,-0.3,-10.7,-3,1.04,0.19,-0.04
1593,7.96,7.960001,8.075185,0.001498,1.00000000013978e-06,0,-0.4,-10.7,-3.4,1.03,0.2,-0.04
1594,7.965,7.965,8.081038,0.002351,0,0,-0.3,-10.7,-3.5,1.03,0.19,-0.04
1595,7.97,7.97,8.085008,0.001321,0,0,-0.3,-10.7,-3.7,1.03,0.19,-0.04
1596,7.975,7.975001,8.090323,0.001634,9.999999992516e-07,0,-0.3,-10.9,-3.7,1.03,0.2,-0.04
1597,7.98,7.98,8.096067,0.00238,0,0,-0.4,-10.9,-3.2,1.04,0.19,-0.04
1598,7.985,7.985,8.101135,0.002448,0,0,-0.3,-10.8,-2.5,1.04,0.18,-0.04
1599,7.99,7.99,8.105103,0.001416,0,0,-0.5,-10.8,-2.9,1.04,0.18,-0.04
1600,7.995,7.995,8.110216,0.001528,0,0,-0.4,-10.8,-3.1,1.04,0.18,-0.05
1601,8,8,8.116053,0.002366,0,0,-0.3,-10.8,-2.8,1.04,0.18,-0.04
1602,8.005,8.005,8.12114,0.002453,0,0,-0.3,-10.8,-3.1,1.04,0.18,-0.04
1603,8.01,8.01,8.125128,0.00144,0,0,-0.2,-10.8,-2.5,1.04,0.17,-0.04
1604,8.015,8.015,8.131076,0.002389,0,0,-0.3,-10.8,-3.1,1.04,0.18,-0.04
1605,8.02,8.02,8.136111,0.002424,0,0,-0.3,-10.9,-2.9,1.04,0.18,-0.04
1606,8.025,8.025,8.140381,0.001694,0,0,-0.3,-10.9,-2.8,1.04,0.19,-0.04
1607,8.03,8.03,8.145151,0.001463,0,0,-0.3,-10.9,-3,1.04,0.19,-0.04
1608,8.035,8.035,8.151123,0.002437,0,0,-0.2,-10.7,-3,1.04,0.17,-0.04
1609,8.04,8.040001,8.155017,0.001328,9.999999992516e-07,0,-0.3,-10.7,-3.2,1.04,0.18,-0.04
1610,8.045,8.045,8.160062,0.001375,0,0,-0.2,-10.7,-2.8,1.04,0.18,-0.04
1611,8.05,8.05,8.166054,0.002367,0,0,-0.1,-10.7,-2.7,1.03,0.17,-0.04
1612,8.055,8.055,8.171159,0.002473,0,0,-0.2,-10.8,-3.2,1.03,0.18,-0.04
1613,8.06,8.06,8.175082,0.001395,0,0,-0.3,-10.8,-3.5,1.03,0.19,-0.04
1614,8.065,8.065,8.180242,0.001554,0,0,-0.4,-10.8,-4.1,1.03,0.2,-0.04
1615,8.07,8.07,8.18621,0.002524,0,0,-0.5,-10.8,-4.8,1.02,0.22,-0.05
1616,8.075,8.075,8.190017,0.00133,0,0,-0.6,-10.9,-4.3,1.03,0.22,-0.05
1617,8.08,8.08,8.198137,0.004449,0,0,-0.5,-10.8,-4,1.03,0.22,-0.05
1618,8.085,8.085,8.201026,0.002339,0,0,-0.6,-10.9,-3.8,1.03,0.22,-0.05
1619,8.09,8.09,8.205037,0.00135,0,0,-0.5,-10.9,-3.9,1.03,0.22,-0.05
1620,8.095,8.095,8.210178,0.001491,0,0,-0.3,-10.9,-4.1,1.03,0.21,-0.05
1621,8.1,8.1,8.216106,0.002419,0,0,-0.3,-10.8,-3.6,1.03,0.2,-0.04
1622,8.105,8.105,8.22104,0.002353,0,0,-0.4,-10.8,-3.7,1.03,0.2,-0.04
1623,8.11,8.11,8.225043,0.001356,0,0,-0.2,-10.8,-3.3,1.04,0.18,-0.04
1624,8.115,8.115,8.231111,0.002423,0,0,-0.2,-10.8,-3.5,1.04,0.19,-0.04
1625,8.12,8.120001,8.236125,0.002437,9.999999992516e-07,0,-0.4,-10.8,-2.8,1.05,0.18,-0.04
1626,8.125,8.125,8.240254,0.001567,0,0,-0.3,-10.8,-2.9,1.04,0.18,-0.04
1627,8.13,8.13,8.245268,0.001581,0,0,-0.2,-10.9,-2.9,1.04,0.18,-0.04
1628,8.135,8.135,8.251112,0.002425,0,0,-0.3,-10.8,-3.3,1.04,0.18,-0.04
1629,8.14,8.14,8.255064,0.001377,0,0,-0.3,-10.8,-3.1,1.04,0.19,-0.04
1630,8.145,8.145,8.260265,0.001577,0,0,-0.3,-10.8,-2.8,1.04,0.18,-0.04
1631,8.15,8.15,8.26609,0.002403,0,0,-0.3,-10.8,-2.8,1.04,0.18,-0.04
1632,8.155,8.155,8.270048,0.001361,0,0,-0.4,-10.8,-2.9,1.04,0.18,-0.04
1633,8.16,8.16,8.275133,0.001445,0,0,-0.5,-10.8,-3.5,1.03,0.19,-0.04
1634,8.165,8.165001,8.281105,0.002417,9.999999992516e-07,0,-0.4,-10.7,-3.1,1.04,0.18,-0.04
1635,8.17,8.17,8.286047,0.00236,0,0,-0.4,-10.8,-2.6,1.04,0.18,-0.03
1636,8.175,8.175,8.290065,0.001378,0,0,-0.2,-10.8,-2.9,1.04,0.18,-0.04
1637,8.18,8.18,8.296072,0.002385,0,0,-0.3,-10.8,-3.4,1.04,0.19,-0.04
1638,8.185,8.185,8.301058,0.002371,0,0,-0.4,-10.8,-3,1.03,0.19,-0.04
1639,8.19,8.19,8.305028,0.001341,0,0,-0.2,-10.7,-2.9,1.04,0.18,-0.04
1640,8.195,8.195,8.311134,0.002446,0,0,-0.4,-10.8,-2.6,1.03,0.18,-0.04
1641,8.2,8.2,8.31607,0.002383,0,0,-0.2,-10.7,-2.9,1.03,0.18,-0.04
1642,8.205,8.205,8.320022,0.001335,0,0,-0.2,-10.7,-2.9,1.03,0.18,-0.04
1643,8.21,8.21,8.325167,0.00148,0,0,-0.2,-10.7,-2.8,1.04,0.18,-0.03
1644,8.215,8.215,8.331059,0.002372,0,0,-0.4,-10.8,-3,1.04,0.19,-0.04
1645,8.22,8.22,8.335036,0.001349,0,0,-0.4,-10.7,-3.1,1.03,0.19,-0.04
1646,8.225,8.225,8.340033,0.001346,0,0,-0.5,-10.8,-2.9,1.04,0.2,-0.04
1647,8.23,8.23,8.346056,0.002369,0,0,-0.4,-10.7,-2.9,1.04,0.19,-0.04
1648,8.235,8.235,8.351026,0.002339,0,0,-0.3,-10.7,-3.2,1.04,0.19,-0.04
1649,8.24,8.24,8.355019,0.001332,0,0,-0.4,-10.8,-2.9,1.04,0.19,-0.04
1650,8.245,8.245001,8.36107,0.002381,9.999999992516e-07,0,-0.4,-10.6,-3.2,1.03,0.19,-0.04
1651,8.25,8.25,8.366027,0.00234,0,0,-0.4,-10.7,-3.2,1.03,0.19,-0.04
1652,8.255,8.255,8.370012,0.001325,0,0,-0.3,-10.7,-3.2,1.03,0.18,-0.04
1653,8.26,8.26,8.375284,0.001597,0,0,-0.4,-10.7,-2.9,1.04,0.18,-0.04
1654,8.265,8.265,8.381073,0.002385,0,0,-0.3,-10.7,-3.3,1.03,0.18,-0.04
1655,8.27,8.27,8.385029,0.001342,0,0,-0.2,-10.7,-2.8,1.04,0.17,-0.04
1656,8.275,8.275,8.390048,0.001361,0,0,-0.3,-10.8,-3.2,1.04,0.18,-0.04
1657,8.28,8.28,8.396102,0.002415,0,0,-0.3,-10.9,-2.7,1.04,0.19,-0.04
1658,8.285,8.285,8.400038,0.001351,0,0,-0.2,-10.7,-2.5,1.04,0.18,-0.04
1659,8.29,8.290001,8.405057,0.00137,9.999999992516e-07,0,-0.1,-10.7,-2.5,1.03,0.18,-0.03
1660,8.295,8.295,8.411136,0.002448,0,0,-0.1,-10.7,-3.1,1.03,0.18,-0.04
1661,8.3,8.3,8.41605,0.002363,0,0,-0.1,-10.7,-3,1.03,0.18,-0.04
1662,8.305,8.305,8.420037,0.00135,0,0,-0.2,-10.8,-2.7,1.03,0.18,-0.04
1663,8.31,8.31,8.425186,0.0015,0,0,-0.3,-10.8,-3.2,1.03,0.19,-0.04
1664,8.315,8.315,8.431072,0.002385,0,0,-0.5,-10.8,-3.8,1.03,0.2,-0.04
1665,8.32,8.32,8.435025,0.001338,0,0,-0.6,-10.8,-3.4,1.03,0.2,-0.04
1666,8.325,8.325,8.440052,0.001366,0,0,-0.5,-10.8,-3.4,1.03,0.19,-0.04
1667,8.33,8.33,8.446108,0.00242,0,0,-0.5,-10.8,-3.4,1.03,0.19,-0.04
1668,8.335,8.335,8.451061,0.002374,0,0,-0.4,-10.8,-3,1.03,0.18,-0.04
1669,8.34,8.34,8.455048,0.00136,0,0,-0.2,-10.7,-2.6,1.04,0.17,-0.04
1670,8.345,8.345,8.460348,0.00166,0,0,-0.2,-10.7,-2.9,1.03,0.18,-0.04
1671,8.35,8.35,8.466075,0.002387,0,0,-0.2,-10.7,-2.7,1.03,0.18,-0.04
1672,8.355,8.355,8.470047,0.00136,0,0,-0.1,-10.6,-2.6,1.03,0.17,-0.04
1673,8.36,8.36,8.475223,0.001535,0,0,-0.1,-10.7,-2.9,1.03,0.17,-0.04
1674,8.365,8.365,8.481211,0.002524,0,0,-0.1,-10.7,-3.1,1.03,0.18,-0.04
1675,8.37,8.370001,8.486108,0.00242,9.999999992516e-07,0,-0.2,-10.7,-2.6,1.03,0.17,-0.04
1676,8.375,8.375,8.490089,0.001401,0,0,-0.1,-10.6,-2.9,1.03,0.17,-0.04
1677,8.38,8.38,8.495251,0.001563,0,0,-0.1,-10.7,-3.1,1.03,0.17,-0.04
1678,8.385,8.385,8.50109,0.002403,0,0,-0.1,-10.8,-2.8,1.03,0.17,-0.04
1679,8.39,8.39,8.50505,0.001364,0,0,-0.1,-10.7,-2.6,1.04,0.16,-0.04
1680,8.395,8.395,8.510352,0.001664,0,0,-0.2,-10.7,-2.7,1.04,0.17,-0.04
1681,8.4,8.4,8.516087,0.002399,0,0,-0.3,-10.7,-2.4,1.04,0.17,-0.04
1682,8.405,8.405,8.520074,0.001385,0,0,-0.4,-10.7,-2.5,1.04,0.18,-0.04
1683,8.41,8.41,8.525233,0.001545,0,0,-0.3,-10.7,-2,1.04,0.17,-0.04
1684,8.415,8.415001,8.531186,0.002497,9.999999992516e-07,0,-0.2,-10.7,-2,1.03,0.16,-0.04
1685,8.42,8.42,8.535093,0.001406,0,0,-0.1,-10.7,-2.3,1.04,0.17,-0.04
1686,8.425,8.425,8.540088,0.001402,0,0,-0.2,-10.7,-2.3,1.04,0.17,-0.04
1687,8.43,8.43,8.546202,0.002514,0,0,-0.3,-10.7,-2.6,1.04,0.17,-0.04
1688,8.435,8.435,8.550079,0.001393,0,0,-0.3,-10.7,-3,1.03,0.18,-0.04
1689,8.44,8.44,8.555083,0.001397,0,0,-0.3,-10.8,-3.2,1.03,0.19,-0.04
1690,8.445,8.445,8.561208,0.002521,0,0,-0.3,-10.7,-2.5,1.03,0.17,-0.04
1691,8.45,8.45,8.565074,0.001386,0,0,-0.3,-10.8,-1.9,1.04,0.16,-0.03
1692,8.455,8.455,8.570047,0.001359,0,0,-0.3,-10.8,-2.8,1.04,0.18,-0.04
1693,8.46,8.46,8.576236,0.002548,0,0,-0.1,-10.7,-3.1,1.04,0.17,-0.04
1694,8.465,8.465,8.581081,0.002394,0,0,-0.2,-10.7,-3.2,1.04,0.18,-0.04
1695,8.47,8.47,8.585063,0.001376,0,0,-0.3,-10.7,-2.9,1.04,0.18,-0.04
1696,8.475,8.475,8.59111,0.002423,0,0,-0.3,-10.7,-2.8,1.04,0.18,-0.04
1697,8.48,8.48,8.596143,0.002456,0,0,-0.3,-10.7,-2.5,1.05,0.17,-0.04
1698,8.485,8.485,8.600055,0.001368,0,0,-0.4,-10.7,-3.1,1.04,0.18,-0.04
1699,8.49,8.49,8.605196,0.001509,0,0,-0.5,-10.8,-3.4,1.03,0.2,-0.04
1700,8.495,8.495002,8.611245,0.002557,1.9999999985032e-06,0,-0.5,-10.7,-3.4,1.03,0.2,-0.04
1701,8.5,8.5,8.615073,0.001386,0,0,-0.4,-10.6,-3.3,1.03,0.19,-0.04
1702,8.505,8.505,8.620098,0.001411,0,0,-0.4,-10.6,-3.1,1.03,0.19,-0.04
1703,8.51,8.51,8.626305,0.002618,0,0,-0.5,-10.6,-3.6,1.02,0.2,-0.05
1704,8.515,8.515,8.631114,0.002426,0,0,-0.5,-10.6,-3,1.03,0.19,-0.04
1705,8.52,8.52,8.635081,0.001394,0,0,-0.5,-10.7,-3.7,1.03,0.2,-0.04
1706,8.525,8.525001,8.641131,0.002443,9.999999992516e-07,0,-0.4,-10.7,-3.5,1.03,0.2,-0.04
1707,8.53,8.53,8.646146,0.002458,0,0,-0.4,-10.7,-3.3,1.03,0.2,-0.03
1708,8.535,8.535,8.650035,0.001347,0,0,-0.2,-10.7,-3.3,1.03,0.18,-0.04
1709,8.54,8.540001,8.65617,0.002483,9.999999992516e-07,0,-0.2,-10.7,-3.5,1.03,0.18,-0.04
1710,8.545,8.545,8.661169,0.002481,0,0,-0.1,-10.8,-3.2,1.03,0.18,-0.04
1711,8.55,8.55,8.665062,0.001375,0,0,-0.2,-10.8,-3.2,1.04,0.18,-0.04
1712,8.555,8.555,8.671117,0.00243,0,0,-0.2,-10.7,-3.3,1.04,0.17,-0.04
1713,8.56,8.560001,8.67525,0.001563,9.999999992516e-07,0,-0.2,-10.6,-3.1,1.04,0.16,-0.04
1714,8.565,8.565,8.680082,0.001395,0,0,-0.2,-10.7,-2.9,1.04,0.16,-0.04
1715,8.57,8.57,8.686112,0.002424,0,0,-0.4,-10.7,-2.9,1.04,0.18,-0.04
1716,8.575,8.575001,8.691093,0.002404,9.999999992516e-07,0,-0.3,-10.8,-2.6,1.04,0.17,-0.04
1717,8.58,8.580001,8.695114,0.001426,9.999999992516e-07,0,-0.3,-10.8,-2.8,1.04,0.18,-0.04
1718,8.585,8.585,8.701079,0.002391,0,0,-0.3,-10.7,-2.7,1.04,0.17,-0.04
1719,8.59,8.59,8.70608,0.002393,0,0,-0.4,-10.8,-3.2,1.03,0.2,-0.04
1720,8.595,8.595,8.71014,0.001452,0,0,-0.4,-10.8,-3.2,1.03,0.19,-0.04
1721,8.6,8.6,8.716124,0.002437,0,0,-0.4,-10.8,-2.9,1.03,0.19,-0.04
1722,8.605,8.605,8.721047,0.00236,0,0,-0.4,-10.7,-3.3,1.03,0.19,-0.04
1723,8.61,8.61,8.725118,0.001431,0,0,-0.3,-10.6,-2.8,1.04,0.18,-0.04
1724,8.615,8.615001,8.731166,0.002478,9.999999992516e-07,0,-0.3,-10.6,-3,1.03,0.18,-0.04
1725,8.62,8.620001,8.736093,0.002405,9.999999992516e-07,0,-0.5,-10.6,-3.6,1.02,0.19,-0.04
1726,8.625,8.625,8.740142,0.001454,0,0,-0.5,-10.6,-3.4,1.02,0.19,-0.04
1727,8.63,8.63,8.746141,0.002454,0,0,-0.3,-10.7,-3,1.03,0.18,-0.04
1728,8.635,8.635,8.751069,0.002382,0,0,-0.3,-10.7,-2.4,1.04,0.17,-0.04
1729,8.64,8.64,8.755073,0.001386,0,0,-0.3,-10.8,-2.6,1.04,0.18,-0.04
1730,8.645,8.645,8.761137,0.00245,0,0,-0.3,-10.7,-2.7,1.03,0.18,-0.04
1731,8.65,8.65,8.766046,0.002359,0,0,-0.2,-10.7,-2.6,1.03,0.18,-0.04
1732,8.655,8.655,8.77002,0.001333,0,0,-0.3,-10.6,-2.8,1.03,0.18,-0.04
1733,8.66,8.66,8.776239,0.002551,0,0,-0.2,-10.6,-3.1,1.03,0.18,-0.04
1734,8.665,8.665001,8.78108,0.002392,9.999999992516e-07,0,-0.3,-10.7,-2.8,1.03,0.18,-0.04
1735,8.67,8.67,8.785036,0.001348,0,0,-0.3,-10.6,-3,1.03,0.18,-0.04
1736,8.675,8.675001,8.791072,0.002384,9.999999992516e-07,0,-0.3,-10.7,-2.5,1.04,0.18,-0.04
1737,8.68,8.68,8.796042,0.002355,0,0,-0.4,-10.7,-2.8,1.04,0.19,-0.04
1738,8.685,8.685,8.800035,0.001348,0,0,-0.3,-10.7,-2.6,1.04,0.18,-0.04
1739,8.69,8.69,8.805232,0.001545,0,0,-0.2,-10.7,-3.1,1.03,0.18,-0.04
1740,8.695,8.695,8.81124,0.002553,0,0,-0.3,-10.7,-3.2,1.03,0.18,-0.04
1741,8.7,8.700001,8.815047,0.001359,9.999999992516e-07,0,-0.3,-10.8,-3.3,1.04,0.19,-0.04
1742,8.705,8.705,8.820098,0.001411,0,0,-0.3,-10.8,-3.2,1.04,0.19,-0.04
1743,8.71,8.71,8.826187,0.002499,0,0,-0.2,-10.7,-3.2,1.04,0.19,-0.04
1744,8.715,8.715,8.830046,0.001359,0,0,-0.3,-10.8,-2.8,1.04,0.19,-0.04
1745,8.72,8.72,8.835166,0.001479,0,0,-0.4,-10.7,-3.1,1.04,0.19,-0.04
1746,8.725,8.725,8.841105,0.002417,0,0,-0.3,-10.8,-2.4,1.04,0.18,-0.04
1747,8.73,8.73,8.845092,0.001404,0,0,-0.2,-10.8,-2.6,1.04,0.17,-0.04
1748,8.735,8.735,8.850058,0.001371,0,0,-0.2,-10.9,-2.6,1.04,0.17,-0.04
1749,8.74,8.740001,8.856348,0.002662,9.999999992516e-07,0,-0.3,-10.9,-2.8,1.04,0.18,-0.04
1750,8.745,8.745001,8.861133,0.002444,9.999999992516e-07,0,-0.3,-10.9,-3.4,1.03,0.19,-0.05
1751,8.75,8.75,8.865052,0.001365,0,0,-0.2,-10.8,-3,1.04,0.18,-0.04
1752,8.755,8.755,8.871053,0.002366,0,0,-0.2,-10.7,-3,1.04,0.19,-0.04
1753,8.76,8.76,8.876099,0.002411,0,0,0,-10.7,-2.4,1.04,0.17,-0.03
1754,8.765,8.765,8.880036,0.001349,0,0,-0.1,-10.7,-2.4,1.04,0.17,-0.03
1755,8.77,8.77,8.886112,0.002425,0,0,0,-10.7,-2.6,1.04,0.18,-0.04
1756,8.775,8.775,8.891042,0.002355,0,0,-0.1,-10.7,-2.9,1.03,0.18,-0.04
1757,8.78,8.78,8.895013,0.001326,0,0,-0.2,-10.8,-2.8,1.03,0.18,-0.04
1758,8.785,8.785,8.901204,0.002517,0,0,-0.2,-10.7,-3,1.03,0.18,-0.04
1759,8.79,8.790001,8.905042,0.001354,9.999999992516e-07,0,-0.2,-10.7,-3.4,1.04,0.19,-0.04
1760,8.795,8.795,8.910185,0.001498,0,0,-0.2,-10.8,-2.8,1.04,0.18,-0.03
1761,8.8,8.8,8.916122,0.002435,0,0,-0.1,-10.7,-3.2,1.03,0.18,-0.04
1762,8.805,8.805,8.921029,0.002342,0,0,-0.1,-10.8,-2.6,1.04,0.18,-0.04
1763,8.81,8.81,8.925025,0.001338,0,0,-0.1,-10.9,-2.5,1.04,0.17,-0.04
1764,8.815,8.815,8.931113,0.002426,0,0,0,-10.8,-2.7,1.04,0.17,-0.04
1765,8.82,8.82,8.936022,0.002336,0,0,0,-10.8,-3.1,1.04,0.17,-0.04
1766,8.825,8.825001,8.940022,0.001334,9.999999992516e-07,0,-0.2,-10.7,-2.9,1.04,0.18,-0.04
1767,8.83,8.83,8.946378,0.00269,0,0,-0.2,-10.7,-2.1,1.04,0.17,-0.04
1768,8.835,8.835,8.950086,0.001399,0,0,-0.1,-10.7,-2.1,1.05,0.16,-0.04
1769,8.84,8.84,8.955446,0.001759,0,0,-0.3,-10.8,-2.9,1.04,0.18,-0.04
1770,8.845,8.845,8.961292,0.002604,0,0,-0.2,-10.8,-2.7,1.04,0.18,-0.04
1771,8.85,8.85,8.965078,0.00139,0,0,-0.3,-10.8,-2.8,1.04,0.19,-0.04
1772,8.855,8.855,8.970375,0.001687,0,0,-0.3,-10.7,-3,1.03,0.18,-0.04
1773,8.86,8.86,8.976131,0.002444,0,0,-0.4,-10.7,-2.5,1.04,0.18,-0.04
1774,8.865,8.865,8.980046,0.001359,0,0,-0.3,-10.7,-2.4,1.03,0.17,-0.04
1775,8.87,8.870001,8.98519,0.001501,9.999999992516e-07,0,-0.4,-10.7,-2.1,1.04,0.18,-0.04
1776,8.875,8.875,8.990319,0.001631,0,0,-0.4,-10.7,-2,1.05,0.18,-0.03
1777,8.88,8.880001,8.996425,0.002737,9.999999992516e-07,0,-0.4,-10.7,-2.6,1.04,0.18,-0.03
1778,8.885,8.885,9.000232,0.001545,0,0,-0.4,-10.7,-2.4,1.04,0.18,-0.04
1779,8.89,8.89,9.00637,0.002683,0,0,-0.4,-10.7,-2.7,1.05,0.19,-0.04
1780,8.895,8.895,9.01023,0.001543,0,0,-0.4,-10.7,-3.2,1.04,0.19,-0.04
1781,8.9,8.9,9.015276,0.001589,0,0,-0.5,-10.8,-3.2,1.03,0.19,-0.04
1782,8.905,8.905,9.021155,0.002469,0,0,-0.4,-10.8,-3.1,1.04,0.19,-0.04
1783,8.91,8.91,9.0261,0.002414,0,0,-0.3,-10.7,-2.5,1.04,0.18,-0.04
1784,8.915,8.915001,9.03007,0.001383,9.999999992516e-07,0,-0.4,-10.8,-2.5,1.04,0.18,-0.03
1785,8.92,8.92,9.036068,0.00238,0,0,-0.2,-10.8,-2.1,1.04,0.17,-0.03
1786,8.925,8.925,9.041065,0.002378,0,0,-0.1,-10.7,-2.4,1.04,0.17,-0.03
1787,8.93,8.93,9.045046,0.001359,0,0,-0.1,-10.7,-2.5,1.04,0.17,-0.03
1788,8.935,8.935,9.051216,0.002529,0,0,-0.3,-10.8,-2.6,1.04,0.18,-0.03
1789,8.94,8.94,9.055091,0.001403,0,0,-0.2,-10.8,-3.3,1.04,0.17,-0.04
1790,8.945,8.945,9.0601,0.001413,0,0,-0.2,-10.7,-3.1,1.03,0.17,-0.04
1791,8.95,8.950001,9.066201,0.002512,9.999999992516e-07,0,-0.2,-10.8,-3,1.04,0.17,-0.04
1792,8.955,8.955,9.070112,0.001425,0,0,-0.4,-10.8,-3.2,1.04,0.19,-0.04
1793,8.96,8.96,9.075184,0.001497,0,0,-0.3,-10.8,-3.2,1.04,0.17,-0.04
1794,8.965,8.965,9.081045,0.002358,0,0,-0.4,-10.9,-3.4,1.04,0.18,-0.04
1795,8.97,8.97,9.085209,0.001522,0,0,-0.3,-10.9,-3.3,1.04,0.18,-0.05
1796,8.975,8.975,9.090056,0.001368,0,0,-0.3,-10.9,-3.5,1.04,0.18,-0.05
1797,8.98,8.98,9.096093,0.002406,0,0,-0.2,-10.8,-3.2,1.04,0.18,-0.04
1798,8.985,8.985,9.101213,0.002526,0,0,-0.2,-10.8,-3.1,1.04,0.18,-0.04
1799,8.99,8.99,9.105041,0.001354,0,0,-0.1,-10.7,-3.1,1.04,0.18,-0.04
1800,8.995,8.995001,9.110338,0.001649,9.999999992516e-07,0,-0.3,-10.8,-3.7,1.03,0.19,-0.04
1801,9,9,9.116075,0.002387,0,0,0,-10.8,-3.1,1.04,0.17,-0.04
1802,9.005,9.005,9.120199,0.001513,0,0,0,-10.8,-2.7,1.04,0.17,-0.04
1803,9.01,9.01,9.125122,0.001435,0,0,-0.1,-10.7,-3.1,1.03,0.18,-0.04
1804,9.015,9.015,9.1311,0.002412,0,0,-0.2,-10.7,-3.2,1.04,0.18,-0.04
1805,9.02,9.02,9.136078,0.002391,0,0,-0.4,-10.7,-3.5,1.04,0.2,-0.04
1806,9.025,9.025,9.14022,0.001533,0,0,-0.4,-10.8,-3.6,1.03,0.2,-0.05
1807,9.03,9.03,9.146105,0.002418,0,0,-0.7,-10.8,-4,1.03,0.22,-0.05
1808,9.035,9.035,9.151188,0.0025,0,0,-0.4,-10.8,-3.8,1.03,0.21,-0.05
1809,9.04,9.040001,9.155055,0.001368,9.999999992516e-07,0,-0.3,-10.7,-3.4,1.03,0.19,-0.05
1810,9.045,9.045,9.160126,0.001439,0,0,-0.4,-10.7,-3.2,1.04,0.19,-0.05
1811,9.05,9.05,9.166054,0.002367,0,0,-0.2,-10.6,-3.1,1.03,0.18,-0.04
1812,9.055,9.055,9.170218,0.001531,0,0,-0.3,-10.6,-2.8,1.03,0.18,-0.04
1813,9.06,9.06,9.175102,0.001416,0,0,-0.3,-10.6,-2.7,1.04,0.18,-0.04
1814,9.065,9.065,9.181125,0.002437,0,0,-0.3,-10.7,-2.1,1.04,0.17,-0.04
1815,9.07,9.07,9.186124,0.002437,0,0,-0.4,-10.7,-2.8,1.04,0.18,-0.04
1816,9.075,9.075001,9.190037,0.001349,9.999999992516e-07,0,-0.4,-10.7,-2.9,1.04,0.19,-0.04
1817,9.08,9.08,9.195042,0.001355,0,0,-0.3,-10.8,-3.1,1.03,0.19,-0.04
1818,9.085,9.085,9.201117,0.00243,0,0,-0.3,-10.7,-3,1.03,0.18,-0.04
1819,9.09,9.09,9.206082,0.002395,0,0,-0.3,-10.7,-2.5,1.04,0.17,-0.04
1820,9.095,9.095,9.210136,0.001448,0,0,-0.1,-10.8,-2.5,1.04,0.17,-0.04
1821,9.1,9.1,9.21604,0.002353,0,0,-0.2,-10.8,-2.7,1.04,0.18,-0.04
1822,9.105,9.105,9.221052,0.002365,0,0,-0.2,-10.7,-2.3,1.04,0.17,-0.04
1823,9.11,9.11,9.225169,0.001482,0,0,-0.5,-10.9,-2.7,1.04,0.18,-0.04
1824,9.115,9.115,9.231142,0.002454,0,0,-0.3,-10.8,-3,1.03,0.18,-0.04
1825,9.12,9.120001,9.235053,0.001365,9.999999992516e-07,0,-0.5,-10.8,-2.9,1.04,0.2,-0.04
1826,9.125,9.125,9.240114,0.001426,0,0,-0.4,-10.9,-3.1,1.04,0.2,-0.04
1827,9.13,9.13,9.246107,0.00242,0,0,-0.4,-10.9,-3,1.04,0.19,-0.04
1828,9.135,9.135,9.251203,0.002517,0,0,-0.5,-10.9,-3.3,1.03,0.2,-0.05
1829,9.14,9.14,9.255141,0.001453,0,0,-0.4,-10.9,-3.2,1.03,0.2,-0.05
1830,9.145,9.145,9.260077,0.00139,0,0,-0.3,-10.8,-2.8,1.03,0.19,-0.04
1831,9.15,9.15,9.266095,0.002408,0,0,-0.3,-10.7,-2.8,1.03,0.18,-0.04
1832,9.155,9.155,9.270071,0.001384,0,0,-0.2,-10.7,-2.8,1.04,0.17,-0.04
1833,9.16,9.16,9.275199,0.001512,0,0,-0.3,-10.8,-3.2,1.03,0.17,-0.04
1834,9.165,9.165001,9.281069,0.002381,9.999999992516e-07,0,-0.1,-10.8,-2.8,1.04,0.17,-0.04
1835,9.17,9.17,9.286035,0.002348,0,0,-0.2,-10.9,-3.7,1.03,0.19,-0.04
1836,9.175,9.175,9.290139,0.001452,0,0,-0.3,-10.8,-3.5,1.03,0.19,-0.04
1837,9.18,9.18,9.296129,0.002441,0,0,-0.2,-10.8,-3.6,1.03,0.19,-0.04
1838,9.185,9.185,9.301157,0.002471,0,0,-0.2,-10.7,-3.2,1.03,0.18,-0.04
1839,9.19,9.19,9.305185,0.001499,0,0,-0.4,-10.7,-3.4,1.04,0.19,-0.05
1840,9.195,9.195,9.311153,0.002465,0,0,-0.4,-10.8,-3.2,1.03,0.19,-0.04
1841,9.2,9.200001,9.316118,0.002431,9.999999992516e-07,0,-0.3,-10.8,-3.4,1.03,0.19,-0.04
1842,9.205,9.205,9.320204,0.001517,0,0,-0.4,-10.7,-3.8,1.03,0.2,-0.05
1843,9.21,9.21,9.325131,0.001443,0,0,-0.4,-10.8,-3.1,1.04,0.19,-0.05
1844,9.215,9.215,9.33105,0.002363,0,0,-0.5,-10.8,-3.1,1.05,0.2,-0.05
1845,9.22,9.22,9.335062,0.001375,0,0,-0.3,-10.7,-2.5,1.05,0.18,-0.04
1846,9.225,9.225,9.34006,0.001373,0,0,-0.4,-10.7,-2.4,1.04,0.18,-0.04
1847,9.23,9.23,9.346072,0.002384,0,0,-0.4,-10.7,-2.9,1.03,0.18,-0.04
1848,9.235,9.235,9.350015,0.001327,0,0,-0.4,-10.8,-2.6,1.03,0.18,-0.03
1849,9.24,9.24,9.355134,0.001446,0,0,-0.4,-10.8,-3,1.03,0.19,-0.04
1850,9.245,9.245001,9.361063,0.002376,9.999999992516e-07,0,-0.4,-10.7,-3,1.03,0.19,-0.04
1851,9.25,9.25,9.366064,0.002377,0,0,-0.4,-10.7,-2.9,1.03,0.19,-0.04
1852,9.255,9.255,9.370036,0.001348,0,0,-0.4,-10.7,-2.5,1.04,0.18,-0.04
1853,9.26,9.26,9.375178,0.001491,0,0,-0.3,-10.7,-2.3,1.04,0.17,-0.03
1854,9.265,9.265,9.381059,0.002372,0,0,-0.3,-10.7,-2.5,1.04,0.18,-0.04
1855,9.27,9.27,9.385029,0.001343,0,0,-0.4,-10.8,-2.2,1.04,0.17,-0.04
1856,9.275,9.275,9.390112,0.001424,0,0,-0.3,-10.7,-2.6,1.04,0.17,-0.04
1857,9.28,9.28,9.396049,0.002362,0,0,-0.4,-10.7,-2.5,1.04,0.17,-0.04
1858,9.285,9.285,9.401192,0.002504,0,0,-0.3,-10.7,-2.8,1.03,0.18,-0.04
1859,9.29,9.290001,9.405246,0.001559,9.999999992516e-07,0,-0.3,-10.7,-2.6,1.03,0.18,-0.04
1860,9.295,9.295,9.410277,0.001591,0,0,-0.3,-10.6,-2.7,1.03,0.19,-0.04
1861,9.3,9.3,9.416054,0.002367,0,0,-0.1,-10.7,-3.1,1.04,0.18,-0.04
1862,9.305,9.305,9.4202,0.001513,0,0,-0.1,-10.8,-3,1.04,0.18,-0.04
1863,9.31,9.31,9.425126,0.001438,0,0,-0.3,-10.7,-3.1,1.04,0.19,-0.04
1864,9.315,9.315,9.43113,0.002444,0,0,-0.3,-10.7,-3,1.04,0.19,-0.04
1865,9.32,9.32,9.43605,0.002363,0,0,-0.1,-10.7,-2.8,1.03,0.17,-0.04
1866,9.325,9.325001,9.44013,0.001443,9.999999992516e-07,0,-0.2,-10.8,-2.7,1.03,0.17,-0.04
1867,9.33,9.33,9.445132,0.001445,0,0,-0.2,-10.8,-3.1,1.04,0.18,-0.04
1868,9.335,9.335,9.451107,0.002419,0,0,-0.3,-10.9,-2.8,1.04,0.18,-0.04
1869,9.34,9.34,9.456196,0.002509,0,0,-0.2,-10.9,-2.4,1.04,0.17,-0.04
1870,9.345,9.345,9.460018,0.001331,0,0,-0.2,-10.9,-3.1,1.03,0.18,-0.05
1871,9.35,9.35,9.466108,0.002422,0,0,-0.4,-10.8,-3,1.03,0.19,-0.04
1872,9.355,9.355,9.47124,0.002553,0,0,-0.4,-10.9,-2.8,1.04,0.19,-0.04
1873,9.36,9.36,9.475165,0.001478,0,0,-0.2,-10.8,-2.4,1.04,0.17,-0.04
1874,9.365,9.365,9.480083,0.001396,0,0,-0.1,-10.7,-2.2,1.04,0.16,-0.04
1875,9.37,9.370001,9.486085,0.002397,9.999999992516e-07,0,-0.3,-10.8,-3.1,1.03,0.18,-0.04
1876,9.375,9.375,9.491044,0.002357,0,0,-0.3,-10.7,-3,1.03,0.18,-0.04
1877,9.38,9.38,9.495011,0.001325,0,0,-0.5,-10.9,-3.2,1.04,0.19,-0.04
1878,9.385,9.385,9.501076,0.002389,0,0,-0.4,-10.9,-3.1,1.04,0.19,-0.04
1879,9.39,9.39,9.506245,0.002558,0,0,-0.3,-10.9,-3.4,1.03,0.19,-0.05
1880,9.395,9.395,9.510069,0.001382,0,0,-0.3,-10.9,-2.9,1.04,0.18,-0.04
1881,9.4,9.4,9.515076,0.00139,0,0,-0.2,-10.9,-2.9,1.03,0.18,-0.05
1882,9.405,9.405,9.521203,0.002516,0,0,-0.3,-10.9,-2.6,1.04,0.18,-0.04
1883,9.41,9.41,9.525112,0.001425,0,0,-0.2,-10.8,-3.2,1.03,0.19,-0.05
1884,9.415,9.415001,9.531049,0.002361,9.999999992516e-07,0,-0.2,-10.8,-2.4,1.04,0.18,-0.04
1885,9.42,9.42,9.53602,0.002334,0,0,-0.2,-10.9,-2.3,1.04,0.18,-0.04
1886,9.425,9.425,9.54019,0.001503,0,0,-0.3,-10.9,-3.1,1.03,0.19,-0.04
1887,9.43,9.43,9.545117,0.001431,0,0,-0.3,-10.8,-2.6,1.04,0.18,-0.04
1888,9.435,9.435,9.551073,0.002387,0,0,-0.4,-10.8,-3.1,1.04,0.19,-0.04
1889,9.44,9.44,9.55604,0.002353,0,0,-0.3,-10.8,-2.8,1.03,0.19,-0.04
1890,9.445,9.445,9.560025,0.001338,0,0,-0.4,-10.8,-2.6,1.04,0.19,-0.04
1891,9.45,9.450001,9.566047,0.002359,9.999999992516e-07,0,-0.3,-10.7,-2.9,1.04,0.18,-0.05
1892,9.455,9.455,9.571091,0.002404,0,0,-0.4,-10.8,-3,1.04,0.18,-0.05
1893,9.46,9.46,9.575129,0.001442,0,0,-0.2,-10.6,-2.3,1.04,0.16,-0.04
1894,9.465,9.465,9.581091,0.002405,0,0,-0.2,-10.7,-2.3,1.04,0.17,-0.04
1895,9.47,9.47,9.58605,0.002363,0,0,-0.3,-10.7,-2.2,1.04,0.17,-0.04
1896,9.475,9.475,9.590019,0.001332,0,0,-0.2,-10.7,-1.9,1.04,0.16,-0.03
1897,9.48,9.48,9.596111,0.002423,0,0,-0.1,-10.7,-2.4,1.04,0.17,-0.03
1898,9.485,9.485,9.601061,0.002374,0,0,-0.2,-10.7,-2,1.04,0.16,-0.04
1899,9.49,9.49,9.605047,0.00136,0,0,-0.3,-10.7,-2.7,1.03,0.18,-0.04
1900,9.495,9.495001,9.610192,0.001503,9.999999992516e-07,0,-0.4,-10.8,-2.9,1.04,0.19,-0.04
1901,9.5,9.5,9.616032,0.002346,0,0,-0.4,-10.8,-2.3,1.04,0.18,-0.04
1902,9.505,9.505,9.620142,0.001455,0,0,-0.3,-10.7,-2.8,1.04,0.18,-0.04
1903,9.51,9.51,9.625233,0.001545,0,0,-0.2,-10.6,-3,1.03,0.18,-0.04
1904,9.515,9.515,9.631051,0.002364,0,0,-0.3,-10.6,-3.1,1.03,0.18,-0.04
1905,9.52,9.52,9.636038,0.002355,0,0,-0.4,-10.6,-2.7,1.03,0.18,-0.04
1906,9.525,9.525,9.640228,0.00154,0,0,-0.4,-10.7,-2.7,1.04,0.18,-0.04
1907,9.53,9.53,9.64514,0.001453,0,0,-0.4,-10.7,-2.8,1.04,0.19,-0.04
1908,9.535,9.535,9.65103,0.002343,0,0,-0.3,-10.7,-2.8,1.03,0.19,-0.04
1909,9.54,9.540001,9.655142,0.001454,9.999999992516e-07,0,-0.3,-10.7,-3.1,1.03,0.18,-0.04
1910,9.545,9.545,9.660106,0.001419,0,0,-0.4,-10.8,-2.7,1.04,0.18,-0.04
1911,9.55,9.55,9.666074,0.002386,0,0,-0.4,-10.8,-2.2,1.04,0.18,-0.04
1912,9.555,9.555,9.671079,0.002392,0,0,-0.4,-10.8,-2.5,1.04,0.19,-0.04
1913,9.56,9.560001,9.675184,0.001496,9.999999992516e-07,0,-0.3,-10.8,-2.5,1.04,0.18,-0.04
1914,9.565,9.565,9.680102,0.001415,0,0,-0.4,-10.8,-2.8,1.04,0.19,-0.04
1915,9.57,9.57,9.686084,0.002397,0,0,-0.3,-10.8,-2.8,1.04,0.18,-0.04
1916,9.575,9.575001,9.690082,0.001395,9.999999992516e-07,0,-0.5,-10.9,-2.9,1.04,0.19,-0.04
1917,9.58,9.58,9.695134,0.001447,0,0,-0.4,-10.8,-3.8,1.03,0.2,-0.04
1918,9.585,9.585,9.701145,0.002457,0,0,-0.4,-10.7,-3.6,1.03,0.19,-0.04
1919,9.59,9.59,9.705031,0.001344,0,0,-0.2,-10.7,-2.9,1.03,0.18,-0.04
1920,9.595,9.595,9.710053,0.001366,0,0,-0.2,-10.7,-2.8,1.03,0.17,-0.04
1921,9.6,9.6,9.716046,0.002359,0,0,-0.3,-10.8,-3.6,1.03,0.19,-0.04
1922,9.605,9.605,9.721072,0.002385,0,0,-0.4,-10.9,-3.8,1.03,0.2,-0.05
1923,9.61,9.610001,9.725221,0.001534,1.00000000102796e-06,0,-0.3,-10.9,-3.1,1.04,0.19,-0.04
1924,9.615,9.615,9.730085,0.001399,0,0,-0.3,-10.7,-2.9,1.04,0.18,-0.04
1925,9.62,9.620001,9.73603,0.002343,9.999999992516e-07,0,-0.3,-10.9,-2.9,1.03,0.19,-0.04
1926,9.625,9.625,9.740041,0.001353,0,0,-0.4,-10.8,-2.7,1.03,0.19,-0.04
1927,9.63,9.63,9.745082,0.001395,0,0,-0.4,-10.8,-2.7,1.03,0.18,-0.04
1928,9.635,9.635,9.751046,0.002359,0,0,-0.3,-10.8,-2.8,1.03,0.18,-0.04
1929,9.64,9.640001,9.756041,0.002353,9.999999992516e-07,0,-0.1,-10.7,-2.6,1.04,0.17,-0.04
1930,9.645,9.645,9.76002,0.001333,0,0,-0.1,-10.6,-2.7,1.04,0.17,-0.03
1931,9.65,9.65,9.766065,0.002378,0,0,-0.2,-10.7,-2.7,1.04,0.18,-0.04
1932,9.655,9.655,9.771121,0.002434,0,0,-0.2,-10.7,-3.1,1.03,0.18,-0.04
1933,9.66,9.66,9.775098,0.00141,0,0,-0.1,-10.8,-2.5,1.04,0.17,-0.04
1934,9.665,9.665001,9.781064,0.002376,9.999999992516e-07,0,-0.1,-10.7,-2.9,1.04,0.18,-0.04
1935,9.67,9.670001,9.786105,0.002417,9.999999992516e-07,0,-0.2,-10.9,-2.9,1.03,0.18,-0.04
1936,9.675,9.675,9.790063,0.001376,0,0,-0.2,-10.9,-3.3,1.03,0.18,-0.04
1937,9.68,9.68,9.795169,0.001482,0,0,-0.2,-10.9,-3.1,1.04,0.18,-0.04
1938,9.685,9.685,9.801056,0.002369,0,0,-0.1,-10.9,-2.9,1.03,0.17,-0.04
1939,9.69,9.69,9.805028,0.00134,0,0,-0.2,-10.9,-2.5,1.04,0.18,-0.04
1940,9.695,9.695,9.810143,0.001456,0,0,-0.2,-10.8,-2.3,1.04,0.17,-0.04
1941,9.7,9.700001,9.816087,0.002399,9.999999992516e-07,0,-0.2,-10.8,-2.9,1.04,0.18,-0.04
1942,9.705,9.705,9.820086,0.001399,0,0,-0.1,-10.8,-2.7,1.04,0.17,-0.03
1943,9.71,9.71,9.825116,0.001429,0,0,-0.2,-10.8,-3.3,1.04,0.18,-0.04
1944,9.715,9.715,9.831075,0.002387,0,0,-0.3,-10.8,-3.8,1.03,0.19,-0.05
1945,9.72,9.72,9.836123,0.002435,0,0,-0.4,-10.8,-3.3,1.04,0.18,-0.04
1946,9.725,9.725,9.840066,0.001379,0,0,-0.4,-10.8,-3.9,1.03,0.2,-0.05
1947,9.73,9.73,9.846088,0.002401,0,0,-0.4,-10.8,-3.6,1.03,0.19,-0.05
1948,9.735,9.735,9.85111,0.002422,0,0,-0.4,-10.7,-3.5,1.03,0.19,-0.05
1949,9.74,9.74,9.855124,0.001436,0,0,-0.2,-10.7,-3.1,1.04,0.18,-0.04
1950,9.745,9.745001,9.861067,0.002379,9.999999992516e-07,0,-0.1,-10.8,-3.4,1.04,0.18,-0.04
1951,9.75,9.75,9.866021,0.002334,0,0,-0.1,-10.7,-3.3,1.04,0.18,-0.04
1952,9.755,9.755,9.870226,0.00154,0,0,-0.1,-10.7,-2.8,1.04,0.17,-0.04
1953,9.76,9.76,9.875187,0.001499,0,0,-0.1,-10.7,-2.5,1.04,0.17,-0.04
1954,9.765,9.765,9.881099,0.002413,0,0,-0.2,-10.7,-2.6,1.04,0.18,-0.04
1955,9.77,9.77,9.88515,0.001463,0,0,-0.3,-10.8,-2.2,1.04,0.19,-0.03
1956,9.775,9.775,9.890211,0.001523,0,0,-0.2,-10.8,-1.9,1.04,0.17,-0.03
1957,9.78,9.78,9.896083,0.002395,0,0,-0.2,-10.8,-2.6,1.03,0.18,-0.04
1958,9.785,9.785,9.901074,0.002387,0,0,-0.3,-10.8,-2.7,1.04,0.18,-0.04
1959,9.79,9.790001,9.905087,0.001399,9.999999992516e-07,0,-0.2,-10.8,-2.7,1.04,0.18,-0.04
1960,9.795,9.795,9.911155,0.002467,0,0,-0.1,-10.8,-2.9,1.04,0.18,-0.04
1961,9.8,9.8,9.916138,0.00245,0,0,-0.2,-10.8,-3.7,1.03,0.19,-0.05
1962,9.805,9.805,9.920019,0.001332,0,0,-0.1,-10.7,-3.1,1.03,0.18,-0.04
1963,9.81,9.81,9.926041,0.002354,0,0,-0.1,-10.7,-3,1.03,0.18,-0.04
1964,9.815,9.815,9.931009,0.002322,0,0,-0.2,-10.8,-3,1.03,0.19,-0.04
1965,9.82,9.82,9.935043,0.001356,0,0,-0.2,-10.8,-2.9,1.04,0.18,-0.04
1966,9.825,9.825002,9.940521,0.001833,1.9999999985032e-06,0,-0.3,-10.9,-2.5,1.04,0.18,-0.04
1967,9.83,9.83,9.946152,0.002465,0,0,-0.4,-10.8,-2.6,1.03,0.19,-0.04
1968,9.835,9.835,9.950036,0.00135,0,0,-0.4,-10.8,-3.5,1.03,0.19,-0.05
1969,9.84,9.84,9.955199,0.001511,0,0,-0.4,-10.8,-3.4,1.03,0.18,-0.04
1970,9.845,9.845,9.961054,0.002367,0,0,-0.2,-10.7,-2.7,1.03,0.17,-0.04
1971,9.85,9.85,9.966099,0.002412,0,0,-0.3,-10.8,-3.4,1.03,0.19,-0.04
1972,9.855,9.855,9.970077,0.001389,0,0,-0.4,-10.8,-3.5,1.03,0.19,-0.04
1973,9.86,9.86,9.976107,0.002419,0,0,-0.5,-10.8,-3.2,1.04,0.19,-0.04
1974,9.865,9.865,9.981033,0.002346,0,0,-0.4,-10.8,-3.8,1.03,0.19,-0.05
1975,9.87,9.870001,9.985011,0.001323,9.999999992516e-07,0,-0.4,-10.8,-3.5,1.03,0.19,-0.05
1976,9.875,9.875,9.990233,0.001546,0,0,-0.4,-10.8,-3.5,1.03,0.2,-0.04
1977,9.88,9.88,9.996081,0.002394,0,0,-0.4,-10.8,-3.9,1.03,0.2,-0.04
1978,9.885,9.885,10.000117,0.00143,0,0,-0.3,-10.9,-3.5,1.04,0.2,-0.04
1979,9.89,9.89,10.005179,0.001491,0,0,-0.3,-10.8,-3,1.04,0.19,-0.04
1980,9.895,9.895,10.011145,0.002458,0,0,-0.5,-10.8,-2.4,1.04,0.18,-0.04
1981,9.9,9.9,10.015057,0.00137,0,0,-0.5,-10.8,-2.5,1.04,0.18,-0.04
1982,9.905,9.905,10.020192,0.001504,0,0,-0.4,-10.8,-2.5,1.04,0.17,-0.04
1983,9.91,9.91,10.026064,0.002377,0,0,-0.4,-10.8,-2.3,1.04,0.18,-0.03
1984,9.915,9.915001,10.031027,0.002339,9.999999992516e-07,0,-0.2,-10.9,-2.6,1.04,0.18,-0.03
1985,9.92,9.92,10.035157,0.00147,0,0,-0.3,-10.8,-2.6,1.04,0.18,-0.04
1986,9.925,9.925,10.040236,0.001549,0,0,-0.3,-10.8,-2.9,1.03,0.18,-0.04
1987,9.93,9.93,10.04604,0.002353,0,0,-0.2,-10.6,-2.9,1.03,0.18,-0.04
1988,9.935,9.935,10.050003,0.001315,0,0,-0.2,-10.6,-2.7,1.04,0.17,-0.04
1989,9.94,9.94,10.055223,0.001535,0,0,-0.2,-10.7,-2.7,1.04,0.17,-0.04
1990,9.945,9.945,10.061119,0.002431,0,0,-0.2,-10.6,-2.9,1.03,0.18,-0.04
1991,9.95,9.950001,10.06503,0.001342,9.999999992516e-07,0,-0.2,-10.7,-2.4,1.04,0.17,-0.04
1992,9.955,9.955,10.070014,0.001327,0,0,-0.1,-10.7,-2.4,1.04,0.17,-0.04
1993,9.96,9.96,10.076083,0.002395,0,0,-0.3,-10.7,-3,1.04,0.19,-0.04
1994,9.965,9.965,10.081056,0.002369,0,0,-0.3,-10.8,-2.9,1.04,0.19,-0.04
1995,9.97,9.97,10.085006,0.00132,0,0,-0.3,-10.8,-3,1.04,0.19,-0.04
1996,9.975,9.975,10.091095,0.002408,0,0,-0.3,-10.7,-3.6,1.03,0.2,-0.04
1997,9.98,9.98,10.096053,0.002366,0,0,-0.2,-10.7,-3.5,1.03,0.19,-0.04
1998,9.985,9.985,10.100078,0.001391,0,0,-0.2,-10.8,-2.9,1.03,0.18,-0.04
1999,9.99,9.99,10.10509,0.001403,0,0,-0.2,-10.7,-3.2,1.03,0.18,-0.04
2000,9.995,9.995001,10.111148,0.002461,9.999999992516e-07,0,-0.3,-10.8,-2.9,1.03,0.18,-0.04
2001,10,10,10.114997,0.00131,0,0,-0.2,-10.8,-3.1,1.03,0.18,-0.04
2002,10.005,10.005,10.120083,0.001396,0,0,-0.1,-10.9,-2.9,1.04,0.18,-0.04
2003,10.01,10.01,10.126154,0.002468,0,0,-0.3,-10.8,-3.4,1.03,0.19,-0.04
2004,10.015,10.015,10.130055,0.001368,0,0,-0.4,-10.9,-3.5,1.03,0.2,-0.04
2005,10.02,10.02,10.135192,0.001504,0,0,-0.5,-10.9,-3,1.04,0.19,-0.04
2006,10.025,10.025,10.141217,0.00253,0,0,-0.3,-10.8,-2.4,1.04,0.18,-0.04
2007,10.03,10.03,10.146055,0.002368,0,0,-0.3,-10.7,-2.8,1.03,0.19,-0.04
2008,10.035,10.035,10.150189,0.001503,0,0,-0.4,-10.7,-3.1,1.03,0.19,-0.04
2009,10.04,10.040001,10.156078,0.00239,9.999999992516e-07,0,-0.3,-10.7,-3.9,1.03,0.19,-0.05
2010,10.045,10.045,10.161061,0.002374,0,0,-0.2,-10.6,-3.4,1.04,0.18,-0.05
2011,10.05,10.05,10.165032,0.001345,0,0,-0.2,-10.6,-3.2,1.03,0.17,-0.04
2012,10.055,10.055,10.170081,0.001394,0,0,-0.3,-10.7,-3.6,1.03,0.18,-0.04
2013,10.06,10.06,10.176137,0.00245,0,0,-0.1,-10.7,-3.3,1.04,0.17,-0.04
2014,10.065,10.065,10.180072,0.001386,0,0,-0.1,-10.8,-2.6,1.04,0.17,-0.04
2015,10.07,10.07,10.185127,0.00144,0,0,-0.3,-10.8,-2.9,1.04,0.18,-0.04
2016,10.075,10.075001,10.190355,0.001666,9.999999992516e-07,0,-0.4,-10.8,-3.2,1.03,0.18,-0.04
2017,10.08,10.080001,10.196107,0.00242,9.999999992516e-07,0,-0.4,-10.8,-2.8,1.03,0.18,-0.04
2018,10.085,10.085,10.200152,0.001464,0,0,-0.5,-10.8,-2.6,1.03,0.19,-0.04
2019,10.09,10.09,10.206232,0.002546,0,0,-0.5,-10.8,-2.5,1.03,0.19,-0.04
2020,10.095,10.095001,10.211274,0.002587,9.999999992516e-07,0,-0.5,-10.9,-2.5,1.04,0.19,-0.04
2021,10.1,10.1,10.215087,0.001399,0,0,-0.4,-10.8,-2.7,1.03,0.18,-0.03
2022,10.105,10.105,10.221077,0.002389,0,0,-0.5,-10.8,-2.8,1.03,0.19,-0.04
2023,10.11,10.11,10.226068,0.002381,0,0,-0.4,-10.7,-2.8,1.03,0.19,-0.04
2024,10.115,10.115,10.230005,0.001318,0,0,-0.4,-10.7,-3.2,1.03,0.19,-0.04
2025,10.12,10.120001,10.23606,0.002373,9.999999992516e-07,0,-0.4,-10.8,-3.5,1.03,0.2,-0.04
2026,10.125,10.125,10.241157,0.002469,0,0,-0.3,-10.8,-3,1.03,0.19,-0.04
2027,10.13,10.13,10.245025,0.001339,0,0,-0.2,-10.8,-3.4,1.03,0.19,-0.04
2028,10.135,10.135,10.250103,0.001416,0,0,-0.2,-10.8,-3.8,1.02,0.2,-0.04
2029,10.14,10.14,10.256275,0.002587,0,0,-0.3,-10.8,-3.8,1.03,0.2,-0.04
2030,10.145,10.145,10.260056,0.001369,0,0,-0.1,-10.7,-2.8,1.03,0.17,-0.04
2031,10.15,10.15,10.26504,0.001353,0,0,-0.1,-10.8,-3,1.02,0.18,-0.04
2032,10.155,10.155,10.271174,0.002486,0,0,-0.2,-10.7,-2.9,1.03,0.18,-0.04
2033,10.16,10.16,10.276159,0.002471,0,0,-0.2,-10.8,-3,1.03,0.17,-0.04
2034,10.165,10.165001,10.280054,0.001366,9.999999992516e-07,0,-0.1,-10.8,-3.1,1.03,0.18,-0.04
2035,10.17,10.17,10.286149,0.002461,0,0,-0.1,-10.8,-3.9,1.02,0.19,-0.05
2036,10.175,10.175,10.29104,0.002353,0,0,-0.2,-10.8,-3.3,1.03,0.19,-0.04
2037,10.18,10.18,10.295042,0.001356,0,0,0,-10.7,-3.6,1.02,0.18,-0.04
2038,10.185,10.185,10.300133,0.001446,0,0,-0.2,-10.8,-3.6,1.02,0.18,-0.04
2039,10.19,10.19,10.306117,0.00243,0,0,0,-10.7,-3.7,1.02,0.18,-0.04
2040,10.195,10.195,10.311067,0.00238,0,0,0,-10.7,-3.2,1.04,0.17,-0.04
2041,10.2,10.200001,10.315008,0.00132,9.999999992516e-07,0,-0.3,-10.9,-3.5,1.03,0.2,-0.04
2042,10.205,10.205,10.321142,0.002455,0,0,-0.3,-10.9,-3.2,1.03,0.18,-0.04
2043,10.21,10.21,10.326047,0.002359,0,0,-0.3,-10.9,-3.2,1.03,0.19,-0.04
2044,10.215,10.215,10.330004,0.001317,0,0,-0.3,-10.7,-3.3,1.03,0.19,-0.04
2045,10.22,10.22,10.336088,0.002401,0,0,-0.5,-10.8,-3,1.04,0.2,-0.04
2046,10.225,10.225,10.341108,0.00242,0,0,-0.4,-10.7,-2.7,1.04,0.18,-0.04
2047,10.23,10.23,10.345007,0.00132,0,0,-0.4,-10.8,-2.7,1.04,0.18,-0.05
2048,10.235,10.235,10.350164,0.001477,0,0,-0.3,-10.7,-2.3,1.04,0.17,-0.04
2049,10.24,10.24,10.356107,0.00242,0,0,-0.2,-10.7,-2.5,1.04,0.17,-0.04
2050,10.245,10.245001,10.360067,0.00138,9.999999992516e-07,0,-0.3,-10.8,-2.4,1.04,0.17,-0.04
2051,10.25,10.25,10.365099,0.001412,0,0,-0.3,-10.8,-2.6,1.04,0.17,-0.04
2052,10.255,10.255,10.371207,0.002519,0,0,-0.4,-10.9,-2.6,1.04,0.18,-0.05
2053,10.26,10.26,10.37504,0.001353,0,0,-0.4,-10.9,-2.8,1.03,0.19,-0.04
2054,10.265,10.265,10.380071,0.001384,0,0,-0.4,-10.8,-2.9,1.03,0.2,-0.04
2055,10.27,10.27,10.386076,0.002388,0,0,-0.4,-10.8,-3.4,1.03,0.2,-0.04
2056,10.275,10.275,10.391044,0.002357,0,0,-0.4,-10.8,-3.2,1.03,0.2,-0.04
2057,10.28,10.28,10.395,0.001313,0,0,-0.3,-10.8,-3.3,1.03,0.19,-0.04
2058,10.285,10.285,10.400111,0.001424,0,0,-0.3,-10.8,-3.2,1.02,0.2,-0.04
2059,10.29,10.290001,10.406264,0.002577,9.999999992516e-07,0,-0.3,-10.7,-3,1.03,0.19,-0.04
2060,10.295,10.295,10.410077,0.00139,0,0,-0.3,-10.8,-3.4,1.02,0.2,-0.04
2061,10.3,10.3,10.415092,0.001405,0,0,-0.3,-10.9,-3.1,1.03,0.2,-0.04
2062,10.305,10.305,10.420379,0.001691,0,0,-0.4,-10.9,-2.7,1.04,0.19,-0.04
2063,10.31,10.31,10.426106,0.002418,0,0,-0.5,-10.9,-2.7,1.05,0.19,-0.04
2064,10.315,10.315,10.430021,0.001334,0,0,-0.3,-10.8,-2.7,1.05,0.19,-0.04
2065,10.32,10.32,10.436176,0.002488,0,0,-0.3,-10.8,-2.8,1.04,0.19,-0.04
2066,10.325,10.325001,10.441049,0.002361,9.999999992516e-07,0,-0.3,-10.9,-1.9,1.05,0.17,-0.04
2067,10.33,10.33,10.445016,0.001329,0,0,-0.3,-10.9,-2.2,1.04,0.17,-0.04
2068,10.335,10.335,10.450134,0.001447,0,0,-0.3,-10.9,-2.5,1.04,0.18,-0.04
2069,10.34,10.34,10.4561,0.002413,0,0,-0.3,-10.8,-2.3,1.04,0.18,-0.04
2070,10.345,10.345,10.460022,0.001335,0,0,-0.3,-10.9,-2.8,1.04,0.18,-0.05
2071,10.35,10.35,10.465208,0.00152,0,0,-0.3,-10.8,-3.1,1.04,0.18,-0.05
2072,10.355,10.355,10.470285,0.001598,0,0,-0.3,-10.9,-3.4,1.04,0.19,-0.05
2073,10.36,10.36,10.476136,0.002444,0,0,-0.2,-10.8,-3.5,1.03,0.19,-0.05
2074,10.365,10.365,10.480018,0.001331,0,0,-0.4,-10.7,-3.5,1.03,0.19,-0.04
2075,10.37,10.370001,10.485181,0.001492,9.999999992516e-07,0,-0.4,-10.7,-3.1,1.04,0.18,-0.04
2076,10.375,10.375,10.491105,0.002417,0,0,-0.5,-10.8,-2.9,1.04,0.18,-0.04
2077,10.38,10.38,10.496076,0.002389,0,0,-0.4,-10.8,-2.6,1.04,0.18,-0.04
2078,10.385,10.385001,10.500283,0.001596,1.00000000102796e-06,0,-0.4,-10.8,-2.8,1.04,0.19,-0.04
2079,10.39,10.39,10.506274,0.002587,0,0,-0.4,-10.8,-3.2,1.04,0.19,-0.04
2080,10.395,10.395,10.511099,0.002412,0,0,-0.4,-10.8,-2.7,1.04,0.19,-0.04
2081,10.4,10.4,10.515016,0.001329,0,0,-0.3,-10.8,-2.4,1.04,0.18,-0.03
2082,10.405,10.405,10.52121,0.002522,0,0,-0.4,-10.8,-2.3,1.04,0.18,-0.03
2083,10.41,10.41,10.52608,0.002393,0,0,-0.4,-10.8,-2.6,1.04,0.18,-0.04
2084,10.415,10.415001,10.530044,0.001356,9.999999992516e-07,0,-0.2,-10.8,-2.3,1.05,0.17,-0.04
2085,10.42,10.42,10.535215,0.001527,0,0,-0.3,-10.7,-2.7,1.04,0.18,-0.04
2086,10.425,10.425,10.541113,0.002427,0,0,-0.4,-10.7,-3,1.04,0.18,-0.04
2087,10.43,10.43,10.546063,0.002376,0,0,-0.4,-10.7,-3.3,1.04,0.18,-0.04
2088,10.435,10.435,10.55006,0.001373,0,0,-0.3,-10.7,-3.5,1.04,0.18,-0.04
2089,10.44,10.44,10.555422,0.001734,0,0,-0.1,-10.7,-3.5,1.03,0.18,-0.04
2090,10.445,10.445,10.5611,0.002414,0,0,-0.3,-10.9,-3.8,1.03,0.19,-0.05
2091,10.45,10.450001,10.565015,0.001327,9.999999992516e-07,0,-0.3,-10.9,-3.3,1.03,0.19,-0.05
2092,10.455,10.455,10.570199,0.001512,0,0,-0.2,-10.8,-3.2,1.03,0.18,-0.04
2093,10.46,10.46,10.57615,0.002463,0,0,-0.2,-10.9,-3,1.03,0.18,-0.04
2094,10.465,10.465,10.580052,0.001365,0,0,-0.2,-10.9,-2.6,1.04,0.17,-0.04
2095,10.47,10.47,10.585076,0.001389,0,0,-0.2,-10.9,-2.5,1.04,0.17,-0.04
2096,10.475,10.475,10.591113,0.002426,0,0,-0.2,-10.9,-2.8,1.04,0.17,-0.04
2097,10.48,10.48,10.596029,0.002342,0,0,-0.3,-10.8,-2.6,1.04,0.17,-0.04
2098,10.485,10.485,10.599999,0.001312,0,0,-0.4,-10.9,-2.4,1.04,0.17,-0.04
2099,10.49,10.49,10.606133,0.002446,0,0,-0.3,-10.7,-3,1.04,0.18,-0.05
2100,10.495,10.495001,10.611058,0.00237,9.999999992516e-07,0,-0.2,-10.7,-3,1.03,0.17,-0.04
2101,10.5,10.5,10.615006,0.001319,0,0,-0.3,-10.7,-2.9,1.03,0.17,-0.04
2102,10.505,10.505,10.621123,0.002435,0,0,-0.2,-10.7,-2.7,1.04,0.17,-0.04
2103,10.51,10.51,10.626098,0.002411,0,0,-0.1,-10.7,-2.9,1.03,0.17,-0.04
2104,10.515,10.515,10.630019,0.001332,0,0,-0.2,-10.7,-3.5,1.03,0.18,-0.05
2105,10.52,10.52,10.636116,0.002429,0,0,-0.2,-10.8,-3.4,1.03,0.19,-0.05
2106,10.525,10.525,10.641168,0.002482,0,0,-0.2,-10.8,-3.3,1.03,0.19,-0.04
2107,10.53,10.53,10.645061,0.001374,0,0,-0.1,-10.8,-2.8,1.03,0.18,-0.04
2108,10.535,10.535,10.650063,0.001376,0,0,-0.2,-10.8,-2.7,1.03,0.18,-0.04
2109,10.54,10.540001,10.656103,0.002416,9.999999992516e-07,0,-0.2,-10.8,-2.7,1.04,0.18,-0.04
2110,10.545,10.545,10.661016,0.002329,0,0,-0.2,-10.9,-3.1,1.04,0.19,-0.04
2111,10.55,10.55,10.665114,0.001428,0,0,-0.1,-10.9,-3.5,1.03,0.19,-0.04
2112,10.555,10.555,10.670312,0.001624,0,0,-0.2,-10.8,-3,1.04,0.18,-0.04
2113,10.56,10.56,10.676119,0.002431,0,0,0,-10.8,-2.9,1.04,0.17,-0.03
2114,10.565,10.565,10.680009,0.001322,0,0,0,-10.6,-3,1.04,0.16,-0.03
2115,10.57,10.57,10.685107,0.00142,0,0,-0.1,-10.7,-3.8,1.04,0.18,-0.04
2116,10.575,10.575001,10.691085,0.002396,9.999999992516e-07,0,-0.2,-10.7,-3.9,1.04,0.19,-0.04
2117,10.58,10.58,10.695026,0.001339,0,0,-0.3,-10.8,-4.4,1.03,0.21,-0.05
2118,10.585,10.585,10.700067,0.00138,0,0,-0.2,-10.7,-3.7,1.03,0.18,-0.04
2119,10.59,10.59,10.706105,0.002418,0,0,-0.2,-10.7,-3.2,1.04,0.18,-0.04
2120,10.595,10.595,10.711083,0.002395,0,0,-0.3,-10.7,-3.7,1.03,0.19,-0.04
2121,10.6,10.6,10.715019,0.001333,0,0,-0.3,-10.7,-3.2,1.03,0.18,-0.04
2122,10.605,10.605001,10.720264,0.001576,9.999999992516e-07,0,-0.2,-10.6,-2.5,1.04,0.17,-0.04
2123,10.61,10.61,10.72618,0.002492,0,0,-0.2,-10.6,-2.3,1.04,0.17,-0.04
2124,10.615,10.615,10.730056,0.001369,0,0,-0.5,-10.8,-3.2,1.03,0.19,-0.04
2125,10.62,10.620001,10.735061,0.001374,9.999999992516e-07,0,-0.4,-10.8,-3.4,1.03,0.19,-0.05
2126,10.625,10.625,10.741123,0.002435,0,0,-0.5,-10.8,-3.3,1.03,0.2,-0.04
2127,10.63,10.63,10.746128,0.002441,0,0,-0.5,-10.9,-3.5,1.03,0.21,-0.05
2128,10.635,10.635,10.750083,0.001397,0,0,-0.4,-10.8,-3.5,1.03,0.2,-0.04
2129,10.64,10.64,10.755116,0.001428,0,0,-0.5,-10.8,-3.6,1.03,0.2,-0.05
2130,10.645,10.645,10.761069,0.002383,0,0,-0.4,-10.8,-3.3,1.04,0.19,-0.04
2131,10.65,10.65,10.765045,0.001358,0,0,-0.2,-10.8,-3.2,1.03,0.19,-0.04
2132,10.655,10.655,10.770096,0.001409,0,0,-0.2,-10.8,-2.9,1.03,0.18,-0.04
2133,10.66,10.66,10.776185,0.002497,0,0,-0.3,-10.8,-3,1.03,0.19,-0.04
2134,10.665,10.665001,10.781037,0.002349,9.999999992516e-07,0,-0.3,-10.8,-3.4,1.02,0.19,-0.04
2135,10.67,10.67,10.785009,0.001322,0,0,-0.4,-10.8,-3.3,1.03,0.19,-0.04
2136,10.675,10.675,10.791039,0.002352,0,0,-0.5,-10.9,-3,1.04,0.19,-0.04
2137,10.68,10.68,10.79605,0.002363,0,0,-0.3,-10.8,-2.8,1.04,0.18,-0.04
2138,10.685,10.685,10.800134,0.001447,0,0,-0.4,-10.8,-2.7,1.04,0.18,-0.04
2139,10.69,10.69,10.80517,0.001483,0,0,-0.4,-10.7,-2.8,1.04,0.19,-0.04
2140,10.695,10.695,10.811068,0.002381,0,0,-0.5,-10.8,-2.7,1.04,0.19,-0.04
2141,10.7,10.700001,10.815005,0.001318,9.999999992516e-07,0,-0.4,-10.8,-2.5,1.04,0.18,-0.04
2142,10.705,10.705,10.820088,0.001401,0,0,-0.3,-10.8,-2.2,1.04,0.17,-0.04
2143,10.71,10.71,10.826066,0.002379,0,0,-0.3,-10.9,-2.5,1.04,0.18,-0.04
2144,10.715,10.715,10.831016,0.002329,0,0,-0.4,-10.9,-3.3,1.04,0.18,-0.05
2145,10.72,10.72,10.835023,0.001336,0,0,-0.4,-10.8,-3.3,1.04,0.18,-0.04
2146,10.725,10.725,10.841034,0.002347,0,0,-0.4,-10.7,-3.8,1.03,0.19,-0.05
2147,10.73,10.73,10.846042,0.002355,0,0,-0.4,-10.7,-3.7,1.03,0.19,-0.05
2148,10.735,10.735,10.850028,0.001341,0,0,-0.2,-10.8,-2.3,1.04,0.17,-0.04
2149,10.74,10.74,10.855327,0.001639,0,0,-0.2,-10.7,-2,1.04,0.16,-0.04
2150,10.745,10.745001,10.861127,0.002439,9.999999992516e-07,0,0,-10.7,-2.8,1.04,0.17,-0.04
2151,10.75,10.75,10.865033,0.001346,0,0,-0.1,-10.7,-2.8,1.04,0.17,-0.04
2152,10.755,10.755,10.870149,0.001462,0,0,-0.1,-10.8,-2.8,1.04,0.17,-0.04
2153,10.76,10.76,10.876157,0.002469,0,0,-0.1,-10.8,-2.4,1.04,0.16,-0.04
2154,10.765,10.765,10.880016,0.001329,0,0,-0.1,-10.7,-2.6,1.04,0.17,-0.04
2155,10.77,10.77,10.885066,0.00138,0,0,-0.2,-10.7,-2.9,1.04,0.18,-0.04
2156,10.775,10.775,10.890409,0.001722,0,0,-0.2,-10.8,-2.9,1.04,0.18,-0.04
2157,10.78,10.78,10.896073,0.002386,0,0,-0.2,-10.8,-2,1.05,0.17,-0.03
2158,10.785,10.785,10.900087,0.001401,0,0,-0.3,-10.7,-2.1,1.04,0.17,-0.03
2159,10.79,10.790001,10.905107,0.001418,9.999999992516e-07,0,-0.2,-10.7,-2.3,1.03,0.17,-0.03
2160,10.795,10.795,10.911221,0.002533,0,0,-0.2,-10.7,-2,1.05,0.16,-0.03
2161,10.8,10.8,10.91619,0.002504,0,0,-0.3,-10.8,-2.3,1.04,0.17,-0.04
2162,10.805,10.805,10.920054,0.001367,0,0,-0.4,-10.7,-3.3,1.04,0.18,-0.04
2163,10.81,10.81,10.925333,0.001645,0,0,-0.3,-10.7,-3.5,1.03,0.18,-0.04
2164,10.815,10.815,10.931114,0.002427,0,0,-0.4,-10.7,-3.9,1.03,0.19,-0.05
2165,10.82,10.82,10.93503,0.001343,0,0,-0.3,-10.7,-3.8,1.03,0.18,-0.05
2166,10.825,10.825001,10.940269,0.00158,9.999999992516e-07,0,-0.1,-10.7,-3.7,1.04,0.18,-0.05
2167,10.83,10.83,10.945397,0.001709,0,0,0,-10.7,-4,1.03,0.18,-0.05
2168,10.835,10.835001,10.951838,0.003153,9.999999992516e-07,0,0,-10.8,-3.5,1.04,0.18,-0.05
2169,10.84,10.840004,10.957408,0.00372,4.00000000055911e-06,0,-0.1,-10.7,-3.3,1.03,0.18,-0.05
2170,10.845,10.845004,10.960697,0.002007,3.99999999878276e-06,0,0,-10.7,-3,1.03,0.17,-0.04
2171,10.85,10.850001,10.96621,0.002523,1.00000000102796e-06,0,0,-10.7,-3,1.04,0.17,-0.04
2172,10.855,10.855,10.970047,0.00136,0,0,-0.1,-10.8,-3.1,1.04,0.18,-0.04
2173,10.86,10.860001,10.975708,0.00202,1.00000000102796e-06,0,-0.3,-10.8,-3.5,1.04,0.19,-0.04
2174,10.865,10.865002,10.981519,0.002832,2.00000000027956e-06,0,-0.3,-10.8,-3.6,1.03,0.18,-0.05
2175,10.87,10.870004,10.986876,0.003186,3.99999999878276e-06,0,-0.2,-10.8,-3.2,1.04,0.18,-0.04
2176,10.875,10.875001,10.990519,0.001832,9.999999992516e-07,0,-0.1,-10.8,-2.9,1.03,0.17,-0.04
2177,10.88,10.880001,10.995604,0.001917,9.999999992516e-07,0,-0.2,-10.8,-3,1.03,0.17,-0.04
2178,10.885,10.885,11.00154,0.002854,0,0,-0.3,-10.8,-2.8,1.03,0.17,-0.04
2179,10.89,10.890001,11.005599,0.001912,9.999999992516e-07,0,-0.3,-10.8,-2.7,1.03,0.17,-0.04
2180,10.895,10.895001,11.01037,0.001681,1.00000000102796e-06,0,-0.4,-10.9,-3.5,1.03,0.19,-0.05
2181,10.9,10.9,11.01606,0.002373,0,0,-0.4,-10.9,-3.8,1.03,0.19,-0.05
2182,10.905,10.905,11.020022,0.001335,0,0,-0.4,-10.9,-3.8,1.02,0.19,-0.05
2183,10.91,10.91,11.025431,0.001745,0,0,-0.4,-10.9,-3.5,1.02,0.19,-0.05
2184,10.915,10.915001,11.03129,0.002601,9.999999992516e-07,0,-0.5,-10.9,-3.7,1.03,0.19,-0.04
2185,10.92,10.920001,11.036381,0.002694,9.999999992516e-07,0,-0.5,-10.9,-3.3,1.04,0.19,-0.04
2186,10.925,10.925001,11.040456,0.00177,9.999999992516e-07,0,-0.1,-10.8,-2.8,1.04,0.17,-0.04
2187,10.93,10.93,11.045727,0.002039,0,0,-0.2,-10.8,-2.9,1.04,0.18,-0.04
2188,10.935,10.935,11.05116,0.002472,0,0,-0.3,-10.8,-3.2,1.03,0.18,-0.04
2189,10.94,10.94,11.055023,0.001336,0,0,-0.2,-10.8,-2.9,1.03,0.17,-0.04
2190,10.945,10.945,11.061272,0.002585,0,0,-0.3,-10.8,-2.3,1.03,0.18,-0.03
2191,10.95,10.950001,11.065007,0.001319,9.999999992516e-07,0,-0.4,-10.9,-2.6,1.03,0.18,-0.04
2192,10.955,10.955,11.070116,0.001429,0,0,-0.2,-10.8,-2.9,1.03,0.18,-0.04
2193,10.96,10.96,11.076161,0.002474,0,0,-0.2,-10.8,-2.9,1.03,0.17,-0.04
2194,10.965,10.965,11.080042,0.001355,0,0,-0.3,-10.7,-3,1.04,0.18,-0.04
2195,10.97,10.97,11.085203,0.001516,0,0,-0.3,-10.7,-3,1.04,0.18,-0.04
2196,10.975,10.975,11.091128,0.002442,0,0,-0.3,-10.7,-2.5,1.04,0.17,-0.03
2197,10.98,10.98,11.096069,0.002383,0,0,-0.3,-10.7,-2.5,1.05,0.17,-0.03
2198,10.985,10.985,11.100055,0.001368,0,0,-0.2,-10.7,-2.6,1.04,0.17,-0.03
2199,10.99,10.99,11.106183,0.002497,0,0,-0.3,-10.8,-2.9,1.04,0.18,-0.04
2200,10.995,10.995001,11.110095,0.001407,9.999999992516e-07,0,-0.4,-10.8,-2.7,1.04,0.18,-0.04
2201,11,11,11.115074,0.001387,0,0,-0.6,-10.9,-3.1,1.03,0.2,-0.04
2202,11.005,11.005,11.121124,0.002437,0,0,-0.5,-10.9,-3.1,1.03,0.2,-0.04
2203,11.01,11.01,11.126084,0.002397,0,0,-0.4,-10.8,-2.7,1.04,0.19,-0.04
2204,11.015,11.015,11.130063,0.001376,0,0,-0.4,-10.8,-2.8,1.04,0.19,-0.04
2205,11.02,11.02,11.135081,0.001394,0,0,-0.4,-10.8,-2.4,1.04,0.18,-0.04
2206,11.025,11.025,11.14116,0.002474,0,0,-0.3,-10.9,-2.4,1.04,0.18,-0.04
2207,11.03,11.03,11.146036,0.002349,0,0,-0.3,-10.8,-3.2,1.03,0.19,-0.05
2208,11.035,11.035,11.150036,0.001349,0,0,-0.4,-10.8,-3.4,1.03,0.19,-0.04
2209,11.04,11.040001,11.156128,0.002439,9.999999992516e-07,0,-0.4,-10.8,-4.1,1.02,0.19,-0.04
2210,11.045,11.045,11.161051,0.002364,0,0,-0.4,-10.7,-3.5,1.03,0.19,-0.04
2211,11.05,11.05,11.16516,0.001473,0,0,-0.4,-10.8,-3.6,1.03,0.19,-0.05
2212,11.055,11.055,11.171164,0.002476,0,0,-0.4,-10.8,-2.9,1.03,0.18,-0.04
2213,11.06,11.06,11.17614,0.002454,0,0,-0.3,-10.7,-3.5,1.02,0.18,-0.04
2214,11.065,11.065,11.180044,0.001357,0,0,-0.3,-10.8,-3.2,1.03,0.19,-0.04
2215,11.07,11.07,11.18508,0.001394,0,0,-0.2,-10.7,-3.3,1.03,0.18,-0.04
2216,11.075,11.075001,11.191133,0.002445,9.999999992516e-07,0,-0.2,-10.8,-3,1.04,0.18,-0.04
2217,11.08,11.08,11.195067,0.00138,0,0,-0.3,-10.9,-2.7,1.04,0.18,-0.04
2218,11.085,11.085,11.200069,0.001381,0,0,-0.4,-10.8,-2.8,1.04,0.18,-0.04
2219,11.09,11.09,11.205295,0.001607,0,0,-0.2,-10.8,-2.6,1.04,0.18,-0.04
2220,11.095,11.095,11.211236,0.002549,0,0,-0.2,-10.9,-2.9,1.04,0.18,-0.04
2221,11.1,11.1,11.215183,0.001496,0,0,-0.4,-10.7,-3.3,1.03,0.2,-0.04
2222,11.105,11.105,11.22009,0.001402,0,0,-0.3,-10.8,-3.6,1.03,0.19,-0.05
2223,11.11,11.11,11.226157,0.002469,0,0,-0.5,-10.8,-3,1.04,0.2,-0.04
2224,11.115,11.115,11.231047,0.00236,0,0,-0.4,-10.7,-2.3,1.04,0.18,-0.03
2225,11.12,11.120001,11.235023,0.001335,9.999999992516e-07,0,-0.4,-10.9,-2.8,1.03,0.19,-0.04
2226,11.125,11.125,11.241139,0.002452,0,0,-0.4,-10.8,-3.2,1.03,0.19,-0.04
2227,11.13,11.13,11.24608,0.002393,0,0,-0.3,-10.8,-2.4,1.04,0.18,-0.04
2228,11.135,11.135,11.250017,0.00133,0,0,-0.5,-10.7,-3.1,1.04,0.18,-0.04
2229,11.14,11.14,11.255466,0.001778,0,0,-0.4,-10.7,-2.9,1.04,0.18,-0.05
2230,11.145,11.145,11.261128,0.002441,0,0,-0.4,-10.8,-2.5,1.04,0.18,-0.04
2231,11.15,11.15,11.265038,0.00135,0,0,-0.4,-10.8,-3.4,1.03,0.19,-0.05
2232,11.155,11.155,11.270136,0.001449,0,0,-0.4,-10.8,-3.2,1.03,0.19,-0.04
2233,11.16,11.16,11.276174,0.002486,0,0,-0.4,-10.7,-3.6,1.02,0.18,-0.04
2234,11.165,11.165001,11.281044,0.002357,9.999999992516e-07,0,-0.3,-10.7,-3.3,1.03,0.18,-0.04
2235,11.17,11.17,11.285038,0.001351,0,0,-0.2,-10.7,-3,1.03,0.18,-0.04
2236,11.175,11.175,11.291119,0.002432,0,0,-0.2,-10.7,-3.2,1.03,0.18,-0.04
2237,11.18,11.18,11.296193,0.002507,0,0,-0.2,-10.7,-3.2,1.03,0.19,-0.04
2238,11.185,11.185,11.300057,0.00137,0,0,-0.1,-10.8,-2.5,1.03,0.17,-0.04
2239,11.19,11.19,11.305122,0.001435,0,0,-0.2,-10.7,-3.2,1.03,0.18,-0.04
2240,11.195,11.195,11.31113,0.002442,0,0,-0.2,-10.8,-3.6,1.03,0.19,-0.04
2241,11.2,11.200001,11.31504,0.001352,9.999999992516e-07,0,-0.2,-10.9,-3.3,1.03,0.19,-0.04
2242,11.205,11.205,11.320161,0.001474,0,0,-0.3,-10.8,-2.7,1.04,0.18,-0.04
2243,11.21,11.21,11.326129,0.002441,0,0,-0.5,-10.8,-2.8,1.04,0.19,-0.04
2244,11.215,11.215,11.331028,0.002341,0,0,-0.4,-10.8,-3.3,1.04,0.19,-0.04
2245,11.22,11.22,11.335047,0.00136,0,0,-0.4,-10.8,-3.6,1.04,0.2,-0.04
2246,11.225,11.225,11.341156,0.00247,0,0,-0.6,-10.8,-3.7,1.04,0.21,-0.05
2247,11.23,11.23,11.346062,0.002374,0,0,-0.4,-10.8,-3.2,1.03,0.19,-0.04
2248,11.235,11.235,11.35001,0.001323,0,0,-0.4,-10.8,-3.3,1.03,0.19,-0.04
2249,11.24,11.24,11.356099,0.002411,0,0,-0.2,-10.8,-3,1.03,0.18,-0.04
2250,11.245,11.245001,11.361066,0.002377,9.999999992516e-07,0,-0.4,-10.9,-2.6,1.04,0.18,-0.04
2251,11.25,11.25,11.365009,0.001322,0,0,-0.4,-10.9,-2.8,1.04,0.18,-0.04
2252,11.255,11.255,11.370306,0.001619,0,0,-0.4,-10.9,-3.1,1.03,0.18,-0.04
2253,11.26,11.26,11.376109,0.002423,0,0,-0.5,-10.8,-3.5,1.04,0.2,-0.05
2254,11.265,11.265,11.380009,0.001322,0,0,-0.4,-10.9,-3.9,1.03,0.2,-0.04
2255,11.27,11.27,11.385097,0.00141,0,0,-0.3,-10.9,-4,1.03,0.2,-0.04
2256,11.275,11.275,11.391106,0.00242,0,0,-0.2,-10.8,-3.7,1.04,0.19,-0.04
2257,11.28,11.28,11.396187,0.002501,0,0,-0.3,-10.8,-3.8,1.03,0.19,-0.04
2258,11.285,11.285,11.400066,0.001379,0,0,-0.2,-10.8,-3.6,1.03,0.19,-0.04
2259,11.29,11.290003,11.405326,0.001636,2.99999999953116e-06,0,-0.3,-10.9,-3.4,1.03,0.19,-0.04
2260,11.295,11.295,11.41108,0.002394,0,0,-0.3,-10.9,-3.6,1.03,0.2,-0.04
2261,11.3,11.3,11.415039,0.001352,0,0,-0.3,-10.8,-3.7,1.02,0.2,-0.04
2262,11.305,11.305,11.42018,0.001493,0,0,-0.2,-10.8,-3.3,1.03,0.19,-0.04
2263,11.31,11.31,11.42617,0.002483,0,0,-0.3,-10.8,-3.3,1.03,0.19,-0.04
2264,11.315,11.315,11.431033,0.002346,0,0,-0.3,-10.8,-3.1,1.03,0.18,-0.05
2265,11.32,11.32,11.435024,0.001337,0,0,-0.2,-10.9,-3.2,1.03,0.19,-0.04
2266,11.325,11.325001,11.441065,0.002377,9.999999992516e-07,0,-0.3,-10.8,-3.7,1.03,0.19,-0.05
2267,11.33,11.33,11.446038,0.00235,0,0,-0.3,-10.8,-3.1,1.03,0.19,-0.05
2268,11.335,11.335,11.450097,0.00141,0,0,-0.3,-10.8,-2.9,1.04,0.19,-0.04
2269,11.34,11.34,11.45519,0.001503,0,0,-0.2,-10.6,-2.6,1.04,0.17,-0.04
2270,11.345,11.345,11.461133,0.002446,0,0,-0.2,-10.7,-2.4,1.04,0.16,-0.04
2271,11.35,11.35,11.465043,0.001356,0,0,-0.3,-10.7,-2.1,1.04,0.17,-0.03
2272,11.355,11.355,11.470142,0.001456,0,0,-0.3,-10.7,-2.3,1.05,0.17,-0.04
2273,11.36,11.36,11.476063,0.002377,0,0,-0.3,-10.7,-2.6,1.04,0.17,-0.04
2274,11.365,11.365,11.481083,0.002396,0,0,-0.4,-10.8,-3.1,1.04,0.19,-0.05
2275,11.37,11.370001,11.485025,0.001337,9.999999992516e-07,0,-0.4,-10.8,-3,1.03,0.18,-0.04
2276,11.375,11.375,11.490232,0.001545,0,0,-0.2,-10.7,-3.3,1.03,0.18,-0.05
2277,11.38,11.38,11.496041,0.002354,0,0,-0.4,-10.7,-3.6,1.03,0.2,-0.04
2278,11.385,11.385,11.500015,0.001327,0,0,-0.3,-10.7,-3.3,1.03,0.19,-0.05
2279,11.39,11.39,11.505096,0.001409,0,0,-0.3,-10.8,-3,1.03,0.18,-0.04
2280,11.395,11.395,11.511091,0.002404,0,0,-0.4,-10.8,-3.2,1.03,0.19,-0.04
2281,11.4,11.4,11.516054,0.002366,0,0,-0.5,-10.8,-3.8,1.02,0.2,-0.04
2282,11.405,11.405,11.520075,0.001387,0,0,-0.3,-10.8,-3.9,1.02,0.2,-0.04
2283,11.41,11.41,11.525145,0.001457,0,0,-0.3,-10.8,-3.5,1.02,0.19,-0.04
2284,11.415,11.415001,11.531054,0.002366,9.999999992516e-07,0,-0.4,-10.9,-3.4,1.03,0.2,-0.04
2285,11.42,11.42,11.536063,0.002376,0,0,-0.3,-10.8,-3,1.03,0.19,-0.04
2286,11.425,11.425,11.540168,0.001481,0,0,-0.2,-10.9,-3.3,1.03,0.19,-0.04
2287,11.43,11.43,11.546027,0.002339,0,0,-0.3,-10.8,-3.2,1.03,0.19,-0.04
2288,11.435,11.435,11.551024,0.002337,0,0,-0.3,-10.8,-2.8,1.03,0.18,-0.04
2289,11.44,11.44,11.555057,0.00137,0,0,-0.4,-10.9,-3.8,1.03,0.19,-0.05
2290,11.445,11.445,11.561129,0.002441,0,0,-0.4,-10.9,-3.7,1.03,0.19,-0.05
2291,11.45,11.450001,11.566185,0.002498,9.999999992516e-07,0,-0.4,-10.8,-3.7,1.03,0.19,-0.04
2292,11.455,11.455,11.570047,0.00136,0,0,-0.4,-10.9,-3.8,1.03,0.2,-0.04
2293,11.46,11.46,11.575123,0.001435,0,0,-0.4,-10.9,-3.8,1.03,0.2,-0.05
2294,11.465,11.465,11.581099,0.002412,0,0,-0.3,-10.8,-3.7,1.03,0.19,-0.04
2295,11.47,11.47,11.586043,0.002356,0,0,-0.3,-10.8,-3,1.04,0.19,-0.04
2296,11.475,11.475,11.590022,0.001335,0,0,-0.3,-10.8,-3.1,1.04,0.19,-0.04
2297,11.48,11.48,11.596105,0.002418,0,0,-0.2,-10.7,-3.4,1.03,0.19,-0.04
2298,11.485,11.485,11.60017,0.001483,0,0,-0.3,-10.7,-3.4,1.03,0.19,-0.04
2299,11.49,11.49,11.605161,0.001473,0,0,-0.4,-10.8,-3.9,1.03,0.19,-0.04
2300,11.495,11.495001,11.611189,0.002502,9.999999992516e-07,0,-0.3,-10.8,-3.7,1.03,0.19,-0.04
2301,11.5,11.5,11.61604,0.002353,0,0,-0.3,-10.9,-3.7,1.03,0.19,-0.04
2302,11.505,11.505,11.620098,0.001411,0,0,-0.1,-10.8,-3.3,1.03,0.18,-0.04
2303,11.51,11.51,11.626143,0.002455,0,0,0,-10.7,-3.6,1.02,0.18,-0.05
2304,11.515,11.515,11.631017,0.00233,0,0,-0.1,-10.8,-3.3,1.03,0.18,-0.04
2305,11.52,11.52,11.63534,0.001655,0,0,-0.1,-10.8,-3,1.03,0.17,-0.04
2306,11.525,11.525002,11.640828,0.00214,2.00000000027956e-06,0,-0.1,-10.7,-3.3,1.03,0.18,-0.04
2307,11.53,11.53,11.646215,0.002528,0,0,-0.2,-10.7,-3.4,1.03,0.18,-0.04
2308,11.535,11.535,11.650149,0.001462,0,0,-0.3,-10.7,-3,1.03,0.18,-0.04
2309,11.54,11.540002,11.655412,0.001722,1.9999999985032e-06,0,-0.2,-10.8,-3.6,1.03,0.18,-0.04
2310,11.545,11.545,11.661288,0.002601,0,0,-0.3,-10.8,-3.3,1.03,0.19,-0.04
2311,11.55,11.55,11.665049,0.001363,0,0,-0.4,-10.8,-4.3,1.03,0.2,-0.04
2312,11.555,11.555,11.670121,0.001434,0,0,-0.4,-10.8,-4.1,1.03,0.2,-0.04
2313,11.56,11.56,11.676119,0.002431,0,0,-0.4,-10.8,-3.6,1.03,0.2,-0.04
2314,11.565,11.565,11.680068,0.001381,0,0,-0.4,-10.7,-3.6,1.03,0.2,-0.04
2315,11.57,11.57,11.685072,0.001384,0,0,-0.2,-10.8,-3,1.03,0.18,-0.04
2316,11.575,11.575001,11.691038,0.00235,9.999999992516e-07,0,-0.3,-10.8,-3.1,1.03,0.19,-0.04
2317,11.58,11.58,11.695009,0.001322,0,0,-0.6,-11,-3,1.04,0.2,-0.04
2318,11.585,11.585,11.700066,0.001379,0,0,-0.5,-10.9,-2.9,1.04,0.19,-0.04
2319,11.59,11.59,11.706103,0.002417,0,0,-0.3,-10.9,-2.6,1.04,0.19,-0.04
2320,11.595,11.595,11.710036,0.001348,0,0,-0.2,-10.9,-2.2,1.05,0.18,-0.04
2321,11.6,11.6,11.715049,0.001362,0,0,-0.5,-10.9,-2.3,1.05,0.18,-0.04
2322,11.605,11.605,11.721061,0.002374,0,0,-0.5,-10.9,-2.7,1.04,0.19,-0.04
2323,11.61,11.61,11.726062,0.002375,0,0,-0.5,-10.8,-2.7,1.04,0.19,-0.04
2324,11.615,11.615,11.730042,0.001355,0,0,-0.4,-10.8,-2.4,1.04,0.18,-0.03
2325,11.62,11.620001,11.735234,0.001546,9.999999992516e-07,0,-0.4,-10.7,-2.7,1.04,0.18,-0.04
2326,11.625,11.625,11.741117,0.002429,0,0,-0.3,-10.7,-2.5,1.03,0.18,-0.03
2327,11.63,11.63,11.745058,0.001371,0,0,-0.2,-10.7,-2.4,1.04,0.17,-0.04
2328,11.635,11.635,11.750094,0.001407,0,0,-0.3,-10.7,-2.2,1.04,0.17,-0.04
2329,11.64,11.64,11.756219,0.00253,0,0,-0.1,-10.7,-2.5,1.04,0.17,-0.03
2330,11.645,11.645,11.760023,0.001336,0,0,-0.2,-10.7,-2.3,1.04,0.17,-0.03
2331,11.65,11.65,11.765106,0.001418,0,0,-0.3,-10.7,-3.1,1.04,0.18,-0.04
2332,11.655,11.655001,11.771297,0.00261,1.00000000102796e-06,0,-0.4,-10.8,-3.3,1.04,0.19,-0.04
2333,11.66,11.660001,11.776183,0.002495,9.999999992516e-07,0,-0.4,-10.7,-3.6,1.04,0.19,-0.05
2334,11.665,11.665001,11.780038,0.00135,9.999999992516e-07,0,-0.3,-10.8,-3.4,1.03,0.19,-0.04
2335,11.67,11.67,11.786139,0.002452,0,0,-0.2,-10.7,-4.1,1.02,0.2,-0.05
2336,11.675,11.675,11.790037,0.00135,0,0,-0.1,-10.7,-3.7,1.03,0.18,-0.04
2337,11.68,11.68,11.795066,0.001378,0,0,-0.1,-10.7,-3.6,1.03,0.18,-0.04
2338,11.685,11.685,11.801068,0.00238,0,0,0,-10.6,-3.3,1.03,0.18,-0.04
2339,11.69,11.69,11.806057,0.00237,0,0,-0.1,-10.7,-3.5,1.03,0.18,-0.04
2340,11.695,11.695,11.81008,0.001392,0,0,-0.1,-10.7,-3.1,1.03,0.18,-0.04
2341,11.7,11.700001,11.81605,0.002362,9.999999992516e-07,0,0,-10.7,-2.7,1.03,0.17,-0.03
2342,11.705,11.705,11.82112,0.002434,0,0,-0.1,-10.7,-2.6,1.03,0.17,-0.04
2343,11.71,11.71,11.825173,0.001486,0,0,-0.1,-10.7,-2.4,1.03,0.16,-0.03
2344,11.715,11.715,11.830119,0.001431,0,0,-0.2,-10.8,-3.3,1.02,0.18,-0.04
2345,11.72,11.72,11.836107,0.00242,0,0,-0.2,-10.8,-2.8,1.03,0.18,-0.04
2346,11.725,11.725,11.841106,0.002418,0,0,-0.3,-10.8,-3.4,1.03,0.19,-0.04
2347,11.73,11.73,11.845041,0.001353,0,0,-0.3,-10.8,-3.5,1.03,0.19,-0.05
2348,11.735,11.735,11.851041,0.002354,0,0,-0.5,-10.9,-3.3,1.03,0.2,-0.05
2349,11.74,11.74,11.856061,0.002373,0,0,-0.4,-10.8,-3.8,1.03,0.19,-0.05
2350,11.745,11.745001,11.860084,0.001396,9.999999992516e-07,0,-0.3,-10.7,-2.8,1.03,0.18,-0.04
2351,11.75,11.75,11.86512,0.001433,0,0,-0.4,-10.8,-3.3,1.04,0.19,-0.04
2352,11.755,11.755,11.871037,0.002349,0,0,-0.5,-10.8,-2.9,1.04,0.18,-0.04
2353,11.76,11.76,11.875081,0.001393,0,0,-0.3,-10.7,-2.2,1.05,0.16,-0.03
2354,11.765,11.765,11.880075,0.001388,0,0,-0.1,-10.7,-2.7,1.04,0.17,-0.04
2355,11.77,11.77,11.886078,0.00239,0,0,-0.3,-10.6,-3.6,1.03,0.18,-0.04
2356,11.775,11.775,11.891028,0.00234,0,0,-0.3,-10.7,-3.6,1.03,0.18,-0.04
2357,11.78,11.78,11.89501,0.001323,0,0,-0.2,-10.8,-3.5,1.03,0.18,-0.04
2358,11.785,11.785,11.901052,0.002365,0,0,-0.1,-10.8,-2.9,1.04,0.17,-0.04
2359,11.79,11.790001,11.906027,0.002339,9.999999992516e-07,0,-0.3,-10.8,-3,1.03,0.19,-0.04
2360,11.795,11.795,11.91002,0.001333,0,0,-0.2,-10.8,-3.5,1.03,0.18,-0.04
2361,11.8,11.8,11.916074,0.002387,0,0,-0.3,-10.8,-3.8,1.03,0.2,-0.04
2362,11.805,11.805,11.921151,0.002464,0,0,-0.4,-10.9,-3.8,1.03,0.19,-0.05
2363,11.81,11.81,11.925054,0.001367,0,0,-0.5,-10.8,-3.4,1.03,0.2,-0.05
2364,11.815,11.815,11.930118,0.001431,0,0,-0.4,-10.8,-2.9,1.03,0.18,-0.04
2365,11.82,11.820001,11.93585,0.002163,9.999999992516e-07,0,-0.5,-10.9,-2.8,1.04,0.18,-0.04
2366,11.825,11.825003,11.941516,0.002828,2.99999999953116e-06,0,-0.4,-10.9,-2.4,1.04,0.17,-0.04
2367,11.83,11.830001,11.945327,0.001639,9.999999992516e-07,0,-0.4,-11,-3.2,1.03,0.18,-0.04
2368,11.835,11.835,11.95116,0.002472,0,0,-0.3,-11,-3.1,1.03,0.18,-0.04
2369,11.84,11.84,11.955292,0.001606,0,0,-0.1,-10.9,-2.5,1.03,0.17,-0.04
2370,11.845,11.845001,11.960452,0.001764,9.999999992516e-07,0,0,-10.9,-2.3,1.03,0.17,-0.04
2371,11.85,11.850001,11.966326,0.002638,1.00000000102796e-06,0,-0.3,-10.8,-2.7,1.03,0.18,-0.04
2372,11.855,11.855,11.970093,0.001407,0,0,-0.3,-10.8,-3.5,1.02,0.19,-0.05
2373,11.86,11.86,11.975228,0.00154,0,0,-0.3,-10.8,-2.8,1.04,0.18,-0.04
2374,11.865,11.865,11.981385,0.002698,0,0,-0.3,-10.7,-3.2,1.04,0.19,-0.04
2375,11.87,11.870002,11.985229,0.001541,1.9999999985032e-06,0,-0.3,-10.7,-3,1.04,0.19,-0.04
2376,11.875,11.875,11.990246,0.001559,0,0,-0.3,-10.7,-3,1.04,0.18,-0.04
2377,11.88,11.88,11.996178,0.002491,0,0,-0.2,-10.7,-3.3,1.04,0.18,-0.04
2378,11.885,11.885,12.000053,0.001366,0,0,-0.3,-10.7,-3.3,1.04,0.19,-0.04
2379,11.89,11.89,12.005089,0.001402,0,0,-0.2,-10.7,-2.6,1.04,0.17,-0.04
2380,11.895,11.895,12.011168,0.002481,0,0,-0.3,-10.8,-2,1.05,0.16,-0.04
2381,11.9,11.9,12.016048,0.002362,0,0,-0.5,-10.8,-2.7,1.04,0.18,-0.04
2382,11.905,11.905,12.020005,0.001319,0,0,-0.4,-10.8,-2.4,1.04,0.17,-0.04
2383,11.91,11.91,12.026027,0.002341,0,0,-0.3,-10.8,-2.1,1.04,0.17,-0.04
2384,11.915,11.915001,12.031023,0.002335,9.999999992516e-07,0,-0.3,-10.8,-2.5,1.04,0.17,-0.04
2385,11.92,11.92,12.035025,0.001338,0,0,-0.3,-10.8,-3,1.04,0.18,-0.04
2386,11.925,11.925,12.040137,0.00145,0,0,-0.1,-10.9,-2.6,1.04,0.17,-0.04
2387,11.93,11.93,12.046044,0.002357,0,0,-0.3,-10.9,-1.7,1.05,0.16,-0.04
2388,11.935,11.935,12.050023,0.001336,0,0,-0.2,-10.8,-2.1,1.05,0.16,-0.04
2389,11.94,11.94,12.055074,0.001387,0,0,-0.1,-10.7,-2.8,1.04,0.17,-0.04
2390,11.945,11.945,12.061021,0.002334,0,0,-0.1,-10.8,-3.1,1.04,0.17,-0.04
2391,11.95,11.950001,12.065208,0.001521,9.999999992516e-07,0,-0.3,-10.9,-3.5,1.04,0.19,-0.05
2392,11.955,11.955,12.070074,0.001386,0,0,-0.2,-10.8,-3.8,1.04,0.18,-0.05
2393,11.96,11.96,12.076053,0.002367,0,0,-0.3,-10.8,-3.7,1.03,0.19,-0.05
2394,11.965,11.965,12.081042,0.002355,0,0,-0.4,-10.9,-3.4,1.04,0.2,-0.04
2395,11.97,11.97,12.085075,0.001389,0,0,-0.4,-10.9,-3.3,1.04,0.2,-0.05
2396,11.975,11.975,12.090113,0.001426,0,0,-0.4,-10.9,-3,1.03,0.19,-0.04
2397,11.98,11.98,12.09618,0.002492,0,0,-0.4,-10.8,-2.5,1.03,0.19,-0.04
2398,11.985,11.985,12.100106,0.00142,0,0,-0.4,-10.8,-3,1.03,0.19,-0.04
2399,11.99,11.99,12.105133,0.001445,0,0,-0.4,-10.7,-2.7,1.04,0.19,-0.04
2400,11.995,11.995001,12.111127,0.002438,9.999999992516e-07,0,-0.4,-10.8,-3.2,1.04,0.19,-0.04
2401,12,12,12.116023,0.002336,0,0,-0.2,-10.8,-2.9,1.04,0.18,-0.04
2402,12.005,12.005,12.119996,0.001309,0,0,-0.2,-10.8,-2.6,1.04,0.17,-0.04
2403,12.01,12.01,12.126094,0.002406,0,0,-0.2,-10.9,-2.8,1.04,0.17,-0.04
2404,12.015,12.015,12.131066,0.002379,0,0,-0.2,-10.9,-2.8,1.04,0.17,-0.04
2405,12.02,12.02,12.135039,0.001352,0,0,0,-10.8,-2.9,1.05,0.17,-0.04
2406,12.025,12.025,12.141125,0.002438,0,0,0,-10.7,-2.4,1.04,0.16,-0.04
2407,12.03,12.030001,12.146056,0.002368,9.999999992516e-07,0,-0.1,-10.7,-2.8,1.04,0.17,-0.04
2408,12.035,12.035,12.150085,0.001398,0,0,-0.2,-10.7,-2.7,1.04,0.17,-0.04
2409,12.04,12.040001,12.155149,0.001461,9.999999992516e-07,0,-0.1,-10.7,-2.9,1.04,0.17,-0.04
2410,12.045,12.045,12.161076,0.002389,0,0,-0.3,-10.6,-3.5,1.03,0.19,-0.04
2411,12.05,12.05,12.165065,0.001378,0,0,-0.3,-10.6,-3.3,1.03,0.18,-0.04
2412,12.055,12.055,12.170157,0.001469,0,0,-0.2,-10.6,-3,1.04,0.17,-0.04
2413,12.06,12.06,12.176146,0.002459,0,0,-0.3,-10.7,-3,1.03,0.18,-0.04
2414,12.065,12.065,12.18003,0.001343,0,0,-0.4,-10.6,-3.2,1.03,0.18,-0.05
2415,12.07,12.07,12.185155,0.001468,0,0,-0.2,-10.7,-2.8,1.04,0.17,-0.04
2416,12.075,12.075001,12.191059,0.002371,9.999999992516e-07,0,-0.2,-10.7,-3,1.04,0.17,-0.04
2417,12.08,12.08,12.196015,0.002328,0,0,0,-10.6,-3,1.04,0.17,-0.04
2418,12.085,12.085,12.199995,0.001308,0,0,-0.1,-10.6,-2.8,1.04,0.17,-0.03
2419,12.09,12.09,12.206105,0.002417,0,0,-0.2,-10.6,-3.1,1.04,0.17,-0.04
2420,12.095,12.095,12.21103,0.002343,0,0,-0.3,-10.6,-3.2,1.04,0.18,-0.04
2421,12.1,12.1,12.215004,0.001317,0,0,-0.4,-10.7,-3.5,1.04,0.19,-0.05
2422,12.105,12.105,12.22017,0.001484,0,0,-0.5,-10.7,-3.7,1.03,0.2,-0.05
2423,12.11,12.11,12.226142,0.002454,0,0,-0.6,-10.7,-3.3,1.04,0.2,-0.05
2424,12.115,12.115,12.230116,0.001429,0,0,-0.5,-10.8,-3.4,1.04,0.19,-0.04
2425,12.12,12.120001,12.235055,0.001368,9.999999992516e-07,0,-0.5,-10.8,-2.6,1.05,0.18,-0.04
2426,12.125,12.125001,12.240419,0.001731,9.999999992516e-07,0,-0.4,-10.8,-2.5,1.05,0.17,-0.04
2427,12.13,12.13,12.246039,0.002352,0,0,-0.5,-10.7,-3.1,1.04,0.18,-0.04
2428,12.135,12.135,12.250051,0.001364,0,0,-0.4,-10.8,-2.6,1.05,0.18,-0.04
2429,12.14,12.14,12.256099,0.002413,0,0,-0.4,-10.7,-2.8,1.04,0.18,-0.04
2430,12.145,12.145,12.261083,0.002396,0,0,-0.3,-10.7,-2.7,1.04,0.18,-0.04
2431,12.15,12.15,12.26503,0.001343,0,0,-0.2,-10.7,-2.7,1.04,0.17,-0.04
2432,12.155,12.155001,12.270131,0.001444,9.999999992516e-07,0,-0.3,-10.7,-3.1,1.04,0.18,-0.04
2433,12.16,12.16,12.276067,0.002379,0,0,-0.2,-10.7,-3,1.04,0.17,-0.04
2434,12.165,12.165001,12.281026,0.002338,9.999999992516e-07,0,-0.1,-10.8,-2.9,1.04,0.18,-0.04
2435,12.17,12.17,12.285008,0.001322,0,0,-0.3,-10.8,-3,1.04,0.18,-0.04
2436,12.175,12.175,12.291062,0.002375,0,0,-0.4,-10.7,-3,1.03,0.18,-0.04
2437,12.18,12.18,12.296027,0.002339,0,0,-0.3,-10.7,-3.2,1.03,0.18,-0.04
2438,12.185,12.185,12.300079,0.001391,0,0,-0.2,-10.8,-3,1.03,0.19,-0.04
2439,12.19,12.19,12.305151,0.001464,0,0,-0.3,-10.9,-3.3,1.03,0.2,-0.04
2440,12.195,12.195,12.311055,0.002367,0,0,-0.4,-10.9,-3.4,1.03,0.2,-0.04
2441,12.2,12.200001,12.316024,0.002336,9.999999992516e-07,0,-0.3,-10.8,-3.7,1.03,0.2,-0.05
2442,12.205,12.205,12.320111,0.001424,0,0,-0.4,-10.7,-3.6,1.03,0.2,-0.05
2443,12.21,12.21,12.326028,0.002341,0,0,-0.4,-10.7,-3.5,1.03,0.19,-0.05
2444,12.215,12.215,12.331014,0.002327,0,0,-0.4,-10.7,-3.2,1.04,0.19,-0.05
2445,12.22,12.22,12.335014,0.001327,0,0,-0.4,-10.9,-2.9,1.04,0.19,-0.05
2446,12.225,12.225,12.341105,0.002417,0,0,-0.3,-10.8,-2.6,1.04,0.18,-0.04
2447,12.23,12.23,12.346052,0.002365,0,0,-0.2,-10.7,-1.8,1.05,0.16,-0.04
2448,12.235,12.235,12.350105,0.001417,0,0,-0.3,-10.7,-2.8,1.04,0.18,-0.04
2449,12.24,12.24,12.355148,0.001462,0,0,-0.4,-10.7,-2.8,1.04,0.19,-0.04
2450,12.245,12.245001,12.361024,0.002336,9.999999992516e-07,0,-0.4,-10.7,-2.4,1.05,0.18,-0.04
2451,12.25,12.25,12.365005,0.001318,0,0,-0.4,-10.7,-3,1.05,0.18,-0.05
2452,12.255,12.255,12.370057,0.00137,0,0,-0.3,-10.7,-2.8,1.04,0.18,-0.04
2453,12.26,12.26,12.376083,0.002395,0,0,-0.3,-10.7,-2.3,1.05,0.17,-0.04
2454,12.265,12.265,12.38102,0.002333,0,0,-0.4,-10.7,-2.4,1.04,0.18,-0.04
2455,12.27,12.27,12.385002,0.001315,0,0,-0.4,-10.7,-2.9,1.04,0.18,-0.04
2456,12.275,12.275,12.391097,0.00241,0,0,-0.4,-10.8,-2.7,1.04,0.18,-0.04
2457,12.28,12.280001,12.396081,0.002393,9.999999992516e-07,0,-0.4,-10.7,-3.3,1.03,0.18,-0.04
2458,12.285,12.285,12.400126,0.00144,0,0,-0.3,-10.7,-2.8,1.04,0.18,-0.04
2459,12.29,12.290001,12.405124,0.001435,9.999999992516e-07,0,-0.4,-10.7,-2.9,1.04,0.19,-0.04
2460,12.295,12.295,12.411047,0.002359,0,0,-0.3,-10.8,-2.9,1.04,0.18,-0.04
2461,12.3,12.3,12.415011,0.001324,0,0,-0.4,-10.8,-3.1,1.04,0.18,-0.04
2462,12.305,12.305,12.420022,0.001335,0,0,-0.3,-10.8,-2.3,1.04,0.17,-0.04
2463,12.31,12.31,12.426067,0.00238,0,0,-0.3,-10.9,-2.2,1.04,0.17,-0.04
2464,12.315,12.315,12.431055,0.002368,0,0,-0.2,-10.7,-3.1,1.04,0.17,-0.04
2465,12.32,12.32,12.435094,0.001406,0,0,-0.2,-10.8,-3.6,1.03,0.18,-0.05
2466,12.325,12.325001,12.4402,0.001513,9.999999992516e-07,0,-0.3,-10.7,-3.7,1.03,0.18,-0.04
2467,12.33,12.33,12.446118,0.002431,0,0,-0.3,-10.7,-3.3,1.03,0.18,-0.04
2468,12.335,12.335,12.450042,0.001355,0,0,-0.5,-10.8,-3.5,1.04,0.19,-0.04
2469,12.34,12.34,12.455029,0.001341,0,0,-0.5,-10.7,-2.9,1.04,0.18,-0.04
2470,12.345,12.345,12.461061,0.002373,0,0,-0.5,-10.8,-3.3,1.04,0.19,-0.04
2471,12.35,12.35,12.46601,0.002323,0,0,-0.5,-10.8,-3,1.04,0.18,-0.04
2472,12.355,12.355,12.470016,0.001329,0,0,-0.4,-10.8,-2.8,1.04,0.18,-0.04
2473,12.36,12.36,12.476065,0.002376,0,0,-0.4,-10.7,-3.4,1.04,0.19,-0.04
2474,12.365,12.365,12.481057,0.00237,0,0,-0.4,-10.7,-2.6,1.04,0.18,-0.04
2475,12.37,12.370001,12.485042,0.001353,9.999999992516e-07,0,-0.4,-10.8,-2.8,1.03,0.18,-0.04
2476,12.375,12.375,12.490089,0.001402,0,0,-0.3,-10.8,-2.3,1.05,0.18,-0.04
2477,12.38,12.38,12.496015,0.002328,0,0,-0.4,-10.8,-3.1,1.04,0.19,-0.04
2478,12.385,12.385,12.500123,0.001436,0,0,-0.4,-10.8,-2.3,1.05,0.18,-0.04
2479,12.39,12.39,12.505059,0.001373,0,0,-0.2,-10.8,-2.5,1.04,0.17,-0.04
2480,12.395,12.395,12.511105,0.002417,0,0,-0.1,-10.8,-2.8,1.04,0.17,-0.04
2481,12.4,12.4,12.516074,0.002388,0,0,-0.2,-10.7,-2.6,1.04,0.17,-0.04
2482,12.405,12.405001,12.520033,0.001343,9.999999992516e-07,0,-0.3,-10.7,-2.4,1.04,0.17,-0.03
2483,12.41,12.41,12.52523,0.001542,0,0,-0.3,-10.7,-2.3,1.04,0.17,-0.03
2484,12.415,12.415001,12.531095,0.002408,9.999999992516e-07,0,-0.3,-10.8,-2.8,1.04,0.18,-0.04
2485,12.42,12.42,12.535078,0.001391,0,0,-0.5,-10.7,-3.8,1.03,0.19,-0.05
2486,12.425,12.425,12.540065,0.001378,0,0,-0.4,-10.8,-3.3,1.04,0.2,-0.04
2487,12.43,12.43,12.546078,0.00239,0,0,-0.4,-10.8,-2.7,1.04,0.19,-0.04
2488,12.435,12.435,12.551029,0.002342,0,0,-0.3,-10.8,-3.3,1.04,0.19,-0.04
2489,12.44,12.44,12.555016,0.001329,0,0,-0.4,-10.9,-3,1.04,0.19,-0.05
2490,12.445,12.445,12.561025,0.002337,0,0,-0.3,-10.9,-2.8,1.04,0.19,-0.04
2491,12.45,12.450001,12.566015,0.002326,9.999999992516e-07,0,-0.4,-10.8,-2.7,1.05,0.18,-0.04
2492,12.455,12.455,12.570189,0.001502,0,0,-0.2,-10.7,-2.7,1.05,0.18,-0.04
2493,12.46,12.46,12.575043,0.001356,0,0,-0.2,-10.7,-2.5,1.05,0.18,-0.04
2494,12.465,12.465,12.581097,0.00241,0,0,-0.2,-10.7,-2.6,1.04,0.18,-0.03
2495,12.47,12.47,12.58604,0.002352,0,0,-0.2,-10.7,-2.8,1.04,0.19,-0.04
2496,12.475,12.475,12.590004,0.001317,0,0,-0.3,-10.8,-3.1,1.04,0.19,-0.04
2497,12.48,12.48,12.595134,0.001447,0,0,-0.3,-10.8,-3.5,1.04,0.19,-0.05
2498,12.485,12.485,12.601187,0.002501,0,0,-0.4,-10.8,-3.7,1.04,0.19,-0.05
2499,12.49,12.49,12.606138,0.002451,0,0,-0.5,-10.8,-3.3,1.04,0.19,-0.05
2500,12.495,12.495001,12.61008,0.001391,9.999999992516e-07,0,-0.5,-10.7,-3.1,1.04,0.19,-0.04
2501,12.5,12.5,12.616071,0.002384,0,0,-0.5,-10.8,-3.4,1.04,0.19,-0.04
2502,12.505,12.505,12.621084,0.002397,0,0,-0.7,-10.8,-3.4,1.04,0.2,-0.04
2503,12.51,12.51,12.625024,0.001337,0,0,-0.5,-10.8,-3.3,1.03,0.2,-0.04
2504,12.515,12.515,12.630026,0.001339,0,0,-0.4,-10.7,-3.1,1.03,0.19,-0.03
2505,12.52,12.52,12.636132,0.002444,0,0,-0.6,-10.9,-3.5,1.03,0.2,-0.04
2506,12.525,12.525,12.641176,0.00249,0,0,-0.5,-10.8,-3,1.04,0.2,-0.04
2507,12.53,12.530001,12.645044,0.001355,9.999999992516e-07,0,-0.5,-10.8,-3.4,1.04,0.2,-0.04
2508,12.535,12.535,12.651111,0.002424,0,0,-0.4,-10.8,-3.4,1.04,0.2,-0.04
2509,12.54,12.540001,12.656158,0.00247,9.999999992516e-07,0,-0.4,-10.8,-3.3,1.04,0.19,-0.05
2510,12.545,12.545,12.660033,0.001346,0,0,-0.4,-10.8,-3.1,1.04,0.19,-0.05
2511,12.55,12.55,12.665207,0.00152,0,0,-0.4,-10.7,-3.7,1.03,0.18,-0.05
2512,12.555,12.555,12.671126,0.002439,0,0,-0.3,-10.7,-3.4,1.03,0.18,-0.04
2513,12.56,12.56,12.675181,0.001494,0,0,-0.3,-10.7,-3.5,1.03,0.18,-0.05
2514,12.565,12.565,12.680077,0.00139,0,0,-0.4,-10.7,-3,1.04,0.18,-0.05
2515,12.57,12.57,12.6861,0.002412,0,0,-0.5,-10.8,-3.2,1.04,0.2,-0.04
2516,12.575,12.575001,12.69103,0.002343,9.999999992516e-07,0,-0.4,-10.8,-3.3,1.04,0.19,-0.04
2517,12.58,12.58,12.695003,0.001316,0,0,-0.3,-10.8,-2.8,1.04,0.18,-0.04
2518,12.585,12.585,12.700147,0.001459,0,0,-0.3,-10.7,-2.4,1.04,0.17,-0.04
2519,12.59,12.59,12.706085,0.002398,0,0,-0.4,-10.8,-2.9,1.04,0.18,-0.04
2520,12.595,12.595,12.710013,0.001326,0,0,-0.4,-10.9,-3.1,1.04,0.19,-0.04
2521,12.6,12.6,12.715068,0.001382,0,0,-0.4,-10.9,-4,1.03,0.2,-0.05
2522,12.605,12.605,12.721132,0.002444,0,0,-0.3,-10.9,-3.3,1.04,0.19,-0.04
2523,12.61,12.61,12.725038,0.00135,0,0,-0.3,-10.9,-3.7,1.04,0.2,-0.05
2524,12.615,12.615,12.730068,0.001381,0,0,-0.3,-10.8,-2.7,1.04,0.18,-0.04
2525,12.62,12.620001,12.736214,0.002527,9.999999992516e-07,0,-0.2,-10.8,-3.1,1.03,0.19,-0.04
2526,12.625,12.625,12.740252,0.001565,0,0,-0.2,-10.8,-3.1,1.03,0.18,-0.04
2527,12.63,12.63,12.745083,0.001396,0,0,-0.3,-10.8,-3,1.04,0.19,-0.04
2528,12.635,12.635,12.751151,0.002464,0,0,-0.3,-10.9,-3,1.04,0.19,-0.04
2529,12.64,12.64,12.756029,0.002342,0,0,-0.4,-10.9,-2.9,1.04,0.19,-0.04
2530,12.645,12.645,12.760029,0.001342,0,0,-0.5,-10.9,-3.6,1.03,0.2,-0.04
2531,12.65,12.65,12.766186,0.002504,0,0,-0.5,-10.9,-3.4,1.04,0.2,-0.04
2532,12.655,12.655001,12.771065,0.002377,9.999999992516e-07,0,-0.4,-10.9,-3.4,1.04,0.2,-0.04
2533,12.66,12.66,12.775015,0.001328,0,0,-0.3,-10.8,-2.8,1.04,0.18,-0.04
2534,12.665,12.665001,12.780072,0.001384,9.999999992516e-07,0,-0.2,-10.8,-1.9,1.04,0.17,-0.04
2535,12.67,12.67,12.786122,0.002436,0,0,-0.2,-10.8,-2.3,1.04,0.17,-0.04
2536,12.675,12.675,12.790042,0.001355,0,0,-0.3,-10.7,-3.1,1.03,0.19,-0.04
2537,12.68,12.68,12.795078,0.00139,0,0,-0.4,-10.7,-2.6,1.04,0.19,-0.04
2538,12.685,12.685,12.801105,0.002418,0,0,-0.3,-10.7,-2.7,1.04,0.18,-0.04
2539,12.69,12.69,12.806083,0.002396,0,0,-0.2,-10.7,-3,1.04,0.18,-0.04
2540,12.695,12.695,12.810008,0.001321,0,0,-0.3,-10.8,-3.4,1.03,0.19,-0.05
2541,12.7,12.700001,12.815236,0.001548,9.999999992516e-07,0,-0.2,-10.7,-2.9,1.04,0.18,-0.04
2542,12.705,12.705,12.821215,0.002527,0,0,-0.2,-10.7,-2.1,1.04,0.17,-0.04
2543,12.71,12.71,12.825005,0.001319,0,0,-0.3,-10.7,-2.6,1.04,0.18,-0.04
2544,12.715,12.715,12.830188,0.001501,0,0,-0.3,-10.7,-3.2,1.04,0.18,-0.04
2545,12.72,12.72,12.836158,0.00247,0,0,-0.2,-10.8,-3.4,1.04,0.19,-0.04
2546,12.725,12.725,12.840085,0.001398,0,0,-0.3,-10.8,-3.2,1.04,0.18,-0.04
2547,12.73,12.73,12.845076,0.001388,0,0,-0.2,-10.8,-2.8,1.04,0.17,-0.04
2548,12.735,12.735,12.851212,0.002525,0,0,-0.1,-10.7,-2.8,1.04,0.17,-0.04
2549,12.74,12.74,12.856204,0.002517,0,0,-0.2,-10.8,-2.8,1.03,0.18,-0.03
2550,12.745,12.745001,12.860068,0.00138,9.999999992516e-07,0,-0.3,-10.8,-2.7,1.04,0.18,-0.04
2551,12.75,12.75,12.866097,0.00241,0,0,-0.3,-10.8,-2.6,1.04,0.18,-0.04
2552,12.755,12.755,12.871039,0.002352,0,0,-0.5,-10.8,-2.6,1.04,0.19,-0.04
2553,12.76,12.76,12.875114,0.001426,0,0,-0.4,-10.7,-2.3,1.04,0.18,-0.04
2554,12.765,12.765,12.881134,0.002447,0,0,-0.4,-10.7,-2.5,1.04,0.19,-0.04
2555,12.77,12.77,12.886036,0.002349,0,0,-0.4,-10.7,-2.4,1.04,0.18,-0.04
2556,12.775,12.775,12.889998,0.001311,0,0,-0.4,-10.9,-2.4,1.04,0.18,-0.04
2557,12.78,12.780001,12.896073,0.002384,9.999999992516e-07,0,-0.4,-10.8,-2.4,1.04,0.18,-0.04
2558,12.785,12.785,12.901014,0.002327,0,0,-0.5,-10.7,-2.9,1.04,0.19,-0.05
2559,12.79,12.790001,12.905012,0.001324,9.999999992516e-07,0,-0.5,-10.8,-3.3,1.03,0.19,-0.05
2560,12.795,12.795,12.910516,0.001829,0,0,-0.3,-10.7,-3,1.03,0.18,-0.04
2561,12.8,12.8,12.91614,0.002453,0,0,-0.3,-10.7,-2.8,1.04,0.18,-0.04
2562,12.805,12.805,12.920034,0.001347,0,0,-0.4,-10.7,-2.7,1.04,0.18,-0.04
2563,12.81,12.81,12.92508,0.001394,0,0,-0.3,-10.7,-2.8,1.04,0.18,-0.04
2564,12.815,12.815,12.9311,0.002413,0,0,-0.4,-10.7,-3.1,1.04,0.18,-0.04
2565,12.82,12.82,12.935086,0.001399,0,0,-0.4,-10.8,-3.2,1.03,0.19,-0.04
2566,12.825,12.825001,12.940183,0.001494,9.999999992516e-07,0,-0.3,-10.7,-3.2,1.04,0.18,-0.04
2567,12.83,12.83,12.946114,0.002427,0,0,-0.3,-10.8,-2.6,1.04,0.18,-0.04
2568,12.835,12.835,12.951112,0.002425,0,0,-0.5,-10.8,-2.9,1.04,0.18,-0.04
2569,12.84,12.84,12.955177,0.00149,0,0,-0.3,-10.8,-2.7,1.04,0.18,-0.04
2570,12.845,12.845,12.960231,0.001543,0,0,-0.3,-10.7,-3.2,1.03,0.18,-0.04
2571,12.85,12.85,12.966067,0.00238,0,0,-0.3,-10.7,-3.2,1.03,0.19,-0.04
2572,12.855,12.855,12.970105,0.001418,0,0,-0.3,-10.6,-2.9,1.03,0.19,-0.04
2573,12.86,12.86,12.975129,0.001441,0,0,-0.3,-10.6,-3.2,1.03,0.18,-0.04
2574,12.865,12.865,12.981155,0.002467,0,0,-0.5,-10.7,-3.3,1.03,0.2,-0.04
2575,12.87,12.870001,12.98503,0.001342,9.999999992516e-07,0,-0.5,-10.8,-3.2,1.04,0.2,-0.04
2576,12.875,12.875,12.99004,0.001352,0,0,-0.4,-10.7,-3.3,1.04,0.18,-0.04
2577,12.88,12.88,12.996037,0.00235,0,0,-0.2,-10.7,-2.4,1.04,0.17,-0.03
2578,12.885,12.885,13.001171,0.002485,0,0,-0.3,-10.7,-2.2,1.04,0.17,-0.03
2579,12.89,12.89,13.005028,0.001341,0,0,-0.3,-10.7,-2.8,1.03,0.18,-0.03
2580,12.895,12.895,13.010291,0.001603,0,0,-0.2,-10.7,-2.9,1.04,0.18,-0.03
2581,12.9,12.9,13.016089,0.002402,0,0,-0.2,-10.7,-2.7,1.04,0.17,-0.03
2582,12.905,12.905001,13.020049,0.001361,9.999999992516e-07,0,-0.1,-10.6,-2.7,1.04,0.17,-0.04
2583,12.91,12.91,13.02509,0.001403,0,0,-0.1,-10.7,-2.8,1.04,0.17,-0.04
2584,12.915,12.915001,13.031062,0.002374,9.999999992516e-07,0,0,-10.7,-2.7,1.04,0.17,-0.04
2585,12.92,12.92,13.035037,0.001345,0,0,0,-10.7,-2.3,1.04,0.17,-0.03
2586,12.925,12.925,13.0402,0.001512,0,0,-0.1,-10.7,-2.8,1.04,0.17,-0.04
2587,12.93,12.93,13.046092,0.002406,0,0,-0.1,-10.6,-2.7,1.04,0.17,-0.04
2588,12.935,12.935,13.051053,0.002366,0,0,-0.3,-10.8,-3.7,1.04,0.19,-0.04
2589,12.94,12.94,13.055117,0.00143,0,0,-0.4,-10.8,-4.3,1.03,0.2,-0.05
2590,12.945,12.945,13.060223,0.001536,0,0,-0.5,-10.8,-3.1,1.04,0.19,-0.04
2591,12.95,12.950001,13.066115,0.002427,9.999999992516e-07,0,-0.5,-10.7,-3.5,1.03,0.2,-0.04
2592,12.955,12.955,13.070065,0.001377,0,0,-0.6,-10.8,-3.8,1.03,0.2,-0.04
2593,12.96,12.96,13.07515,0.001462,0,0,-0.5,-10.8,-3.4,1.04,0.2,-0.04
2594,12.965,12.965,13.081046,0.002359,0,0,-0.4,-10.8,-3.5,1.03,0.2,-0.04
2595,12.97,12.97,13.086023,0.002336,0,0,-0.4,-10.7,-3.6,1.03,0.19,-0.05
2596,12.975,12.975,13.090078,0.001391,0,0,-0.3,-10.7,-3.1,1.04,0.19,-0.04
2597,12.98,12.98,13.096033,0.002346,0,0,-0.3,-10.8,-3,1.04,0.18,-0.04
2598,12.985,12.985,13.101161,0.002475,0,0,-0.2,-10.8,-2.7,1.04,0.18,-0.04
2599,12.99,12.99,13.105273,0.001587,0,0,-0.1,-10.9,-2.2,1.04,0.17,-0.04
2600,12.995,12.995001,13.110223,0.001535,9.999999992516e-07,0,-0.2,-10.8,-2.8,1.04,0.17,-0.04
2601,13,13,13.116066,0.002379,0,0,-0.2,-10.7,-3,1.04,0.17,-0.04
2602,13.005,13.005,13.120064,0.001377,0,0,-0.2,-10.8,-3.1,1.04,0.18,-0.04
2603,13.01,13.01,13.125171,0.001483,0,0,-0.3,-10.8,-2.8,1.04,0.18,-0.04
2604,13.015,13.015,13.131107,0.00242,0,0,-0.3,-10.8,-3,1.04,0.18,-0.04
2605,13.02,13.02,13.135085,0.001398,0,0,-0.3,-10.8,-3,1.04,0.18,-0.04
2606,13.025,13.025001,13.140367,0.001679,9.999999992516e-07,0,-0.3,-10.8,-2.8,1.04,0.18,-0.04
2607,13.03,13.030001,13.146052,0.002364,9.999999992516e-07,0,-0.5,-10.9,-3.1,1.04,0.19,-0.04
2608,13.035,13.035,13.151114,0.002427,0,0,-0.5,-10.9,-3.2,1.04,0.2,-0.05
2609,13.04,13.040001,13.155045,0.001358,9.999999992516e-07,0,-0.4,-10.8,-2.8,1.05,0.18,-0.04
2610,13.045,13.045,13.161083,0.002396,0,0,-0.3,-10.7,-2.9,1.04,0.18,-0.04
2611,13.05,13.05,13.165017,0.00133,0,0,-0.3,-10.7,-3.9,1.03,0.19,-0.05
2612,13.055,13.055,13.17002,0.001332,0,0,-0.3,-10.7,-3.8,1.03,0.19,-0.05
2613,13.06,13.06,13.176122,0.002435,0,0,-0.4,-10.7,-3.8,1.03,0.19,-0.05
2614,13.065,13.065,13.181042,0.002355,0,0,-0.4,-10.8,-4,1.03,0.2,-0.05
2615,13.07,13.07,13.185012,0.001325,0,0,-0.3,-10.9,-3.6,1.03,0.2,-0.05
2616,13.075,13.075001,13.19035,0.001662,9.999999992516e-07,0,-0.4,-10.8,-3.4,1.03,0.19,-0.05
2617,13.08,13.08,13.196047,0.00236,0,0,-0.4,-10.8,-3.3,1.03,0.19,-0.05
2618,13.085,13.085,13.200089,0.001403,0,0,-0.2,-10.7,-3.5,1.02,0.19,-0.04
2619,13.09,13.09,13.20512,0.001432,0,0,-0.3,-10.7,-3.4,1.02,0.19,-0.04
2620,13.095,13.095,13.211188,0.002501,0,0,-0.3,-10.7,-2.9,1.04,0.19,-0.04
2621,13.1,13.1,13.216038,0.002351,0,0,-0.2,-10.8,-2.9,1.04,0.18,-0.04
2622,13.105,13.105,13.220141,0.001454,0,0,-0.3,-10.8,-3.1,1.04,0.18,-0.04
2623,13.11,13.11,13.225272,0.001584,0,0,-0.3,-10.8,-3.5,1.03,0.19,-0.05
2624,13.115,13.115,13.231094,0.002407,0,0,-0.3,-10.8,-2.8,1.04,0.18,-0.04
2625,13.12,13.120001,13.235055,0.001367,9.999999992516e-07,0,-0.3,-10.7,-3.1,1.03,0.18,-0.05
2626,13.125,13.125,13.240149,0.001461,0,0,-0.2,-10.7,-2.5,1.04,0.16,-0.04
2627,13.13,13.13,13.246076,0.002389,0,0,-0.1,-10.7,-2.7,1.04,0.17,-0.04
2628,13.135,13.135,13.250246,0.001558,0,0,0,-10.7,-2.5,1.04,0.16,-0.04
2629,13.14,13.14,13.255093,0.001406,0,0,-0.1,-10.7,-3,1.04,0.17,-0.04
2630,13.145,13.145,13.261078,0.002392,0,0,-0.1,-10.8,-3,1.05,0.18,-0.05
2631,13.15,13.15,13.26604,0.002353,0,0,-0.2,-10.8,-2.6,1.05,0.18,-0.04
2632,13.155,13.155001,13.270197,0.00151,9.999999992516e-07,0,-0.2,-10.8,-2.5,1.05,0.17,-0.04
2633,13.16,13.16,13.276165,0.002478,0,0,-0.1,-10.7,-2.8,1.04,0.17,-0.04
2634,13.165,13.165001,13.281178,0.00249,9.999999992516e-07,0,-0.2,-10.8,-2.7,1.05,0.18,-0.04
2635,13.17,13.17,13.285087,0.0014,0,0,-0.2,-10.8,-3,1.04,0.18,-0.04
2636,13.175,13.175001,13.290165,0.001477,9.999999992516e-07,0,-0.3,-10.8,-2.7,1.04,0.18,-0.04
2637,13.18,13.18,13.296067,0.002379,0,0,-0.4,-10.8,-2.9,1.04,0.2,-0.05
2638,13.185,13.185,13.30014,0.001453,0,0,-0.3,-10.8,-3.3,1.03,0.19,-0.05
2639,13.19,13.19,13.305134,0.001446,0,0,-0.3,-10.8,-3,1.04,0.18,-0.04
2640,13.195,13.195,13.311195,0.002507,0,0,-0.3,-10.7,-3,1.04,0.18,-0.04
2641,13.2,13.200001,13.316068,0.00238,9.999999992516e-07,0,-0.3,-10.8,-3.2,1.04,0.19,-0.04
2642,13.205,13.205,13.320212,0.001526,0,0,-0.2,-10.7,-3.1,1.04,0.18,-0.04
2643,13.21,13.21,13.326245,0.002558,0,0,-0.3,-10.9,-2.6,1.04,0.18,-0.04
2644,13.215,13.215,13.331077,0.00239,0,0,-0.2,-10.7,-2.5,1.04,0.17,-0.04
2645,13.22,13.22,13.335064,0.001376,0,0,-0.1,-10.7,-2.6,1.04,0.17,-0.04
2646,13.225,13.225,13.340197,0.001511,0,0,-0.1,-10.6,-2.5,1.04,0.16,-0.04
2647,13.23,13.23,13.34607,0.002382,0,0,-0.2,-10.7,-3.1,1.03,0.17,-0.04
2648,13.235,13.235,13.350169,0.001482,0,0,-0.2,-10.8,-3.1,1.04,0.18,-0.04
2649,13.24,13.24,13.356197,0.00251,0,0,-0.1,-10.7,-2.9,1.04,0.18,-0.04
2650,13.245,13.245001,13.361092,0.002404,9.999999992516e-07,0,-0.3,-10.7,-3.2,1.04,0.19,-0.04
2651,13.25,13.25,13.366088,0.002402,0,0,-0.4,-10.8,-3.1,1.04,0.18,-0.04
2652,13.255,13.255,13.370134,0.001446,0,0,-0.3,-10.7,-3.2,1.04,0.18,-0.05
2653,13.26,13.26,13.376158,0.00247,0,0,-0.3,-10.6,-3.2,1.03,0.18,-0.04
2654,13.265,13.265,13.381108,0.002422,0,0,-0.4,-10.7,-3.2,1.03,0.18,-0.04
2655,13.27,13.27,13.385075,0.001388,0,0,-0.3,-10.7,-2.8,1.03,0.18,-0.04
2656,13.275,13.275001,13.391135,0.002447,9.999999992516e-07,0,-0.1,-10.8,-2.4,1.04,0.17,-0.03
2657,13.28,13.280001,13.396088,0.002399,9.999999992516e-07,0,-0.2,-10.7,-3.2,1.03,0.18,-0.04
2658,13.285,13.285,13.400021,0.001333,0,0,-0.3,-10.7,-2.9,1.03,0.18,-0.04
2659,13.29,13.290001,13.405358,0.00167,9.999999992516e-07,0,-0.2,-10.7,-2.8,1.03,0.17,-0.04
2660,13.295,13.295,13.411098,0.00241,0,0,-0.1,-10.8,-2.8,1.03,0.17,-0.04
2661,13.3,13.3,13.415031,0.001343,0,0,-0.2,-10.9,-3.3,1.03,0.19,-0.04
2662,13.305,13.305,13.420326,0.001638,0,0,-0.2,-10.8,-2.9,1.04,0.19,-0.04
2663,13.31,13.31,13.426174,0.002486,0,0,-0.2,-10.8,-2.9,1.03,0.19,-0.04
2664,13.315,13.315,13.430017,0.00133,0,0,-0.3,-10.8,-3.5,1.03,0.2,-0.04
2665,13.32,13.32,13.43514,0.001453,0,0,-0.3,-10.8,-3.5,1.04,0.19,-0.05
2666,13.325,13.325001,13.441202,0.002514,9.999999992516e-07,0,-0.3,-10.7,-3.7,1.03,0.19,-0.04
2667,13.33,13.33,13.445056,0.001369,0,0,-0.3,-10.7,-2.6,1.04,0.18,-0.04
2668,13.335,13.335,13.450133,0.001446,0,0,-0.2,-10.7,-2.2,1.05,0.17,-0.04
2669,13.34,13.34,13.45604,0.002352,0,0,-0.2,-10.8,-2.3,1.05,0.17,-0.04
2670,13.345,13.345,13.460178,0.001491,0,0,-0.2,-10.8,-1.7,1.05,0.16,-0.03
2671,13.35,13.35,13.465119,0.001432,0,0,-0.2,-10.7,-2.6,1.04,0.17,-0.04
2672,13.355,13.355,13.471085,0.002398,0,0,-0.1,-10.7,-2.5,1.04,0.17,-0.04
2673,13.36,13.36,13.476263,0.002575,0,0,0,-10.7,-1.8,1.04,0.16,-0.04
2674,13.365,13.365,13.480049,0.001361,0,0,-0.2,-10.7,-2.6,1.04,0.17,-0.04
2675,13.37,13.370001,13.486134,0.002447,9.999999992516e-07,0,-0.3,-10.6,-2.9,1.04,0.18,-0.05
2676,13.375,13.375,13.491052,0.002365,0,0,-0.5,-10.8,-2.5,1.04,0.18,-0.04
2677,13.38,13.38,13.495023,0.001336,0,0,-0.3,-10.7,-3,1.04,0.19,-0.05
2678,13.385,13.385,13.501036,0.00235,0,0,-0.3,-10.7,-3,1.04,0.19,-0.05
2679,13.39,13.39,13.506075,0.002388,0,0,-0.4,-10.7,-3.1,1.04,0.19,-0.05
2680,13.395,13.395,13.510067,0.00138,0,0,-0.4,-10.7,-3.6,1.03,0.19,-0.05
2681,13.4,13.4,13.515338,0.001652,0,0,-0.3,-10.7,-3.5,1.03,0.2,-0.04
2682,13.405,13.405001,13.521079,0.002391,9.999999992516e-07,0,-0.5,-10.8,-2.9,1.03,0.19,-0.04
2683,13.41,13.41,13.525005,0.001318,0,0,-0.4,-10.8,-3,1.03,0.19,-0.05
2684,13.415,13.415001,13.530206,0.001518,9.999999992516e-07,0,-0.5,-10.9,-3.2,1.03,0.2,-0.05
2685,13.42,13.42,13.536026,0.002344,0,0,-0.6,-10.8,-3.3,1.03,0.21,-0.05
2686,13.425,13.425,13.540018,0.00133,0,0,-0.5,-10.8,-2.7,1.03,0.19,-0.04
2687,13.43,13.43,13.544999,0.001312,0,0,-0.4,-10.7,-2.8,1.04,0.19,-0.04
2688,13.435,13.435,13.55112,0.002434,0,0,-0.4,-10.7,-2.8,1.03,0.19,-0.03
2689,13.44,13.44,13.556039,0.002352,0,0,-0.4,-10.7,-3.1,1.03,0.2,-0.04
2690,13.445,13.445,13.560005,0.001318,0,0,-0.4,-10.8,-2.9,1.03,0.2,-0.04
2691,13.45,13.450001,13.566072,0.002384,9.999999992516e-07,0,-0.5,-10.8,-3.3,1.04,0.2,-0.05
2692,13.455,13.455,13.571085,0.002398,0,0,-0.5,-10.8,-3.5,1.04,0.2,-0.05
2693,13.46,13.46,13.575062,0.001376,0,0,-0.3,-10.7,-3.3,1.03,0.2,-0.04
2694,13.465,13.465,13.581076,0.002389,0,0,-0.3,-10.7,-3,1.04,0.19,-0.04
2695,13.47,13.47,13.58607,0.002382,0,0,-0.2,-10.8,-3.7,1.03,0.19,-0.04
2696,13.475,13.475,13.590009,0.001322,0,0,-0.2,-10.8,-2.9,1.03,0.19,-0.04
2697,13.48,13.48,13.595253,0.001565,0,0,-0.3,-10.7,-3.3,1.03,0.19,-0.04
2698,13.485,13.485,13.601054,0.002367,0,0,-0.2,-10.7,-2.9,1.03,0.19,-0.04
2699,13.49,13.49,13.605022,0.001335,0,0,-0.3,-10.8,-3.4,1.03,0.19,-0.05
2700,13.495,13.495001,13.610089,0.0014,9.999999992516e-07,0,-0.4,-10.8,-3.3,1.03,0.2,-0.05
2701,13.5,13.5,13.616075,0.002388,0,0,-0.5,-10.8,-3.2,1.03,0.2,-0.05
2702,13.505,13.505,13.621033,0.002346,0,0,-0.5,-10.8,-3.7,1.02,0.2,-0.05
2703,13.51,13.51,13.62508,0.001392,0,0,-0.4,-10.8,-3.1,1.04,0.19,-0.04
2704,13.515,13.515,13.631034,0.002347,0,0,-0.3,-10.8,-3.1,1.03,0.19,-0.04
2705,13.52,13.52,13.636086,0.002398,0,0,-0.3,-10.8,-3.3,1.03,0.18,-0.04
2706,13.525,13.525,13.640293,0.001607,0,0,-0.3,-10.8,-2.7,1.04,0.18,-0.04
2707,13.53,13.530001,13.645144,0.001456,9.999999992516e-07,0,-0.2,-10.7,-2.6,1.03,0.18,-0.04
2708,13.535,13.535,13.651092,0.002406,0,0,-0.1,-10.7,-2.5,1.04,0.17,-0.04
2709,13.54,13.540001,13.655027,0.001339,9.999999992516e-07,0,-0.3,-10.7,-3,1.03,0.19,-0.04
2710,13.545,13.545,13.660028,0.00134,0,0,-0.2,-10.8,-3.2,1.03,0.19,-0.04
2711,13.55,13.55,13.666017,0.00233,0,0,-0.2,-10.7,-3.1,1.03,0.19,-0.04
2712,13.555,13.555,13.671009,0.002322,0,0,-0.2,-10.7,-3.4,1.04,0.19,-0.04
2713,13.56,13.56,13.675035,0.001348,0,0,-0.3,-10.7,-3.3,1.04,0.19,-0.05
2714,13.565,13.565,13.681046,0.002359,0,0,-0.3,-10.8,-2.9,1.04,0.18,-0.04
2715,13.57,13.57,13.686033,0.002346,0,0,-0.3,-10.8,-2.5,1.04,0.18,-0.04
2716,13.575,13.575001,13.690008,0.00132,9.999999992516e-07,0,-0.3,-10.8,-2.7,1.04,0.18,-0.04
2717,13.58,13.58,13.696083,0.002396,0,0,-0.3,-10.8,-2.7,1.04,0.18,-0.04
2718,13.585,13.585,13.701149,0.002463,0,0,-0.5,-10.8,-2.7,1.04,0.2,-0.04
2719,13.59,13.59,13.705066,0.001379,0,0,-0.3,-10.8,-3.2,1.04,0.19,-0.04
2720,13.595,13.595,13.710464,0.001777,0,0,-0.5,-10.7,-3.7,1.03,0.2,-0.05
2721,13.6,13.6,13.716102,0.002415,0,0,-0.4,-10.7,-3.4,1.03,0.19,-0.04
2722,13.605,13.605,13.720291,0.001604,0,0,-0.3,-10.7,-2.7,1.04,0.18,-0.04
2723,13.61,13.61,13.725095,0.001407,0,0,-0.3,-10.8,-3.4,1.03,0.18,-0.04
2724,13.615,13.615,13.731222,0.002536,0,0,-0.3,-10.8,-3.3,1.03,0.19,-0.04
2725,13.62,13.620001,13.736108,0.00242,9.999999992516e-07,0,-0.2,-10.8,-2.7,1.04,0.17,-0.04
2726,13.625,13.625,13.740116,0.00143,0,0,-0.3,-10.8,-2.7,1.04,0.17,-0.04
2727,13.63,13.63,13.745191,0.001504,0,0,-0.2,-10.7,-2.7,1.04,0.18,-0.04
2728,13.635,13.635,13.751117,0.00243,0,0,-0.2,-10.7,-3.3,1.04,0.18,-0.04
2729,13.64,13.64,13.755036,0.001349,0,0,-0.1,-10.8,-2.5,1.04,0.17,-0.04
2730,13.645,13.645,13.760097,0.00141,0,0,-0.2,-10.8,-2.5,1.04,0.17,-0.04
2731,13.65,13.65,13.766235,0.002548,0,0,-0.1,-10.7,-2.6,1.04,0.17,-0.04
2732,13.655,13.655001,13.771178,0.00249,9.999999992516e-07,0,-0.1,-10.7,-3.3,1.03,0.18,-0.04
2733,13.66,13.66,13.775084,0.001397,0,0,-0.3,-10.8,-3,1.03,0.18,-0.04
2734,13.665,13.665001,13.780213,0.001524,9.999999992516e-07,0,-0.2,-10.7,-2.8,1.03,0.18,-0.04
2735,13.67,13.670002,13.785411,0.001722,2.00000000027956e-06,0,-0.3,-10.8,-3.5,1.03,0.18,-0.04
2736,13.675,13.675,13.790062,0.001376,0,0,-0.2,-10.8,-3,1.03,0.17,-0.04
2737,13.68,13.68,13.795126,0.001438,0,0,-0.2,-10.7,-2.9,1.03,0.17,-0.04
2738,13.685,13.685,13.801343,0.002656,0,0,0,-10.6,-2.6,1.04,0.16,-0.04
2739,13.69,13.690001,13.806258,0.002571,1.00000000102796e-06,0,-0.2,-10.6,-2.4,1.04,0.16,-0.04
2740,13.695,13.695,13.810059,0.001371,0,0,-0.3,-10.6,-2.6,1.04,0.16,-0.04
2741,13.7,13.700001,13.816066,0.002378,9.999999992516e-07,0,-0.3,-10.6,-2.4,1.04,0.16,-0.04
2742,13.705,13.705,13.821159,0.002473,0,0,-0.3,-10.7,-2.6,1.04,0.17,-0.04
2743,13.71,13.71,13.825057,0.00137,0,0,-0.4,-10.7,-3.1,1.04,0.18,-0.04
2744,13.715,13.715,13.830255,0.001569,0,0,-0.5,-10.7,-3.5,1.03,0.19,-0.05
2745,13.72,13.720001,13.836303,0.002616,9.999999992516e-07,0,-0.5,-10.8,-3.2,1.04,0.19,-0.04
2746,13.725,13.725,13.840168,0.001481,0,0,-0.5,-10.8,-3.6,1.04,0.19,-0.05
2747,13.73,13.73,13.845107,0.00142,0,0,-0.5,-10.9,-3.2,1.04,0.19,-0.05
2748,13.735,13.735,13.851044,0.002357,0,0,-0.5,-10.8,-3.2,1.03,0.19,-0.05
2749,13.74,13.74,13.856032,0.002345,0,0,-0.6,-10.9,-3.3,1.03,0.2,-0.05
2750,13.745,13.745001,13.860027,0.001339,9.999999992516e-07,0,-0.6,-10.9,-2.9,1.04,0.2,-0.05
2751,13.75,13.75,13.865328,0.001641,0,0,-0.1,-10.8,-2.9,1.04,0.17,-0.04
2752,13.755,13.755,13.871055,0.002368,0,0,-0.2,-10.8,-2.4,1.04,0.18,-0.04
2753,13.76,13.76,13.875066,0.001379,0,0,-0.1,-10.8,-2.5,1.04,0.18,-0.04
2754,13.765,13.765,13.880142,0.001455,0,0,0,-10.8,-2.6,1.04,0.18,-0.03
2755,13.77,13.77,13.886069,0.002382,0,0,-0.1,-10.8,-2,1.04,0.17,-0.04
2756,13.775,13.775,13.89003,0.001343,0,0,-0.3,-10.8,-2.6,1.04,0.18,-0.04
2757,13.78,13.780001,13.895037,0.001349,9.999999992516e-07,0,-0.3,-10.8,-3.1,1.04,0.18,-0.05
2758,13.785,13.785,13.901031,0.002344,0,0,-0.5,-10.8,-3.1,1.05,0.19,-0.05
2759,13.79,13.790001,13.906062,0.002374,9.999999992516e-07,0,-0.3,-10.8,-2.8,1.05,0.17,-0.05
2760,13.795,13.795,13.910028,0.00134,0,0,-0.4,-10.8,-2.8,1.04,0.18,-0.04
2761,13.8,13.8,13.915161,0.001474,0,0,-0.5,-10.8,-2.7,1.05,0.19,-0.04
2762,13.805,13.805,13.921052,0.002366,0,0,-0.5,-10.7,-2.7,1.04,0.19,-0.04
2763,13.81,13.81,13.925034,0.001347,0,0,-0.4,-10.8,-2.4,1.04,0.19,-0.04
2764,13.815,13.815001,13.930567,0.001879,1.00000000102796e-06,0,-0.5,-10.8,-3,1.04,0.2,-0.04
2765,13.82,13.820001,13.935744,0.002058,9.999999992516e-07,0,-0.5,-10.8,-2.8,1.04,0.19,-0.04
2766,13.825,13.825002,13.941823,0.003136,1.9999999985032e-06,0,-0.3,-10.8,-3.3,1.03,0.19,-0.04
2767,13.83,13.830002,13.945783,0.002094,2.00000000027956e-06,0,-0.3,-10.8,-2.9,1.03,0.19,-0.04
2768,13.835,13.835,13.950415,0.001727,0,0,-0.2,-10.8,-3,1.03,0.19,-0.04
2769,13.84,13.84,13.956116,0.00243,0,0,-0.4,-10.8,-3.5,1.03,0.2,-0.05
2770,13.845,13.845,13.960275,0.001588,0,0,-0.4,-10.8,-3.8,1.03,0.2,-0.05
2771,13.85,13.850001,13.965622,0.001935,1.00000000102796e-06,0,-0.5,-10.9,-3.7,1.03,0.2,-0.04
2772,13.855,13.855001,13.971498,0.002812,9.999999992516e-07,0,-0.5,-10.9,-3.7,1.03,0.21,-0.04
2773,13.86,13.86,13.975308,0.001621,0,0,-0.5,-10.8,-3.4,1.04,0.19,-0.04
2774,13.865,13.865001,13.981304,0.002617,9.999999992516e-07,0,-0.4,-10.8,-2.9,1.04,0.19,-0.04
2775,13.87,13.870001,13.985034,0.001346,9.999999992516e-07,0,-0.4,-10.8,-2.9,1.04,0.19,-0.04
2776,13.875,13.875,13.990067,0.00138,0,0,-0.4,-10.8,-2.2,1.04,0.18,-0.03
2777,13.88,13.88,13.996041,0.002355,0,0,-0.2,-10.7,-2.7,1.04,0.18,-0.03
2778,13.885,13.885,14.000003,0.001316,0,0,-0.2,-10.7,-2.7,1.04,0.18,-0.03
2779,13.89,13.89,14.00507,0.001383,0,0,-0.1,-10.7,-2.8,1.04,0.18,-0.04
2780,13.895,13.895,14.011116,0.002428,0,0,-0.3,-10.7,-3.3,1.04,0.19,-0.04
2781,13.9,13.9,14.016046,0.00236,0,0,-0.5,-10.8,-3.2,1.04,0.2,-0.04
2782,13.905,13.905001,14.020051,0.001363,9.999999992516e-07,0,-0.4,-10.8,-3,1.04,0.19,-0.04
2783,13.91,13.91,14.025187,0.0015,0,0,-0.2,-10.7,-3.2,1.04,0.18,-0.04
2784,13.915,13.915001,14.031094,0.002405,9.999999992516e-07,0,-0.3,-10.8,-2.8,1.04,0.18,-0.04
2785,13.92,13.92,14.035025,0.001338,0,0,-0.2,-10.7,-3.3,1.04,0.19,-0.04
2786,13.925,13.925,14.040066,0.001379,0,0,-0.2,-10.8,-3.4,1.03,0.19,-0.04
2787,13.93,13.930002,14.045781,0.002094,2.00000000027956e-06,0,-0.2,-10.9,-2.6,1.04,0.18,-0.04
2788,13.935,13.935002,14.051251,0.002562,2.00000000027956e-06,0,-0.2,-10.8,-2.7,1.04,0.18,-0.04
2789,13.94,13.94,14.055151,0.001463,0,0,-0.2,-10.8,-2.9,1.04,0.19,-0.04
2790,13.945,13.945,14.061212,0.002524,0,0,-0.3,-10.8,-2.6,1.04,0.18,-0.04
2791,13.95,13.950001,14.066149,0.00246,9.999999992516e-07,0,-0.5,-10.8,-3,1.04,0.2,-0.04
2792,13.955,13.955,14.070009,0.001322,0,0,-0.5,-10.8,-3.1,1.04,0.2,-0.04
2793,13.96,13.96,14.075249,0.001562,0,0,-0.5,-10.7,-3.4,1.04,0.2,-0.05
2794,13.965,13.965,14.081051,0.002364,0,0,-0.4,-10.7,-3.6,1.03,0.2,-0.04
2795,13.97,13.97,14.085045,0.001358,0,0,-0.3,-10.7,-2.8,1.03,0.18,-0.04
2796,13.975,13.975,14.090062,0.001374,0,0,-0.4,-10.7,-3.2,1.04,0.19,-0.04
2797,13.98,13.98,14.09605,0.002363,0,0,-0.2,-10.7,-3.1,1.03,0.18,-0.04
2798,13.985,13.985,14.100031,0.001344,0,0,-0.1,-10.6,-2.5,1.04,0.17,-0.03
2799,13.99,13.99,14.105137,0.001454,0,0,-0.3,-10.7,-3.1,1.03,0.18,-0.04
2800,13.995,13.995001,14.111131,0.002442,9.999999992516e-07,0,-0.2,-10.6,-2.5,1.04,0.17,-0.03
2801,14,14,14.11512,0.001434,0,0,-0.2,-10.7,-2.8,1.03,0.18,-0.04
2802,14.005,14.005,14.120118,0.001431,0,0,-0.4,-10.7,-2.8,1.03,0.18,-0.04
2803,14.01,14.01,14.126125,0.002438,0,0,-0.4,-10.7,-2.9,1.03,0.19,-0.04
2804,14.015,14.015,14.131046,0.002358,0,0,-0.4,-10.7,-3.3,1.03,0.2,-0.04
2805,14.02,14.02,14.135025,0.001338,0,0,-0.5,-10.8,-2.9,1.04,0.2,-0.04
2806,14.025,14.025,14.141104,0.002417,0,0,-0.5,-10.7,-2.8,1.04,0.18,-0.04
2807,14.03,14.030001,14.146054,0.002366,9.999999992516e-07,0,-0.4,-10.8,-2.9,1.04,0.18,-0.04
2808,14.035,14.035,14.150003,0.001316,0,0,-0.3,-10.7,-3.1,1.04,0.18,-0.04
2809,14.04,14.040001,14.155084,0.001396,9.999999992516e-07,0,-0.5,-10.7,-3.3,1.03,0.19,-0.04
2810,14.045,14.045,14.161028,0.002341,0,0,-0.5,-10.7,-3.7,1.03,0.2,-0.04
2811,14.05,14.05,14.165036,0.001349,0,0,-0.4,-10.7,-3.8,1.03,0.2,-0.04
2812,14.055,14.055,14.170036,0.001349,0,0,-0.3,-10.7,-3.6,1.03,0.19,-0.04
2813,14.06,14.06,14.176092,0.002404,0,0,-0.3,-10.6,-3,1.04,0.18,-0.04
2814,14.065,14.065,14.180014,0.001327,0,0,-0.4,-10.7,-3.3,1.04,0.18,-0.05
2815,14.07,14.07,14.18509,0.001403,0,0,-0.4,-10.8,-3.4,1.03,0.19,-0.05
2816,14.075,14.075001,14.191107,0.00242,9.999999992516e-07,0,-0.3,-10.7,-3.5,1.03,0.19,-0.04
2817,14.08,14.08,14.196039,0.002353,0,0,-0.3,-10.6,-3.5,1.03,0.19,-0.04
2818,14.085,14.085,14.199998,0.001311,0,0,-0.3,-10.6,-3.9,1.02,0.19,-0.04
2819,14.09,14.09,14.206059,0.002373,0,0,-0.2,-10.6,-3,1.04,0.17,-0.04
2820,14.095,14.095,14.211063,0.002375,0,0,-0.3,-10.6,-2.8,1.03,0.18,-0.04
2821,14.1,14.1,14.215006,0.001319,0,0,-0.3,-10.7,-3,1.03,0.19,-0.04
2822,14.105,14.105,14.221017,0.00233,0,0,-0.4,-10.8,-2.5,1.04,0.19,-0.04
2823,14.11,14.11,14.22612,0.002434,0,0,-0.4,-10.7,-2.2,1.04,0.17,-0.03
2824,14.115,14.115,14.230016,0.001329,0,0,-0.4,-10.7,-2.8,1.04,0.18,-0.04
2825,14.12,14.120001,14.235011,0.001323,9.999999992516e-07,0,-0.4,-10.8,-2.5,1.05,0.18,-0.04
2826,14.125,14.125,14.241165,0.002478,0,0,-0.4,-10.7,-2.1,1.05,0.18,-0.03
2827,14.13,14.13,14.246035,0.002348,0,0,-0.3,-10.6,-1.8,1.04,0.17,-0.03
2828,14.135,14.135,14.250075,0.001389,0,0,-0.2,-10.6,-2.5,1.03,0.17,-0.03
2829,14.14,14.14,14.255152,0.001464,0,0,-0.2,-10.6,-2.4,1.03,0.17,-0.03
2830,14.145,14.145,14.26104,0.002353,0,0,-0.2,-10.7,-2.1,1.04,0.16,-0.03
2831,14.15,14.15,14.265025,0.001338,0,0,-0.2,-10.7,-2.1,1.04,0.16,-0.04
2832,14.155,14.155001,14.270091,0.001403,9.999999992516e-07,0,-0.1,-10.7,-2.1,1.05,0.16,-0.04
2833,14.16,14.16,14.276109,0.002421,0,0,-0.1,-10.7,-1.8,1.05,0.16,-0.04
2834,14.165,14.165001,14.281037,0.002349,9.999999992516e-07,0,-0.3,-10.7,-2.6,1.04,0.17,-0.04
2835,14.17,14.17,14.285002,0.001315,0,0,-0.4,-10.8,-3.3,1.03,0.18,-0.04
2836,14.175,14.175,14.290262,0.001574,0,0,-0.3,-10.8,-2.9,1.03,0.18,-0.04
2837,14.18,14.18,14.296018,0.002331,0,0,-0.5,-11,-3,1.04,0.19,-0.04
2838,14.185,14.185,14.300085,0.001399,0,0,-0.4,-10.9,-3.3,1.03,0.2,-0.04
2839,14.19,14.19,14.305596,0.001911,0,0,-0.4,-10.8,-3,1.03,0.19,-0.03
2840,14.195,14.195,14.311162,0.002474,0,0,-0.2,-10.7,-2.9,1.03,0.17,-0.03
2841,14.2,14.200001,14.315046,0.001358,9.999999992516e-07,0,-0.3,-10.7,-3,1.04,0.17,-0.03
2842,14.205,14.205,14.3202,0.001512,0,0,-0.3,-10.8,-3.4,1.03,0.18,-0.04
2843,14.21,14.21,14.326373,0.002686,0,0,-0.2,-10.9,-3.5,1.03,0.19,-0.04
2844,14.215,14.215,14.331095,0.002408,0,0,-0.2,-10.8,-2.9,1.04,0.18,-0.04
2845,14.22,14.22,14.335067,0.00138,0,0,-0.3,-11,-3.4,1.03,0.19,-0.04
2846,14.225,14.225,14.341081,0.002395,0,0,-0.4,-11,-3.4,1.03,0.2,-0.04
2847,14.23,14.23,14.346051,0.002364,0,0,-0.4,-10.9,-3.4,1.03,0.2,-0.04
2848,14.235,14.235,14.350286,0.001599,0,0,-0.3,-10.8,-3.3,1.04,0.19,-0.05
2849,14.24,14.24,14.355354,0.001666,0,0,-0.4,-10.8,-3.2,1.03,0.2,-0.04
2850,14.245,14.245001,14.361117,0.002429,9.999999992516e-07,0,-0.4,-10.8,-3.4,1.03,0.2,-0.04
2851,14.25,14.25,14.365147,0.00146,0,0,-0.4,-10.8,-3.7,1.03,0.2,-0.04
2852,14.255,14.255,14.370159,0.001472,0,0,-0.3,-10.8,-3.6,1.03,0.19,-0.04
2853,14.26,14.260001,14.375866,0.002179,1.00000000102796e-06,0,-0.3,-10.8,-3.3,1.03,0.19,-0.04
2854,14.265,14.265002,14.382158,0.003471,2.00000000027956e-06,0,-0.3,-10.7,-3.2,1.03,0.18,-0.04
2855,14.27,14.270002,14.386794,0.003105,2.00000000027956e-06,0,-0.5,-10.8,-3.1,1.03,0.19,-0.04
2856,14.275,14.275001,14.392641,0.003954,9.999999992516e-07,0,-0.3,-10.7,-3.3,1.03,0.19,-0.04
2857,14.28,14.280003,14.396329,0.002639,2.99999999953116e-06,0,-0.2,-10.7,-3.5,1.03,0.18,-0.04
2858,14.285,14.285,14.400052,0.001365,0,0,-0.2,-10.6,-3.5,1.03,0.19,-0.04
2859,14.29,14.290001,14.406111,0.002422,9.999999992516e-07,0,-0.2,-10.7,-3.5,1.03,0.18,-0.04
2860,14.295,14.295001,14.411216,0.002529,9.999999992516e-07,0,-0.3,-10.8,-3.1,1.04,0.18,-0.04
2861,14.3,14.300001,14.415019,0.001331,9.999999992516e-07,0,-0.2,-10.7,-2.8,1.03,0.18,-0.04
2862,14.305,14.305,14.421064,0.002377,0,0,-0.3,-10.8,-3.1,1.03,0.18,-0.04
2863,14.31,14.31,14.426116,0.002429,0,0,-0.3,-10.7,-3.2,1.03,0.19,-0.05
2864,14.315,14.315,14.430013,0.001325,0,0,-0.2,-10.8,-2.8,1.03,0.18,-0.04
2865,14.32,14.32,14.43521,0.001524,0,0,-0.2,-10.8,-2.7,1.03,0.18,-0.04
2866,14.325,14.325001,14.441208,0.00252,9.999999992516e-07,0,-0.2,-10.8,-3.1,1.02,0.19,-0.04
2867,14.33,14.33,14.445051,0.001364,0,0,0,-10.7,-2.7,1.03,0.17,-0.04
2868,14.335,14.335,14.450101,0.001414,0,0,-0.1,-10.7,-2.5,1.03,0.17,-0.04
2869,14.34,14.34,14.456042,0.002355,0,0,-0.2,-10.8,-2.9,1.03,0.18,-0.04
2870,14.345,14.345,14.46105,0.002363,0,0,-0.2,-10.8,-2.8,1.03,0.18,-0.04
2871,14.35,14.35,14.465035,0.001348,0,0,-0.1,-10.7,-3.4,1.02,0.19,-0.04
2872,14.355,14.355,14.47015,0.001463,0,0,-0.2,-10.7,-3.7,1.02,0.19,-0.04
2873,14.36,14.360001,14.476126,0.002438,1.00000000102796e-06,0,-0.4,-10.9,-3,1.03,0.19,-0.04
2874,14.365,14.365,14.480029,0.001341,0,0,-0.2,-10.9,-2.8,1.04,0.18,-0.04
2875,14.37,14.370001,14.485032,0.001344,9.999999992516e-07,0,-0.5,-10.9,-3.1,1.03,0.19,-0.04
2876,14.375,14.375,14.491139,0.002453,0,0,-0.6,-10.9,-3.7,1.03,0.2,-0.05
2877,14.38,14.38,14.496014,0.002327,0,0,-0.6,-10.9,-3.5,1.03,0.2,-0.04
2878,14.385,14.385,14.500018,0.001332,0,0,-0.5,-10.9,-3.4,1.03,0.2,-0.04
2879,14.39,14.39,14.505087,0.0014,0,0,-0.3,-10.8,-3.2,1.03,0.19,-0.04
2880,14.395,14.395,14.511068,0.002381,0,0,-0.4,-10.9,-3.2,1.04,0.19,-0.04
2881,14.4,14.4,14.515053,0.001366,0,0,-0.3,-10.9,-2.7,1.04,0.18,-0.04
2882,14.405,14.405001,14.520019,0.001331,9.999999992516e-07,0,-0.4,-10.9,-2.4,1.04,0.18,-0.04
2883,14.41,14.41,14.526161,0.002473,0,0,-0.2,-10.8,-2.7,1.04,0.17,-0.04
2884,14.415,14.415001,14.531028,0.00234,9.999999992516e-07,0,-0.1,-10.8,-3,1.03,0.17,-0.04
2885,14.42,14.42,14.535024,0.001337,0,0,-0.3,-10.8,-3.6,1.03,0.19,-0.05
2886,14.425,14.425,14.541094,0.002407,0,0,-0.2,-10.8,-3.5,1.03,0.18,-0.05
2887,14.43,14.43,14.546176,0.002489,0,0,-0.3,-10.8,-4.1,1.03,0.2,-0.05
2888,14.435,14.435,14.550027,0.00134,0,0,-0.2,-10.8,-4,1.03,0.19,-0.05
2889,14.44,14.44,14.555075,0.001388,0,0,-0.3,-10.8,-3.9,1.03,0.2,-0.05
2890,14.445,14.445,14.561106,0.002418,0,0,-0.2,-10.7,-3.4,1.03,0.19,-0.04
2891,14.45,14.450001,14.565021,0.001333,9.999999992516e-07,0,-0.1,-10.8,-3.3,1.03,0.18,-0.04
2892,14.455,14.455,14.570015,0.001328,0,0,-0.2,-10.8,-3.2,1.04,0.18,-0.04
2893,14.46,14.46,14.576154,0.002466,0,0,-0.4,-10.8,-3.3,1.04,0.19,-0.04
2894,14.465,14.465,14.581042,0.002355,0,0,-0.4,-10.8,-3.3,1.03,0.2,-0.04
2895,14.47,14.47,14.585099,0.001413,0,0,-0.6,-10.9,-3.5,1.04,0.2,-0.04
2896,14.475,14.475,14.590056,0.001369,0,0,-0.5,-10.8,-3.2,1.03,0.19,-0.04
2897,14.48,14.48,14.596027,0.00234,0,0,-0.5,-10.8,-2.7,1.03,0.18,-0.04
2898,14.485,14.485,14.600064,0.001378,0,0,-0.5,-10.9,-3.1,1.04,0.19,-0.04
2899,14.49,14.490003,14.605632,0.001943,2.99999999953116e-06,0,-0.4,-10.9,-3.1,1.03,0.19,-0.04
2900,14.495,14.495003,14.610757,0.002068,2.99999999953116e-06,0,-0.3,-10.7,-3.4,1.03,0.19,-0.04
2901,14.5,14.5,14.616574,0.002887,0,0,-0.2,-10.7,-3.3,1.03,0.19,-0.04
2902,14.505,14.505002,14.620447,0.00176,1.9999999985032e-06,0,-0.2,-10.7,-2.7,1.04,0.18,-0.03
2903,14.51,14.510002,14.625326,0.001636,2.00000000027956e-06,0,-0.3,-10.8,-3.2,1.03,0.19,-0.04
2904,14.515,14.515,14.631087,0.0024,0,0,-0.2,-10.8,-3.5,1.03,0.19,-0.04
2905,14.52,14.52,14.635215,0.001527,0,0,-0.1,-10.8,-3,1.03,0.17,-0.04
2906,14.525,14.525,14.640351,0.001663,0,0,-0.1,-10.8,-3.3,1.03,0.18,-0.04
2907,14.53,14.530002,14.646291,0.002602,1.9999999985032e-06,0,-0.1,-10.8,-2.6,1.04,0.17,-0.04
2908,14.535,14.535001,14.650273,0.001586,9.999999992516e-07,0,-0.1,-10.8,-2.3,1.03,0.17,-0.04
2909,14.54,14.540002,14.656719,0.003033,1.9999999985032e-06,0,-0.2,-10.9,-2.7,1.03,0.18,-0.04
2910,14.545,14.545001,14.660223,0.001535,9.999999992516e-07,0,-0.2,-11,-2.1,1.04,0.18,-0.04
2911,14.55,14.55,14.665187,0.0015,0,0,-0.1,-10.8,-2.7,1.04,0.18,-0.04
2912,14.555,14.555,14.671231,0.002544,0,0,0,-10.8,-2.8,1.04,0.17,-0.04
2913,14.56,14.56,14.67538,0.001693,0,0,-0.1,-10.8,-3.3,1.03,0.18,-0.04
2914,14.565,14.565,14.680222,0.001535,0,0,-0.2,-10.8,-3.5,1.03,0.19,-0.04
2915,14.57,14.57,14.686051,0.002364,0,0,-0.2,-10.8,-3.9,1.03,0.2,-0.04
2916,14.575,14.575001,14.690373,0.001687,9.999999992516e-07,0,-0.2,-10.7,-3.5,1.03,0.18,-0.04
2917,14.58,14.58,14.695515,0.001828,0,0,-0.2,-10.7,-2.9,1.04,0.17,-0.04
2918,14.585,14.585002,14.701248,0.002563,1.9999999985032e-06,0,-0.2,-10.7,-2.5,1.04,0.17,-0.04
2919,14.59,14.590003,14.707009,0.003319,2.99999999953116e-06,0,-0.1,-10.7,-2.6,1.04,0.17,-0.04
2920,14.595,14.595001,14.710636,0.00195,9.999999992516e-07,0,-0.1,-10.7,-2.2,1.05,0.16,-0.04
2921,14.6,14.600001,14.716871,0.003184,1.00000000102796e-06,0,-0.5,-10.8,-3.1,1.04,0.19,-0.04
2922,14.605,14.605001,14.720576,0.001889,9.999999992516e-07,0,-0.5,-10.8,-3.3,1.04,0.19,-0.04
2923,14.61,14.610001,14.725813,0.002125,1.00000000102796e-06,0,-0.4,-10.7,-3.4,1.04,0.19,-0.05
2924,14.615,14.615,14.730149,0.001461,0,0,-0.2,-10.7,-3.3,1.04,0.18,-0.05
2925,14.62,14.620001,14.735312,0.001623,9.999999992516e-07,0,-0.3,-10.8,-2.8,1.04,0.18,-0.05
2926,14.625,14.625,14.741223,0.002536,0,0,-0.3,-10.8,-2.6,1.04,0.18,-0.04
2927,14.63,14.63,14.745021,0.001334,0,0,-0.3,-10.8,-2.9,1.04,0.18,-0.05
2928,14.635,14.635,14.751439,0.002754,0,0,-0.2,-10.8,-3,1.04,0.18,-0.05
2929,14.64,14.64,14.756032,0.002344,0,0,-0.5,-10.8,-3,1.04,0.19,-0.04
2930,14.645,14.645,14.760004,0.001317,0,0,-0.4,-10.8,-2.3,1.04,0.18,-0.04
2931,14.65,14.65,14.765091,0.001404,0,0,-0.4,-10.7,-3.3,1.03,0.19,-0.04
2932,14.655,14.655001,14.771043,0.002356,9.999999992516e-07,0,-0.3,-10.8,-3.6,1.04,0.19,-0.05
2933,14.66,14.66,14.775091,0.001404,0,0,-0.5,-10.8,-3.8,1.03,0.2,-0.05
2934,14.665,14.665001,14.780025,0.001336,9.999999992516e-07,0,-0.4,-10.7,-4,1.03,0.2,-0.05
2935,14.67,14.67,14.786173,0.002486,0,0,-0.3,-10.7,-3.5,1.03,0.19,-0.04
2936,14.675,14.675,14.791055,0.002368,0,0,-0.3,-10.7,-3.9,1.03,0.2,-0.04
2937,14.68,14.68,14.795021,0.001334,0,0,-0.3,-10.8,-3.2,1.03,0.19,-0.04
2938,14.685,14.685,14.801121,0.002434,0,0,-0.3,-10.7,-3.2,1.03,0.19,-0.04
2939,14.69,14.69,14.806095,0.002408,0,0,-0.3,-10.8,-3.2,1.03,0.19,-0.04
2940,14.695,14.695,14.81005,0.001363,0,0,-0.2,-10.7,-3,1.03,0.17,-0.04
2941,14.7,14.700001,14.816136,0.002449,9.999999992516e-07,0,-0.2,-10.8,-3.3,1.02,0.18,-0.04
2942,14.705,14.705,14.821073,0.002386,0,0,-0.2,-10.8,-3.2,1.03,0.18,-0.04
2943,14.71,14.71,14.825042,0.001355,0,0,-0.3,-10.8,-3.4,1.03,0.19,-0.04
2944,14.715,14.715002,14.830626,0.001938,2.00000000027956e-06,0,-0.2,-10.7,-3.3,1.03,0.18,-0.04
2945,14.72,14.72,14.836486,0.0028,0,0,-0.2,-10.8,-3.1,1.03,0.18,-0.04
2946,14.725,14.725003,14.840697,0.002009,2.99999999953116e-06,0,-0.2,-10.8,-3,1.03,0.18,-0.04
2947,14.73,14.730002,14.845737,0.00205,2.00000000027956e-06,0,-0.4,-10.9,-2.9,1.04,0.2,-0.04
2948,14.735,14.735002,14.851393,0.002704,2.00000000027956e-06,0,-0.4,-10.8,-3.2,1.04,0.2,-0.04
2949,14.74,14.74,14.855051,0.001364,0,0,-0.4,-10.9,-3.1,1.04,0.2,-0.04
2950,14.745,14.745001,14.860142,0.001453,9.999999992516e-07,0,-0.3,-10.8,-3.1,1.03,0.19,-0.04
2951,14.75,14.75,14.866088,0.002401,0,0,-0.2,-10.7,-2.8,1.03,0.18,-0.04
2952,14.755,14.755,14.870061,0.001374,0,0,-0.2,-10.7,-3,1.03,0.18,-0.04
2953,14.76,14.76,14.875229,0.001542,0,0,-0.1,-10.7,-2.7,1.03,0.18,-0.04
2954,14.765,14.765,14.881067,0.002379,0,0,-0.1,-10.7,-3.1,1.03,0.18,-0.04
2955,14.77,14.77,14.886128,0.002441,0,0,-0.2,-10.7,-4,1.02,0.19,-0.04
2956,14.775,14.775,14.890072,0.001385,0,0,-0.2,-10.7,-4.6,1.02,0.2,-0.05
2957,14.78,14.780001,14.89518,0.001491,9.999999992516e-07,0,-0.2,-10.6,-4.5,1.02,0.19,-0.05
2958,14.785,14.785,14.901045,0.002358,0,0,-0.4,-10.7,-3.9,1.02,0.19,-0.05
2959,14.79,14.790001,14.90505,0.001362,9.999999992516e-07,0,-0.5,-10.7,-3.7,1.03,0.2,-0.05
2960,14.795,14.795,14.910279,0.001592,0,0,-0.4,-10.8,-2.7,1.04,0.18,-0.05
2961,14.8,14.8,14.916079,0.002392,0,0,-0.5,-10.8,-3.2,1.04,0.19,-0.05
2962,14.805,14.805,14.920067,0.00138,0,0,-0.5,-10.6,-2.9,1.04,0.19,-0.04
2963,14.81,14.81,14.925049,0.001362,0,0,-0.6,-10.8,-3.5,1.04,0.2,-0.05
2964,14.815,14.815001,14.930658,0.001971,1.00000000102796e-06,0,-0.4,-10.8,-3.3,1.04,0.2,-0.05
2965,14.82,14.820002,14.936747,0.00306,2.00000000027956e-06,0,-0.4,-10.8,-2.7,1.04,0.18,-0.04
2966,14.825,14.825003,14.941855,0.003167,2.99999999953116e-06,0,-0.3,-10.7,-2.4,1.04,0.17,-0.04
2967,14.83,14.83,14.945143,0.001456,0,0,-0.3,-10.7,-2.2,1.05,0.17,-0.04
2968,14.835,14.835,14.951267,0.00258,0,0,-0.3,-10.8,-2.7,1.04,0.17,-0.04
2969,14.84,14.84,14.956259,0.002571,0,0,-0.2,-10.8,-3,1.04,0.18,-0.05
2970,14.845,14.845,14.960104,0.001416,0,0,-0.2,-10.8,-3.5,1.04,0.19,-0.04
2971,14.85,14.85,14.966054,0.002367,0,0,-0.3,-10.9,-3.3,1.04,0.19,-0.04
2972,14.855,14.855,14.970028,0.00134,0,0,-0.3,-10.8,-2.5,1.04,0.17,-0.04
2973,14.86,14.86,14.97507,0.001383,0,0,-0.3,-10.8,-3.1,1.04,0.18,-0.04
2974,14.865,14.865,14.98105,0.002363,0,0,-0.3,-10.7,-2.9,1.04,0.18,-0.04
2975,14.87,14.870001,14.98616,0.002472,9.999999992516e-07,0,-0.2,-10.7,-2.7,1.04,0.17,-0.04
2976,14.875,14.875,14.990036,0.001349,0,0,-0.4,-10.8,-2.3,1.05,0.18,-0.03
2977,14.88,14.88,14.996179,0.002492,0,0,-0.3,-10.8,-2.3,1.05,0.18,-0.04
2978,14.885,14.885,15.000007,0.00132,0,0,-0.4,-10.8,-2.3,1.05,0.18,-0.04
2979,14.89,14.89,15.005039,0.001352,0,0,-0.4,-10.9,-2.1,1.04,0.18,-0.04
2980,14.895,14.895,15.010397,0.001709,0,0,-0.5,-10.8,-2.6,1.04,0.19,-0.04
2981,14.9,14.9,15.016226,0.002538,0,0,-0.4,-10.8,-2.5,1.04,0.18,-0.04
2982,14.905,14.905001,15.020278,0.00159,9.999999992516e-07,0,-0.4,-10.7,-2.5,1.04,0.18,-0.04
2983,14.91,14.910001,15.026303,0.002615,9.999999992516e-07,0,-0.4,-10.8,-2.1,1.05,0.17,-0.04
2984,14.915,14.915001,15.031081,0.002391,9.999999992516e-07,0,-0.4,-10.7,-2.5,1.04,0.18,-0.04
2985,14.92,14.92,15.035053,0.001366,0,0,-0.3,-10.7,-2.8,1.04,0.18,-0.04
2986,14.925,14.925,15.040255,0.001568,0,0,-0.3,-10.8,-2.6,1.04,0.18,-0.04
2987,14.93,14.93,15.046066,0.002378,0,0,-0.2,-10.7,-2.8,1.04,0.18,-0.04
2988,14.935,14.935,15.050043,0.001356,0,0,-0.3,-10.8,-3,1.04,0.19,-0.04
2989,14.94,14.94,15.055112,0.001425,0,0,-0.4,-10.8,-3,1.04,0.19,-0.04
2990,14.945,14.945,15.061068,0.00238,0,0,-0.4,-10.8,-2.7,1.04,0.19,-0.04
2991,14.95,14.950001,15.065047,0.001359,9.999999992516e-07,0,-0.4,-10.7,-3.1,1.03,0.19,-0.04
2992,14.955,14.955,15.07006,0.001374,0,0,-0.6,-10.8,-3,1.04,0.19,-0.04
2993,14.96,14.96,15.076064,0.002377,0,0,-0.5,-10.7,-2.6,1.04,0.19,-0.04
2994,14.965,14.965,15.080002,0.001316,0,0,-0.4,-10.8,-2.4,1.04,0.18,-0.04
2995,14.97,14.97,15.085029,0.001342,0,0,-0.4,-10.8,-2.1,1.04,0.18,-0.03
2996,14.975,14.975,15.091142,0.002456,0,0,-0.2,-10.7,-2.5,1.03,0.18,-0.03
2997,14.98,14.98,15.096025,0.002338,0,0,-0.2,-10.7,-2.5,1.03,0.17,-0.03
2998,14.985,14.985,15.100049,0.001362,0,0,-0.3,-10.8,-2.5,1.04,0.18,-0.04
2999,14.99,14.99,15.105223,0.001535,0,0,-0.4,-10.7,-2.6,1.04,0.18,-0.04
3000,14.995,14.995001,15.111233,0.002545,9.999999992516e-07,0,-0.4,-10.7,-3.6,1.03,0.2,-0.04
3001,15,15,15.115049,0.001362,0,0,-0.4,-10.7,-3.4,1.03,0.2,-0.04
3002,15.005,15.005,15.120394,0.001708,0,0,-0.4,-10.7,-3.5,1.03,0.2,-0.04
3003,15.01,15.01,15.126151,0.002464,0,0,-0.4,-10.8,-3.3,1.04,0.19,-0.04
3004,15.015,15.015,15.13008,0.001393,0,0,-0.2,-10.7,-2.5,1.04,0.18,-0.04
3005,15.02,15.02,15.135104,0.001418,0,0,-0.3,-10.7,-2.7,1.04,0.17,-0.04
3006,15.025,15.025,15.14115,0.002462,0,0,-0.2,-10.7,-2.5,1.05,0.17,-0.04
3007,15.03,15.030001,15.145021,0.001332,9.999999992516e-07,0,-0.2,-10.8,-2.7,1.04,0.18,-0.04
3008,15.035,15.035,15.150002,0.001315,0,0,-0.3,-10.7,-2.3,1.04,0.17,-0.04
3009,15.04,15.040001,15.156107,0.002419,9.999999992516e-07,0,-0.4,-10.8,-2.8,1.04,0.19,-0.04
3010,15.045,15.045,15.161032,0.002345,0,0,-0.4,-10.8,-2.9,1.04,0.18,-0.05
3011,15.05,15.05,15.165003,0.001316,0,0,-0.2,-10.7,-2.2,1.05,0.16,-0.04
3012,15.055,15.055,15.171038,0.002351,0,0,-0.1,-10.7,-2.4,1.04,0.16,-0.04
3013,15.06,15.06,15.176054,0.002367,0,0,-0.2,-10.7,-3,1.04,0.17,-0.04
3014,15.065,15.065,15.180036,0.001349,0,0,-0.3,-10.7,-3.1,1.04,0.18,-0.04
3015,15.07,15.07,15.185156,0.001469,0,0,-0.2,-10.8,-2.9,1.03,0.18,-0.04
3016,15.075,15.075001,15.191206,0.002517,9.999999992516e-07,0,-0.3,-10.8,-3,1.04,0.18,-0.04
3017,15.08,15.08,15.195071,0.001384,0,0,-0.3,-10.8,-2.7,1.04,0.18,-0.04
3018,15.085,15.085,15.200111,0.001424,0,0,-0.2,-10.9,-2.5,1.04,0.17,-0.04
3019,15.09,15.09,15.20607,0.002382,0,0,-0.3,-10.9,-2.6,1.04,0.18,-0.04
3020,15.095,15.095,15.210033,0.001346,0,0,-0.4,-10.9,-2.3,1.04,0.18,-0.04
3021,15.1,15.1,15.215054,0.001367,0,0,-0.3,-10.8,-2.8,1.04,0.18,-0.04
3022,15.105,15.105,15.221035,0.002348,0,0,-0.3,-10.7,-2.5,1.04,0.17,-0.04
3023,15.11,15.11,15.225035,0.001348,0,0,-0.3,-10.7,-2.8,1.04,0.18,-0.04
3024,15.115,15.115,15.230017,0.00133,0,0,-0.5,-10.8,-3.5,1.04,0.19,-0.04
3025,15.12,15.120001,15.236147,0.002459,9.999999992516e-07,0,-0.5,-10.8,-2.7,1.04,0.18,-0.04
3026,15.125,15.125,15.241067,0.002379,0,0,-0.5,-10.8,-2.5,1.04,0.18,-0.04
3027,15.13,15.13,15.245024,0.001337,0,0,-0.6,-10.7,-2.6,1.04,0.19,-0.04
3028,15.135,15.135,15.250218,0.001531,0,0,-0.4,-10.8,-2.7,1.04,0.18,-0.04
3029,15.14,15.14,15.256244,0.002557,0,0,-0.4,-10.9,-2.9,1.03,0.19,-0.04
3030,15.145,15.145,15.260094,0.001406,0,0,-0.4,-10.8,-3.2,1.03,0.19,-0.04
3031,15.15,15.15,15.265103,0.001416,0,0,-0.3,-10.7,-3,1.03,0.18,-0.04
3032,15.155,15.155001,15.271154,0.002466,9.999999992516e-07,0,-0.2,-10.7,-2.6,1.03,0.17,-0.03
3033,15.16,15.16,15.27615,0.002462,0,0,-0.2,-10.7,-2.4,1.03,0.17,-0.03
3034,15.165,15.165001,15.280032,0.001344,9.999999992516e-07,0,-0.2,-10.7,-2,1.04,0.17,-0.03
3035,15.17,15.17,15.286067,0.002379,0,0,-0.2,-10.8,-2.4,1.04,0.18,-0.03
3036,15.175,15.175,15.291128,0.00244,0,0,-0.2,-10.8,-2.3,1.04,0.17,-0.03
3037,15.18,15.18,15.295002,0.001315,0,0,-0.2,-10.8,-2.9,1.04,0.18,-0.04
3038,15.185,15.185,15.300089,0.001402,0,0,-0.4,-10.8,-3.1,1.04,0.19,-0.04
3039,15.19,15.19,15.306107,0.002421,0,0,-0.4,-10.8,-3.3,1.04,0.19,-0.05
3040,15.195,15.195,15.310033,0.001346,0,0,-0.3,-10.7,-3,1.04,0.18,-0.05
3041,15.2,15.200001,15.315087,0.001399,9.999999992516e-07,0,-0.3,-10.7,-2.8,1.04,0.18,-0.04
3042,15.205,15.205,15.321079,0.002392,0,0,-0.4,-10.8,-2.5,1.04,0.18,-0.03
3043,15.21,15.21,15.326018,0.002331,0,0,-0.4,-10.8,-2.8,1.04,0.19,-0.03
3044,15.215,15.215,15.330058,0.001371,0,0,-0.2,-10.7,-3.5,1.03,0.18,-0.04
3045,15.22,15.22,15.335068,0.001381,0,0,-0.2,-10.6,-3.2,1.03,0.18,-0.03
3046,15.225,15.225,15.341143,0.002456,0,0,-0.2,-10.6,-2.9,1.03,0.18,-0.04
3047,15.23,15.23,15.346019,0.002332,0,0,-0.3,-10.6,-3,1.03,0.19,-0.04
3048,15.235,15.235,15.350185,0.001498,0,0,-0.3,-10.8,-3.2,1.03,0.19,-0.04
3049,15.24,15.24,15.355139,0.001451,0,0,-0.2,-10.7,-2.5,1.03,0.17,-0.04
3050,15.245,15.245001,15.361239,0.002551,9.999999992516e-07,0,-0.3,-10.7,-2.2,1.04,0.17,-0.04
3051,15.25,15.25,15.366105,0.002418,0,0,-0.2,-10.8,-1.5,1.05,0.16,-0.04
3052,15.255,15.255,15.370091,0.001404,0,0,-0.2,-10.7,-2.3,1.04,0.17,-0.04
3053,15.26,15.26,15.375198,0.001511,0,0,-0.1,-10.8,-2.6,1.04,0.17,-0.04
3054,15.265,15.265,15.3811,0.002412,0,0,-0.1,-10.8,-2.5,1.04,0.17,-0.05
3055,15.27,15.27,15.385014,0.001327,0,0,-0.3,-10.8,-2.9,1.04,0.18,-0.04
3056,15.275,15.275,15.390083,0.001395,0,0,-0.3,-10.8,-2.8,1.04,0.17,-0.04
3057,15.28,15.280001,15.395228,0.00154,9.999999992516e-07,0,-0.3,-10.8,-2.8,1.04,0.17,-0.04
3058,15.285,15.285,15.40123,0.002543,0,0,-0.4,-10.9,-2.5,1.04,0.18,-0.04
3059,15.29,15.290001,15.40508,0.001392,9.999999992516e-07,0,-0.3,-10.9,-3,1.04,0.18,-0.04
3060,15.295,15.295,15.410164,0.001477,0,0,-0.3,-10.8,-2.6,1.04,0.18,-0.04
3061,15.3,15.3,15.416077,0.00239,0,0,-0.2,-10.8,-2.1,1.04,0.17,-0.04
3062,15.305,15.305,15.420136,0.00145,0,0,-0.2,-10.7,-2.7,1.03,0.18,-0.03
3063,15.31,15.31,15.425221,0.001533,0,0,-0.1,-10.8,-2.1,1.04,0.17,-0.03
3064,15.315,15.315,15.431121,0.002433,0,0,-0.3,-10.9,-2.5,1.04,0.18,-0.04
3065,15.32,15.32,15.436112,0.002425,0,0,-0.4,-10.8,-2.4,1.04,0.18,-0.04
3066,15.325,15.325001,15.440116,0.001428,9.999999992516e-07,0,-0.3,-10.8,-1.9,1.04,0.17,-0.03
3067,15.33,15.33,15.446142,0.002454,0,0,-0.3,-10.8,-1.7,1.04,0.18,-0.03
3068,15.335,15.335,15.451096,0.002409,0,0,-0.3,-10.8,-2.8,1.03,0.19,-0.03
3069,15.34,15.34,15.455075,0.001389,0,0,-0.5,-10.9,-3.1,1.04,0.2,-0.04
3070,15.345,15.345,15.461073,0.002385,0,0,-0.4,-10.8,-3.4,1.03,0.2,-0.04
3071,15.35,15.35,15.466094,0.002407,0,0,-0.5,-10.8,-3.2,1.04,0.19,-0.04
3072,15.355,15.355,15.470031,0.001344,0,0,-0.4,-10.8,-3,1.03,0.19,-0.03
3073,15.36,15.36,15.47522,0.001533,0,0,-0.4,-10.9,-2.7,1.04,0.19,-0.04
3074,15.365,15.365,15.481096,0.002409,0,0,-0.5,-10.9,-2.6,1.04,0.19,-0.04
3075,15.37,15.370001,15.485004,0.001316,9.999999992516e-07,0,-0.5,-10.9,-3.1,1.03,0.2,-0.04
3076,15.375,15.375,15.490141,0.001453,0,0,-0.6,-10.9,-2.3,1.04,0.2,-0.04
3077,15.38,15.38,15.496055,0.002368,0,0,-0.7,-11,-2.5,1.04,0.2,-0.03
3078,15.385,15.385,15.501131,0.002444,0,0,-0.5,-10.9,-2.3,1.04,0.19,-0.04
3079,15.39,15.39,15.505036,0.00135,0,0,-0.3,-10.9,-2.1,1.04,0.18,-0.04
3080,15.395,15.395,15.510311,0.001623,0,0,-0.3,-10.9,-2.2,1.05,0.18,-0.04
3081,15.4,15.4,15.516083,0.002397,0,0,-0.4,-10.9,-2.6,1.04,0.18,-0.04
3082,15.405,15.405001,15.52,0.001312,9.999999992516e-07,0,-0.5,-10.9,-2.7,1.04,0.2,-0.05
3083,15.41,15.41,15.52511,0.001423,0,0,-0.5,-10.9,-2.6,1.04,0.19,-0.04
3084,15.415,15.415001,15.531043,0.002355,9.999999992516e-07,0,-0.4,-10.8,-2.9,1.03,0.19,-0.04
3085,15.42,15.42,15.535045,0.001358,0,0,-0.3,-10.7,-3.2,1.03,0.19,-0.05
3086,15.425,15.425,15.540034,0.001347,0,0,-0.3,-10.7,-3.1,1.03,0.18,-0.04
3087,15.43,15.43,15.546036,0.002349,0,0,-0.2,-10.8,-2.9,1.04,0.18,-0.04
3088,15.435,15.435,15.55105,0.002363,0,0,-0.2,-10.7,-2.4,1.04,0.18,-0.03
3089,15.44,15.44,15.555091,0.001405,0,0,-0.3,-10.7,-2.2,1.04,0.18,-0.04
3090,15.445,15.445,15.561048,0.00236,0,0,-0.2,-10.7,-2.3,1.04,0.17,-0.03
3091,15.45,15.450001,15.566076,0.002388,9.999999992516e-07,0,-0.2,-10.7,-2.7,1.04,0.18,-0.04
3092,15.455,15.455,15.570094,0.001407,0,0,-0.1,-10.7,-2.8,1.04,0.17,-0.04
3093,15.46,15.46,15.575252,0.001564,0,0,-0.2,-10.7,-2.8,1.04,0.18,-0.04
3094,15.465,15.465,15.581098,0.002411,0,0,-0.2,-10.6,-3,1.04,0.18,-0.04
3095,15.47,15.47,15.585137,0.001451,0,0,-0.2,-10.7,-2.7,1.04,0.18,-0.04
3096,15.475,15.475,15.590214,0.001527,0,0,-0.2,-10.6,-3.1,1.03,0.18,-0.04
3097,15.48,15.48,15.59608,0.002388,0,0,-0.2,-10.7,-3.2,1.03,0.18,-0.04
3098,15.485,15.485001,15.600123,0.001436,9.999999992516e-07,0,-0.3,-10.8,-3.3,1.03,0.19,-0.04
3099,15.49,15.49,15.60502,0.001334,0,0,-0.3,-10.8,-3,1.04,0.18,-0.04
3100,15.495,15.495001,15.611077,0.002388,9.999999992516e-07,0,-0.1,-10.7,-2.5,1.04,0.16,-0.03
3101,15.5,15.5,15.616068,0.002382,0,0,-0.2,-10.7,-2.5,1.04,0.17,-0.04
3102,15.505,15.505,15.620034,0.001347,0,0,-0.1,-10.7,-2.6,1.04,0.16,-0.04
3103,15.51,15.51,15.626129,0.002443,0,0,-0.3,-10.8,-2.3,1.04,0.17,-0.04
3104,15.515,15.515,15.631026,0.002339,0,0,-0.2,-10.7,-1.8,1.04,0.16,-0.04
3105,15.52,15.52,15.635089,0.001402,0,0,-0.3,-10.7,-2,1.04,0.16,-0.04
3106,15.525,15.525,15.64034,0.001653,0,0,-0.2,-10.8,-2,1.04,0.16,-0.04
3107,15.53,15.530001,15.646117,0.002429,9.999999992516e-07,0,-0.2,-10.8,-1.9,1.05,0.15,-0.04
3108,15.535,15.535,15.650123,0.001437,0,0,-0.3,-10.8,-2.3,1.04,0.16,-0.04
3109,15.54,15.540001,15.65513,0.001443,9.999999992516e-07,0,-0.4,-10.8,-2.6,1.04,0.17,-0.04
3110,15.545,15.545,15.660501,0.001813,0,0,-0.5,-10.9,-2.8,1.03,0.19,-0.04
3111,15.55,15.55,15.666075,0.002388,0,0,-0.4,-10.8,-2.9,1.03,0.18,-0.04
3112,15.555,15.555,15.670154,0.001468,0,0,-0.2,-10.8,-3.1,1.03,0.18,-0.04
3113,15.56,15.56,15.675283,0.001596,0,0,-0.2,-10.8,-3.2,1.03,0.19,-0.04
3114,15.565,15.565,15.681038,0.002351,0,0,-0.2,-10.8,-2.9,1.04,0.18,-0.04
3115,15.57,15.57,15.685006,0.001319,0,0,-0.2,-10.8,-2.6,1.03,0.18,-0.04
3116,15.575,15.575001,15.690078,0.00139,9.999999992516e-07,0,-0.1,-10.9,-2.8,1.04,0.18,-0.04
3117,15.58,15.58,15.69609,0.002404,0,0,-0.3,-10.9,-3.7,1.03,0.2,-0.04
3118,15.585,15.585,15.700063,0.001376,0,0,-0.4,-10.8,-3.3,1.03,0.2,-0.04
3119,15.59,15.59,15.70519,0.001503,0,0,-0.3,-10.7,-3.5,1.03,0.2,-0.04
3120,15.595,15.595,15.711121,0.002434,0,0,-0.3,-10.8,-3.5,1.03,0.2,-0.04
3121,15.6,15.6,15.716066,0.002379,0,0,-0.2,-10.8,-3.1,1.03,0.2,-0.04
3122,15.605,15.605,15.720087,0.0014,0,0,-0.4,-10.7,-3.5,1.03,0.2,-0.04
3123,15.61,15.610001,15.725538,0.00185,9.999999992516e-07,0,-0.4,-10.8,-3.6,1.03,0.19,-0.04
3124,15.615,15.615,15.731088,0.002401,0,0,-0.2,-10.8,-2.9,1.03,0.18,-0.04
3125,15.62,15.620001,15.735042,0.001354,9.999999992516e-07,0,-0.4,-10.8,-3,1.04,0.19,-0.04
3126,15.625,15.625,15.74029,0.001602,0,0,-0.3,-10.8,-2.2,1.05,0.17,-0.04
3127,15.63,15.63,15.74609,0.002402,0,0,-0.4,-10.8,-2.7,1.04,0.18,-0.04
3128,15.635,15.635,15.750143,0.001457,0,0,-0.5,-10.8,-3.5,1.03,0.2,-0.04
3129,15.64,15.64,15.755209,0.001522,0,0,-0.4,-10.8,-3.5,1.03,0.2,-0.04
3130,15.645,15.645,15.760289,0.001602,0,0,-0.4,-10.8,-3.1,1.03,0.19,-0.04
3131,15.65,15.65,15.766117,0.00243,0,0,-0.2,-10.8,-3,1.03,0.18,-0.03
3132,15.655,15.655001,15.770109,0.001421,9.999999992516e-07,0,-0.3,-10.7,-3,1.03,0.18,-0.04
3133,15.66,15.66,15.775208,0.00152,0,0,-0.3,-10.7,-3.4,1.03,0.19,-0.04
3134,15.665,15.665001,15.781126,0.002437,9.999999992516e-07,0,-0.3,-10.7,-4,1.02,0.19,-0.04
3135,15.67,15.67,15.785007,0.00132,0,0,-0.4,-10.8,-3.9,1.03,0.2,-0.05
3136,15.675,15.675,15.79008,0.001393,0,0,-0.3,-10.8,-3.4,1.03,0.19,-0.05
3137,15.68,15.68,15.796123,0.002436,0,0,-0.4,-10.8,-3.1,1.04,0.19,-0.05
3138,15.685,15.685,15.801084,0.002397,0,0,-0.4,-10.8,-2.9,1.04,0.18,-0.05
3139,15.69,15.69,15.805022,0.001335,0,0,-0.3,-10.8,-3.1,1.04,0.19,-0.05
3140,15.695,15.695,15.811146,0.002459,0,0,-0.3,-10.8,-3.3,1.03,0.19,-0.05
3141,15.7,15.700001,15.816035,0.002347,9.999999992516e-07,0,-0.3,-10.7,-3.3,1.04,0.19,-0.05
3142,15.705,15.705,15.820096,0.00141,0,0,-0.4,-10.8,-3.1,1.04,0.19,-0.04
3143,15.71,15.71,15.825324,0.001637,0,0,-0.5,-10.8,-3.1,1.04,0.2,-0.04
3144,15.715,15.715,15.831052,0.002365,0,0,-0.3,-10.8,-3.3,1.04,0.19,-0.04
3145,15.72,15.72,15.835043,0.001356,0,0,-0.4,-10.7,-3.6,1.03,0.2,-0.04
3146,15.725,15.725,15.840344,0.001658,0,0,-0.2,-10.7,-3.1,1.04,0.18,-0.04
3147,15.73,15.73,15.846164,0.002476,0,0,-0.2,-10.7,-2.8,1.04,0.18,-0.04
3148,15.735,15.735001,15.850005,0.001316,9.999999992516e-07,0,-0.2,-10.7,-3,1.03,0.19,-0.04
3149,15.74,15.74,15.855169,0.001481,0,0,-0.2,-10.7,-2.6,1.04,0.18,-0.03
3150,15.745,15.745001,15.861095,0.002407,9.999999992516e-07,0,-0.3,-10.7,-3,1.03,0.19,-0.04
3151,15.75,15.75,15.865015,0.001328,0,0,-0.2,-10.7,-2.7,1.04,0.18,-0.04
3152,15.755,15.755,15.871031,0.002344,0,0,-0.1,-10.7,-3.4,1.03,0.17,-0.04
3153,15.76,15.76,15.876186,0.002499,0,0,-0.3,-10.9,-2.9,1.04,0.18,-0.04
3154,15.765,15.765,15.880194,0.001507,0,0,-0.3,-10.8,-3,1.04,0.18,-0.04
3155,15.77,15.77,15.885088,0.001402,0,0,-0.3,-10.8,-2.8,1.03,0.18,-0.03
3156,15.775,15.775,15.891117,0.00243,0,0,-0.3,-10.8,-3.7,1.03,0.19,-0.04
3157,15.78,15.780001,15.896055,0.002367,9.999999992516e-07,0,-0.4,-10.9,-4.1,1.03,0.21,-0.05
3158,15.785,15.785,15.900001,0.001314,0,0,-0.3,-10.7,-3.7,1.03,0.19,-0.05
3159,15.79,15.790001,15.906126,0.002438,9.999999992516e-07,0,-0.4,-10.7,-3.7,1.03,0.19,-0.04
3160,15.795,15.795,15.911112,0.002425,0,0,-0.3,-10.8,-3.1,1.03,0.18,-0.04
3161,15.8,15.8,15.91502,0.001333,0,0,-0.3,-10.8,-2.9,1.04,0.18,-0.04
3162,15.805,15.805002,15.920426,0.001736,2.00000000027956e-06,0,-0.3,-10.7,-3.4,1.03,0.18,-0.04
3163,15.81,15.81,15.926129,0.002442,0,0,-0.4,-10.8,-3.7,1.03,0.19,-0.04
3164,15.815,15.815,15.930086,0.001399,0,0,-0.3,-10.8,-3.2,1.04,0.18,-0.04
3165,15.82,15.82,15.935154,0.001467,0,0,-0.3,-10.8,-3.1,1.04,0.19,-0.04
3166,15.825,15.825001,15.941183,0.002495,9.999999992516e-07,0,-0.3,-10.8,-2.8,1.03,0.19,-0.04
3167,15.83,15.83,15.945045,0.001358,0,0,-0.3,-10.8,-2.7,1.03,0.18,-0.04
3168,15.835,15.835,15.950115,0.001428,0,0,-0.2,-10.8,-3,1.03,0.18,-0.04
3169,15.84,15.84,15.956144,0.002457,0,0,-0.1,-10.8,-2.7,1.04,0.18,-0.03
3170,15.845,15.845,15.96,0.001313,0,0,0,-10.7,-2.6,1.04,0.17,-0.04
3171,15.85,15.85,15.965066,0.001379,0,0,-0.1,-10.7,-2.7,1.03,0.17,-0.04
3172,15.855,15.855,15.971095,0.002408,0,0,-0.3,-10.7,-3.3,1.03,0.18,-0.04
3173,15.86,15.860001,15.976121,0.002433,9.999999992516e-07,0,-0.3,-10.7,-3.1,1.03,0.18,-0.04
3174,15.865,15.865,15.980023,0.001336,0,0,-0.3,-10.7,-3.3,1.04,0.18,-0.04
3175,15.87,15.870001,15.98522,0.001532,9.999999992516e-07,0,-0.4,-10.8,-3.4,1.04,0.19,-0.05
3176,15.875,15.875,15.991105,0.002418,0,0,-0.3,-10.8,-3.5,1.04,0.19,-0.05
3177,15.88,15.88,15.995026,0.001339,0,0,-0.4,-10.8,-3.8,1.03,0.19,-0.04
3178,15.885,15.885,16.000058,0.001371,0,0,-0.2,-10.8,-3.4,1.03,0.18,-0.04
3179,15.89,15.89,16.006117,0.00243,0,0,-0.4,-10.9,-3.5,1.04,0.2,-0.04
3180,15.895,15.895,16.011086,0.002398,0,0,-0.2,-10.7,-3.2,1.04,0.18,-0.04
3181,15.9,15.9,16.01505,0.001363,0,0,-0.3,-10.7,-3,1.04,0.18,-0.04
3182,15.905,15.905001,16.020045,0.001357,9.999999992516e-07,0,-0.2,-10.7,-3.4,1.03,0.18,-0.04
3183,15.91,15.91,16.026099,0.002416,0,0,-0.1,-10.7,-3.4,1.03,0.18,-0.04
3184,15.915,15.915001,16.029999,0.001311,9.999999992516e-07,0,0,-10.6,-2.9,1.03,0.16,-0.04
3185,15.92,15.92,16.035133,0.001445,0,0,-0.2,-10.7,-3,1.03,0.18,-0.04
3186,15.925,15.925001,16.04119,0.002502,9.999999992516e-07,0,-0.2,-10.7,-3,1.04,0.17,-0.05
3187,15.93,15.93,16.046047,0.00236,0,0,-0.2,-10.7,-2.9,1.04,0.17,-0.04
3188,15.935,15.935,16.050063,0.001375,0,0,-0.2,-10.7,-3,1.03,0.17,-0.04
3189,15.94,15.94,16.055162,0.001474,0,0,-0.1,-10.8,-3.3,1.03,0.18,-0.04
3190,15.945,15.945,16.061078,0.002391,0,0,-0.3,-10.8,-3.7,1.03,0.19,-0.05
3191,15.95,15.950001,16.065002,0.001314,9.999999992516e-07,0,-0.3,-10.8,-3.8,1.03,0.19,-0.05
3192,15.955,15.955,16.070115,0.001428,0,0,-0.3,-10.8,-3.3,1.04,0.19,-0.05
3193,15.96,15.96,16.076207,0.002519,0,0,-0.3,-10.8,-3.4,1.03,0.19,-0.04
3194,15.965,15.965,16.080063,0.001376,0,0,-0.2,-10.9,-3,1.03,0.18,-0.04
3195,15.97,15.97,16.085072,0.001385,0,0,-0.2,-10.8,-3.4,1.03,0.19,-0.04
3196,15.975,15.975,16.09112,0.002433,0,0,-0.4,-10.8,-3.7,1.03,0.19,-0.04
3197,15.98,15.98,16.09607,0.002383,0,0,-0.4,-10.8,-3.9,1.03,0.19,-0.05
3198,15.985,15.985001,16.100085,0.001397,9.999999992516e-07,0,-0.5,-10.8,-3.3,1.04,0.19,-0.05
3199,15.99,15.99,16.106294,0.002607,0,0,-0.4,-10.8,-3.1,1.04,0.19,-0.04
3200,15.995,15.995001,16.111185,0.002498,9.999999992516e-07,0,-0.2,-10.8,-3.3,1.04,0.19,-0.04
3201,16,16,16.115082,0.001396,0,0,-0.3,-10.8,-2.8,1.04,0.18,-0.04
3202,16.005,16.005,16.120112,0.001425,0,0,-0.1,-10.8,-2.4,1.04,0.17,-0.04
3203,16.01,16.01,16.126089,0.002402,0,0,-0.1,-10.8,-3,1.04,0.18,-0.04
3204,16.015,16.015,16.130002,0.001315,0,0,-0.2,-10.9,-3,1.04,0.18,-0.04
3205,16.02,16.02,16.135076,0.001389,0,0,0,-10.8,-2,1.04,0.16,-0.04
3206,16.025,16.025,16.141035,0.002348,0,0,0,-10.8,-2.3,1.04,0.16,-0.04
3207,16.03,16.03,16.146034,0.002347,0,0,-0.2,-10.8,-3.2,1.03,0.18,-0.04
3208,16.035,16.035,16.150102,0.001415,0,0,-0.2,-10.9,-3.6,1.03,0.19,-0.05
3209,16.04,16.04,16.155214,0.001526,0,0,-0.1,-10.7,-3.4,1.03,0.18,-0.04
3210,16.045,16.045,16.161058,0.002371,0,0,0,-10.7,-3.3,1.03,0.18,-0.04
3211,16.05,16.05,16.165027,0.00134,0,0,-0.1,-10.7,-3.1,1.03,0.18,-0.04
3212,16.055,16.055,16.170111,0.001424,0,0,-0.1,-10.6,-3.2,1.03,0.17,-0.04
3213,16.06,16.06,16.176093,0.002406,0,0,0,-10.7,-2.6,1.03,0.17,-0.03
3214,16.065,16.065,16.180024,0.001337,0,0,0,-10.7,-2.2,1.03,0.17,-0.03
3215,16.07,16.07,16.185127,0.00144,0,0,-0.2,-10.8,-2.7,1.03,0.18,-0.04
3216,16.075,16.075,16.191123,0.002436,0,0,-0.1,-10.7,-2.8,1.04,0.17,-0.04
3217,16.08,16.080001,16.195043,0.001356,9.99999997475243e-07,0,-0.2,-10.8,-3.4,1.03,0.19,-0.04
3218,16.085,16.085,16.200108,0.00142,0,0,-0.3,-10.8,-2.7,1.04,0.18,-0.04
3219,16.09,16.09,16.206125,0.002439,0,0,-0.4,-10.8,-2.9,1.03,0.18,-0.04
3220,16.095,16.095,16.211087,0.002399,0,0,-0.1,-10.7,-2.5,1.04,0.16,-0.04
3221,16.1,16.1,16.215031,0.001345,0,0,-0.2,-10.7,-3.2,1.03,0.17,-0.05
3222,16.105,16.105,16.220237,0.00155,0,0,-0.1,-10.7,-3.2,1.04,0.17,-0.04
3223,16.11,16.11,16.226065,0.002378,0,0,-0.1,-10.5,-3.9,1.03,0.17,-0.05
3224,16.115,16.115001,16.23011,0.001423,9.99999997475243e-07,0,-0.1,-10.6,-3.6,1.03,0.17,-0.04
3225,16.12,16.12,16.235105,0.001417,0,0,0,-10.6,-3.7,1.03,0.17,-0.05
3226,16.125,16.125,16.241166,0.002479,0,0,-0.1,-10.6,-3.1,1.03,0.17,-0.04
3227,16.13,16.13,16.245059,0.001373,0,0,-0.4,-10.6,-3.1,1.04,0.18,-0.04
3228,16.135,16.135,16.250064,0.001377,0,0,-0.3,-10.6,-3.2,1.04,0.18,-0.05
3229,16.14,16.14,16.256096,0.00241,0,0,-0.2,-10.7,-3.8,1.03,0.19,-0.04
3230,16.145,16.145,16.261035,0.002348,0,0,-0.2,-10.7,-3.7,1.03,0.19,-0.04
3231,16.15,16.15,16.265021,0.001334,0,0,-0.2,-10.8,-3,1.03,0.18,-0.04
3232,16.155,16.155,16.271102,0.002414,0,0,-0.2,-10.8,-3.1,1.03,0.18,-0.04
3233,16.16,16.16,16.276046,0.002358,0,0,-0.2,-10.8,-3,1.04,0.18,-0.04
3234,16.165,16.165,16.280009,0.001322,0,0,-0.1,-10.8,-3.1,1.03,0.18,-0.04
3235,16.17,16.17,16.28526,0.001573,0,0,-0.1,-10.8,-2.7,1.04,0.17,-0.04
3236,16.175,16.175,16.291049,0.002363,0,0,-0.2,-10.8,-3.4,1.03,0.18,-0.05
3237,16.18,16.18,16.29503,0.001343,0,0,-0.2,-10.7,-3,1.04,0.18,-0.05
3238,16.185,16.185,16.300092,0.001405,0,0,-0.1,-10.7,-3.2,1.04,0.18,-0.05
3239,16.19,16.19,16.306248,0.002562,0,0,-0.1,-10.8,-3.8,1.03,0.19,-0.05
3240,16.195,16.195,16.311128,0.00244,0,0,-0.1,-10.8,-3.6,1.03,0.19,-0.04
3241,16.2,16.2,16.315046,0.001359,0,0,-0.4,-10.9,-3.4,1.04,0.19,-0.04
3242,16.205,16.205001,16.321042,0.002353,9.99999997475243e-07,0,-0.4,-10.8,-3.2,1.03,0.19,-0.04
3243,16.21,16.21,16.325016,0.001329,0,0,-0.3,-10.9,-3.1,1.03,0.19,-0.04
3244,16.215,16.215,16.330071,0.001384,0,0,-0.2,-10.8,-3.1,1.04,0.18,-0.04
3245,16.22,16.22,16.336116,0.002429,0,0,-0.2,-10.8,-2.1,1.04,0.16,-0.03
3246,16.225,16.225,16.340081,0.001394,0,0,-0.3,-10.8,-2.2,1.04,0.17,-0.04
3247,16.23,16.23,16.345083,0.001395,0,0,-0.3,-10.8,-2.4,1.04,0.18,-0.04
3248,16.235,16.235,16.351164,0.002477,0,0,-0.3,-10.7,-2.7,1.04,0.19,-0.04
3249,16.24,16.240001,16.35611,0.002422,9.99999997475243e-07,0,-0.4,-10.7,-2.7,1.03,0.19,-0.04
3250,16.245,16.245,16.360054,0.001367,0,0,-0.2,-10.7,-2.3,1.04,0.17,-0.04
3251,16.25,16.25,16.365228,0.001542,0,0,-0.2,-10.8,-2.5,1.04,0.17,-0.03
3252,16.255,16.255,16.371023,0.002336,0,0,-0.1,-10.7,-2.6,1.04,0.16,-0.04
3253,16.26,16.26,16.375122,0.001434,0,0,-0.1,-10.8,-2.8,1.03,0.17,-0.04
3254,16.265,16.265,16.380036,0.001349,0,0,-0.2,-10.8,-2.6,1.03,0.18,-0.04
3255,16.27,16.27,16.386201,0.002515,0,0,-0.2,-10.8,-2.7,1.03,0.18,-0.04
3256,16.275,16.275,16.391094,0.002407,0,0,-0.1,-10.7,-3.3,1.02,0.19,-0.04
3257,16.28,16.28,16.395069,0.001382,0,0,-0.2,-10.8,-2.6,1.03,0.18,-0.04
3258,16.285,16.285,16.401152,0.002465,0,0,-0.1,-10.8,-2.2,1.03,0.17,-0.04
3259,16.29,16.29,16.405073,0.001387,0,0,-0.1,-10.8,-1.8,1.04,0.16,-0.04
3260,16.295,16.295,16.410074,0.001387,0,0,-0.2,-10.8,-2.1,1.04,0.17,-0.04
3261,16.3,16.3,16.416163,0.002476,0,0,-0.3,-10.9,-2,1.04,0.17,-0.04
3262,16.305,16.305,16.420017,0.00133,0,0,-0.4,-10.9,-2.3,1.04,0.18,-0.04
3263,16.31,16.310001,16.425035,0.001347,1.00000000102796e-06,0,-0.4,-10.8,-2.5,1.04,0.18,-0.04
3264,16.315,16.315,16.431083,0.002397,0,0,-0.5,-10.8,-2.9,1.04,0.19,-0.04
3265,16.32,16.32,16.436058,0.002371,0,0,-0.4,-10.8,-2.5,1.04,0.18,-0.03
3266,16.325,16.325001,16.441247,0.00256,1.00000000102796e-06,0,-0.5,-10.8,-2.3,1.04,0.18,-0.04
3267,16.33,16.330001,16.44512,0.001431,9.99999997475243e-07,0,-0.4,-10.7,-2.1,1.04,0.18,-0.04
3268,16.335,16.335,16.451148,0.002462,0,0,-0.3,-10.8,-2.4,1.04,0.18,-0.04
3269,16.34,16.34,16.45608,0.002393,0,0,-0.4,-10.7,-3,1.03,0.2,-0.03
3270,16.345,16.345,16.460025,0.001338,0,0,-0.3,-10.9,-2.6,1.04,0.19,-0.04
3271,16.35,16.35,16.46608,0.002393,0,0,-0.3,-10.8,-3,1.04,0.18,-0.04
3272,16.355,16.355,16.470039,0.001352,0,0,-0.3,-10.8,-3.5,1.04,0.19,-0.05
3273,16.36,16.36,16.475104,0.001416,0,0,-0.1,-10.8,-3.2,1.03,0.18,-0.04
3274,16.365,16.365001,16.481098,0.00241,9.99999997475243e-07,0,-0.1,-10.8,-3.2,1.03,0.19,-0.04
3275,16.37,16.37,16.486144,0.002457,0,0,-0.2,-10.8,-3,1.03,0.19,-0.04
3276,16.375,16.375,16.490091,0.001404,0,0,-0.3,-10.7,-2.8,1.03,0.19,-0.04
3277,16.38,16.38,16.496064,0.002377,0,0,-0.2,-10.6,-2.8,1.04,0.18,-0.03
3278,16.385,16.385,16.500166,0.001479,0,0,-0.3,-10.7,-3.2,1.03,0.19,-0.04
3279,16.39,16.39,16.505068,0.001381,0,0,-0.3,-10.8,-3.4,1.03,0.2,-0.04
3280,16.395,16.395,16.511116,0.002429,0,0,-0.5,-10.8,-3.3,1.04,0.2,-0.04
3281,16.4,16.4,16.516103,0.002416,0,0,-0.4,-10.8,-2.9,1.04,0.19,-0.04
3282,16.405,16.405,16.520078,0.001391,0,0,-0.4,-10.8,-3.2,1.04,0.19,-0.04
3283,16.41,16.41,16.526243,0.002557,0,0,-0.3,-10.7,-2.9,1.04,0.18,-0.04
3284,16.415,16.415,16.531096,0.002409,0,0,-0.3,-10.6,-2.4,1.04,0.17,-0.04
3285,16.42,16.42,16.535023,0.001336,0,0,-0.1,-10.6,-2.5,1.03,0.16,-0.04
3286,16.425,16.425,16.540186,0.001499,0,0,-0.2,-10.7,-2.1,1.04,0.16,-0.04
3287,16.43,16.43,16.546102,0.002415,0,0,-0.1,-10.8,-2.9,1.03,0.17,-0.04
3288,16.435,16.435,16.550172,0.001485,0,0,-0.2,-10.8,-2.4,1.03,0.17,-0.04
3289,16.44,16.44,16.555157,0.00147,0,0,-0.3,-10.7,-2.5,1.04,0.17,-0.04
3290,16.445,16.445,16.561109,0.002422,0,0,-0.3,-10.7,-2.4,1.04,0.17,-0.04
3291,16.45,16.45,16.56504,0.001353,0,0,-0.3,-10.7,-2.4,1.04,0.17,-0.04
3292,16.455,16.455001,16.570056,0.001368,9.99999997475243e-07,0,-0.2,-10.8,-2.3,1.04,0.17,-0.04
3293,16.46,16.46,16.576188,0.002501,0,0,-0.3,-10.7,-3.4,1.04,0.19,-0.04
3294,16.465,16.465,16.581066,0.002379,0,0,-0.2,-10.7,-2.9,1.04,0.18,-0.05
3295,16.47,16.47,16.585027,0.00134,0,0,-0.4,-10.7,-3.3,1.04,0.19,-0.05
3296,16.475,16.475,16.591083,0.002396,0,0,-0.3,-10.7,-3.2,1.03,0.19,-0.04
3297,16.48,16.48,16.596075,0.002387,0,0,-0.3,-10.7,-2.7,1.04,0.18,-0.04
3298,16.485,16.485,16.600009,0.001323,0,0,-0.3,-10.8,-2.9,1.04,0.18,-0.04
3299,16.49,16.490001,16.6052,0.001511,9.99999997475243e-07,0,-0.3,-10.7,-2.4,1.04,0.18,-0.03
3300,16.495,16.495,16.611104,0.002417,0,0,-0.4,-10.7,-2.6,1.03,0.18,-0.04
3301,16.5,16.5,16.615148,0.001461,0,0,-0.3,-10.6,-2.9,1.03,0.18,-0.04
3302,16.505,16.505,16.620068,0.001381,0,0,-0.3,-10.6,-3.1,1.03,0.18,-0.04
3303,16.51,16.51,16.626069,0.002382,0,0,-0.2,-10.7,-3.1,1.03,0.18,-0.04
3304,16.515,16.515,16.630005,0.001318,0,0,-0.3,-10.8,-2.6,1.04,0.18,-0.04
3305,16.52,16.52,16.635168,0.001481,0,0,-0.4,-10.7,-3,1.04,0.18,-0.04
3306,16.525,16.525,16.641168,0.00248,0,0,-0.4,-10.7,-3,1.03,0.19,-0.04
3307,16.53,16.53,16.646034,0.002346,0,0,-0.4,-10.8,-2.7,1.04,0.19,-0.04
3308,16.535,16.535,16.650135,0.001449,0,0,-0.4,-10.8,-2.8,1.04,0.19,-0.04
3309,16.54,16.54,16.656072,0.002385,0,0,-0.3,-10.7,-1.9,1.04,0.17,-0.04
3310,16.545,16.545,16.661043,0.002356,0,0,-0.3,-10.8,-2,1.05,0.17,-0.04
3311,16.55,16.55,16.665223,0.001537,0,0,-0.2,-10.8,-2.5,1.04,0.18,-0.04
3312,16.555,16.555,16.671068,0.002381,0,0,-0.3,-10.7,-2.9,1.04,0.18,-0.04
3313,16.56,16.56,16.675147,0.001461,0,0,-0.3,-10.8,-2.9,1.04,0.19,-0.04
3314,16.565,16.565,16.680043,0.001356,0,0,-0.2,-10.8,-2.7,1.04,0.18,-0.04
3315,16.57,16.57,16.686226,0.002539,0,0,-0.3,-10.7,-2.9,1.04,0.18,-0.04
3316,16.575,16.575,16.691046,0.002358,0,0,-0.4,-10.8,-3.4,1.04,0.19,-0.04
3317,16.58,16.580001,16.695044,0.001356,9.99999997475243e-07,0,-0.3,-10.7,-3,1.04,0.18,-0.04
3318,16.585,16.585,16.701028,0.002341,0,0,-0.3,-10.7,-2.8,1.04,0.18,-0.04
3319,16.59,16.59,16.706048,0.002362,0,0,-0.2,-10.8,-2.9,1.04,0.18,-0.04
3320,16.595,16.595,16.710045,0.001358,0,0,-0.3,-10.8,-3,1.04,0.18,-0.04
3321,16.6,16.6,16.715074,0.001387,0,0,-0.3,-10.8,-3.3,1.03,0.19,-0.04
3322,16.605,16.605,16.721077,0.00239,0,0,-0.3,-10.7,-3.3,1.03,0.19,-0.05
3323,16.61,16.61,16.725096,0.001409,0,0,-0.3,-10.8,-3.2,1.03,0.19,-0.04
3324,16.615,16.615001,16.730031,0.001343,9.99999997475243e-07,0,-0.2,-10.8,-3,1.03,0.19,-0.04
3325,16.62,16.62,16.736052,0.002365,0,0,-0.3,-10.9,-2.7,1.04,0.18,-0.03
3326,16.625,16.625,16.741195,0.002508,0,0,-0.4,-10.9,-2.8,1.04,0.19,-0.04
3327,16.63,16.63,16.745035,0.001348,0,0,-0.3,-10.9,-3.2,1.04,0.19,-0.05
3328,16.635,16.635,16.750293,0.001606,0,0,-0.3,-10.9,-3.4,1.04,0.19,-0.04
3329,16.64,16.64,16.756033,0.002346,0,0,-0.4,-10.8,-3.6,1.03,0.2,-0.04
3330,16.645,16.645,16.760145,0.001457,0,0,-0.5,-10.8,-3.7,1.03,0.2,-0.04
3331,16.65,16.65,16.765088,0.001401,0,0,-0.4,-10.8,-3.6,1.03,0.2,-0.04
3332,16.655,16.655,16.771065,0.002378,0,0,-0.4,-10.8,-3.2,1.03,0.19,-0.04
3333,16.66,16.66,16.775109,0.001422,0,0,-0.2,-10.8,-3.5,1.02,0.19,-0.04
3334,16.665,16.665,16.780043,0.001355,0,0,-0.4,-10.8,-3.4,1.03,0.2,-0.04
3335,16.67,16.67,16.7861,0.002412,0,0,-0.3,-10.8,-2.9,1.03,0.18,-0.04
3336,16.675,16.675,16.791066,0.002379,0,0,-0.2,-10.7,-3.1,1.03,0.18,-0.04
3337,16.68,16.68,16.795048,0.001362,0,0,-0.3,-10.8,-2.7,1.03,0.18,-0.04
3338,16.685,16.685,16.801099,0.002412,0,0,-0.2,-10.7,-2.7,1.04,0.18,-0.04
3339,16.69,16.69,16.806237,0.00255,0,0,-0.2,-10.7,-2.5,1.04,0.17,-0.04
3340,16.695,16.695,16.810064,0.001377,0,0,-0.1,-10.7,-2.4,1.04,0.17,-0.03
3341,16.7,16.7,16.815129,0.001442,0,0,-0.3,-10.8,-3,1.04,0.19,-0.04
3342,16.705,16.705001,16.82119,0.002503,9.99999997475243e-07,0,-0.4,-10.8,-3,1.03,0.19,-0.04
3343,16.71,16.71,16.825064,0.001377,0,0,-0.5,-10.8,-3.3,1.03,0.19,-0.04
3344,16.715,16.715,16.830042,0.001355,0,0,-0.4,-10.8,-3.4,1.03,0.19,-0.04
3345,16.72,16.72,16.836072,0.002386,0,0,-0.3,-10.8,-3.1,1.03,0.18,-0.04
3346,16.725,16.725,16.840155,0.001468,0,0,-0.3,-10.9,-3.5,1.03,0.19,-0.04
3347,16.73,16.73,16.845074,0.001386,0,0,-0.3,-10.7,-3.5,1.03,0.18,-0.05
3348,16.735,16.735,16.851077,0.00239,0,0,-0.3,-10.7,-3.8,1.03,0.19,-0.05
3349,16.74,16.740001,16.856101,0.002413,9.99999997475243e-07,0,-0.3,-10.8,-3.3,1.04,0.18,-0.05
3350,16.745,16.745,16.860053,0.001366,0,0,-0.3,-10.8,-2.9,1.04,0.18,-0.05
3351,16.75,16.75,16.865104,0.001417,0,0,-0.3,-10.8,-2.5,1.04,0.18,-0.04
3352,16.755,16.755,16.871183,0.002496,0,0,-0.3,-10.8,-3,1.04,0.19,-0.04
3353,16.76,16.76,16.875059,0.001373,0,0,-0.4,-10.8,-3.2,1.03,0.19,-0.04
3354,16.765,16.765,16.880041,0.001353,0,0,-0.5,-10.8,-3.5,1.03,0.2,-0.04
3355,16.77,16.77,16.886034,0.002347,0,0,-0.3,-10.8,-3.1,1.03,0.19,-0.04
3356,16.775,16.775,16.891021,0.002334,0,0,-0.2,-10.7,-3,1.03,0.17,-0.04
3357,16.78,16.78,16.895042,0.001355,0,0,-0.3,-10.7,-3.6,1.03,0.18,-0.04
3358,16.785,16.785,16.900311,0.001623,0,0,-0.2,-10.7,-3.7,1.03,0.19,-0.05
3359,16.79,16.79,16.906126,0.002439,0,0,-0.2,-10.7,-3.3,1.03,0.19,-0.04
3360,16.795,16.795,16.910091,0.001403,0,0,-0.5,-10.7,-3.4,1.02,0.2,-0.04
3361,16.8,16.8,16.915154,0.001467,0,0,-0.4,-10.7,-3.2,1.03,0.19,-0.04
3362,16.805,16.805,16.921159,0.002473,0,0,-0.3,-10.7,-3.3,1.03,0.19,-0.04
3363,16.81,16.81,16.925098,0.001411,0,0,-0.3,-10.7,-3.4,1.03,0.19,-0.04
3364,16.815,16.815,16.930034,0.001347,0,0,-0.3,-10.8,-3.7,1.03,0.19,-0.04
3365,16.82,16.82,16.936193,0.002506,0,0,-0.3,-10.7,-3.3,1.03,0.19,-0.04
3366,16.825,16.825,16.941159,0.002472,0,0,-0.4,-10.8,-3.1,1.03,0.19,-0.04
3367,16.83,16.830001,16.945062,0.001373,9.99999997475243e-07,0,-0.4,-10.8,-2.7,1.04,0.18,-0.04
3368,16.835,16.835,16.95103,0.002343,0,0,-0.4,-10.8,-3.1,1.03,0.19,-0.04
3369,16.84,16.84,16.956149,0.002463,0,0,-0.3,-10.8,-2.8,1.04,0.18,-0.04
3370,16.845,16.845,16.960065,0.001378,0,0,-0.3,-10.7,-3,1.03,0.19,-0.04
3371,16.85,16.85,16.965093,0.001406,0,0,-0.4,-10.7,-3.3,1.03,0.19,-0.04
3372,16.855,16.855,16.971064,0.002377,0,0,-0.4,-10.6,-3.5,1.03,0.19,-0.04
3373,16.86,16.86,16.975044,0.001357,0,0,-0.4,-10.7,-3.3,1.03,0.19,-0.04
3374,16.865,16.865001,16.980025,0.001336,9.99999997475243e-07,0,-0.4,-10.8,-3.7,1.03,0.19,-0.04
3375,16.87,16.87,16.986124,0.002437,0,0,-0.5,-10.9,-3.6,1.02,0.2,-0.04
3376,16.875,16.875,16.990048,0.001361,0,0,-0.5,-10.8,-3.2,1.03,0.2,-0.04
3377,16.88,16.88,16.995073,0.001385,0,0,-0.4,-10.8,-3.1,1.03,0.19,-0.04
3378,16.885,16.885,17.001105,0.002418,0,0,-0.4,-10.8,-3.2,1.03,0.19,-0.04
3379,16.89,16.89,17.006152,0.002466,0,0,-0.3,-10.9,-3.4,1.03,0.19,-0.04
3380,16.895,16.895001,17.010155,0.001466,1.00000000102796e-06,0,-0.4,-10.9,-3.4,1.03,0.19,-0.04
3381,16.9,16.9,17.016081,0.002395,0,0,-0.2,-10.9,-3.6,1.03,0.19,-0.05
3382,16.905,16.905,17.021029,0.002342,0,0,-0.3,-10.9,-3.1,1.03,0.19,-0.04
3383,16.91,16.91,17.025075,0.001393,0,0,-0.4,-10.9,-3,1.04,0.18,-0.04
3384,16.915,16.915,17.030304,0.001616,0,0,-0.4,-10.9,-3.1,1.04,0.19,-0.04
3385,16.92,16.92,17.036098,0.002411,0,0,-0.3,-10.9,-2.9,1.04,0.18,-0.04
3386,16.925,16.925,17.040122,0.001435,0,0,-0.4,-10.9,-2.9,1.04,0.19,-0.04
3387,16.93,16.93,17.045116,0.001428,0,0,-0.3,-10.8,-3.1,1.04,0.19,-0.05
3388,16.935,16.935,17.051045,0.002358,0,0,-0.3,-10.8,-3.9,1.03,0.2,-0.05
3389,16.94,16.94,17.055171,0.001485,0,0,-0.3,-10.7,-3.7,1.03,0.19,-0.04
3390,16.945,16.945,17.060063,0.001375,0,0,-0.3,-10.8,-4.1,1.02,0.19,-0.04
3391,16.95,16.95,17.065128,0.001441,0,0,-0.4,-10.9,-3.8,1.03,0.2,-0.04
3392,16.955,16.955001,17.07108,0.002392,9.99999997475243e-07,0,-0.4,-10.8,-4.1,1.03,0.2,-0.04
3393,16.96,16.96,17.075041,0.001354,0,0,-0.3,-10.8,-3.7,1.03,0.2,-0.04
3394,16.965,16.965,17.080133,0.001446,0,0,-0.2,-10.8,-3.3,1.03,0.19,-0.04
3395,16.97,16.97,17.086114,0.002427,0,0,-0.3,-10.8,-2.8,1.04,0.18,-0.04
3396,16.975,16.975,17.091024,0.002337,0,0,-0.3,-10.8,-3,1.04,0.18,-0.04
3397,16.98,16.98,17.095028,0.001341,0,0,-0.3,-10.8,-2.6,1.04,0.17,-0.04
3398,16.985,16.985,17.100167,0.00148,0,0,-0.3,-10.8,-2.1,1.04,0.17,-0.04
3399,16.99,16.990001,17.106103,0.002415,9.99999997475243e-07,0,-0.2,-10.8,-2,1.04,0.17,-0.04
3400,16.995,16.995,17.110064,0.001377,0,0,-0.2,-10.8,-2.6,1.03,0.17,-0.04
3401,17,17,17.115079,0.001392,0,0,-0.1,-10.7,-3,1.03,0.17,-0.04
3402,17.005,17.005,17.120294,0.001606,0,0,-0.2,-10.8,-2.8,1.03,0.18,-0.04
3403,17.01,17.01,17.126277,0.002591,0,0,-0.3,-10.8,-2.8,1.03,0.18,-0.04
3404,17.015,17.015,17.130081,0.001394,0,0,-0.5,-10.8,-2.9,1.04,0.19,-0.04
3405,17.02,17.02,17.135195,0.001508,0,0,-0.5,-10.8,-2.8,1.04,0.19,-0.04
3406,17.025,17.025,17.141217,0.002529,0,0,-0.3,-10.7,-2.5,1.04,0.18,-0.04
3407,17.03,17.03,17.146198,0.00251,0,0,-0.4,-10.8,-3.1,1.03,0.18,-0.04
3408,17.035,17.035,17.150145,0.001458,0,0,-0.3,-10.8,-3.2,1.03,0.18,-0.04
3409,17.04,17.04,17.15515,0.001463,0,0,-0.4,-10.8,-3.3,1.03,0.18,-0.04
3410,17.045,17.045,17.161104,0.002417,0,0,-0.4,-10.8,-2.9,1.04,0.18,-0.04
3411,17.05,17.05,17.165043,0.001356,0,0,-0.3,-10.7,-3.7,1.03,0.19,-0.04
3412,17.055,17.055,17.170045,0.001358,0,0,-0.3,-10.7,-3.6,1.03,0.19,-0.04
3413,17.06,17.06,17.176125,0.002438,0,0,-0.5,-10.9,-3.7,1.03,0.21,-0.05
3414,17.065,17.065,17.18106,0.002373,0,0,-0.4,-10.8,-3.4,1.03,0.19,-0.05
3415,17.07,17.07,17.185044,0.001357,0,0,-0.1,-10.7,-2.7,1.04,0.16,-0.04
3416,17.075,17.075,17.190091,0.001405,0,0,0,-10.7,-3.1,1.04,0.16,-0.04
3417,17.08,17.080001,17.196122,0.002433,9.99999997475243e-07,0,0,-10.7,-3.1,1.04,0.17,-0.04
3418,17.085,17.085,17.200021,0.001334,0,0,0,-10.6,-3.2,1.03,0.17,-0.04
3419,17.09,17.09,17.205138,0.001452,0,0,-0.2,-10.7,-3.8,1.03,0.19,-0.04
3420,17.095,17.095,17.211132,0.002445,0,0,-0.2,-10.7,-3.5,1.03,0.18,-0.04
3421,17.1,17.1,17.216113,0.002425,0,0,-0.4,-10.8,-3.3,1.04,0.19,-0.04
3422,17.105,17.105,17.220081,0.001394,0,0,-0.4,-10.8,-2.9,1.04,0.19,-0.04
3423,17.11,17.11,17.225155,0.001468,0,0,-0.1,-10.6,-2.9,1.04,0.17,-0.04
3424,17.115,17.115001,17.231043,0.002354,9.99999997475243e-07,0,-0.1,-10.7,-2.8,1.03,0.17,-0.04
3425,17.12,17.12,17.235053,0.001366,0,0,-0.1,-10.8,-2.5,1.03,0.17,-0.04
3426,17.125,17.125,17.240083,0.001395,0,0,-0.1,-10.7,-3,1.03,0.18,-0.04
3427,17.13,17.13,17.246035,0.002348,0,0,-0.1,-10.7,-3.1,1.03,0.18,-0.04
3428,17.135,17.135,17.25106,0.002373,0,0,-0.1,-10.7,-3.8,1.02,0.18,-0.05
3429,17.14,17.14,17.255093,0.001405,0,0,-0.2,-10.8,-3.5,1.03,0.18,-0.04
3430,17.145,17.145,17.260152,0.001464,0,0,-0.2,-10.8,-3.9,1.03,0.19,-0.05
3431,17.15,17.150001,17.266046,0.002359,9.99999997475243e-07,0,-0.4,-10.9,-3.1,1.03,0.19,-0.04
3432,17.155,17.155,17.270015,0.001328,0,0,-0.4,-10.9,-3.5,1.03,0.2,-0.05
3433,17.16,17.16,17.275075,0.001388,0,0,-0.4,-10.8,-2.4,1.04,0.19,-0.04
3434,17.165,17.165,17.281065,0.002378,0,0,-0.4,-10.8,-2.3,1.04,0.19,-0.04
3435,17.17,17.17,17.285194,0.001507,0,0,-0.3,-10.8,-3.2,1.03,0.19,-0.04
3436,17.175,17.175,17.290079,0.001392,0,0,-0.3,-10.7,-3.4,1.03,0.19,-0.05
3437,17.18,17.18,17.296063,0.002376,0,0,-0.3,-10.7,-3.2,1.03,0.19,-0.04
3438,17.185,17.185,17.301057,0.00237,0,0,-0.2,-10.7,-3.3,1.03,0.19,-0.04
3439,17.19,17.19,17.305068,0.001381,0,0,-0.2,-10.7,-3,1.03,0.18,-0.04
3440,17.195,17.195,17.311081,0.002393,0,0,-0.2,-10.7,-3.6,1.03,0.19,-0.04
3441,17.2,17.2,17.31603,0.002343,0,0,-0.3,-10.8,-3.4,1.03,0.19,-0.04
3442,17.205,17.205001,17.320018,0.00133,9.99999997475243e-07,0,-0.3,-10.7,-3.1,1.03,0.18,-0.04
3443,17.21,17.21,17.325123,0.001436,0,0,-0.3,-10.7,-3.2,1.03,0.18,-0.05
3444,17.215,17.215,17.331097,0.00241,0,0,-0.3,-10.7,-3.6,1.04,0.19,-0.05
3445,17.22,17.22,17.335145,0.001457,0,0,-0.3,-10.7,-3.1,1.04,0.18,-0.04
3446,17.225,17.225001,17.340314,0.001625,9.99999997475243e-07,0,-0.3,-10.8,-3.2,1.04,0.18,-0.04
3447,17.23,17.23,17.346098,0.002412,0,0,-0.2,-10.7,-2.7,1.04,0.17,-0.04
3448,17.235,17.235,17.350206,0.001519,0,0,-0.1,-10.8,-2.6,1.04,0.17,-0.04
3449,17.24,17.240001,17.355112,0.001424,9.99999997475243e-07,0,-0.2,-10.9,-2.1,1.04,0.17,-0.03
3450,17.245,17.245,17.361102,0.002415,0,0,-0.2,-10.8,-2.3,1.04,0.17,-0.04
3451,17.25,17.25,17.366109,0.002422,0,0,0,-10.8,-2.6,1.04,0.17,-0.04
3452,17.255,17.255,17.37013,0.001443,0,0,0,-10.7,-2.3,1.04,0.16,-0.04
3453,17.26,17.26,17.375172,0.001484,0,0,-0.1,-10.8,-2.6,1.04,0.18,-0.04
3454,17.265,17.265,17.381055,0.002368,0,0,-0.2,-10.8,-2.7,1.04,0.17,-0.04
3455,17.27,17.27,17.385038,0.001351,0,0,-0.1,-10.8,-2.3,1.04,0.17,-0.03
3456,17.275,17.275001,17.390103,0.001414,9.99999997475243e-07,0,-0.2,-10.8,-2.7,1.04,0.17,-0.04
3457,17.28,17.28,17.39606,0.002373,0,0,-0.2,-10.8,-2,1.05,0.16,-0.04
3458,17.285,17.285,17.401181,0.002495,0,0,-0.2,-10.8,-2.1,1.05,0.17,-0.04
3459,17.29,17.29,17.405106,0.00142,0,0,-0.2,-10.7,-3,1.04,0.18,-0.04
3460,17.295,17.295,17.410501,0.001814,0,0,-0.4,-10.8,-3.4,1.03,0.19,-0.04
3461,17.3,17.3,17.416073,0.002385,0,0,-0.2,-10.7,-2.6,1.04,0.17,-0.04
3462,17.305,17.305,17.420084,0.001397,0,0,-0.2,-10.7,-2.4,1.04,0.17,-0.04
3463,17.31,17.31,17.425132,0.001445,0,0,-0.2,-10.9,-2.4,1.04,0.17,-0.03
3464,17.315,17.315,17.431098,0.002411,0,0,-0.2,-10.8,-2.3,1.04,0.17,-0.04
3465,17.32,17.32,17.43505,0.001363,0,0,-0.3,-10.8,-2.6,1.04,0.18,-0.04
3466,17.325,17.325,17.441079,0.002391,0,0,-0.3,-10.8,-2.4,1.05,0.17,-0.04
3467,17.33,17.330001,17.446099,0.002411,9.99999997475243e-07,0,-0.4,-10.7,-2.5,1.05,0.17,-0.04
3468,17.335,17.335,17.450193,0.001506,0,0,-0.2,-10.7,-2.9,1.04,0.17,-0.04
3469,17.34,17.34,17.455298,0.00161,0,0,-0.3,-10.7,-2.6,1.05,0.16,-0.04
3470,17.345,17.345,17.461139,0.002453,0,0,-0.3,-10.7,-2.5,1.04,0.17,-0.04
3471,17.35,17.35,17.46611,0.002423,0,0,-0.4,-10.7,-2.3,1.04,0.18,-0.04
3472,17.355,17.355,17.470185,0.001497,0,0,-0.5,-10.7,-2.5,1.04,0.17,-0.04
3473,17.36,17.36,17.475233,0.001545,0,0,-0.3,-10.7,-2.8,1.04,0.17,-0.04
3474,17.365,17.365001,17.48116,0.002472,9.99999997475243e-07,0,-0.2,-10.7,-3.1,1.04,0.17,-0.04
3475,17.37,17.37,17.485026,0.001338,0,0,-0.3,-10.7,-3.5,1.04,0.18,-0.04
3476,17.375,17.375,17.490142,0.001455,0,0,-0.4,-10.8,-2.7,1.05,0.18,-0.04
3477,17.38,17.38,17.496132,0.002445,0,0,-0.4,-10.7,-3.2,1.04,0.18,-0.05
3478,17.385,17.385,17.500013,0.001326,0,0,-0.5,-10.7,-2.9,1.04,0.18,-0.05
3479,17.39,17.39,17.50507,0.001383,0,0,-0.4,-10.7,-3.3,1.04,0.19,-0.04
3480,17.395,17.395,17.511099,0.002412,0,0,-0.3,-10.8,-3.5,1.04,0.18,-0.05
3481,17.4,17.400001,17.516054,0.002366,9.99999997475243e-07,0,-0.4,-10.8,-3.8,1.03,0.2,-0.05
3482,17.405,17.405,17.520003,0.001315,0,0,-0.4,-10.7,-3.3,1.03,0.19,-0.05
3483,17.41,17.41,17.525334,0.001646,0,0,-0.2,-10.7,-3.1,1.03,0.19,-0.04
3484,17.415,17.415,17.531114,0.002427,0,0,-0.3,-10.7,-3.5,1.03,0.19,-0.05
3485,17.42,17.42,17.535064,0.001377,0,0,-0.3,-10.7,-2.9,1.03,0.18,-0.04
3486,17.425,17.425,17.54017,0.001484,0,0,-0.2,-10.8,-3.1,1.03,0.19,-0.04
3487,17.43,17.43,17.546221,0.002533,0,0,-0.3,-10.9,-2.8,1.03,0.19,-0.04
3488,17.435,17.435,17.551271,0.002584,0,0,-0.2,-10.8,-2,1.04,0.17,-0.04
3489,17.44,17.44,17.555059,0.001371,0,0,-0.2,-10.8,-2.5,1.03,0.18,-0.04
3490,17.445,17.445,17.561138,0.002451,0,0,-0.2,-10.7,-3,1.03,0.17,-0.04
3491,17.45,17.45,17.566179,0.002493,0,0,-0.2,-10.8,-2.4,1.04,0.17,-0.04
3492,17.455,17.455001,17.570014,0.001326,9.99999997475243e-07,0,-0.4,-10.8,-2.6,1.04,0.18,-0.04
3493,17.46,17.46,17.575215,0.001527,0,0,-0.5,-10.8,-3,1.03,0.19,-0.04
3494,17.465,17.465,17.581124,0.002437,0,0,-0.4,-10.8,-3,1.04,0.19,-0.05
3495,17.47,17.47,17.586114,0.002426,0,0,-0.4,-10.7,-3.1,1.04,0.19,-0.04
3496,17.475,17.475,17.590104,0.001417,0,0,-0.4,-10.7,-2.6,1.04,0.18,-0.04
3497,17.48,17.48,17.596101,0.002414,0,0,-0.4,-10.8,-2.2,1.04,0.18,-0.04
3498,17.485,17.485,17.600013,0.001326,0,0,-0.4,-10.8,-2.5,1.05,0.18,-0.04
3499,17.49,17.490001,17.605076,0.001388,9.99999997475243e-07,0,-0.5,-10.8,-2.6,1.04,0.19,-0.05
3500,17.495,17.495,17.610478,0.001791,0,0,-0.5,-10.8,-2.8,1.04,0.19,-0.04
3501,17.5,17.5,17.615048,0.001361,0,0,-0.3,-10.8,-2.7,1.04,0.18,-0.04
3502,17.505,17.505,17.620161,0.001474,0,0,-0.2,-10.7,-2.8,1.04,0.18,-0.04
3503,17.51,17.51,17.626098,0.002411,0,0,-0.4,-10.7,-3.2,1.03,0.19,-0.04
3504,17.515,17.515,17.63103,0.002342,0,0,-0.4,-10.8,-3.7,1.03,0.19,-0.04
3505,17.52,17.52,17.635017,0.00133,0,0,-0.4,-10.8,-3.1,1.04,0.19,-0.04
3506,17.525,17.525001,17.64112,0.002431,9.99999997475243e-07,0,-0.2,-10.8,-2.8,1.04,0.18,-0.04
3507,17.53,17.53,17.646044,0.002357,0,0,-0.3,-10.8,-2.6,1.04,0.18,-0.04
3508,17.535,17.535,17.650177,0.001491,0,0,-0.1,-10.8,-2.9,1.03,0.18,-0.04
3509,17.54,17.54,17.655191,0.001503,0,0,-0.1,-10.8,-3.3,1.03,0.18,-0.04
3510,17.545,17.545,17.66103,0.002343,0,0,-0.2,-10.8,-3.1,1.04,0.19,-0.04
3511,17.55,17.55,17.665032,0.001345,0,0,-0.3,-10.8,-3.6,1.04,0.19,-0.04
3512,17.555,17.555,17.670058,0.00137,0,0,-0.3,-10.8,-3.9,1.03,0.2,-0.04
3513,17.56,17.56,17.676058,0.00237,0,0,-0.4,-10.7,-3.5,1.04,0.19,-0.05
3514,17.565,17.565,17.681153,0.002466,0,0,-0.4,-10.7,-2.6,1.04,0.18,-0.04
3515,17.57,17.57,17.685062,0.001375,0,0,-0.2,-10.7,-2.8,1.04,0.18,-0.04
3516,17.575,17.575001,17.690157,0.001469,1.00000000102796e-06,0,-0.3,-10.7,-3.5,1.03,0.19,-0.04
3517,17.58,17.580001,17.696046,0.002359,9.99999997475243e-07,0,-0.2,-10.7,-2.9,1.04,0.17,-0.04
3518,17.585,17.585,17.700011,0.001324,0,0,-0.1,-10.6,-3.2,1.04,0.17,-0.04
3519,17.59,17.59,17.705032,0.001345,0,0,-0.2,-10.7,-2.8,1.04,0.18,-0.04
3520,17.595,17.595,17.711036,0.002349,0,0,-0.2,-10.7,-2.7,1.04,0.17,-0.04
3521,17.6,17.6,17.716017,0.00233,0,0,-0.1,-10.8,-3,1.04,0.18,-0.04
3522,17.605,17.605,17.719998,0.001311,0,0,-0.1,-10.7,-3,1.04,0.17,-0.04
3523,17.61,17.61,17.726042,0.002355,0,0,-0.4,-10.7,-3.3,1.04,0.18,-0.04
3524,17.615,17.615001,17.731048,0.00236,9.99999997475243e-07,0,-0.3,-10.7,-3.1,1.03,0.18,-0.04
3525,17.62,17.62,17.735029,0.001342,0,0,-0.3,-10.7,-2.8,1.03,0.18,-0.04
3526,17.625,17.625,17.74015,0.001462,0,0,-0.3,-10.7,-2.5,1.04,0.18,-0.04
3527,17.63,17.63,17.746094,0.002407,0,0,-0.4,-10.8,-3.4,1.03,0.2,-0.04
3528,17.635,17.635,17.751299,0.002613,0,0,-0.3,-10.9,-3.2,1.03,0.19,-0.04
3529,17.64,17.64,17.755035,0.001348,0,0,-0.2,-10.8,-3.1,1.03,0.18,-0.04
3530,17.645,17.645,17.760176,0.001489,0,0,-0.1,-10.7,-3,1.03,0.18,-0.04
3531,17.65,17.650001,17.766091,0.002403,9.99999997475243e-07,0,-0.2,-10.7,-2.4,1.04,0.17,-0.04
3532,17.655,17.655,17.770018,0.001331,0,0,-0.2,-10.8,-2.4,1.04,0.18,-0.04
3533,17.66,17.660001,17.775216,0.001527,1.00000000102796e-06,0,-0.2,-10.7,-2.5,1.04,0.18,-0.04
3534,17.665,17.665,17.781087,0.0024,0,0,-0.2,-10.9,-2.6,1.04,0.18,-0.04
3535,17.67,17.67,17.786038,0.002351,0,0,-0.3,-10.9,-2.8,1.04,0.19,-0.04
3536,17.675,17.675,17.790084,0.001396,0,0,-0.3,-10.8,-3.1,1.04,0.19,-0.04
3537,17.68,17.68,17.795181,0.001494,0,0,-0.3,-10.7,-2.8,1.04,0.18,-0.04
3538,17.685,17.685,17.801087,0.0024,0,0,-0.3,-10.7,-2.8,1.04,0.18,-0.04
3539,17.69,17.69,17.805047,0.00136,0,0,-0.4,-10.8,-2.6,1.04,0.18,-0.04
3540,17.695,17.695,17.810102,0.001414,0,0,-0.3,-10.7,-3.4,1.04,0.19,-0.04
3541,17.7,17.7,17.816095,0.002408,0,0,-0.4,-10.8,-3.8,1.03,0.2,-0.04
3542,17.705,17.705002,17.821132,0.002444,1.9999999985032e-06,0,-0.4,-10.8,-4.2,1.03,0.2,-0.05
3543,17.71,17.71,17.825091,0.001403,0,0,-0.4,-10.8,-4.3,1.02,0.21,-0.05
3544,17.715,17.715,17.831093,0.002405,0,0,-0.3,-10.9,-3.4,1.03,0.19,-0.04
3545,17.72,17.72,17.836042,0.002355,0,0,-0.2,-10.8,-3.4,1.03,0.18,-0.04
3546,17.725,17.725,17.840119,0.001431,0,0,-0.3,-10.7,-2.9,1.04,0.18,-0.04
3547,17.73,17.73,17.846107,0.00242,0,0,-0.2,-10.7,-2.4,1.04,0.18,-0.03
3548,17.735,17.735,17.851049,0.002362,0,0,-0.2,-10.7,-3.1,1.03,0.18,-0.04
3549,17.74,17.740001,17.855227,0.001539,9.99999997475243e-07,0,-0.2,-10.8,-2.9,1.04,0.18,-0.04
3550,17.745,17.745,17.861133,0.002446,0,0,-0.3,-10.8,-3.3,1.03,0.19,-0.04
3551,17.75,17.75,17.866136,0.002449,0,0,-0.2,-10.7,-2.7,1.04,0.18,-0.03
3552,17.755,17.755,17.870134,0.001448,0,0,-0.3,-10.7,-3.3,1.04,0.18,-0.04
3553,17.76,17.76,17.875241,0.001554,0,0,-0.2,-10.7,-3.8,1.03,0.19,-0.05
3554,17.765,17.765,17.881053,0.002366,0,0,-0.4,-10.7,-4.6,1.03,0.21,-0.05
3555,17.77,17.77,17.885191,0.001505,0,0,-0.5,-10.9,-4.6,1.03,0.22,-0.05
3556,17.775,17.775001,17.890204,0.001515,9.99999997475243e-07,0,-0.3,-10.7,-4.1,1.03,0.2,-0.04
3557,17.78,17.78,17.896047,0.00236,0,0,-0.2,-10.7,-3.5,1.03,0.18,-0.04
3558,17.785,17.785,17.900087,0.0014,0,0,-0.2,-10.7,-3.1,1.04,0.18,-0.04
3559,17.79,17.79,17.905263,0.001576,0,0,-0.2,-10.7,-3.6,1.03,0.19,-0.04
3560,17.795,17.795,17.911191,0.002503,0,0,-0.2,-10.8,-3.2,1.04,0.18,-0.05
3561,17.8,17.8,17.915031,0.001345,0,0,-0.3,-10.8,-3.5,1.03,0.19,-0.05
3562,17.805,17.805,17.92015,0.001462,0,0,-0.4,-10.8,-3.1,1.03,0.18,-0.05
3563,17.81,17.81,17.926093,0.002406,0,0,-0.3,-10.9,-3.5,1.03,0.19,-0.05
3564,17.815,17.815,17.930133,0.001446,0,0,-0.3,-10.8,-3.4,1.03,0.18,-0.04
3565,17.82,17.82,17.93508,0.001393,0,0,-0.2,-10.8,-3,1.03,0.18,-0.04
3566,17.825,17.825001,17.940349,0.001661,1.00000000102796e-06,0,-0.5,-10.8,-3.2,1.04,0.19,-0.04
3567,17.83,17.830001,17.946072,0.002384,9.99999997475243e-07,0,-0.5,-11,-3.4,1.04,0.19,-0.04
3568,17.835,17.835,17.95022,0.001533,0,0,-0.5,-10.9,-3.2,1.04,0.19,-0.04
3569,17.84,17.84,17.955139,0.001452,0,0,-0.5,-10.8,-3.4,1.04,0.18,-0.04
3570,17.845,17.845,17.961164,0.002478,0,0,-0.4,-10.8,-3.3,1.04,0.18,-0.05
3571,17.85,17.85,17.965055,0.001368,0,0,-0.3,-10.8,-3.3,1.03,0.18,-0.04
3572,17.855,17.855,17.970214,0.001527,0,0,-0.3,-10.8,-2.6,1.04,0.17,-0.04
3573,17.86,17.86,17.976132,0.002445,0,0,-0.3,-10.7,-2.5,1.04,0.17,-0.04
3574,17.865,17.865001,17.980054,0.001366,9.99999997475243e-07,0,-0.1,-10.7,-2.4,1.04,0.16,-0.04
3575,17.87,17.87,17.985118,0.001431,0,0,-0.2,-10.8,-2.4,1.04,0.17,-0.04
3576,17.875,17.875,17.991067,0.00238,0,0,-0.2,-10.8,-2.8,1.04,0.18,-0.04
3577,17.88,17.88,17.996231,0.002544,0,0,-0.2,-10.9,-3.3,1.03,0.18,-0.05
3578,17.885,17.885,18.000034,0.001347,0,0,-0.3,-10.9,-3.5,1.03,0.19,-0.05
3579,17.89,17.89,18.00549,0.001802,0,0,-0.2,-10.8,-2.9,1.04,0.18,-0.04
3580,17.895,17.895,18.011149,0.002462,0,0,-0.2,-10.8,-2.8,1.04,0.17,-0.04
3581,17.9,17.900001,18.015022,0.001334,9.99999997475243e-07,0,-0.2,-10.8,-2.5,1.04,0.17,-0.04
3582,17.905,17.905,18.021054,0.002367,0,0,-0.2,-10.7,-3.2,1.03,0.19,-0.05
3583,17.91,17.91,18.026069,0.002382,0,0,-0.2,-10.7,-3.7,1.03,0.19,-0.05
3584,17.915,17.915,18.031086,0.0024,0,0,-0.4,-10.7,-3.7,1.04,0.19,-0.05
3585,17.92,17.92,18.035177,0.001491,0,0,-0.3,-10.8,-2.7,1.04,0.18,-0.04
3586,17.925,17.925,18.04112,0.002433,0,0,-0.4,-10.8,-3,1.04,0.18,-0.04
3587,17.93,17.93,18.046088,0.002401,0,0,-0.4,-10.8,-3.1,1.03,0.19,-0.04
3588,17.935,17.935,18.050086,0.001399,0,0,-0.3,-10.9,-3.1,1.04,0.19,-0.04
3589,17.94,17.94,18.055251,0.001563,0,0,-0.5,-10.8,-3.7,1.03,0.2,-0.05
3590,17.945,17.945,18.061224,0.002536,0,0,-0.5,-10.8,-3.5,1.03,0.2,-0.05
3591,17.95,17.95,18.065073,0.001385,0,0,-0.5,-10.8,-3.4,1.04,0.2,-0.05
3592,17.955,17.955001,18.070297,0.001608,9.99999997475243e-07,0,-0.4,-10.8,-3.7,1.03,0.2,-0.05
3593,17.96,17.96,18.076391,0.002704,0,0,-0.5,-10.8,-3.9,1.03,0.21,-0.05
3594,17.965,17.965,18.080097,0.00141,0,0,-0.3,-10.7,-2.7,1.04,0.18,-0.04
3595,17.97,17.97,18.08523,0.001544,0,0,-0.3,-10.7,-2.8,1.04,0.18,-0.04
3596,17.975,17.975,18.090234,0.001546,0,0,-0.3,-10.6,-3.1,1.04,0.18,-0.05
3597,17.98,17.98,18.096125,0.002438,0,0,-0.3,-10.7,-2.9,1.03,0.18,-0.04
3598,17.985,17.985,18.100131,0.001444,0,0,-0.3,-10.7,-3.2,1.04,0.18,-0.04
3599,17.99,17.990001,18.105132,0.001444,9.99999997475243e-07,0,-0.3,-10.7,-3.2,1.04,0.18,-0.04
3600,17.995,17.995,18.111254,0.002566,0,0,-0.2,-10.7,-2.4,1.04,0.17,-0.04
3601,18,18,18.116059,0.002372,0,0,-0.2,-10.8,-2.6,1.04,0.17,-0.04
3602,18.005,18.005,18.120129,0.001442,0,0,-0.1,-10.7,-2.1,1.05,0.16,-0.04
3603,18.01,18.01,18.125184,0.001497,0,0,-0.2,-10.7,-2.4,1.04,0.17,-0.04
3604,18.015,18.015,18.131137,0.002451,0,0,-0.2,-10.7,-2.9,1.05,0.18,-0.04
3605,18.02,18.02,18.135055,0.001367,0,0,-0.3,-10.8,-2.8,1.04,0.18,-0.04
3606,18.025,18.025001,18.141116,0.002429,9.99999997475243e-07,0,-0.2,-10.8,-3.2,1.04,0.18,-0.04
3607,18.03,18.03,18.146069,0.002383,0,0,-0.3,-10.8,-3,1.04,0.18,-0.04
3608,18.035,18.035,18.150196,0.00151,0,0,-0.3,-10.7,-3.3,1.03,0.18,-0.04
3609,18.04,18.04,18.155093,0.001402,0,0,-0.3,-10.7,-3.3,1.03,0.18,-0.04
3610,18.045,18.045,18.161095,0.002408,0,0,-0.4,-10.8,-3.4,1.03,0.2,-0.05
3611,18.05,18.05,18.166054,0.002367,0,0,-0.4,-10.7,-3,1.04,0.19,-0.04
3612,18.055,18.055,18.170118,0.001431,0,0,-0.5,-10.7,-3.5,1.03,0.2,-0.04
3613,18.06,18.06,18.175265,0.001577,0,0,-0.3,-10.7,-3.3,1.03,0.19,-0.04
3614,18.065,18.065,18.18118,0.002492,0,0,-0.2,-10.7,-3,1.04,0.18,-0.04
3615,18.07,18.07,18.185198,0.001512,0,0,-0.3,-10.8,-3.1,1.04,0.18,-0.04
3616,18.075,18.075,18.190071,0.001384,0,0,-0.4,-10.8,-3.5,1.04,0.2,-0.04
3617,18.08,18.080002,18.196163,0.002474,1.9999999985032e-06,0,-0.4,-10.8,-3.2,1.04,0.19,-0.04
3618,18.085,18.085,18.200117,0.001431,0,0,-0.3,-10.8,-3.1,1.03,0.18,-0.04
3619,18.09,18.09,18.205069,0.001383,0,0,-0.2,-10.7,-2.6,1.04,0.17,-0.04
3620,18.095,18.095,18.211146,0.002459,0,0,-0.2,-10.6,-3,1.03,0.17,-0.04
3621,18.1,18.1,18.216082,0.002395,0,0,-0.2,-10.7,-2.6,1.04,0.16,-0.04
3622,18.105,18.105,18.220058,0.001371,0,0,-0.2,-10.7,-2.3,1.05,0.16,-0.04
3623,18.11,18.11,18.22525,0.001562,0,0,-0.2,-10.7,-2.9,1.04,0.17,-0.04
3624,18.115,18.115001,18.23114,0.002452,9.99999997475243e-07,0,-0.3,-10.8,-2.7,1.04,0.17,-0.04
3625,18.12,18.12,18.235179,0.001492,0,0,-0.3,-10.8,-2.9,1.04,0.17,-0.04
3626,18.125,18.125,18.240173,0.001485,0,0,-0.3,-10.7,-3.4,1.03,0.19,-0.04
3627,18.13,18.13,18.246137,0.002449,0,0,-0.4,-10.8,-3.1,1.04,0.19,-0.04
3628,18.135,18.135,18.250038,0.00135,0,0,-0.6,-10.8,-3.2,1.03,0.2,-0.04
3629,18.14,18.14,18.255185,0.001499,0,0,-0.5,-10.8,-2.5,1.03,0.19,-0.04
3630,18.145,18.145,18.261193,0.002505,0,0,-0.3,-10.9,-2.5,1.03,0.18,-0.03
3631,18.15,18.150001,18.266056,0.002367,9.99999997475243e-07,0,-0.3,-10.9,-3.3,1.03,0.19,-0.04
3632,18.155,18.155,18.270012,0.001324,0,0,-0.3,-10.9,-2.7,1.03,0.18,-0.03
3633,18.16,18.16,18.276072,0.002386,0,0,-0.4,-10.8,-2.8,1.03,0.19,-0.04
3634,18.165,18.165,18.281082,0.002395,0,0,-0.3,-10.9,-2.5,1.03,0.18,-0.04
3635,18.17,18.17,18.285302,0.001616,0,0,-0.4,-10.9,-2.5,1.04,0.19,-0.04
3636,18.175,18.175,18.290412,0.001724,0,0,-0.4,-10.9,-3,1.03,0.19,-0.04
3637,18.18,18.18,18.296051,0.002364,0,0,-0.3,-10.8,-3,1.04,0.19,-0.04
3638,18.185,18.185,18.300142,0.001455,0,0,-0.3,-10.8,-2.7,1.04,0.19,-0.04
3639,18.19,18.19,18.305092,0.001405,0,0,-0.2,-10.7,-2.3,1.04,0.17,-0.04
3640,18.195,18.195001,18.311112,0.002424,1.00000000102796e-06,0,-0.1,-10.7,-3.3,1.04,0.18,-0.04
3641,18.2,18.2,18.316028,0.002342,0,0,0,-10.7,-2.5,1.04,0.16,-0.04
3642,18.205,18.205001,18.320162,0.001473,9.99999997475243e-07,0,-0.2,-10.8,-2.6,1.04,0.18,-0.04
3643,18.21,18.21,18.325403,0.001714,0,0,-0.2,-10.7,-2.9,1.03,0.18,-0.04
3644,18.215,18.215,18.331077,0.00239,0,0,-0.4,-10.7,-2.9,1.04,0.18,-0.04
3645,18.22,18.22,18.335031,0.001344,0,0,-0.3,-10.8,-2.5,1.04,0.18,-0.04
3646,18.225,18.225001,18.340395,0.001708,9.99999997475243e-07,0,-0.2,-10.7,-3.1,1.04,0.18,-0.04
3647,18.23,18.23,18.346234,0.002546,0,0,-0.2,-10.6,-3.2,1.04,0.17,-0.04
3648,18.235,18.235,18.350048,0.001361,0,0,-0.2,-10.7,-3.3,1.04,0.17,-0.04
3649,18.24,18.240001,18.35512,0.001431,9.99999997475243e-07,0,-0.3,-10.8,-3.8,1.03,0.19,-0.04
3650,18.245,18.245,18.361118,0.00243,0,0,-0.3,-10.8,-3.3,1.03,0.19,-0.04
3651,18.25,18.25,18.365029,0.001342,0,0,-0.3,-10.8,-3.4,1.03,0.19,-0.04
3652,18.255,18.255,18.370105,0.001419,0,0,-0.3,-10.7,-3.2,1.03,0.18,-0.04
3653,18.26,18.26,18.376156,0.002469,0,0,-0.3,-10.8,-3.5,1.03,0.19,-0.04
3654,18.265,18.265,18.380021,0.001334,0,0,-0.4,-10.7,-3.4,1.03,0.19,-0.04
3655,18.27,18.27,18.385106,0.001418,0,0,-0.4,-10.7,-3.1,1.03,0.19,-0.04
3656,18.275,18.275001,18.391143,0.002455,9.99999997475243e-07,0,-0.4,-10.7,-2.6,1.03,0.19,-0.03
3657,18.28,18.28,18.396027,0.00234,0,0,-0.2,-10.7,-2.6,1.03,0.18,-0.03
3658,18.285,18.285,18.400027,0.00134,0,0,-0.1,-10.7,-2.2,1.04,0.17,-0.04
3659,18.29,18.29,18.405223,0.001535,0,0,-0.1,-10.7,-2.3,1.03,0.17,-0.03
3660,18.295,18.295,18.411195,0.002507,0,0,-0.3,-10.8,-2.2,1.04,0.18,-0.03
3661,18.3,18.3,18.415032,0.001345,0,0,-0.4,-10.8,-2.8,1.04,0.19,-0.04
3662,18.305,18.305,18.420164,0.001477,0,0,-0.6,-10.9,-3.1,1.04,0.21,-0.04
3663,18.31,18.310002,18.4259,0.002212,2.00000000205591e-06,0,-0.6,-10.9,-3.3,1.04,0.21,-0.05
3664,18.315,18.315,18.43117,0.002483,0,0,-0.4,-10.8,-3.1,1.04,0.2,-0.04
3665,18.32,18.32,18.435341,0.001653,0,0,-0.4,-10.8,-3.2,1.03,0.19,-0.04
3666,18.325,18.325001,18.441428,0.00274,1.00000000102796e-06,0,-0.3,-10.7,-3.2,1.03,0.19,-0.04
3667,18.33,18.330001,18.445094,0.001406,9.99999997475243e-07,0,-0.3,-10.7,-3,1.03,0.19,-0.04
3668,18.335,18.335,18.450121,0.001434,0,0,-0.3,-10.8,-3.1,1.03,0.19,-0.04
3669,18.34,18.34,18.456146,0.002458,0,0,-0.4,-10.8,-3.2,1.03,0.19,-0.05
3670,18.345,18.345,18.460094,0.001407,0,0,-0.5,-10.7,-3.7,1.03,0.2,-0.05
3671,18.35,18.35,18.465074,0.001387,0,0,-0.4,-10.8,-3.5,1.03,0.19,-0.04
3672,18.355,18.355,18.471155,0.002468,0,0,-0.4,-10.7,-3.5,1.03,0.19,-0.04
3673,18.36,18.36,18.476072,0.002384,0,0,-0.4,-10.7,-3.6,1.03,0.2,-0.04
3674,18.365,18.365001,18.480008,0.00132,9.99999997475243e-07,0,-0.3,-10.8,-2.9,1.04,0.19,-0.04
3675,18.37,18.37,18.486086,0.002398,0,0,-0.2,-10.9,-2.8,1.04,0.18,-0.04
3676,18.375,18.375,18.49136,0.002675,0,0,-0.5,-10.9,-2.9,1.04,0.19,-0.04
3677,18.38,18.38,18.495121,0.001434,0,0,-0.6,-10.9,-3.4,1.04,0.2,-0.05
3678,18.385,18.385,18.500132,0.001445,0,0,-0.5,-11,-3,1.04,0.2,-0.04
3679,18.39,18.39,18.506581,0.002896,0,0,-0.5,-11,-2.7,1.04,0.19,-0.04
3680,18.395,18.395002,18.512163,0.003477,2.00000000205591e-06,0,-0.2,-10.8,-2.5,1.04,0.17,-0.03
3681,18.4,18.400003,18.515862,0.002172,2.99999999953116e-06,0,-0.2,-10.8,-2.8,1.03,0.17,-0.04
3682,18.405,18.405002,18.521335,0.002646,1.9999999985032e-06,0,-0.3,-10.8,-3.5,1.02,0.19,-0.04
3683,18.41,18.41,18.526147,0.002459,0,0,-0.3,-10.8,-3.3,1.02,0.19,-0.04
3684,18.415,18.415,18.530143,0.001456,0,0,-0.3,-10.8,-3.2,1.03,0.18,-0.04
3685,18.42,18.42,18.536073,0.002386,0,0,-0.3,-10.8,-3.2,1.03,0.18,-0.04
3686,18.425,18.425,18.540091,0.001404,0,0,-0.1,-10.8,-3.5,1.02,0.18,-0.04
3687,18.43,18.43,18.545081,0.001394,0,0,-0.2,-10.7,-3.1,1.03,0.18,-0.04
3688,18.435,18.435,18.551035,0.002348,0,0,-0.5,-10.8,-3.1,1.03,0.19,-0.04
3689,18.44,18.44,18.556123,0.002437,0,0,-0.5,-10.8,-3.8,1.04,0.2,-0.05
3690,18.445,18.445,18.560091,0.001403,0,0,-0.4,-10.8,-3.6,1.03,0.19,-0.05
3691,18.45,18.45,18.566138,0.00245,0,0,-0.2,-10.7,-3.2,1.04,0.18,-0.04
3692,18.455,18.455001,18.571035,0.002347,9.99999997475243e-07,0,-0.2,-10.7,-3,1.04,0.18,-0.04
3693,18.46,18.46,18.575077,0.001389,0,0,-0.4,-10.7,-2.8,1.04,0.18,-0.04
3694,18.465,18.465,18.581086,0.002399,0,0,-0.4,-10.8,-2.8,1.04,0.18,-0.05
3695,18.47,18.47,18.58605,0.002363,0,0,-0.4,-10.9,-3.2,1.03,0.19,-0.05
3696,18.475,18.475,18.590023,0.001336,0,0,-0.5,-10.9,-3.6,1.03,0.2,-0.04
3697,18.48,18.48,18.596099,0.002412,0,0,-0.5,-10.9,-3.8,1.03,0.2,-0.05
3698,18.485,18.485,18.601057,0.00237,0,0,-0.6,-10.9,-3.5,1.04,0.21,-0.04
3699,18.49,18.490001,18.605014,0.001326,9.99999997475243e-07,0,-0.4,-10.8,-3.9,1.03,0.2,-0.05
3700,18.495,18.495001,18.610728,0.00204,9.99999997475243e-07,0,-0.5,-10.8,-2.7,1.04,0.19,-0.04
3701,18.5,18.500001,18.616516,0.002829,1.00000000102796e-06,0,-0.4,-10.8,-3,1.04,0.19,-0.04
3702,18.505,18.505002,18.620467,0.00178,2.00000000205591e-06,0,-0.2,-10.7,-3.1,1.04,0.18,-0.04
3703,18.51,18.510001,18.625565,0.001878,9.99999997475243e-07,0,-0.1,-10.7,-2.6,1.04,0.17,-0.04
3704,18.515,18.515,18.631179,0.002492,0,0,-0.3,-10.8,-2.5,1.04,0.17,-0.04
3705,18.52,18.52,18.635155,0.001467,0,0,-0.3,-10.8,-2.4,1.04,0.18,-0.04
3706,18.525,18.525002,18.640387,0.001698,1.9999999985032e-06,0,-0.3,-10.7,-2.7,1.04,0.18,-0.04
3707,18.53,18.53,18.646509,0.002821,0,0,-0.3,-10.7,-2.8,1.04,0.18,-0.04
3708,18.535,18.535,18.650223,0.001536,0,0,-0.1,-10.7,-2.6,1.03,0.17,-0.03
3709,18.54,18.54,18.655416,0.001728,0,0,-0.1,-10.6,-2.4,1.03,0.17,-0.04
3710,18.545,18.545,18.661127,0.00244,0,0,-0.2,-10.6,-3,1.03,0.19,-0.04
3711,18.55,18.55,18.665018,0.001331,0,0,-0.3,-10.7,-2.9,1.03,0.18,-0.04
3712,18.555,18.555,18.671037,0.00235,0,0,-0.3,-10.6,-2.9,1.04,0.17,-0.04
3713,18.56,18.56,18.676083,0.002395,0,0,-0.3,-10.7,-2.8,1.03,0.18,-0.04
3714,18.565,18.565,18.680016,0.001328,0,0,-0.3,-10.6,-2.8,1.03,0.18,-0.04
3715,18.57,18.57,18.685125,0.001438,0,0,-0.4,-10.6,-3.4,1.03,0.19,-0.04
3716,18.575,18.575,18.691064,0.002376,0,0,-0.3,-10.7,-2.9,1.04,0.19,-0.04
3717,18.58,18.580001,18.695016,0.001328,9.99999997475243e-07,0,-0.3,-10.8,-2.7,1.04,0.18,-0.04
3718,18.585,18.585,18.700016,0.00133,0,0,-0.4,-10.8,-2.5,1.04,0.18,-0.04
3719,18.59,18.59,18.706039,0.002352,0,0,-0.3,-10.8,-2.4,1.04,0.18,-0.04
3720,18.595,18.595,18.711058,0.00237,0,0,-0.4,-10.8,-2.4,1.04,0.18,-0.04
3721,18.6,18.6,18.715008,0.00132,0,0,-0.6,-10.9,-2.3,1.04,0.2,-0.04
3722,18.605,18.605,18.721043,0.002356,0,0,-0.4,-10.8,-2.5,1.04,0.19,-0.04
3723,18.61,18.61,18.726024,0.002337,0,0,-0.3,-10.9,-2.8,1.03,0.19,-0.04
3724,18.615,18.615001,18.730001,0.001313,9.99999997475243e-07,0,-0.3,-10.8,-3.3,1.03,0.2,-0.04
3725,18.62,18.62,18.736047,0.00236,0,0,-0.2,-10.8,-2.7,1.04,0.19,-0.04
3726,18.625,18.625,18.741131,0.002443,0,0,-0.2,-10.8,-3.5,1.03,0.19,-0.04
3727,18.63,18.63,18.745024,0.001336,0,0,-0.2,-10.7,-3.6,1.03,0.19,-0.04
3728,18.635,18.635,18.750537,0.00185,0,0,-0.1,-10.8,-2.7,1.04,0.18,-0.04
3729,18.64,18.64,18.756135,0.002448,0,0,-0.3,-10.8,-3.1,1.03,0.19,-0.04
3730,18.645,18.645,18.760005,0.001318,0,0,-0.2,-10.9,-2.3,1.04,0.18,-0.04
3731,18.65,18.650001,18.765067,0.001379,9.99999997475243e-07,0,-0.3,-10.8,-2.8,1.03,0.18,-0.05
3732,18.655,18.655,18.771229,0.002543,0,0,-0.3,-10.7,-3.1,1.03,0.18,-0.05
3733,18.66,18.66,18.775127,0.001439,0,0,-0.4,-10.8,-2.9,1.04,0.19,-0.05
3734,18.665,18.665,18.780077,0.001393,0,0,-0.2,-10.7,-3.5,1.04,0.18,-0.05
3735,18.67,18.67,18.786079,0.002392,0,0,-0.3,-10.8,-2.8,1.04,0.18,-0.04
3736,18.675,18.675,18.790049,0.001362,0,0,-0.4,-10.8,-3.2,1.04,0.19,-0.04
3737,18.68,18.68,18.795082,0.001395,0,0,-0.3,-10.7,-2.5,1.04,0.18,-0.03
3738,18.685,18.685002,18.800692,0.002004,2.00000000205591e-06,0,-0.2,-10.6,-2.6,1.03,0.17,-0.04
3739,18.69,18.69,18.806152,0.002465,0,0,-0.2,-10.6,-2.5,1.04,0.18,-0.04
3740,18.695,18.695,18.810148,0.00146,0,0,-0.1,-10.6,-3,1.03,0.18,-0.04
3741,18.7,18.7,18.816276,0.00259,0,0,0,-10.6,-1.9,1.04,0.16,-0.03
3742,18.705,18.705001,18.821031,0.002342,9.99999997475243e-07,0,-0.1,-10.7,-2.3,1.04,0.17,-0.04
3743,18.71,18.71,18.825049,0.001361,0,0,-0.2,-10.8,-2.5,1.04,0.18,-0.04
3744,18.715,18.715,18.831105,0.002417,0,0,-0.4,-10.8,-2.8,1.03,0.19,-0.04
3745,18.72,18.72,18.836038,0.002351,0,0,-0.2,-10.8,-3.3,1.03,0.19,-0.04
3746,18.725,18.725,18.840012,0.001325,0,0,-0.3,-10.8,-3.3,1.03,0.19,-0.05
3747,18.73,18.730001,18.846095,0.002407,1.00000000102796e-06,0,-0.4,-10.9,-3.4,1.04,0.19,-0.05
3748,18.735,18.735,18.851014,0.002327,0,0,-0.2,-10.8,-3.2,1.04,0.18,-0.05
3749,18.74,18.740001,18.855104,0.001415,9.99999997475243e-07,0,-0.2,-10.9,-3.1,1.04,0.19,-0.04
3750,18.745,18.745,18.860119,0.001431,0,0,-0.2,-10.9,-2.8,1.04,0.18,-0.04
3751,18.75,18.75,18.866063,0.002376,0,0,-0.2,-10.8,-2.1,1.04,0.17,-0.04
3752,18.755,18.755,18.870028,0.001341,0,0,-0.2,-10.8,-2.4,1.04,0.18,-0.03
3753,18.76,18.76,18.875112,0.001425,0,0,-0.2,-10.8,-2.9,1.03,0.18,-0.04
3754,18.765,18.765,18.881115,0.002427,0,0,-0.3,-10.7,-2.7,1.03,0.19,-0.04
3755,18.77,18.77,18.885017,0.00133,0,0,-0.2,-10.6,-3.6,1.02,0.19,-0.04
3756,18.775,18.775001,18.890024,0.001336,9.99999997475243e-07,0,-0.2,-10.7,-3.9,1.03,0.2,-0.04
3757,18.78,18.78,18.896031,0.002343,0,0,-0.1,-10.6,-3.6,1.03,0.18,-0.04
3758,18.785,18.785,18.901016,0.002329,0,0,-0.2,-10.7,-3.3,1.04,0.18,-0.04
3759,18.79,18.79,18.905015,0.001328,0,0,-0.1,-10.7,-2.9,1.04,0.17,-0.04
3760,18.795,18.795,18.911046,0.002358,0,0,-0.2,-10.7,-3.1,1.04,0.18,-0.04
3761,18.8,18.8,18.916069,0.002382,0,0,-0.3,-10.8,-2.7,1.04,0.18,-0.04
3762,18.805,18.805,18.920086,0.001399,0,0,-0.4,-10.8,-2.5,1.04,0.18,-0.04
3763,18.81,18.81,18.925302,0.001614,0,0,-0.4,-10.9,-2.2,1.04,0.18,-0.04
3764,18.815,18.815,18.931159,0.002471,0,0,-0.4,-10.9,-2.6,1.03,0.18,-0.04
3765,18.82,18.82,18.935044,0.001357,0,0,-0.3,-10.8,-2.5,1.04,0.18,-0.04
3766,18.825,18.825,18.940448,0.001761,0,0,-0.2,-10.7,-2.7,1.03,0.18,-0.04
3767,18.83,18.830001,18.946093,0.002405,9.99999997475243e-07,0,-0.3,-10.8,-2.6,1.04,0.18,-0.04
3768,18.835,18.835,18.950016,0.001329,0,0,-0.4,-10.9,-3.3,1.04,0.19,-0.04
3769,18.84,18.84,18.956127,0.002441,0,0,-0.1,-10.7,-3,1.04,0.17,-0.04
3770,18.845,18.845,18.961062,0.002375,0,0,-0.1,-10.7,-2.9,1.04,0.17,-0.04
3771,18.85,18.85,18.965008,0.001321,0,0,-0.2,-10.7,-2.9,1.04,0.18,-0.04
3772,18.855,18.855,18.970186,0.001499,0,0,-0.2,-10.8,-3.2,1.04,0.18,-0.04
3773,18.86,18.86,18.976115,0.002428,0,0,-0.2,-10.7,-2.6,1.04,0.18,-0.04
3774,18.865,18.865001,18.980011,0.001323,9.99999997475243e-07,0,-0.3,-10.7,-2.5,1.04,0.18,-0.04
3775,18.87,18.87,18.985124,0.001437,0,0,-0.2,-10.7,-2.7,1.04,0.18,-0.04
3776,18.875,18.875,18.991045,0.002358,0,0,-0.3,-10.7,-2.6,1.04,0.17,-0.04
3777,18.88,18.88,18.994998,0.001311,0,0,-0.4,-10.7,-2.7,1.04,0.18,-0.04
3778,18.885,18.885,19.000056,0.00137,0,0,-0.4,-10.8,-2.7,1.04,0.18,-0.04
3779,18.89,18.89,19.006087,0.0024,0,0,-0.4,-10.8,-2.8,1.03,0.18,-0.04
3780,18.895,18.895,19.011058,0.002371,0,0,-0.4,-10.9,-3,1.03,0.19,-0.04
3781,18.9,18.900001,19.015008,0.00132,9.99999997475243e-07,0,-0.2,-10.8,-2.5,1.04,0.18,-0.04
3782,18.905,18.905,19.020126,0.001439,0,0,-0.3,-10.8,-2.9,1.04,0.19,-0.04
3783,18.91,18.91,19.026188,0.0025,0,0,-0.5,-10.8,-2.8,1.04,0.19,-0.04
3784,18.915,18.915,19.031041,0.002354,0,0,-0.5,-10.8,-2.9,1.03,0.2,-0.04
3785,18.92,18.92,19.035013,0.001326,0,0,-0.5,-10.8,-3.1,1.03,0.19,-0.04
3786,18.925,18.925,19.041085,0.002398,0,0,-0.5,-10.9,-2.4,1.03,0.18,-0.04
3787,18.93,18.93,19.046016,0.002329,0,0,-0.6,-10.8,-2.5,1.03,0.19,-0.04
3788,18.935,18.935,19.050075,0.001389,0,0,-0.4,-10.8,-2.9,1.04,0.19,-0.04
3789,18.94,18.94,19.056119,0.002432,0,0,-0.4,-10.7,-3.4,1.03,0.2,-0.04
3790,18.945,18.945,19.061076,0.002389,0,0,-0.3,-10.7,-4,1.02,0.2,-0.05
3791,18.95,18.95,19.065034,0.001346,0,0,-0.2,-10.8,-3.5,1.03,0.19,-0.04
3792,18.955,18.955001,19.070254,0.001565,9.99999997475243e-07,0,-0.2,-10.7,-3.8,1.02,0.19,-0.04
3793,18.96,18.96,19.076334,0.002646,0,0,-0.1,-10.7,-3.6,1.03,0.18,-0.04
3794,18.965,18.965,19.080056,0.001369,0,0,-0.2,-10.8,-2.8,1.03,0.18,-0.04
3795,18.97,18.97,19.085215,0.001528,0,0,-0.4,-10.8,-3.1,1.03,0.19,-0.04
3796,18.975,18.975,19.091087,0.0024,0,0,-0.4,-10.8,-3.7,1.03,0.2,-0.05
3797,18.98,18.98,19.095022,0.001335,0,0,-0.4,-10.8,-3.4,1.03,0.19,-0.05
3798,18.985,18.985,19.100025,0.001338,0,0,-0.5,-10.7,-3,1.04,0.19,-0.05
3799,18.99,18.990001,19.106171,0.002483,9.99999997475243e-07,0,-0.5,-10.7,-3.1,1.03,0.19,-0.05
3800,18.995,18.995,19.111055,0.002368,0,0,-0.4,-10.6,-2.6,1.04,0.18,-0.04
3801,19,19,19.115015,0.001327,0,0,-0.3,-10.7,-2.9,1.03,0.18,-0.04
3802,19.005,19.005,19.121086,0.002399,0,0,-0.1,-10.7,-2.5,1.03,0.17,-0.04
3803,19.01,19.01,19.126035,0.002348,0,0,-0.1,-10.8,-2.7,1.04,0.18,-0.04
3804,19.015,19.015,19.129994,0.001307,0,0,-0.2,-10.8,-3,1.03,0.18,-0.04
3805,19.02,19.02,19.136097,0.002411,0,0,-0.1,-10.8,-2.9,1.03,0.18,-0.04
3806,19.025,19.025001,19.141253,0.002565,9.99999997475243e-07,0,-0.2,-10.8,-2.7,1.04,0.18,-0.04
3807,19.03,19.03,19.145052,0.001364,0,0,-0.3,-10.8,-2.9,1.03,0.18,-0.04
3808,19.035,19.035,19.150159,0.001472,0,0,-0.3,-10.8,-3.2,1.03,0.18,-0.04
3809,19.04,19.04,19.156076,0.002389,0,0,-0.1,-10.9,-2.6,1.04,0.17,-0.03
3810,19.045,19.045,19.160004,0.001317,0,0,-0.1,-10.8,-2.1,1.04,0.17,-0.03
3811,19.05,19.05,19.165066,0.001379,0,0,-0.2,-10.8,-3.1,1.03,0.18,-0.04
3812,19.055,19.055,19.171076,0.002389,0,0,-0.2,-10.8,-3.3,1.03,0.18,-0.04
3813,19.06,19.06,19.175024,0.001337,0,0,-0.1,-10.7,-2.8,1.03,0.18,-0.04
3814,19.065,19.065,19.180137,0.001449,0,0,0,-10.6,-2.8,1.03,0.17,-0.04
3815,19.07,19.07,19.186147,0.00246,0,0,-0.1,-10.7,-2.6,1.04,0.18,-0.04
3816,19.075,19.075,19.190062,0.001375,0,0,-0.3,-10.7,-3,1.04,0.18,-0.04
3817,19.08,19.080001,19.195094,0.001406,9.99999997475243e-07,0,-0.2,-10.8,-3.3,1.04,0.19,-0.04
3818,19.085,19.085,19.201083,0.002396,0,0,-0.4,-10.8,-3.2,1.04,0.19,-0.04
3819,19.09,19.09,19.205017,0.001331,0,0,-0.3,-10.8,-2.8,1.04,0.18,-0.04
3820,19.095,19.095,19.210142,0.001454,0,0,-0.3,-10.8,-2.7,1.04,0.18,-0.04
3821,19.1,19.1,19.21531,0.001622,0,0,-0.3,-10.8,-2.5,1.04,0.18,-0.04
3822,19.105,19.105,19.221044,0.002357,0,0,-0.4,-10.9,-2.8,1.04,0.19,-0.04
3823,19.11,19.11,19.225065,0.001378,0,0,-0.5,-10.8,-3,1.04,0.2,-0.05
3824,19.115,19.115001,19.231025,0.002337,9.99999997475243e-07,0,-0.4,-10.8,-3,1.04,0.19,-0.04
3825,19.12,19.12,19.236032,0.002345,0,0,-0.3,-10.7,-2.6,1.03,0.18,-0.04
3826,19.125,19.125,19.240163,0.001477,0,0,-0.3,-10.8,-2.3,1.04,0.17,-0.03
3827,19.13,19.13,19.245179,0.001491,0,0,-0.3,-10.8,-2.8,1.03,0.18,-0.04
3828,19.135,19.135,19.251147,0.00246,0,0,-0.4,-10.8,-2.8,1.04,0.19,-0.04
3829,19.14,19.14,19.255126,0.001439,0,0,-0.3,-10.8,-3.1,1.03,0.19,-0.04
3830,19.145,19.145,19.260496,0.001809,0,0,-0.2,-10.7,-2.6,1.03,0.18,-0.03
3831,19.15,19.150001,19.266209,0.002521,9.99999997475243e-07,0,-0.4,-10.7,-3.2,1.03,0.19,-0.04
3832,19.155,19.155,19.270069,0.001382,0,0,-0.4,-10.7,-3.9,1.03,0.2,-0.05
3833,19.16,19.16,19.27522,0.001532,0,0,-0.2,-10.7,-3.6,1.03,0.19,-0.04
3834,19.165,19.165,19.281068,0.002381,0,0,-0.4,-10.8,-3.1,1.04,0.19,-0.04
3835,19.17,19.17,19.285035,0.001348,0,0,-0.3,-10.7,-3.3,1.03,0.19,-0.04
3836,19.175,19.175,19.290165,0.001478,0,0,-0.4,-10.9,-3.4,1.04,0.2,-0.04
3837,19.18,19.18,19.296066,0.002379,0,0,-0.2,-10.8,-3.3,1.03,0.19,-0.04
3838,19.185,19.185,19.300096,0.00141,0,0,-0.2,-10.8,-2.7,1.04,0.17,-0.04
3839,19.19,19.19,19.30507,0.001384,0,0,-0.3,-10.8,-3.4,1.03,0.18,-0.04
3840,19.195,19.195,19.311104,0.002416,0,0,-0.4,-10.7,-3.1,1.03,0.19,-0.04
3841,19.2,19.2,19.315016,0.001328,0,0,-0.4,-10.8,-3.5,1.03,0.19,-0.05
3842,19.205,19.205001,19.320151,0.001462,9.99999997475243e-07,0,-0.4,-10.8,-3.7,1.03,0.19,-0.05
3843,19.21,19.21,19.32607,0.002383,0,0,-0.3,-10.8,-3.1,1.04,0.19,-0.04
3844,19.215,19.215,19.331149,0.002461,0,0,-0.3,-10.8,-2.6,1.04,0.18,-0.04
3845,19.22,19.22,19.335069,0.001381,0,0,-0.3,-10.7,-2.6,1.04,0.18,-0.04
3846,19.225,19.225,19.340063,0.001375,0,0,-0.3,-10.8,-2.8,1.03,0.18,-0.04
3847,19.23,19.23,19.345076,0.001388,0,0,-0.2,-10.8,-2.6,1.03,0.18,-0.03
3848,19.235,19.235,19.350006,0.001319,0,0,-0.3,-10.7,-2.4,1.04,0.17,-0.03
3849,19.24,19.240001,19.356105,0.002417,9.99999997475243e-07,0,-0.4,-10.8,-2.6,1.04,0.18,-0.04
3850,19.245,19.245,19.361056,0.002369,0,0,-0.4,-10.7,-2.2,1.04,0.18,-0.04
3851,19.25,19.25,19.364998,0.001311,0,0,-0.4,-10.7,-3.1,1.03,0.19,-0.04
3852,19.255,19.255,19.371059,0.002372,0,0,-0.3,-10.8,-2.6,1.04,0.18,-0.04
3853,19.26,19.26,19.376052,0.002366,0,0,-0.2,-10.8,-3.1,1.03,0.19,-0.04
3854,19.265,19.265,19.380039,0.001352,0,0,-0.3,-10.7,-3.1,1.03,0.19,-0.04
3855,19.27,19.27,19.385107,0.00142,0,0,-0.1,-10.7,-2.5,1.03,0.17,-0.03
3856,19.275,19.275001,19.391065,0.002377,9.99999997475243e-07,0,-0.1,-10.6,-2.6,1.03,0.17,-0.03
3857,19.28,19.28,19.395006,0.001319,0,0,-0.4,-10.7,-2.7,1.04,0.18,-0.04
3858,19.285,19.285,19.400036,0.001349,0,0,-0.4,-10.8,-2.8,1.04,0.19,-0.04
3859,19.29,19.29,19.406134,0.002447,0,0,-0.3,-10.8,-3.3,1.04,0.19,-0.04
3860,19.295,19.295,19.411066,0.002379,0,0,-0.3,-10.7,-3.6,1.03,0.19,-0.04
3861,19.3,19.3,19.415012,0.001325,0,0,-0.2,-10.8,-3.3,1.03,0.18,-0.04
3862,19.305,19.305,19.421113,0.002426,0,0,-0.3,-10.8,-3.9,1.03,0.2,-0.04
3863,19.31,19.31,19.426059,0.002373,0,0,-0.2,-10.7,-3.3,1.03,0.18,-0.04
3864,19.315,19.315,19.430064,0.001377,0,0,-0.4,-10.7,-3.5,1.03,0.19,-0.04
3865,19.32,19.32,19.435207,0.00152,0,0,-0.4,-10.7,-3.6,1.03,0.19,-0.04
3866,19.325,19.325,19.441048,0.002361,0,0,-0.5,-10.8,-3.6,1.03,0.2,-0.05
3867,19.33,19.330001,19.445082,0.001394,9.99999997475243e-07,0,-0.5,-10.6,-3.7,1.03,0.2,-0.05
3868,19.335,19.335,19.450069,0.001382,0,0,-0.4,-10.6,-3.5,1.03,0.19,-0.04
3869,19.34,19.34,19.45612,0.002433,0,0,-0.4,-10.7,-3.3,1.04,0.19,-0.04
3870,19.345,19.345,19.461053,0.002366,0,0,-0.4,-10.6,-3,1.04,0.19,-0.04
3871,19.35,19.35,19.465011,0.001324,0,0,-0.4,-10.7,-3.4,1.04,0.19,-0.04
3872,19.355,19.355,19.471119,0.002432,0,0,-0.2,-10.8,-3,1.04,0.18,-0.04
3873,19.36,19.36,19.476051,0.002364,0,0,-0.4,-10.9,-2.9,1.04,0.18,-0.05
3874,19.365,19.365001,19.48005,0.001362,9.99999997475243e-07,0,-0.2,-10.9,-3,1.03,0.18,-0.04
3875,19.37,19.37,19.485202,0.001514,0,0,-0.3,-10.9,-2.3,1.04,0.17,-0.04
3876,19.375,19.375,19.49115,0.002463,0,0,-0.4,-10.8,-2.5,1.04,0.18,-0.04
3877,19.38,19.38,19.496022,0.002335,0,0,-0.3,-10.9,-2.2,1.04,0.18,-0.03
3878,19.385,19.385,19.499995,0.001308,0,0,-0.4,-10.8,-2.6,1.04,0.19,-0.04
3879,19.39,19.39,19.506265,0.002583,0,0,-0.3,-10.7,-3.1,1.04,0.18,-0.04
3880,19.395,19.395,19.511076,0.002389,0,0,-0.2,-10.7,-3.2,1.03,0.18,-0.04
3881,19.4,19.400001,19.515022,0.001334,9.99999997475243e-07,0,-0.2,-10.8,-3,1.03,0.18,-0.04
3882,19.405,19.405,19.52123,0.002544,0,0,-0.4,-10.8,-3,1.03,0.18,-0.04
3883,19.41,19.41,19.526064,0.002377,0,0,-0.3,-10.8,-3.4,1.03,0.19,-0.04
3884,19.415,19.415,19.530112,0.001425,0,0,-0.4,-10.7,-3.4,1.02,0.19,-0.04
3885,19.42,19.42,19.535176,0.001488,0,0,-0.3,-10.8,-3.3,1.03,0.18,-0.04
3886,19.425,19.425,19.54111,0.002423,0,0,-0.4,-10.8,-3,1.03,0.19,-0.04
3887,19.43,19.43,19.54506,0.001373,0,0,-0.4,-10.9,-3.2,1.03,0.19,-0.04
3888,19.435,19.435,19.550057,0.00137,0,0,-0.4,-10.9,-2.8,1.04,0.18,-0.04
3889,19.44,19.44,19.556197,0.00251,0,0,-0.4,-10.9,-2.7,1.04,0.18,-0.04
3890,19.445,19.445,19.561037,0.00235,0,0,-0.2,-10.8,-2.5,1.04,0.17,-0.04
3891,19.45,19.45,19.565,0.001313,0,0,-0.2,-10.8,-3.3,1.03,0.18,-0.04
3892,19.455,19.455001,19.570156,0.001468,9.99999997475243e-07,0,-0.3,-10.8,-2.9,1.04,0.18,-0.04
3893,19.46,19.460001,19.576235,0.002547,9.99999997475243e-07,0,-0.3,-10.9,-3.2,1.04,0.19,-0.05
3894,19.465,19.465,19.580032,0.001346,0,0,-0.2,-10.9,-2.7,1.04,0.18,-0.04
3895,19.47,19.47,19.585016,0.001329,0,0,-0.2,-10.9,-3.6,1.03,0.19,-0.05
3896,19.475,19.475,19.59026,0.001573,0,0,-0.3,-10.8,-3.2,1.03,0.18,-0.05
3897,19.48,19.48,19.596097,0.00241,0,0,-0.2,-10.8,-2.7,1.04,0.17,-0.04
3898,19.485,19.485,19.600162,0.001475,0,0,-0.4,-10.8,-2.9,1.04,0.18,-0.05
3899,19.49,19.490001,19.605282,0.001593,9.99999997475243e-07,0,-0.5,-10.7,-2.5,1.04,0.19,-0.04
3900,19.495,19.495001,19.611219,0.002531,9.99999997475243e-07,0,-0.6,-10.8,-2.5,1.05,0.19,-0.04
3901,19.5,19.5,19.615038,0.001351,0,0,-0.5,-10.8,-2.7,1.04,0.19,-0.04
3902,19.505,19.505,19.620038,0.001351,0,0,-0.4,-10.8,-2.9,1.04,0.19,-0.04
3903,19.51,19.51,19.626196,0.002509,0,0,-0.4,-10.9,-3,1.04,0.19,-0.04
3904,19.515,19.515,19.63005,0.001363,0,0,-0.2,-10.8,-2.8,1.04,0.18,-0.03
3905,19.52,19.52,19.635074,0.001387,0,0,-0.2,-10.7,-3,1.04,0.18,-0.03
3906,19.525,19.525001,19.641135,0.002447,9.99999997475243e-07,0,-0.3,-10.6,-3.3,1.04,0.18,-0.04
3907,19.53,19.53,19.646046,0.002359,0,0,-0.3,-10.6,-3.1,1.04,0.18,-0.04
3908,19.535,19.535,19.650019,0.001332,0,0,-0.3,-10.6,-3.2,1.04,0.18,-0.04
3909,19.54,19.54,19.656039,0.002352,0,0,-0.2,-10.6,-2.7,1.04,0.18,-0.03
3910,19.545,19.545,19.661039,0.002351,0,0,-0.4,-10.7,-2.9,1.04,0.19,-0.04
3911,19.55,19.55,19.664995,0.001308,0,0,-0.3,-10.7,-3,1.03,0.18,-0.04
3912,19.555,19.555,19.670075,0.001388,0,0,-0.2,-10.7,-3,1.03,0.17,-0.04
3913,19.56,19.56,19.676261,0.002573,0,0,-0.1,-10.7,-3,1.03,0.17,-0.04
3914,19.565,19.565,19.680056,0.001369,0,0,-0.2,-10.8,-3.5,1.02,0.19,-0.04
3915,19.57,19.57,19.685107,0.001419,0,0,-0.3,-10.7,-3.3,1.03,0.19,-0.04
3916,19.575,19.575,19.690294,0.001606,0,0,-0.3,-10.7,-2.9,1.04,0.18,-0.04
3917,19.58,19.580001,19.696088,0.0024,9.99999997475243e-07,0,-0.2,-10.6,-3,1.04,0.17,-0.04
3918,19.585,19.585,19.700106,0.001419,0,0,-0.4,-10.7,-2.7,1.04,0.18,-0.04
3919,19.59,19.59,19.705218,0.001531,0,0,-0.2,-10.7,-2.8,1.04,0.17,-0.04
3920,19.595,19.595,19.711065,0.002378,0,0,-0.1,-10.7,-2.9,1.03,0.17,-0.04
3921,19.6,19.6,19.715086,0.001398,0,0,-0.1,-10.8,-2.5,1.04,0.17,-0.04
3922,19.605,19.605,19.720248,0.001561,0,0,-0.3,-10.8,-2.8,1.04,0.18,-0.04
3923,19.61,19.610001,19.726156,0.002468,1.00000000102796e-06,0,-0.3,-10.8,-3.7,1.03,0.19,-0.05
3924,19.615,19.615001,19.731065,0.002378,9.99999997475243e-07,0,-0.3,-10.8,-3.8,1.03,0.2,-0.04
3925,19.62,19.62,19.735048,0.001361,0,0,-0.4,-10.8,-3.5,1.03,0.19,-0.04
3926,19.625,19.625,19.740177,0.00149,0,0,-0.3,-10.7,-3.5,1.03,0.19,-0.04
3927,19.63,19.63,19.746047,0.00236,0,0,-0.3,-10.7,-3.2,1.04,0.18,-0.04
3928,19.635,19.635,19.750064,0.001377,0,0,-0.3,-10.8,-3.4,1.03,0.18,-0.05
3929,19.64,19.64,19.755053,0.001365,0,0,-0.4,-10.7,-3.3,1.03,0.18,-0.04
3930,19.645,19.645,19.761032,0.002345,0,0,-0.4,-10.7,-3.1,1.03,0.18,-0.04
3931,19.65,19.650001,19.766008,0.00232,9.99999997475243e-07,0,-0.4,-10.8,-3.7,1.03,0.19,-0.05
3932,19.655,19.655,19.770029,0.001341,0,0,-0.4,-10.7,-3.6,1.03,0.19,-0.05
3933,19.66,19.66,19.775106,0.001419,0,0,-0.3,-10.7,-3,1.03,0.19,-0.04
3934,19.665,19.665,19.781077,0.00239,0,0,-0.3,-10.8,-3,1.03,0.18,-0.04
3935,19.67,19.67,19.78519,0.001503,0,0,-0.1,-10.7,-2.5,1.03,0.17,-0.03
3936,19.675,19.675,19.790099,0.001412,0,0,-0.3,-10.7,-3.2,1.03,0.19,-0.04
3937,19.68,19.68,19.796063,0.002376,0,0,-0.4,-10.7,-3.3,1.03,0.2,-0.04
3938,19.685,19.685,19.801018,0.002331,0,0,-0.6,-10.8,-3.4,1.03,0.2,-0.04
3939,19.69,19.69,19.805056,0.001368,0,0,-0.4,-10.8,-3.4,1.03,0.19,-0.04
3940,19.695,19.695,19.810223,0.001535,0,0,-0.3,-10.8,-2.3,1.04,0.18,-0.04
3941,19.7,19.7,19.816023,0.002337,0,0,-0.2,-10.7,-2.5,1.04,0.18,-0.04
3942,19.705,19.705001,19.820073,0.001385,9.99999997475243e-07,0,-0.2,-10.9,-3,1.03,0.18,-0.04
3943,19.71,19.71,19.825106,0.001418,0,0,-0.2,-11,-3.3,1.03,0.19,-0.05
3944,19.715,19.715,19.831115,0.002427,0,0,-0.3,-10.9,-3.5,1.04,0.18,-0.05
3945,19.72,19.72,19.835101,0.001415,0,0,-0.5,-10.8,-3.8,1.04,0.19,-0.05
3946,19.725,19.725,19.840068,0.00138,0,0,-0.4,-10.8,-3.6,1.04,0.2,-0.05
3947,19.73,19.73,19.846079,0.002392,0,0,-0.3,-10.7,-3.3,1.03,0.18,-0.05
3948,19.735,19.735,19.851092,0.002405,0,0,-0.4,-10.8,-3.3,1.03,0.19,-0.04
3949,19.74,19.740001,19.855134,0.001446,9.99999997475243e-07,0,-0.3,-10.8,-3.4,1.03,0.19,-0.04
3950,19.745,19.745,19.860157,0.001469,0,0,-0.2,-10.8,-3.1,1.03,0.18,-0.04
3951,19.75,19.75,19.866069,0.002382,0,0,-0.2,-10.7,-3.7,1.03,0.18,-0.04
3952,19.755,19.755,19.870017,0.00133,0,0,-0.3,-10.8,-3.4,1.03,0.19,-0.04
3953,19.76,19.76,19.875147,0.001459,0,0,-0.4,-10.8,-3.2,1.04,0.18,-0.04
3954,19.765,19.765,19.88104,0.002353,0,0,-0.4,-10.8,-3.7,1.03,0.19,-0.04
3955,19.77,19.77,19.886025,0.002338,0,0,-0.4,-10.8,-2.9,1.03,0.18,-0.03
3956,19.775,19.775001,19.890158,0.001471,9.99999997475243e-07,0,-0.3,-10.8,-3.1,1.03,0.19,-0.04
3957,19.78,19.78,19.895165,0.001478,0,0,-0.4,-10.8,-2.7,1.04,0.18,-0.04
3958,19.785,19.785,19.901123,0.002437,0,0,-0.3,-10.7,-2.5,1.04,0.17,-0.04
3959,19.79,19.79,19.905061,0.001375,0,0,-0.1,-10.7,-2.5,1.04,0.17,-0.04
3960,19.795,19.795,19.911099,0.002411,0,0,-0.2,-10.7,-2.3,1.04,0.17,-0.04
3961,19.8,19.8,19.915125,0.001438,0,0,-0.3,-10.7,-2.1,1.05,0.17,-0.04
3962,19.805,19.805,19.920098,0.001411,0,0,-0.3,-10.7,-2.3,1.04,0.17,-0.04
3963,19.81,19.81,19.926098,0.00241,0,0,-0.3,-10.7,-3.3,1.04,0.18,-0.05
3964,19.815,19.815,19.930035,0.001349,0,0,-0.2,-10.7,-2.9,1.04,0.18,-0.04
3965,19.82,19.82,19.935069,0.001382,0,0,-0.1,-10.7,-2.7,1.04,0.17,-0.04
3966,19.825,19.825,19.941189,0.002502,0,0,-0.2,-10.8,-3,1.04,0.19,-0.04
3967,19.83,19.830001,19.946064,0.002375,9.99999997475243e-07,0,-0.2,-10.8,-2.9,1.04,0.18,-0.04
3968,19.835,19.835,19.950019,0.001332,0,0,-0.3,-10.8,-2.5,1.04,0.18,-0.03
3969,19.84,19.84,19.956073,0.002387,0,0,-0.3,-10.8,-3.1,1.04,0.18,-0.04
3970,19.845,19.845,19.961036,0.002349,0,0,-0.3,-10.7,-3.3,1.03,0.18,-0.04
3971,19.85,19.85,19.965057,0.00137,0,0,-0.2,-10.7,-3,1.04,0.17,-0.04
3972,19.855,19.855,19.970215,0.001527,0,0,-0.3,-10.7,-3.3,1.04,0.19,-0.04
3973,19.86,19.86,19.976088,0.0024,0,0,-0.3,-10.8,-3.2,1.04,0.19,-0.05
3974,19.865,19.865001,19.980007,0.001319,9.99999997475243e-07,0,-0.3,-10.8,-4.1,1.02,0.2,-0.05
3975,19.87,19.87,19.985182,0.001496,0,0,-0.2,-10.8,-4.2,1.02,0.2,-0.04
3976,19.875,19.875,19.991081,0.002393,0,0,0,-10.7,-4.1,1.02,0.19,-0.04
3977,19.88,19.88,19.996142,0.002456,0,0,-0.1,-10.8,-3.5,1.03,0.19,-0.04
3978,19.885,19.885,20.000002,0.001315,0,0,-0.2,-10.7,-4.2,1.02,0.2,-0.04
3979,19.89,19.89,20.006086,0.002399,0,0,-0.2,-10.8,-3.8,1.03,0.19,-0.04
3980,19.895,19.895,20.011043,0.002357,0,0,-0.2,-10.8,-3.5,1.03,0.18,-0.04
3981,19.9,19.900001,20.015029,0.001341,9.99999997475243e-07,0,-0.3,-10.8,-3.5,1.02,0.19,-0.04
3982,19.905,19.905,20.02019,0.001502,0,0,-0.3,-10.8,-2.7,1.04,0.18,-0.04
3983,19.91,19.91,20.026147,0.002461,0,0,-0.4,-10.8,-2.7,1.04,0.18,-0.04
3984,19.915,19.915,20.030013,0.001326,0,0,-0.5,-10.9,-3,1.04,0.2,-0.04
3985,19.92,19.92,20.035043,0.001356,0,0,-0.4,-10.8,-2.8,1.04,0.18,-0.04
3986,19.925,19.925,20.041056,0.002369,0,0,-0.2,-10.7,-2.8,1.04,0.18,-0.03
3987,19.93,19.93,20.045012,0.001324,0,0,-0.2,-10.8,-2.6,1.04,0.18,-0.03
3988,19.935,19.935,20.050006,0.00132,0,0,-0.3,-10.9,-2.4,1.04,0.17,-0.03
3989,19.94,19.94,20.056018,0.002331,0,0,-0.2,-10.9,-2.6,1.04,0.17,-0.04
3990,19.945,19.945,20.061037,0.00235,0,0,-0.3,-10.7,-2.8,1.04,0.17,-0.04
3991,19.95,19.95,20.065014,0.001327,0,0,-0.2,-10.7,-2.9,1.04,0.17,-0.04
3992,19.955,19.955001,20.071082,0.002394,9.99999997475243e-07,0,-0.1,-10.6,-3.5,1.03,0.17,-0.04
3993,19.96,19.96,20.07608,0.002393,0,0,-0.1,-10.7,-3.5,1.03,0.18,-0.04
3994,19.965,19.965,20.080138,0.001451,0,0,-0.3,-10.8,-3,1.03,0.18,-0.04
3995,19.97,19.97,20.085189,0.001501,0,0,-0.4,-10.7,-3.2,1.03,0.19,-0.04
3996,19.975,19.975,20.091073,0.002386,0,0,-0.4,-10.6,-3.4,1.03,0.19,-0.04
3997,19.98,19.98,20.095024,0.001337,0,0,-0.4,-10.5,-3.9,1.03,0.19,-0.04
3998,19.985,19.985,20.100075,0.001388,0,0,-0.3,-10.6,-3.6,1.03,0.18,-0.05
3999,19.99,19.990001,20.106155,0.002466,9.99999997475243e-07,0,-0.3,-10.6,-3.3,1.03,0.19,-0.04
4000,19.995,19.995,20.11107,0.002383,0,0,-0.2,-10.7,-3.4,1.02,0.18,-0.04
4001,20,20,20.115111,0.001423,0,0,-0.2,-10.7,-3.4,1.03,0.18,-0.04
4002,20.005,20.005,20.12103,0.002344,0,0,-0.3,-10.8,-3.1,1.03,0.19,-0.04
4003,20.01,20.01,20.126029,0.002342,0,0,-0.3,-10.9,-2.9,1.04,0.19,-0.04
4004,20.015,20.015,20.130178,0.001491,0,0,-0.5,-10.7,-2.4,1.05,0.19,-0.04
4005,20.02,20.02,20.136088,0.002401,0,0,-0.5,-10.9,-2.3,1.04,0.18,-0.04
4006,20.025,20.025001,20.141096,0.002409,9.99999997475243e-07,0,-0.4,-10.8,-2.1,1.05,0.17,-0.04
4007,20.03,20.03,20.145062,0.001376,0,0,-0.3,-10.8,-2.8,1.04,0.18,-0.04
4008,20.035,20.035,20.15102,0.002333,0,0,-0.3,-10.9,-2.8,1.04,0.18,-0.04
4009,20.04,20.04,20.156097,0.002409,0,0,-0.3,-10.8,-3.3,1.04,0.18,-0.04
4010,20.045,20.045,20.160026,0.001338,0,0,-0.2,-10.8,-2.9,1.04,0.17,-0.04
4011,20.05,20.05,20.165111,0.001423,0,0,-0.2,-10.9,-3,1.04,0.17,-0.04
4012,20.055,20.055,20.17103,0.002343,0,0,-0.3,-10.9,-3.2,1.04,0.18,-0.04
4013,20.06,20.06,20.176083,0.002396,0,0,-0.2,-10.8,-3.4,1.03,0.18,-0.04
4014,20.065,20.065,20.180098,0.001411,0,0,0,-10.7,-3.4,1.03,0.17,-0.04
4015,20.07,20.07,20.186043,0.002356,0,0,0,-10.6,-2.8,1.04,0.17,-0.04
4016,20.075,20.075,20.191032,0.002345,0,0,0,-10.7,-2.5,1.04,0.17,-0.04
4017,20.08,20.080001,20.195067,0.001378,9.99999997475243e-07,0,-0.1,-10.7,-2.3,1.04,0.16,-0.04
4018,20.085,20.085,20.200076,0.001389,0,0,0,-10.7,-2.8,1.03,0.17,-0.04
4019,20.09,20.09,20.206275,0.002589,0,0,-0.1,-10.6,-2.9,1.04,0.17,-0.04
4020,20.095,20.095,20.210106,0.001418,0,0,-0.2,-10.7,-3.1,1.03,0.18,-0.04
4021,20.1,20.1,20.21506,0.001373,0,0,-0.2,-10.7,-3.2,1.03,0.18,-0.04
4022,20.105,20.105,20.221046,0.002359,0,0,-0.4,-10.8,-3.4,1.04,0.19,-0.04
4023,20.11,20.11,20.226063,0.002375,0,0,-0.5,-10.9,-3.4,1.04,0.2,-0.04
4024,20.115,20.115001,20.230051,0.001362,9.99999997475243e-07,0,-0.3,-10.8,-3.2,1.04,0.18,-0.04
4025,20.12,20.12,20.236052,0.002365,0,0,-0.2,-10.8,-3,1.04,0.18,-0.04
4026,20.125,20.125001,20.241259,0.002572,1.00000000102796e-06,0,-0.3,-10.8,-2.7,1.05,0.18,-0.04
4027,20.13,20.13,20.245086,0.001399,0,0,-0.4,-10.8,-2,1.05,0.17,-0.04
4028,20.135,20.135,20.25108,0.002393,0,0,-0.4,-10.8,-2.5,1.05,0.18,-0.04
4029,20.14,20.14,20.256025,0.002337,0,0,-0.4,-10.8,-2.8,1.04,0.19,-0.04
4030,20.145,20.145,20.259996,0.001309,0,0,-0.4,-10.7,-3.2,1.03,0.19,-0.04
4031,20.15,20.150001,20.265126,0.001438,9.99999997475243e-07,0,-0.3,-10.6,-2.7,1.04,0.18,-0.04
4032,20.155,20.155,20.271061,0.002375,0,0,-0.3,-10.6,-3,1.03,0.18,-0.04
4033,20.16,20.16,20.276213,0.002525,0,0,-0.3,-10.7,-2.8,1.04,0.18,-0.04
4034,20.165,20.165,20.280043,0.001355,0,0,-0.3,-10.6,-3.5,1.03,0.19,-0.04
4035,20.17,20.17,20.286086,0.002399,0,0,-0.3,-10.7,-3.4,1.04,0.19,-0.04
4036,20.175,20.175,20.291073,0.002386,0,0,-0.4,-10.8,-3.5,1.04,0.19,-0.05
4037,20.18,20.18,20.295026,0.001339,0,0,-0.3,-10.7,-3.1,1.04,0.19,-0.05
4038,20.185,20.185,20.300209,0.001522,0,0,-0.2,-10.8,-2.9,1.04,0.18,-0.04
4039,20.19,20.19,20.306225,0.002539,0,0,-0.3,-10.8,-2.2,1.04,0.18,-0.03
4040,20.195,20.195,20.310072,0.001385,0,0,-0.2,-10.9,-2.1,1.04,0.18,-0.04
4041,20.2,20.2,20.315079,0.001391,0,0,-0.3,-10.8,-2.4,1.04,0.18,-0.04
4042,20.205,20.205001,20.321229,0.002541,9.99999997475243e-07,0,-0.4,-10.8,-2.7,1.04,0.19,-0.04
4043,20.21,20.21,20.325025,0.001338,0,0,-0.5,-10.8,-2.9,1.03,0.19,-0.04
4044,20.215,20.215,20.330006,0.001319,0,0,-0.2,-10.7,-2.2,1.04,0.17,-0.04
4045,20.22,20.22,20.336171,0.002483,0,0,-0.3,-10.8,-2.4,1.04,0.17,-0.04
4046,20.225,20.225,20.341052,0.002365,0,0,-0.3,-10.9,-2.6,1.04,0.18,-0.04
4047,20.23,20.23,20.345067,0.00138,0,0,-0.2,-10.9,-3,1.04,0.18,-0.04
4048,20.235,20.235,20.350161,0.001473,0,0,-0.2,-10.7,-2.6,1.03,0.17,-0.04
4049,20.24,20.240001,20.356243,0.002554,9.99999997475243e-07,0,-0.1,-10.7,-2.3,1.03,0.16,-0.04
4050,20.245,20.245,20.36002,0.001334,0,0,-0.3,-10.8,-2.6,1.03,0.18,-0.04
4051,20.25,20.25,20.365124,0.001438,0,0,-0.4,-10.8,-3.3,1.03,0.19,-0.04
4052,20.255,20.255,20.371044,0.002357,0,0,-0.3,-10.8,-2.9,1.04,0.18,-0.04
4053,20.26,20.26,20.375032,0.001344,0,0,-0.2,-10.8,-2.5,1.04,0.17,-0.04
4054,20.265,20.265,20.38002,0.001333,0,0,-0.1,-10.8,-2.8,1.04,0.17,-0.04
4055,20.27,20.27,20.38622,0.002533,0,0,-0.1,-10.7,-2.8,1.04,0.17,-0.04
4056,20.275,20.275002,20.391058,0.00237,1.9999999985032e-06,0,0,-10.8,-2.2,1.04,0.16,-0.03
4057,20.28,20.28,20.395016,0.001329,0,0,-0.1,-10.8,-2.1,1.04,0.17,-0.03
4058,20.285,20.285,20.400081,0.001394,0,0,-0.4,-10.9,-2.9,1.04,0.19,-0.04
4059,20.29,20.29,20.406051,0.002365,0,0,-0.4,-10.8,-2.7,1.04,0.18,-0.04
4060,20.295,20.295,20.410032,0.001344,0,0,-0.3,-10.8,-3,1.04,0.17,-0.04
4061,20.3,20.3,20.415019,0.001331,0,0,-0.3,-10.8,-3.1,1.04,0.18,-0.04
4062,20.305,20.305,20.421016,0.002329,0,0,-0.4,-10.8,-3.1,1.04,0.18,-0.05
4063,20.31,20.31,20.425067,0.001379,0,0,-0.2,-10.8,-3.1,1.04,0.18,-0.04
4064,20.315,20.315,20.430012,0.001324,0,0,-0.2,-10.9,-3,1.04,0.18,-0.05
4065,20.32,20.32,20.436193,0.002505,0,0,-0.4,-10.9,-3.3,1.04,0.19,-0.05
4066,20.325,20.325,20.441071,0.002384,0,0,-0.4,-10.9,-3,1.04,0.18,-0.05
4067,20.33,20.330001,20.445052,0.001364,9.99999997475243e-07,0,-0.4,-10.8,-3.1,1.04,0.18,-0.05
4068,20.335,20.335,20.45105,0.002363,0,0,-0.3,-10.8,-3.1,1.04,0.17,-0.05
4069,20.34,20.34,20.45618,0.002493,0,0,-0.2,-10.8,-3,1.04,0.17,-0.04
4070,20.345,20.345,20.460068,0.001381,0,0,-0.2,-10.8,-2.3,1.04,0.17,-0.04
4071,20.35,20.35,20.465111,0.001424,0,0,-0.3,-10.9,-2.4,1.04,0.18,-0.04
4072,20.355,20.355,20.471034,0.002347,0,0,-0.2,-10.8,-2.5,1.04,0.17,-0.04
4073,20.36,20.36,20.475078,0.00139,0,0,-0.2,-10.7,-2.5,1.03,0.17,-0.04
4074,20.365,20.365001,20.480101,0.001413,9.99999997475243e-07,0,-0.3,-10.7,-3.7,1.02,0.19,-0.04
4075,20.37,20.37,20.486043,0.002356,0,0,-0.4,-10.8,-3.5,1.03,0.19,-0.04
4076,20.375,20.375,20.491051,0.002364,0,0,-0.5,-10.8,-3.3,1.03,0.19,-0.04
4077,20.38,20.38,20.495052,0.001365,0,0,-0.5,-10.8,-3.2,1.04,0.18,-0.04
4078,20.385,20.385,20.501239,0.002552,0,0,-0.4,-10.6,-3.1,1.04,0.18,-0.05
4079,20.39,20.39,20.506148,0.002461,0,0,-0.3,-10.7,-3.2,1.04,0.18,-0.04
4080,20.395,20.395,20.510043,0.001355,0,0,-0.3,-10.6,-3.3,1.03,0.18,-0.04
4081,20.4,20.400001,20.515035,0.001346,9.99999997475243e-07,0,-0.2,-10.7,-3.4,1.03,0.18,-0.04
4082,20.405,20.405,20.521115,0.002428,0,0,-0.2,-10.8,-3.2,1.04,0.18,-0.04
4083,20.41,20.41,20.525059,0.001372,0,0,-0.2,-10.7,-3.8,1.03,0.19,-0.04
4084,20.415,20.415,20.530375,0.001689,0,0,-0.2,-10.7,-4.1,1.03,0.2,-0.05
4085,20.42,20.42,20.536089,0.002402,0,0,-0.3,-10.6,-3.6,1.03,0.19,-0.05
4086,20.425,20.425,20.540022,0.001335,0,0,-0.2,-10.7,-3.5,1.03,0.18,-0.04
4087,20.43,20.43,20.545009,0.001322,0,0,-0.2,-10.7,-3.6,1.03,0.18,-0.04
4088,20.435,20.435,20.550995,0.002308,0,0,-0.3,-10.7,-3.3,1.03,0.19,-0.04
4089,20.44,20.44,20.55616,0.002474,0,0,-0.4,-10.8,-3.6,1.03,0.2,-0.04
4090,20.445,20.445,20.560044,0.001357,0,0,-0.4,-10.8,-3.8,1.03,0.2,-0.04
4091,20.45,20.45,20.565079,0.001392,0,0,-0.5,-10.9,-3.7,1.03,0.2,-0.04
4092,20.455,20.455001,20.571194,0.002506,9.99999997475243e-07,0,-0.5,-10.9,-3.2,1.04,0.19,-0.04
4093,20.46,20.46,20.575087,0.001399,0,0,-0.4,-10.8,-3,1.04,0.19,-0.04
4094,20.465,20.465,20.580032,0.001345,0,0,-0.4,-10.8,-2.7,1.04,0.19,-0.04
4095,20.47,20.47,20.586192,0.002506,0,0,-0.3,-10.8,-2.4,1.04,0.17,-0.04
4096,20.475,20.475,20.591015,0.002328,0,0,-0.3,-10.9,-2.8,1.03,0.18,-0.04
4097,20.48,20.48,20.594996,0.001309,0,0,-0.3,-10.9,-2.6,1.03,0.19,-0.04
4098,20.485,20.485,20.601089,0.002402,0,0,-0.3,-10.8,-2.6,1.03,0.19,-0.03
4099,20.49,20.490001,20.606161,0.002473,9.99999997475243e-07,0,-0.2,-10.8,-2.8,1.03,0.19,-0.03
4100,20.495,20.495,20.611092,0.002405,0,0,-0.2,-10.8,-2.7,1.03,0.18,-0.03
4101,20.5,20.5,20.615142,0.001454,0,0,-0.2,-10.8,-3.2,1.03,0.19,-0.04
4102,20.505,20.505,20.621136,0.00245,0,0,-0.4,-10.9,-3.8,1.03,0.2,-0.04
4103,20.51,20.51,20.625046,0.001358,0,0,-0.2,-10.7,-3.6,1.03,0.19,-0.05
4104,20.515,20.515,20.630004,0.001318,0,0,-0.2,-10.8,-3.3,1.03,0.18,-0.04
4105,20.52,20.52,20.636173,0.002486,0,0,-0.2,-10.7,-3,1.04,0.18,-0.04
4106,20.525,20.525001,20.64113,0.002441,9.99999997475243e-07,0,-0.2,-10.6,-2.4,1.04,0.16,-0.03
4107,20.53,20.53,20.645022,0.001335,0,0,-0.2,-10.7,-2.4,1.04,0.17,-0.03
4108,20.535,20.535,20.651148,0.002461,0,0,-0.5,-10.7,-2.5,1.04,0.18,-0.04
4109,20.54,20.54,20.656077,0.00239,0,0,-0.5,-10.7,-2.5,1.04,0.18,-0.04
4110,20.545,20.545,20.66002,0.001333,0,0,-0.4,-10.8,-3.1,1.04,0.19,-0.04
4111,20.55,20.55,20.66507,0.001383,0,0,-0.2,-10.7,-2.8,1.04,0.18,-0.04
4112,20.555,20.555,20.671117,0.00243,0,0,-0.2,-10.7,-2.8,1.04,0.18,-0.04
4113,20.56,20.56,20.675057,0.00137,0,0,-0.6,-10.7,-3.1,1.03,0.2,-0.04
4114,20.565,20.565,20.680067,0.00138,0,0,-0.4,-10.8,-3,1.04,0.19,-0.04
4115,20.57,20.57,20.686137,0.002451,0,0,-0.4,-10.8,-2.8,1.04,0.18,-0.03
4116,20.575,20.575,20.69109,0.002403,0,0,-0.4,-10.8,-3,1.05,0.18,-0.04
4117,20.58,20.580001,20.69503,0.001341,9.99999997475243e-07,0,-0.5,-10.8,-2.9,1.05,0.19,-0.04
4118,20.585,20.585,20.700086,0.001398,0,0,-0.3,-10.8,-3.3,1.04,0.18,-0.04
4119,20.59,20.59,20.706121,0.002435,0,0,-0.2,-10.8,-2.3,1.04,0.17,-0.04
4120,20.595,20.595,20.710022,0.001336,0,0,-0.3,-10.7,-2.6,1.05,0.17,-0.03
4121,20.6,20.6,20.715108,0.001416,0,0,-0.3,-10.8,-2.5,1.04,0.17,-0.04
4122,20.605,20.605,20.721209,0.002521,0,0,-0.3,-10.7,-2.6,1.04,0.17,-0.04
4123,20.61,20.61,20.726195,0.002509,0,0,-0.3,-10.7,-2.7,1.04,0.18,-0.04
4124,20.615,20.615001,20.730093,0.001405,9.99999997475243e-07,0,-0.3,-10.8,-2.7,1.04,0.17,-0.04
4125,20.62,20.62,20.735148,0.001461,0,0,-0.2,-10.7,-2.8,1.04,0.17,-0.04
4126,20.625,20.625,20.741192,0.002504,0,0,-0.1,-10.7,-2.8,1.04,0.16,-0.04
4127,20.63,20.63,20.745052,0.001365,0,0,-0.2,-10.7,-3.2,1.03,0.17,-0.04
4128,20.635,20.635,20.750142,0.001454,0,0,-0.2,-10.7,-2.8,1.04,0.16,-0.04
4129,20.64,20.640001,20.756178,0.00249,1.00000000102796e-06,0,-0.1,-10.7,-3,1.04,0.16,-0.04
4130,20.645,20.645001,20.761117,0.002429,1.00000000102796e-06,0,-0.1,-10.7,-3.3,1.03,0.17,-0.04
4131,20.65,20.650001,20.765081,0.001393,9.99999997475243e-07,0,0,-10.7,-3.4,1.03,0.17,-0.04
4132,20.655,20.655,20.7711,0.002413,0,0,-0.1,-10.7,-3.3,1.03,0.18,-0.04
4133,20.66,20.66,20.776101,0.002413,0,0,-0.2,-10.8,-3.5,1.03,0.19,-0.05
4134,20.665,20.665,20.780023,0.001336,0,0,-0.3,-10.7,-2.8,1.03,0.18,-0.04
4135,20.67,20.67,20.785145,0.001458,0,0,-0.5,-10.8,-2.9,1.03,0.19,-0.04
4136,20.675,20.675,20.791058,0.002371,0,0,-0.3,-10.7,-2.3,1.04,0.17,-0.04
4137,20.68,20.68,20.795037,0.00135,0,0,-0.2,-10.8,-2.6,1.04,0.17,-0.04
4138,20.685,20.685,20.800027,0.00134,0,0,-0.3,-10.9,-3.1,1.04,0.19,-0.04
4139,20.69,20.69,20.806058,0.002372,0,0,-0.2,-10.8,-2.8,1.04,0.19,-0.03
4140,20.695,20.695,20.810059,0.001371,0,0,-0.3,-10.7,-2.7,1.04,0.18,-0.04
4141,20.7,20.7,20.815013,0.001326,0,0,-0.2,-10.8,-2.4,1.03,0.17,-0.03
4142,20.705,20.705001,20.820127,0.001438,9.99999997475243e-07,0,-0.2,-10.7,-2.9,1.04,0.17,-0.04
4143,20.71,20.71,20.826202,0.002515,0,0,-0.3,-10.7,-2.6,1.04,0.17,-0.04
4144,20.715,20.715,20.830035,0.001348,0,0,-0.2,-10.7,-2.8,1.03,0.17,-0.04
4145,20.72,20.72,20.835151,0.001465,0,0,-0.2,-10.7,-3.3,1.03,0.19,-0.05
4146,20.725,20.725,20.841151,0.002464,0,0,-0.5,-10.9,-3.3,1.04,0.19,-0.05
4147,20.73,20.73,20.845049,0.001362,0,0,-0.5,-10.8,-3.1,1.04,0.19,-0.05
4148,20.735,20.735,20.850159,0.001473,0,0,-0.4,-10.8,-2.9,1.03,0.19,-0.04
4149,20.74,20.740001,20.856065,0.002377,9.99999997475243e-07,0,-0.3,-10.7,-2.7,1.04,0.18,-0.04
4150,20.745,20.745,20.86106,0.002373,0,0,-0.3,-10.8,-2.7,1.04,0.18,-0.04
4151,20.75,20.75,20.865037,0.001349,0,0,-0.4,-10.8,-3,1.04,0.18,-0.04
4152,20.755,20.755,20.870092,0.001405,0,0,-0.5,-10.8,-3.8,1.03,0.2,-0.05
4153,20.76,20.76,20.876063,0.002376,0,0,-0.5,-10.7,-4,1.02,0.21,-0.05
4154,20.765,20.765,20.880038,0.001351,0,0,-0.5,-10.8,-3.9,1.03,0.2,-0.05
4155,20.77,20.77,20.885005,0.001318,0,0,-0.3,-10.8,-4.1,1.02,0.19,-0.05
4156,20.775,20.775001,20.891068,0.00238,9.99999997475243e-07,0,-0.3,-10.7,-4.4,1.02,0.19,-0.05
4157,20.78,20.78,20.895003,0.001316,0,0,-0.5,-10.7,-3.8,1.03,0.19,-0.05
4158,20.785,20.785,20.900035,0.001348,0,0,-0.4,-10.7,-4.1,1.03,0.19,-0.05
4159,20.79,20.79,20.906042,0.002355,0,0,-0.3,-10.7,-4,1.03,0.19,-0.05
4160,20.795,20.795,20.911058,0.002371,0,0,-0.3,-10.7,-3,1.03,0.18,-0.05
4161,20.8,20.8,20.91505,0.001363,0,0,-0.4,-10.7,-2.5,1.04,0.18,-0.04
4162,20.805,20.805,20.920102,0.001415,0,0,-0.1,-10.6,-2.4,1.04,0.16,-0.04
4163,20.81,20.81,20.926148,0.00246,0,0,-0.1,-10.6,-2.9,1.03,0.17,-0.04
4164,20.815,20.815,20.930165,0.001479,0,0,-0.2,-10.7,-3,1.04,0.17,-0.04
4165,20.82,20.82,20.935071,0.001384,0,0,-0.2,-10.8,-2.7,1.04,0.17,-0.04
4166,20.825,20.825,20.941126,0.002439,0,0,-0.3,-10.7,-2.7,1.04,0.17,-0.04
4167,20.83,20.830001,20.94505,0.001362,9.99999997475243e-07,0,-0.3,-10.8,-2.5,1.05,0.17,-0.04
4168,20.835,20.835,20.950167,0.00148,0,0,-0.1,-10.6,-2.4,1.04,0.16,-0.04
4169,20.84,20.840001,20.956248,0.00256,1.00000000102796e-06,0,-0.2,-10.7,-2.1,1.04,0.16,-0.03
4170,20.845,20.845,20.960073,0.001386,0,0,-0.2,-10.6,-2.5,1.04,0.17,-0.04
4171,20.85,20.85,20.965047,0.00136,0,0,-0.3,-10.6,-2.6,1.04,0.17,-0.04
4172,20.855,20.855,20.971157,0.00247,0,0,-0.4,-10.7,-2.6,1.04,0.18,-0.04
4173,20.86,20.86,20.975094,0.001408,0,0,-0.4,-10.8,-2.5,1.04,0.18,-0.04
4174,20.865,20.865001,20.980046,0.001358,9.99999997475243e-07,0,-0.3,-10.8,-1.9,1.04,0.17,-0.04
4175,20.87,20.87,20.986156,0.002469,0,0,-0.4,-10.8,-2.4,1.05,0.18,-0.04
4176,20.875,20.875,20.991043,0.002356,0,0,-0.6,-10.9,-2.6,1.04,0.19,-0.04
4177,20.88,20.88,20.995133,0.001446,0,0,-0.4,-10.7,-3.1,1.04,0.19,-0.04
4178,20.885,20.885,21.001097,0.00241,0,0,-0.3,-10.8,-2.4,1.04,0.17,-0.03
4179,20.89,20.89,21.006092,0.002405,0,0,-0.4,-10.8,-2.5,1.04,0.18,-0.04
4180,20.895,20.895,21.010052,0.001365,0,0,-0.3,-10.8,-2.6,1.04,0.17,-0.04
4181,20.9,20.900001,21.015081,0.001393,9.99999997475243e-07,0,-0.3,-10.8,-2.9,1.04,0.18,-0.04
4182,20.905,20.905,21.021027,0.00234,0,0,-0.3,-10.8,-2.6,1.04,0.17,-0.04
4183,20.91,20.91,21.025071,0.001384,0,0,-0.4,-10.9,-2.7,1.04,0.19,-0.04
4184,20.915,20.915,21.030102,0.001416,0,0,-0.2,-10.8,-2.7,1.03,0.18,-0.04
4185,20.92,20.92,21.036061,0.002374,0,0,-0.1,-10.7,-2.3,1.04,0.16,-0.04
4186,20.925,20.925001,21.041241,0.002554,1.00000000102796e-06,0,-0.3,-10.7,-2.8,1.04,0.17,-0.04
4187,20.93,20.93,21.045045,0.001358,0,0,-0.3,-10.6,-3.3,1.03,0.18,-0.05
4188,20.935,20.935,21.051065,0.002378,0,0,-0.3,-10.8,-3.1,1.04,0.19,-0.04
4189,20.94,20.94,21.055143,0.001456,0,0,-0.2,-10.8,-3.3,1.03,0.19,-0.04
4190,20.945,20.945,21.060037,0.00135,0,0,-0.3,-10.8,-3.9,1.03,0.19,-0.04
4191,20.95,20.95,21.066029,0.002342,0,0,-0.2,-10.8,-3.4,1.03,0.19,-0.04
4192,20.955,20.955001,21.070177,0.00149,9.99999997475243e-07,0,-0.2,-10.8,-3.8,1.03,0.19,-0.04
4193,20.96,20.96,21.075108,0.00142,0,0,-0.1,-10.7,-3,1.04,0.17,-0.04
4194,20.965,20.965,21.081063,0.002376,0,0,-0.3,-10.8,-2.8,1.04,0.18,-0.04
4195,20.97,20.970001,21.085224,0.001535,1.00000000102796e-06,0,-0.3,-10.7,-2.4,1.04,0.18,-0.04
4196,20.975,20.975,21.09007,0.001383,0,0,-0.3,-10.7,-2.9,1.04,0.18,-0.04
4197,20.98,20.98,21.096005,0.002318,0,0,-0.3,-10.8,-2.9,1.04,0.18,-0.04
4198,20.985,20.985,21.100144,0.001458,0,0,-0.3,-10.8,-3,1.03,0.18,-0.04
4199,20.99,20.990001,21.105183,0.001495,9.99999997475243e-07,0,-0.2,-10.7,-2.9,1.04,0.17,-0.04
4200,20.995,20.995,21.111159,0.002473,0,0,-0.2,-10.7,-2.5,1.04,0.18,-0.03
4201,21,21,21.11605,0.002363,0,0,-0.3,-10.7,-2.5,1.04,0.17,-0.03
4202,21.005,21.005,21.120059,0.001372,0,0,-0.3,-10.8,-2.1,1.04,0.17,-0.03
4203,21.01,21.01,21.126094,0.002407,0,0,-0.2,-10.7,-2.8,1.04,0.18,-0.03
4204,21.015,21.015,21.131103,0.002415,0,0,-0.4,-10.8,-2.4,1.05,0.19,-0.04
4205,21.02,21.02,21.135097,0.00141,0,0,-0.3,-10.8,-2.2,1.05,0.17,-0.03
4206,21.025,21.025001,21.140115,0.001427,9.99999997475243e-07,0,-0.5,-10.9,-2.3,1.05,0.18,-0.03
4207,21.03,21.03,21.146077,0.00239,0,0,-0.4,-10.8,-2.6,1.04,0.18,-0.03
4208,21.035,21.035,21.151151,0.002464,0,0,-0.5,-10.9,-3.2,1.04,0.2,-0.04
4209,21.04,21.04,21.155077,0.001389,0,0,-0.3,-10.8,-2.6,1.04,0.18,-0.03
4210,21.045,21.045,21.161052,0.002365,0,0,-0.2,-10.8,-2.4,1.04,0.17,-0.03
4211,21.05,21.05,21.166024,0.002336,0,0,-0.2,-10.8,-2.2,1.04,0.17,-0.03
4212,21.055,21.055,21.170035,0.001348,0,0,-0.3,-10.8,-2.1,1.04,0.17,-0.03
4213,21.06,21.06,21.176068,0.002381,0,0,-0.3,-10.8,-2.3,1.04,0.17,-0.03
4214,21.065,21.065,21.180048,0.001361,0,0,-0.4,-10.8,-2.9,1.04,0.18,-0.04
4215,21.07,21.07,21.185189,0.001501,0,0,-0.4,-10.7,-2.9,1.04,0.18,-0.04
4216,21.075,21.075,21.19104,0.002353,0,0,-0.6,-10.7,-2.5,1.04,0.18,-0.03
4217,21.08,21.080001,21.196043,0.002354,9.99999997475243e-07,0,-0.7,-10.7,-2.8,1.04,0.19,-0.04
4218,21.085,21.085,21.200146,0.001459,0,0,-0.5,-10.7,-2.5,1.04,0.18,-0.04
4219,21.09,21.09,21.205174,0.001487,0,0,-0.5,-10.7,-3,1.04,0.19,-0.04
4220,21.095,21.095,21.211202,0.002515,0,0,-0.4,-10.7,-2.6,1.04,0.18,-0.04
4221,21.1,21.1,21.215033,0.001346,0,0,-0.3,-10.7,-2.7,1.03,0.18,-0.03
4222,21.105,21.105,21.220177,0.001489,0,0,-0.3,-10.8,-2.3,1.04,0.17,-0.04
4223,21.11,21.11,21.226133,0.002446,0,0,-0.3,-10.8,-2.4,1.04,0.18,-0.03
4224,21.115,21.115001,21.230025,0.001337,9.99999997475243e-07,0,-0.3,-10.7,-2.2,1.04,0.17,-0.03
4225,21.12,21.12,21.235035,0.001348,0,0,-0.3,-10.7,-2.4,1.04,0.18,-0.03
4226,21.125,21.125,21.241272,0.002585,0,0,-0.2,-10.7,-2.1,1.04,0.16,-0.04
4227,21.13,21.13,21.245056,0.001368,0,0,-0.3,-10.7,-2,1.05,0.16,-0.04
4228,21.135,21.135,21.251111,0.002424,0,0,-0.3,-10.7,-2.4,1.05,0.16,-0.04
4229,21.14,21.14,21.256161,0.002474,0,0,-0.4,-10.8,-2.9,1.04,0.18,-0.04
4230,21.145,21.145,21.260077,0.00139,0,0,-0.5,-10.8,-2.9,1.04,0.19,-0.04
4231,21.15,21.150001,21.266077,0.002388,9.99999997475243e-07,0,-0.4,-10.8,-3.8,1.03,0.2,-0.04
4232,21.155,21.155,21.27113,0.002443,0,0,-0.3,-10.8,-3.6,1.03,0.18,-0.04
4233,21.16,21.16,21.275078,0.00139,0,0,-0.4,-10.7,-3.9,1.03,0.19,-0.04
4234,21.165,21.165,21.280309,0.001623,0,0,-0.2,-10.7,-3.2,1.03,0.19,-0.04
4235,21.17,21.17,21.286108,0.002421,0,0,-0.3,-10.7,-3.9,1.03,0.19,-0.04
4236,21.175,21.175,21.29006,0.001373,0,0,-0.3,-10.7,-3.4,1.03,0.19,-0.04
4237,21.18,21.18,21.295154,0.001467,0,0,-0.2,-10.7,-3.1,1.03,0.18,-0.04
4238,21.185,21.185,21.301114,0.002427,0,0,-0.2,-10.7,-3.1,1.03,0.18,-0.04
4239,21.19,21.19,21.305108,0.001421,0,0,-0.3,-10.8,-2.8,1.03,0.19,-0.04
4240,21.195,21.195,21.310205,0.001517,0,0,-0.2,-10.8,-2.4,1.03,0.18,-0.04
4241,21.2,21.2,21.316173,0.002485,0,0,-0.3,-10.8,-2.5,1.03,0.18,-0.04
4242,21.205,21.205001,21.321141,0.002453,9.99999997475243e-07,0,-0.2,-10.8,-2.5,1.04,0.17,-0.04
4243,21.21,21.21,21.325068,0.001381,0,0,-0.2,-10.8,-2.7,1.04,0.17,-0.04
4244,21.215,21.215,21.331056,0.002369,0,0,-0.4,-10.7,-2.5,1.04,0.18,-0.04
4245,21.22,21.22,21.335018,0.001331,0,0,-0.4,-10.8,-2.2,1.04,0.17,-0.04
4246,21.225,21.225,21.340209,0.001521,0,0,-0.4,-10.8,-3.1,1.03,0.18,-0.04
4247,21.23,21.23,21.346045,0.002357,0,0,-0.2,-10.8,-2.7,1.04,0.16,-0.04
4248,21.235,21.235,21.351085,0.002398,0,0,-0.3,-10.8,-3,1.04,0.18,-0.04
4249,21.24,21.240001,21.355174,0.001485,9.99999997475243e-07,0,-0.3,-10.8,-3,1.04,0.18,-0.04
4250,21.245,21.245,21.360027,0.00134,0,0,-0.3,-10.8,-3.3,1.04,0.19,-0.05
4251,21.25,21.25,21.366095,0.002408,0,0,-0.2,-10.9,-2.5,1.05,0.18,-0.04
4252,21.255,21.255,21.371087,0.0024,0,0,-0.1,-10.9,-2.6,1.04,0.17,-0.04
4253,21.26,21.26,21.375035,0.001348,0,0,-0.2,-10.8,-2.1,1.04,0.17,-0.04
4254,21.265,21.265,21.380119,0.001432,0,0,-0.1,-10.8,-2.4,1.04,0.17,-0.04
4255,21.27,21.27,21.38619,0.002502,0,0,-0.1,-10.7,-2.9,1.04,0.17,-0.04
4256,21.275,21.275001,21.391086,0.002398,9.99999997475243e-07,0,-0.4,-10.7,-2.6,1.05,0.18,-0.04
4257,21.28,21.28,21.395034,0.001346,0,0,-0.3,-10.6,-2.8,1.04,0.18,-0.04
4258,21.285,21.285,21.40106,0.002374,0,0,-0.2,-10.7,-2.5,1.04,0.17,-0.04
4259,21.29,21.29,21.406051,0.002364,0,0,-0.2,-10.7,-2.9,1.04,0.17,-0.04
4260,21.295,21.295,21.410297,0.001611,0,0,-0.1,-10.7,-2.3,1.04,0.16,-0.04
4261,21.3,21.3,21.41508,0.001392,0,0,-0.2,-10.8,-2.3,1.04,0.16,-0.04
4262,21.305,21.305,21.421151,0.002464,0,0,-0.2,-10.8,-2.7,1.04,0.17,-0.04
4263,21.31,21.31,21.42504,0.001353,0,0,-0.3,-10.8,-2.9,1.04,0.18,-0.04
4264,21.315,21.315,21.430042,0.001356,0,0,-0.3,-10.7,-3,1.04,0.18,-0.04
4265,21.32,21.32,21.436116,0.002428,0,0,-0.2,-10.6,-3.2,1.04,0.18,-0.04
4266,21.325,21.325,21.441146,0.002459,0,0,-0.2,-10.6,-3.1,1.04,0.18,-0.04
4267,21.33,21.330001,21.44505,0.001362,9.99999997475243e-07,0,-0.3,-10.7,-3.4,1.03,0.19,-0.04
4268,21.335,21.335,21.450215,0.001528,0,0,-0.4,-10.7,-3.2,1.03,0.19,-0.04
4269,21.34,21.34,21.456097,0.00241,0,0,-0.3,-10.7,-2.9,1.03,0.18,-0.04
4270,21.345,21.345,21.461134,0.002447,0,0,-0.3,-10.8,-3,1.04,0.19,-0.04
4271,21.35,21.35,21.465032,0.001346,0,0,-0.2,-10.8,-2.8,1.04,0.18,-0.04
4272,21.355,21.355,21.471178,0.002491,0,0,-0.2,-10.9,-2.6,1.04,0.18,-0.03
4273,21.36,21.36,21.476125,0.002437,0,0,-0.3,-10.9,-2.3,1.04,0.19,-0.03
4274,21.365,21.365001,21.480129,0.001441,9.99999997475243e-07,0,-0.4,-10.8,-2.4,1.04,0.19,-0.04
4275,21.37,21.37,21.486105,0.002417,0,0,-0.4,-10.8,-3.2,1.04,0.2,-0.04
4276,21.375,21.375,21.490061,0.001374,0,0,-0.3,-10.8,-3.1,1.04,0.19,-0.05
4277,21.38,21.38,21.495122,0.001435,0,0,-0.3,-10.9,-2.8,1.04,0.19,-0.04
4278,21.385,21.385,21.501147,0.002459,0,0,-0.4,-10.9,-3.2,1.04,0.19,-0.04
4279,21.39,21.39,21.50504,0.001353,0,0,-0.3,-10.7,-2.4,1.04,0.17,-0.04
4280,21.395,21.395,21.510022,0.001335,0,0,-0.3,-10.8,-2.4,1.04,0.17,-0.04
4281,21.4,21.400001,21.516038,0.00235,9.99999997475243e-07,0,-0.4,-10.7,-2.3,1.05,0.18,-0.04
4282,21.405,21.405,21.521206,0.00252,0,0,-0.5,-10.8,-2.9,1.04,0.19,-0.04
4283,21.41,21.41,21.525134,0.001446,0,0,-0.5,-10.8,-3.4,1.04,0.2,-0.05
4284,21.415,21.415,21.531065,0.002379,0,0,-0.4,-10.8,-2.8,1.04,0.19,-0.04
4285,21.42,21.42,21.536015,0.002327,0,0,-0.3,-10.8,-2.8,1.04,0.19,-0.04
4286,21.425,21.425,21.541053,0.002365,0,0,-0.3,-10.8,-3.5,1.03,0.2,-0.04
4287,21.43,21.43,21.546018,0.002331,0,0,-0.3,-10.8,-3.7,1.03,0.19,-0.04
4288,21.435,21.435,21.551229,0.002543,0,0,-0.2,-10.8,-3.4,1.04,0.18,-0.04
4289,21.44,21.44,21.555118,0.001431,0,0,-0.3,-10.7,-3.9,1.03,0.19,-0.04
4290,21.445,21.445,21.560432,0.001744,0,0,-0.4,-10.7,-3.6,1.04,0.19,-0.04
4291,21.45,21.45,21.566315,0.002628,0,0,-0.4,-10.8,-3.7,1.04,0.19,-0.04
4292,21.455,21.455001,21.570079,0.001391,9.99999997475243e-07,0,-0.4,-10.8,-3.5,1.04,0.18,-0.04
4293,21.46,21.46,21.575213,0.001526,0,0,-0.4,-10.7,-3.3,1.04,0.18,-0.04
4294,21.465,21.465,21.581137,0.002451,0,0,-0.4,-10.8,-3.2,1.04,0.19,-0.04
4295,21.47,21.47,21.586136,0.002449,0,0,-0.3,-10.7,-2.7,1.04,0.18,-0.04
4296,21.475,21.475,21.590017,0.00133,0,0,-0.5,-10.8,-3.6,1.03,0.2,-0.05
4297,21.48,21.48,21.595351,0.001664,0,0,-0.4,-10.8,-4.1,1.03,0.19,-0.05
4298,21.485,21.485,21.601083,0.002397,0,0,-0.4,-10.8,-3.8,1.03,0.19,-0.04
4299,21.49,21.490001,21.605231,0.001544,9.99999997475243e-07,0,-0.3,-10.8,-3,1.03,0.18,-0.04
4300,21.495,21.495,21.61014,0.001452,0,0,-0.3,-10.9,-2.2,1.04,0.17,-0.03
4301,21.5,21.5,21.616047,0.002361,0,0,-0.4,-10.9,-2.5,1.04,0.18,-0.04
4302,21.505,21.505,21.620161,0.001474,0,0,-0.4,-10.8,-3.1,1.03,0.19,-0.04
4303,21.51,21.51,21.625043,0.001355,0,0,-0.3,-10.7,-3.5,1.03,0.18,-0.05
4304,21.515,21.515,21.631102,0.002414,0,0,-0.4,-10.7,-4.1,1.03,0.19,-0.05
4305,21.52,21.52,21.636123,0.002436,0,0,-0.4,-10.8,-3.1,1.03,0.18,-0.04
4306,21.525,21.525001,21.640129,0.001442,9.99999997475243e-07,0,-0.3,-10.8,-2.8,1.04,0.18,-0.04
4307,21.53,21.53,21.645043,0.001356,0,0,-0.3,-10.8,-3.1,1.04,0.18,-0.04
4308,21.535,21.535,21.651146,0.002459,0,0,-0.3,-10.8,-2.4,1.04,0.17,-0.04
4309,21.54,21.54,21.656083,0.002396,0,0,-0.2,-10.8,-1.9,1.04,0.16,-0.03
4310,21.545,21.545,21.660021,0.001334,0,0,-0.2,-10.8,-2.2,1.04,0.17,-0.04
4311,21.55,21.55,21.664977,0.00129,0,0,-0.2,-10.8,-2,1.05,0.16,-0.04
4312,21.555,21.555,21.671094,0.002407,0,0,-0.3,-10.8,-2.2,1.05,0.17,-0.04
4313,21.56,21.56,21.675096,0.001408,0,0,-0.3,-10.8,-2.4,1.04,0.17,-0.04
4314,21.565,21.565,21.681071,0.002383,0,0,-0.3,-10.8,-2.9,1.03,0.18,-0.04
4315,21.57,21.57,21.686134,0.002447,0,0,-0.2,-10.7,-3.3,1.03,0.18,-0.04
4316,21.575,21.575,21.690043,0.001356,0,0,-0.2,-10.7,-3.1,1.03,0.17,-0.04
4317,21.58,21.580001,21.696095,0.002406,9.99999997475243e-07,0,-0.1,-10.8,-2.5,1.04,0.17,-0.04
4318,21.585,21.585,21.701018,0.002331,0,0,-0.1,-10.7,-2.3,1.04,0.17,-0.04
4319,21.59,21.59,21.705008,0.001321,0,0,-0.3,-10.7,-2.8,1.04,0.17,-0.04
4320,21.595,21.595,21.710306,0.001619,0,0,-0.2,-10.6,-2.8,1.04,0.17,-0.04
4321,21.6,21.6,21.716103,0.002416,0,0,-0.1,-10.6,-2.8,1.04,0.17,-0.04
4322,21.605,21.605,21.720016,0.00133,0,0,-0.2,-10.7,-3.2,1.04,0.18,-0.04
4323,21.61,21.61,21.725188,0.001501,0,0,-0.3,-10.8,-3.1,1.04,0.18,-0.04
4324,21.615,21.615001,21.731125,0.002437,9.99999997475243e-07,0,-0.1,-10.7,-2.5,1.04,0.16,-0.04
4325,21.62,21.62,21.735042,0.001355,0,0,-0.1,-10.7,-3.1,1.04,0.18,-0.04
4326,21.625,21.625,21.74014,0.001453,0,0,-0.1,-10.7,-2.6,1.05,0.17,-0.04
4327,21.63,21.63,21.746056,0.002368,0,0,-0.2,-10.7,-2.6,1.04,0.18,-0.04
4328,21.635,21.635001,21.750114,0.001426,9.99999997475243e-07,0,-0.2,-10.7,-2.9,1.04,0.18,-0.04
4329,21.64,21.64,21.755047,0.001359,0,0,-0.3,-10.8,-3.1,1.03,0.19,-0.05
4330,21.645,21.645,21.761112,0.002426,0,0,-0.3,-10.8,-3.4,1.03,0.19,-0.05
4331,21.65,21.650001,21.765032,0.001345,9.99999997475243e-07,0,-0.4,-10.7,-3.8,1.03,0.19,-0.05
4332,21.655,21.655,21.770075,0.001387,0,0,-0.4,-10.7,-4.1,1.02,0.2,-0.05
4333,21.66,21.66,21.776124,0.002437,0,0,-0.3,-10.8,-3.4,1.03,0.18,-0.05
4334,21.665,21.665,21.780044,0.001357,0,0,-0.1,-10.8,-2.9,1.04,0.17,-0.04
4335,21.67,21.67,21.78507,0.001383,0,0,-0.1,-10.8,-2.7,1.04,0.16,-0.04
4336,21.675,21.675,21.791127,0.00244,0,0,-0.2,-10.7,-2.6,1.04,0.16,-0.04
4337,21.68,21.68,21.795145,0.001459,0,0,-0.3,-10.8,-2.5,1.03,0.17,-0.04
4338,21.685,21.685,21.800067,0.001379,0,0,-0.3,-10.8,-2.1,1.04,0.17,-0.04
4339,21.69,21.69,21.806251,0.002565,0,0,-0.3,-10.8,-2.8,1.03,0.19,-0.04
4340,21.695,21.695,21.811182,0.002494,0,0,-0.2,-10.8,-2.8,1.03,0.19,-0.04
4341,21.7,21.7,21.81515,0.001464,0,0,-0.3,-10.8,-2.3,1.04,0.18,-0.04
4342,21.705,21.705001,21.820142,0.001453,9.99999997475243e-07,0,-0.3,-10.9,-2.5,1.04,0.18,-0.04
4343,21.71,21.71,21.826138,0.002451,0,0,-0.3,-10.8,-2.3,1.04,0.18,-0.04
4344,21.715,21.715,21.830029,0.001342,0,0,-0.4,-10.7,-3.1,1.04,0.19,-0.04
4345,21.72,21.72,21.835057,0.00137,0,0,-0.4,-10.8,-2.6,1.04,0.19,-0.04
4346,21.725,21.725,21.841058,0.002371,0,0,-0.5,-10.9,-2.7,1.04,0.2,-0.04
4347,21.73,21.73,21.845031,0.001344,0,0,-0.6,-10.7,-2.9,1.04,0.2,-0.04
4348,21.735,21.735,21.850028,0.001341,0,0,-0.3,-10.7,-2.9,1.04,0.18,-0.04
4349,21.74,21.740001,21.856024,0.002336,9.99999997475243e-07,0,-0.3,-10.8,-2.5,1.04,0.17,-0.04
4350,21.745,21.745,21.859998,0.001311,0,0,-0.4,-10.8,-2.1,1.05,0.17,-0.04
4351,21.75,21.75,21.865009,0.001322,0,0,-0.3,-10.8,-2.2,1.04,0.17,-0.03
4352,21.755,21.755,21.871075,0.002389,0,0,-0.4,-10.7,-2.4,1.04,0.18,-0.03
4353,21.76,21.76,21.876064,0.002376,0,0,-0.4,-10.8,-2.8,1.04,0.18,-0.04
4354,21.765,21.765,21.880035,0.001348,0,0,-0.3,-10.7,-3.3,1.03,0.18,-0.04
4355,21.77,21.77,21.885086,0.001399,0,0,-0.1,-10.7,-3.4,1.03,0.18,-0.05
4356,21.775,21.775001,21.89106,0.002373,9.99999997475243e-07,0,-0.1,-10.7,-2.6,1.03,0.17,-0.04
4357,21.78,21.78,21.895028,0.001341,0,0,-0.2,-10.8,-2.1,1.04,0.17,-0.04
4358,21.785,21.785,21.900053,0.001366,0,0,-0.1,-10.8,-2,1.04,0.16,-0.04
4359,21.79,21.79,21.906229,0.002543,0,0,-0.1,-10.8,-1.9,1.04,0.16,-0.03
4360,21.795,21.795,21.910086,0.001399,0,0,-0.1,-10.8,-2,1.04,0.16,-0.03
4361,21.8,21.8,21.916083,0.002396,0,0,-0.3,-10.8,-2.4,1.04,0.17,-0.04
4362,21.805,21.805,21.920017,0.00133,0,0,-0.3,-10.8,-2.8,1.03,0.18,-0.04
4363,21.81,21.81,21.925122,0.001434,0,0,-0.3,-10.8,-3.6,1.02,0.18,-0.04
4364,21.815,21.815,21.931073,0.002387,0,0,-0.3,-10.8,-3.6,1.02,0.19,-0.04
4365,21.82,21.82,21.936075,0.002388,0,0,-0.3,-10.8,-3.2,1.03,0.18,-0.04
4366,21.825,21.825,21.940136,0.001448,0,0,-0.3,-10.8,-2.9,1.03,0.19,-0.04
4367,21.83,21.830001,21.945167,0.001479,9.99999997475243e-07,0,-0.3,-10.8,-2.7,1.03,0.18,-0.04
4368,21.835,21.835001,21.951179,0.002491,9.99999997475243e-07,0,-0.4,-10.8,-2.5,1.04,0.18,-0.04
4369,21.84,21.84,21.955029,0.001342,0,0,-0.3,-10.9,-2.7,1.03,0.18,-0.03
4370,21.845,21.845,21.960111,0.001423,0,0,-0.3,-10.8,-3.1,1.03,0.18,-0.04
4371,21.85,21.85,21.966088,0.002401,0,0,-0.2,-10.6,-3.4,1.03,0.18,-0.04
4372,21.855,21.855,21.971121,0.002434,0,0,-0.4,-10.6,-3.3,1.03,0.19,-0.04
4373,21.86,21.86,21.975121,0.001433,0,0,-0.5,-10.7,-3.4,1.03,0.2,-0.05
4374,21.865,21.865001,21.980028,0.00134,9.99999997475243e-07,0,-0.2,-10.7,-3.3,1.03,0.18,-0.05
4375,21.87,21.87,21.986178,0.002492,0,0,-0.3,-10.8,-3.3,1.03,0.19,-0.04
4376,21.875,21.875,21.990048,0.001361,0,0,-0.4,-10.8,-3.9,1.02,0.21,-0.04
4377,21.88,21.88,21.995142,0.001455,0,0,-0.2,-10.9,-3.5,1.03,0.2,-0.04
4378,21.885,21.885,22.001139,0.002452,0,0,-0.2,-10.7,-3.4,1.03,0.19,-0.04
4379,21.89,21.89,22.005089,0.001402,0,0,-0.3,-10.7,-3,1.03,0.19,-0.04
4380,21.895,21.895,22.010126,0.001439,0,0,-0.2,-10.8,-3.1,1.03,0.18,-0.04
4381,21.9,21.900001,22.016106,0.002418,9.99999997475243e-07,0,-0.1,-10.7,-3.1,1.03,0.17,-0.04
4382,21.905,21.905,22.020126,0.001439,0,0,-0.1,-10.7,-2.4,1.04,0.16,-0.04
4383,21.91,21.91,22.025311,0.001623,0,0,-0.3,-10.7,-2.2,1.05,0.17,-0.04
4384,21.915,21.915,22.031192,0.002505,0,0,-0.4,-10.8,-2.2,1.04,0.18,-0.04
4385,21.92,21.92,22.036031,0.002344,0,0,-0.4,-10.8,-2.3,1.04,0.19,-0.04
4386,21.925,21.925,22.040141,0.001455,0,0,-0.3,-10.8,-2.6,1.04,0.19,-0.04
4387,21.93,21.93,22.045221,0.001534,0,0,-0.5,-10.8,-3.6,1.03,0.2,-0.05
4388,21.935,21.935,22.051119,0.002431,0,0,-0.3,-10.8,-2.7,1.04,0.19,-0.04
4389,21.94,21.94,22.055045,0.001358,0,0,-0.4,-10.9,-2.5,1.04,0.18,-0.04
4390,21.945,21.945,22.060104,0.001417,0,0,-0.3,-10.9,-2.2,1.04,0.17,-0.04
4391,21.95,21.95,22.066102,0.002415,0,0,-0.4,-10.9,-2.5,1.04,0.18,-0.04
4392,21.955,21.955001,22.070031,0.001343,9.99999997475243e-07,0,-0.2,-10.8,-2.8,1.04,0.17,-0.04
4393,21.96,21.96,22.075184,0.001496,0,0,-0.2,-10.8,-2.6,1.04,0.17,-0.04
4394,21.965,21.965,22.081044,0.002357,0,0,-0.2,-10.7,-2.6,1.04,0.17,-0.04
4395,21.97,21.97,22.086027,0.00234,0,0,-0.1,-10.7,-1.8,1.04,0.16,-0.04
4396,21.975,21.975,22.090121,0.001434,0,0,-0.1,-10.7,-2.1,1.03,0.16,-0.04
4397,21.98,21.98,22.096103,0.002416,0,0,-0.1,-10.7,-1.9,1.03,0.16,-0.03
4398,21.985,21.985,22.101085,0.002398,0,0,-0.1,-10.7,-2.6,1.03,0.17,-0.04
4399,21.99,21.990001,22.105018,0.00133,9.99999997475243e-07,0,-0.3,-10.9,-3.2,1.03,0.19,-0.05
4400,21.995,21.995,22.111206,0.002518,0,0,-0.3,-10.8,-3.2,1.04,0.19,-0.04
4401,22,22,22.116084,0.002397,0,0,-0.4,-10.8,-2.9,1.04,0.19,-0.04
4402,22.005,22.005,22.120078,0.001391,0,0,-0.4,-10.8,-3,1.04,0.18,-0.04
4403,22.01,22.01,22.125251,0.001565,0,0,-0.2,-10.8,-3.2,1.04,0.18,-0.05
4404,22.015,22.015,22.131127,0.00244,0,0,-0.2,-10.9,-3.9,1.03,0.19,-0.05
4405,22.02,22.02,22.135071,0.001383,0,0,-0.2,-10.9,-3.7,1.03,0.18,-0.05
4406,22.025,22.025001,22.140157,0.001469,9.99999997475243e-07,0,-0.3,-11,-3.8,1.03,0.19,-0.05
4407,22.03,22.03,22.146057,0.00237,0,0,-0.4,-11,-4,1.03,0.2,-0.05
4408,22.035,22.035,22.150019,0.001332,0,0,-0.3,-10.9,-3.7,1.03,0.2,-0.05
4409,22.04,22.04,22.155045,0.001358,0,0,-0.4,-11,-4.4,1.02,0.21,-0.05
4410,22.045,22.045,22.161079,0.002391,0,0,-0.3,-10.9,-4.2,1.02,0.2,-0.05
4411,22.05,22.05,22.166058,0.002371,0,0,-0.4,-10.8,-4,1.03,0.2,-0.05
4412,22.055,22.055,22.170025,0.001338,0,0,-0.3,-10.8,-3.1,1.03,0.18,-0.04
4413,22.06,22.06,22.175504,0.001816,0,0,-0.1,-10.8,-2.4,1.04,0.16,-0.03
4414,22.065,22.065,22.181121,0.002433,0,0,-0.2,-10.8,-2.2,1.04,0.16,-0.03
4415,22.07,22.07,22.18503,0.001343,0,0,-0.3,-10.8,-2.5,1.04,0.17,-0.04
4416,22.075,22.075,22.190076,0.001389,0,0,-0.3,-10.7,-2.1,1.04,0.16,-0.04
4417,22.08,22.080001,22.196087,0.002399,9.99999997475243e-07,0,-0.4,-10.8,-2.9,1.04,0.18,-0.04
4418,22.085,22.085,22.200096,0.001409,0,0,-0.2,-10.8,-2.9,1.04,0.17,-0.04
4419,22.09,22.09,22.205056,0.001369,0,0,-0.3,-10.8,-2.7,1.04,0.18,-0.04
4420,22.095,22.095,22.210394,0.001706,0,0,-0.4,-10.7,-2.7,1.04,0.19,-0.04
4421,22.1,22.1,22.216108,0.002422,0,0,-0.2,-10.7,-2.6,1.04,0.18,-0.04
4422,22.105,22.105,22.220243,0.001556,0,0,-0.2,-10.8,-2.9,1.04,0.19,-0.04
4423,22.11,22.11,22.226219,0.002531,0,0,-0.2,-10.8,-2.5,1.04,0.17,-0.04
4424,22.115,22.115001,22.231036,0.002348,9.99999997475243e-07,0,-0.1,-10.8,-2.6,1.03,0.17,-0.04
4425,22.12,22.12,22.235072,0.001386,0,0,-0.2,-10.8,-2.4,1.03,0.17,-0.04
4426,22.125,22.125,22.24026,0.001574,0,0,-0.3,-10.8,-2.8,1.03,0.18,-0.04
4427,22.13,22.13,22.246068,0.002381,0,0,-0.2,-10.8,-2.8,1.03,0.18,-0.04
4428,22.135,22.135,22.250117,0.00143,0,0,-0.3,-10.8,-2.4,1.04,0.18,-0.04
4429,22.14,22.14,22.25517,0.001482,0,0,-0.3,-10.9,-2.4,1.04,0.17,-0.04
4430,22.145,22.145,22.261021,0.002334,0,0,-0.2,-10.8,-2.1,1.05,0.17,-0.04
4431,22.15,22.150001,22.265063,0.001374,9.99999997475243e-07,0,-0.3,-10.8,-2.8,1.04,0.18,-0.04
4432,22.155,22.155,22.270071,0.001384,0,0,-0.3,-10.8,-3.5,1.03,0.19,-0.04
4433,22.16,22.16,22.276119,0.002432,0,0,-0.3,-10.7,-3.8,1.03,0.19,-0.04
4434,22.165,22.165,22.280032,0.001345,0,0,-0.3,-10.8,-3.5,1.03,0.19,-0.04
4435,22.17,22.17,22.285061,0.001374,0,0,-0.4,-10.7,-4,1.03,0.2,-0.04
4436,22.175,22.175,22.291036,0.00235,0,0,-0.3,-10.8,-3.5,1.03,0.19,-0.04
4437,22.18,22.18,22.296122,0.002435,0,0,-0.2,-10.8,-2.9,1.03,0.18,-0.04
4438,22.185,22.185001,22.300155,0.001466,1.00000000102796e-06,0,-0.2,-10.9,-2.8,1.03,0.18,-0.04
4439,22.19,22.19,22.306117,0.002431,0,0,-0.3,-10.8,-3.5,1.03,0.19,-0.04
4440,22.195,22.195,22.311144,0.002457,0,0,-0.3,-10.8,-3.1,1.03,0.19,-0.04
4441,22.2,22.2,22.315079,0.001392,0,0,-0.4,-11,-2.6,1.04,0.19,-0.04
4442,22.205,22.205001,22.320206,0.001519,9.99999997475243e-07,0,-0.3,-10.9,-2.4,1.04,0.18,-0.04
4443,22.21,22.21,22.326087,0.0024,0,0,-0.1,-10.8,-2.7,1.04,0.17,-0.04
4444,22.215,22.215,22.330023,0.001336,0,0,-0.2,-10.8,-2.8,1.03,0.17,-0.04
4445,22.22,22.22,22.335043,0.001356,0,0,-0.2,-10.8,-2.5,1.03,0.17,-0.04
4446,22.225,22.225,22.341035,0.002348,0,0,-0.2,-10.8,-2.4,1.04,0.17,-0.04
4447,22.23,22.23,22.34502,0.001332,0,0,-0.2,-10.8,-2.7,1.04,0.18,-0.04
4448,22.235,22.235,22.350084,0.001398,0,0,-0.3,-10.8,-3.4,1.04,0.19,-0.05
4449,22.24,22.240001,22.356052,0.002364,9.99999997475243e-07,0,-0.4,-10.9,-2.7,1.04,0.19,-0.04
4450,22.245,22.245,22.361082,0.002395,0,0,-0.3,-10.8,-2.9,1.04,0.18,-0.05
4451,22.25,22.25,22.365037,0.00135,0,0,-0.4,-10.8,-3,1.03,0.2,-0.05
4452,22.255,22.255,22.37017,0.001483,0,0,-0.3,-10.7,-3.4,1.03,0.19,-0.05
4453,22.26,22.26,22.376116,0.002429,0,0,-0.1,-10.8,-3.3,1.03,0.19,-0.04
4454,22.265,22.265,22.380034,0.001347,0,0,-0.1,-10.7,-2.7,1.03,0.18,-0.04
4455,22.27,22.27,22.385143,0.001456,0,0,-0.2,-10.7,-2.7,1.03,0.18,-0.04
4456,22.275,22.275001,22.391054,0.002365,9.99999997475243e-07,0,-0.2,-10.7,-2,1.04,0.17,-0.03
4457,22.28,22.28,22.396087,0.002401,0,0,-0.2,-10.7,-2.6,1.03,0.17,-0.04
4458,22.285,22.285,22.400123,0.001437,0,0,-0.2,-10.7,-2.3,1.04,0.17,-0.04
4459,22.29,22.29,22.405009,0.001322,0,0,-0.3,-10.9,-2.4,1.05,0.18,-0.04
4460,22.295,22.295001,22.411164,0.002476,9.99999997475243e-07,0,-0.2,-10.8,-2.8,1.04,0.17,-0.04
4461,22.3,22.3,22.415024,0.001337,0,0,-0.1,-10.8,-3.1,1.04,0.18,-0.04
4462,22.305,22.305,22.420069,0.001381,0,0,-0.2,-10.7,-3,1.03,0.18,-0.04
4463,22.31,22.31,22.426271,0.002584,0,0,-0.2,-10.7,-3.5,1.03,0.18,-0.04
4464,22.315,22.315,22.430019,0.001332,0,0,-0.3,-10.7,-3.8,1.03,0.19,-0.05
4465,22.32,22.32,22.435151,0.001465,0,0,-0.3,-10.7,-3.6,1.02,0.19,-0.05
4466,22.325,22.325,22.441077,0.00239,0,0,-0.4,-10.7,-3.4,1.03,0.19,-0.05
4467,22.33,22.330001,22.446033,0.002345,9.99999997475243e-07,0,-0.3,-10.8,-3.8,1.02,0.19,-0.05
4468,22.335,22.335,22.450003,0.001316,0,0,-0.2,-10.7,-3.7,1.03,0.19,-0.05
4469,22.34,22.34,22.456039,0.002353,0,0,-0.3,-10.8,-3.5,1.03,0.19,-0.05
4470,22.345,22.345,22.461081,0.002394,0,0,-0.5,-10.9,-3.4,1.03,0.2,-0.05
4471,22.35,22.35,22.465037,0.00135,0,0,-0.5,-10.8,-3.7,1.03,0.2,-0.05
4472,22.355,22.355,22.470118,0.001431,0,0,-0.4,-10.7,-3.4,1.03,0.19,-0.05
4473,22.36,22.36,22.476082,0.002394,0,0,-0.5,-10.8,-2.8,1.04,0.19,-0.04
4474,22.365,22.365001,22.480015,0.001327,9.99999997475243e-07,0,-0.5,-10.8,-2.4,1.04,0.18,-0.04
4475,22.37,22.37,22.485209,0.001523,0,0,-0.3,-10.8,-2.4,1.04,0.17,-0.04
4476,22.375,22.375,22.491027,0.00234,0,0,-0.4,-10.8,-2.6,1.04,0.17,-0.04
4477,22.38,22.38,22.496014,0.002327,0,0,-0.4,-10.8,-3,1.03,0.18,-0.04
4478,22.385,22.385,22.5,0.001313,0,0,-0.4,-10.7,-2.8,1.04,0.17,-0.04
4479,22.39,22.39,22.505173,0.001487,0,0,-0.3,-10.7,-3,1.03,0.18,-0.04
4480,22.395,22.395,22.511119,0.002432,0,0,-0.3,-10.8,-2.6,1.04,0.18,-0.04
4481,22.4,22.400001,22.515024,0.001336,9.99999997475243e-07,0,-0.3,-10.7,-2.6,1.03,0.18,-0.04
4482,22.405,22.405,22.520127,0.00144,0,0,-0.5,-10.8,-2.9,1.03,0.19,-0.04
4483,22.41,22.41,22.526145,0.002459,0,0,-0.3,-10.8,-3,1.03,0.19,-0.04
4484,22.415,22.415,22.530097,0.00141,0,0,-0.4,-10.8,-2.8,1.03,0.19,-0.04
4485,22.42,22.42,22.535024,0.001336,0,0,-0.5,-10.8,-2.2,1.04,0.19,-0.04
4486,22.425,22.425,22.540288,0.0016,0,0,-0.3,-10.8,-2,1.04,0.18,-0.03
4487,22.43,22.43,22.546213,0.002525,0,0,-0.2,-10.7,-3,1.03,0.18,-0.04
4488,22.435,22.435,22.550059,0.001371,0,0,-0.2,-10.7,-2.5,1.03,0.18,-0.03
4489,22.44,22.44,22.555232,0.001544,0,0,-0.2,-10.7,-2.2,1.03,0.17,-0.04
4490,22.445,22.445001,22.561144,0.002456,1.00000000102796e-06,0,-0.2,-10.7,-2.2,1.04,0.16,-0.04
4491,22.45,22.45,22.56602,0.002333,0,0,-0.1,-10.7,-2.5,1.04,0.17,-0.04
4492,22.455,22.455001,22.570078,0.001391,9.99999997475243e-07,0,-0.2,-10.7,-2.4,1.04,0.17,-0.04
4493,22.46,22.46,22.576233,0.002545,0,0,-0.3,-10.8,-2.8,1.03,0.18,-0.04
4494,22.465,22.465,22.580055,0.001368,0,0,-0.3,-10.8,-3.3,1.03,0.19,-0.05
4495,22.47,22.470001,22.585151,0.001463,1.00000000102796e-06,0,-0.4,-10.8,-3.4,1.03,0.19,-0.05
4496,22.475,22.475,22.591097,0.002409,0,0,-0.3,-10.8,-3,1.04,0.18,-0.04
4497,22.48,22.48,22.596041,0.002354,0,0,-0.1,-10.8,-2.7,1.03,0.17,-0.04
4498,22.485,22.485,22.600024,0.001337,0,0,-0.2,-10.7,-2.5,1.04,0.17,-0.04
4499,22.49,22.490001,22.605154,0.001465,9.99999997475243e-07,0,-0.2,-10.7,-2.6,1.04,0.17,-0.04
4500,22.495,22.495,22.611056,0.002367,0,0,-0.3,-10.8,-2.7,1.04,0.17,-0.04
4501,22.5,22.5,22.615046,0.001359,0,0,-0.3,-10.8,-2.9,1.03,0.18,-0.04
4502,22.505,22.505,22.620026,0.001339,0,0,-0.3,-10.8,-2.7,1.04,0.18,-0.04
4503,22.51,22.51,22.626112,0.002424,0,0,-0.2,-10.7,-2.9,1.04,0.18,-0.04
4504,22.515,22.515,22.630063,0.001376,0,0,-0.3,-10.8,-3.3,1.03,0.19,-0.04
4505,22.52,22.52,22.635079,0.001392,0,0,-0.4,-10.8,-2.7,1.04,0.19,-0.04
4506,22.525,22.525001,22.641095,0.002407,9.99999997475243e-07,0,-0.4,-10.7,-2.9,1.04,0.19,-0.04
4507,22.53,22.53,22.646062,0.002375,0,0,-0.5,-10.8,-2.6,1.05,0.19,-0.04
4508,22.535,22.535,22.650072,0.001385,0,0,-0.3,-10.7,-2,1.04,0.17,-0.04
4509,22.54,22.54,22.65607,0.002383,0,0,-0.2,-10.7,-2.2,1.04,0.17,-0.03
4510,22.545,22.545,22.661052,0.002365,0,0,-0.2,-10.7,-2.2,1.04,0.17,-0.04
4511,22.55,22.55,22.665068,0.001381,0,0,-0.3,-10.8,-2.6,1.03,0.18,-0.04
4512,22.555,22.555,22.671044,0.002357,0,0,-0.2,-10.8,-2.5,1.04,0.17,-0.04
4513,22.56,22.56,22.676073,0.002385,0,0,-0.3,-10.7,-2.5,1.04,0.17,-0.04
4514,22.565,22.565,22.680016,0.001328,0,0,-0.3,-10.7,-2.4,1.04,0.17,-0.04
4515,22.57,22.57,22.686068,0.00238,0,0,-0.1,-10.7,-2.9,1.03,0.17,-0.05
4516,22.575,22.575,22.691015,0.002328,0,0,-0.1,-10.7,-3.2,1.03,0.17,-0.05
4517,22.58,22.580001,22.695003,0.001315,9.99999997475243e-07,0,-0.1,-10.7,-2.9,1.03,0.17,-0.04
4518,22.585,22.585,22.700087,0.0014,0,0,-0.2,-10.7,-2.8,1.03,0.17,-0.04
4519,22.59,22.59,22.706133,0.002446,0,0,-0.3,-10.7,-3.1,1.03,0.19,-0.04
4520,22.595,22.595,22.71007,0.001383,0,0,-0.2,-10.8,-2.8,1.04,0.18,-0.04
4521,22.6,22.6,22.715101,0.001414,0,0,-0.1,-10.8,-2.4,1.04,0.16,-0.04
4522,22.605,22.605,22.721072,0.002385,0,0,-0.2,-10.8,-2.9,1.04,0.17,-0.04
4523,22.61,22.61,22.726051,0.002364,0,0,-0.2,-10.8,-2.6,1.04,0.16,-0.04
4524,22.615,22.615001,22.730029,0.001341,9.99999997475243e-07,0,-0.2,-10.6,-2.4,1.04,0.17,-0.04
4525,22.62,22.62,22.736044,0.002357,0,0,-0.4,-10.7,-3,1.03,0.19,-0.05
4526,22.625,22.625,22.741088,0.002401,0,0,-0.3,-10.7,-2.9,1.03,0.18,-0.05
4527,22.63,22.63,22.745041,0.001354,0,0,-0.3,-10.8,-2.9,1.03,0.18,-0.04
4528,22.635,22.635,22.750104,0.001417,0,0,-0.1,-10.7,-2.7,1.04,0.17,-0.04
4529,22.64,22.64,22.756058,0.002372,0,0,-0.1,-10.7,-2.5,1.04,0.17,-0.04
4530,22.645,22.645,22.760017,0.00133,0,0,-0.3,-10.8,-2.6,1.04,0.18,-0.05
4531,22.65,22.650001,22.765025,0.001337,9.99999997475243e-07,0,-0.3,-10.8,-2.4,1.04,0.18,-0.04
4532,22.655,22.655,22.771039,0.002352,0,0,-0.4,-10.7,-2.2,1.04,0.18,-0.04
4533,22.66,22.66,22.775044,0.001357,0,0,-0.4,-10.8,-2.4,1.04,0.19,-0.04
4534,22.665,22.665,22.780012,0.001325,0,0,-0.3,-10.7,-2.8,1.03,0.18,-0.04
4535,22.67,22.67,22.786026,0.002339,0,0,-0.2,-10.7,-2.8,1.04,0.18,-0.04
4536,22.675,22.675,22.791017,0.00233,0,0,-0.4,-10.8,-3.4,1.03,0.2,-0.04
4537,22.68,22.68,22.794994,0.001307,0,0,-0.5,-10.8,-3.2,1.03,0.19,-0.04
4538,22.685,22.685,22.801027,0.00234,0,0,-0.4,-10.8,-3.2,1.03,0.19,-0.04
4539,22.69,22.69,22.806064,0.002377,0,0,-0.4,-10.7,-3.4,1.03,0.19,-0.05
4540,22.695,22.695,22.810025,0.001338,0,0,-0.4,-10.7,-3.5,1.04,0.19,-0.05
4541,22.7,22.7,22.81512,0.001433,0,0,-0.5,-10.8,-2.9,1.04,0.19,-0.04
4542,22.705,22.705001,22.82113,0.002442,9.99999997475243e-07,0,-0.4,-10.9,-2.8,1.04,0.19,-0.04
4543,22.71,22.71,22.825023,0.001336,0,0,-0.3,-10.8,-3.1,1.03,0.19,-0.04
4544,22.715,22.715,22.830027,0.001339,0,0,-0.2,-10.7,-3,1.03,0.18,-0.04
4545,22.72,22.72,22.836029,0.002342,0,0,-0.3,-10.7,-3.1,1.03,0.19,-0.04
4546,22.725,22.725,22.840143,0.001457,0,0,-0.1,-10.8,-2.3,1.04,0.16,-0.03
4547,22.73,22.73,22.845066,0.001379,0,0,-0.3,-10.9,-2.9,1.04,0.18,-0.04
4548,22.735,22.735,22.851122,0.002436,0,0,-0.4,-10.8,-2.4,1.04,0.18,-0.04
4549,22.74,22.740001,22.85505,0.001362,9.99999997475243e-07,0,-0.2,-10.7,-2.8,1.04,0.18,-0.04
4550,22.745,22.745,22.860183,0.001497,0,0,-0.1,-10.6,-3,1.03,0.18,-0.04
4551,22.75,22.75,22.865284,0.001597,0,0,-0.2,-10.6,-3,1.04,0.17,-0.04
4552,22.755,22.755,22.871124,0.002437,0,0,-0.3,-10.7,-3.7,1.03,0.19,-0.04
4553,22.76,22.76,22.875079,0.001392,0,0,-0.4,-10.7,-3.4,1.03,0.18,-0.04
4554,22.765,22.765,22.880076,0.001388,0,0,-0.2,-10.8,-2.8,1.04,0.18,-0.04
4555,22.77,22.77,22.886126,0.002443,0,0,-0.1,-10.6,-3.2,1.03,0.17,-0.04
4556,22.775,22.775001,22.891056,0.002368,9.99999997475243e-07,0,-0.1,-10.7,-2.8,1.04,0.17,-0.04
4557,22.78,22.78,22.895027,0.00134,0,0,-0.2,-10.8,-2.2,1.05,0.18,-0.04
4558,22.785,22.785,22.900102,0.001415,0,0,-0.3,-10.8,-2.4,1.04,0.18,-0.04
4559,22.79,22.79,22.906137,0.00245,0,0,-0.2,-10.8,-2.3,1.04,0.18,-0.04
4560,22.795,22.795,22.910048,0.00136,0,0,-0.3,-10.8,-2.5,1.04,0.18,-0.04
4561,22.8,22.8,22.91502,0.001333,0,0,-0.3,-10.8,-2,1.04,0.17,-0.04
4562,22.805,22.805,22.921018,0.002331,0,0,-0.3,-10.8,-2.2,1.04,0.17,-0.04
4563,22.81,22.81,22.925012,0.001325,0,0,-0.4,-10.8,-2,1.04,0.17,-0.04
4564,22.815,22.815,22.930099,0.001412,0,0,-0.3,-10.9,-2.6,1.03,0.18,-0.04
4565,22.82,22.82,22.936094,0.002407,0,0,-0.4,-10.9,-2.5,1.04,0.18,-0.04
4566,22.825,22.825,22.941084,0.002396,0,0,-0.4,-10.8,-2.5,1.04,0.18,-0.04
4567,22.83,22.830001,22.945026,0.001338,9.99999997475243e-07,0,-0.6,-10.8,-3.6,1.04,0.2,-0.05
4568,22.835,22.835,22.951011,0.002324,0,0,-0.4,-10.7,-3.2,1.04,0.18,-0.04
4569,22.84,22.84,22.956102,0.002416,0,0,-0.4,-10.8,-2.6,1.04,0.18,-0.04
4570,22.845,22.845,22.960029,0.001341,0,0,-0.4,-10.8,-3.3,1.04,0.18,-0.04
4571,22.85,22.85,22.965019,0.001332,0,0,-0.5,-10.8,-3.1,1.04,0.19,-0.05
4572,22.855,22.855,22.971149,0.002463,0,0,-0.4,-10.7,-2.3,1.04,0.18,-0.04
4573,22.86,22.860001,22.975062,0.001375,1.00000000102796e-06,0,-0.4,-10.7,-2.5,1.04,0.17,-0.04
4574,22.865,22.865001,22.98005,0.001362,9.99999997475243e-07,0,-0.3,-10.8,-2.7,1.03,0.18,-0.04
4575,22.87,22.87,22.986118,0.002431,0,0,-0.5,-10.8,-3,1.03,0.19,-0.04
4576,22.875,22.875,22.990022,0.001334,0,0,-0.5,-10.7,-2.7,1.04,0.19,-0.04
4577,22.88,22.88,22.995007,0.00132,0,0,-0.5,-10.8,-2.5,1.04,0.18,-0.04
4578,22.885,22.885,23.000205,0.001519,0,0,-0.3,-10.8,-2.7,1.03,0.19,-0.03
4579,22.89,22.89,23.00613,0.002442,0,0,-0.3,-10.9,-2.7,1.03,0.18,-0.04
4580,22.895,22.895,23.010084,0.001396,0,0,-0.4,-10.9,-2.7,1.04,0.18,-0.04
4581,22.9,22.900001,23.015014,0.001326,9.99999997475243e-07,0,-0.5,-10.9,-2.7,1.04,0.19,-0.04
4582,22.905,22.905,23.021036,0.002348,0,0,-0.4,-10.8,-3,1.04,0.19,-0.04
4583,22.91,22.91,23.025084,0.001397,0,0,-0.4,-10.8,-3.3,1.03,0.19,-0.04
4584,22.915,22.915,23.030009,0.001323,0,0,-0.1,-10.8,-2.6,1.04,0.17,-0.04
4585,22.92,22.92,23.036179,0.002491,0,0,-0.3,-10.8,-2.9,1.03,0.18,-0.04
4586,22.925,22.925,23.041071,0.002384,0,0,-0.3,-10.7,-2.3,1.04,0.18,-0.04
4587,22.93,22.93,23.045022,0.001335,0,0,-0.3,-10.7,-2.9,1.04,0.18,-0.05
4588,22.935,22.935,23.051072,0.002385,0,0,-0.2,-10.7,-3,1.03,0.18,-0.04
4589,22.94,22.94,23.056099,0.002412,0,0,-0.2,-10.7,-2.3,1.04,0.17,-0.04
4590,22.945,22.945,23.060126,0.00144,0,0,-0.3,-10.7,-2.5,1.04,0.18,-0.04
4591,22.95,22.95,23.066029,0.002342,0,0,-0.3,-10.7,-2.5,1.04,0.17,-0.04
4592,22.955,22.955001,23.071053,0.002365,9.99999997475243e-07,0,-0.3,-10.8,-2.6,1.04,0.18,-0.04
4593,22.96,22.96,23.075034,0.001348,0,0,-0.2,-10.8,-2.3,1.04,0.18,-0.04
4594,22.965,22.965,23.081057,0.00237,0,0,-0.3,-10.8,-3.1,1.04,0.19,-0.05
4595,22.97,22.97,23.086062,0.002376,0,0,-0.3,-10.8,-3.1,1.04,0.19,-0.05
4596,22.975,22.975,23.09002,0.001333,0,0,-0.2,-10.8,-2.9,1.04,0.18,-0.05
4597,22.98,22.98,23.095152,0.001465,0,0,-0.3,-10.8,-2.9,1.04,0.18,-0.04
4598,22.985,22.985,23.10118,0.002492,0,0,-0.2,-10.8,-3,1.04,0.18,-0.04
4599,22.99,22.990001,23.105094,0.001406,9.99999997475243e-07,0,-0.1,-10.8,-2.7,1.04,0.17,-0.04
4600,22.995,22.995,23.110088,0.001401,0,0,-0.1,-10.7,-3.1,1.03,0.18,-0.04
4601,23,23,23.116065,0.002377,0,0,-0.1,-10.8,-3.2,1.03,0.18,-0.04
4602,23.005,23.005,23.120042,0.001355,0,0,-0.1,-10.7,-2.8,1.04,0.17,-0.04
4603,23.01,23.01,23.125145,0.001457,0,0,-0.2,-10.7,-3.6,1.03,0.19,-0.04
4604,23.015,23.015,23.131031,0.002344,0,0,-0.1,-10.7,-3.7,1.04,0.18,-0.05
4605,23.02,23.02,23.135169,0.001483,0,0,0,-10.7,-3.4,1.04,0.18,-0.04
4606,23.025,23.025001,23.140093,0.001406,9.99999997475243e-07,0,-0.1,-10.7,-3.2,1.04,0.17,-0.04
4607,23.03,23.03,23.146071,0.002384,0,0,-0.2,-10.7,-3.5,1.04,0.18,-0.05
4608,23.035,23.035,23.15006,0.001373,0,0,-0.1,-10.8,-2.8,1.05,0.18,-0.05
4609,23.04,23.04,23.155042,0.001355,0,0,-0.1,-10.8,-2.8,1.04,0.17,-0.04
4610,23.045,23.045,23.161011,0.002324,0,0,-0.2,-10.8,-2.1,1.04,0.17,-0.04
4611,23.05,23.05,23.166008,0.002321,0,0,-0.3,-10.9,-2.4,1.04,0.17,-0.04
4612,23.055,23.055,23.169994,0.001307,0,0,-0.3,-10.8,-2.7,1.04,0.17,-0.04
4613,23.06,23.06,23.176071,0.002385,0,0,-0.4,-10.8,-3,1.04,0.18,-0.05
4614,23.065,23.065,23.181049,0.002362,0,0,-0.5,-10.7,-3.1,1.04,0.19,-0.04
4615,23.07,23.07,23.185009,0.001322,0,0,-0.4,-10.7,-3.1,1.04,0.17,-0.05
4616,23.075,23.075,23.191143,0.002457,0,0,-0.3,-10.8,-3.2,1.04,0.18,-0.05
4617,23.08,23.080001,23.19607,0.002382,9.99999997475243e-07,0,-0.4,-10.7,-3.2,1.04,0.18,-0.05
4618,23.085,23.085,23.200039,0.001352,0,0,-0.3,-10.8,-3.4,1.04,0.18,-0.05
4619,23.09,23.09,23.205145,0.001458,0,0,-0.2,-10.8,-3.5,1.04,0.18,-0.05
4620,23.095,23.095,23.21114,0.002453,0,0,-0.5,-10.9,-2.8,1.04,0.18,-0.04
4621,23.1,23.1,23.215044,0.001357,0,0,-0.6,-11,-3.1,1.04,0.19,-0.05
4622,23.105,23.105,23.220063,0.001376,0,0,-0.3,-10.9,-3.7,1.03,0.19,-0.05
4623,23.11,23.11,23.226126,0.00244,0,0,-0.2,-10.8,-3,1.04,0.17,-0.04
4624,23.115,23.115001,23.231039,0.002351,9.99999997475243e-07,0,-0.4,-10.8,-3.3,1.04,0.19,-0.04
4625,23.12,23.12,23.235,0.001313,0,0,-0.4,-10.8,-3.5,1.04,0.2,-0.05
4626,23.125,23.125,23.241144,0.002458,0,0,-0.3,-10.8,-3,1.04,0.19,-0.04
4627,23.13,23.13,23.245076,0.001389,0,0,-0.3,-10.8,-3.4,1.03,0.18,-0.04
4628,23.135,23.135,23.250113,0.001426,0,0,-0.3,-10.8,-3.4,1.03,0.18,-0.04
4629,23.14,23.14,23.255561,0.001874,0,0,-0.3,-10.9,-2.8,1.04,0.18,-0.04
4630,23.145,23.145,23.261111,0.002424,0,0,-0.2,-10.8,-3,1.04,0.17,-0.04
4631,23.15,23.150001,23.265006,0.001318,9.99999997475243e-07,0,-0.3,-10.9,-3.2,1.04,0.18,-0.04
4632,23.155,23.155,23.271158,0.002472,0,0,-0.3,-10.8,-3.1,1.04,0.18,-0.05
4633,23.16,23.16,23.275067,0.001373,0,0,-0.3,-10.8,-3,1.04,0.18,-0.05
4634,23.165,23.165,23.280135,0.001448,0,0,-0.5,-10.8,-3.2,1.03,0.19,-0.04
4635,23.17,23.17,23.285655,0.001967,0,0,-0.5,-10.8,-3.2,1.03,0.19,-0.04
4636,23.175,23.175,23.290101,0.001414,0,0,-0.7,-10.8,-3.1,1.04,0.19,-0.04
4637,23.18,23.18,23.295078,0.00139,0,0,-0.6,-10.8,-2.7,1.04,0.19,-0.04
4638,23.185,23.185,23.301026,0.002339,0,0,-0.6,-10.8,-2.5,1.04,0.18,-0.04
4639,23.19,23.19,23.306021,0.002333,0,0,-0.5,-10.9,-3.1,1.04,0.19,-0.05
4640,23.195,23.195,23.310029,0.001342,0,0,-0.5,-10.8,-2.7,1.04,0.18,-0.04
4641,23.2,23.2,23.316043,0.002356,0,0,-0.5,-10.7,-2.8,1.04,0.19,-0.04
4642,23.205,23.205001,23.319997,0.001309,9.99999997475243e-07,0,-0.5,-10.7,-2.8,1.04,0.19,-0.04
4643,23.21,23.21,23.32508,0.001392,0,0,-0.4,-10.8,-2.8,1.04,0.18,-0.04
4644,23.215,23.215,23.331091,0.002404,0,0,-0.2,-10.9,-2.5,1.04,0.17,-0.04
4645,23.22,23.22,23.33526,0.001574,0,0,-0.2,-10.8,-2.4,1.03,0.17,-0.03
4646,23.225,23.225,23.340144,0.001457,0,0,-0.3,-10.7,-3.2,1.03,0.18,-0.04
4647,23.23,23.23,23.345209,0.001521,0,0,-0.5,-10.8,-3.4,1.03,0.2,-0.04
4648,23.235,23.235,23.351158,0.002471,0,0,-0.5,-10.9,-3.2,1.04,0.2,-0.04
4649,23.24,23.240001,23.355145,0.001458,9.99999997475243e-07,0,-0.4,-10.9,-2.9,1.04,0.19,-0.04
4650,23.245,23.245,23.360188,0.0015,0,0,-0.3,-10.9,-3,1.04,0.19,-0.04
4651,23.25,23.25,23.366106,0.002419,0,0,-0.3,-10.8,-2.9,1.04,0.18,-0.04
4652,23.255,23.255,23.370082,0.001395,0,0,-0.3,-10.9,-2.6,1.04,0.18,-0.04
4653,23.26,23.26,23.37508,0.001393,0,0,-0.5,-10.9,-3.1,1.03,0.2,-0.04
4654,23.265,23.265,23.381086,0.0024,0,0,-0.3,-10.8,-3.3,1.03,0.18,-0.05
4655,23.27,23.27,23.385164,0.001477,0,0,-0.2,-10.8,-3.5,1.03,0.18,-0.05
4656,23.275,23.275001,23.39047,0.001784,9.99999997475243e-07,0,-0.2,-10.8,-4,1.02,0.19,-0.05
4657,23.28,23.280002,23.395925,0.002236,1.9999999985032e-06,0,-0.1,-10.8,-3.4,1.03,0.18,-0.05
4658,23.285,23.285001,23.401572,0.002884,1.00000000102796e-06,0,-0.3,-10.8,-2.9,1.03,0.18,-0.05
4659,23.29,23.29,23.405315,0.001628,0,0,-0.3,-10.8,-3.1,1.03,0.18,-0.04
4660,23.295,23.295001,23.411524,0.002835,9.99999997475243e-07,0,-0.3,-10.9,-2.7,1.04,0.18,-0.04
4661,23.3,23.3,23.415238,0.001551,0,0,-0.3,-10.9,-2.6,1.04,0.18,-0.04
4662,23.305,23.305001,23.420487,0.001798,1.00000000102796e-06,0,-0.3,-10.8,-2.1,1.05,0.17,-0.04
4663,23.31,23.31,23.426151,0.002463,0,0,-0.4,-10.8,-2.7,1.04,0.19,-0.04
4664,23.315,23.315,23.43018,0.001494,0,0,-0.5,-10.8,-2.9,1.04,0.19,-0.04
4665,23.32,23.32,23.436305,0.002617,0,0,-0.4,-10.8,-3.6,1.03,0.2,-0.05
4666,23.325,23.325,23.441161,0.002474,0,0,-0.2,-10.9,-2.9,1.04,0.18,-0.04
4667,23.33,23.330001,23.445032,0.001344,9.99999997475243e-07,0,-0.2,-10.8,-3,1.04,0.17,-0.04
4668,23.335,23.335,23.451036,0.002349,0,0,-0.2,-10.9,-3.5,1.04,0.18,-0.04
4669,23.34,23.34,23.456034,0.002348,0,0,-0.4,-10.9,-3.7,1.03,0.19,-0.04
4670,23.345,23.345,23.460049,0.001362,0,0,-0.5,-10.8,-4,1.03,0.2,-0.05
4671,23.35,23.35,23.465084,0.001398,0,0,-0.3,-10.6,-3.8,1.03,0.19,-0.05
4672,23.355,23.355,23.471111,0.002424,0,0,-0.2,-10.6,-3,1.04,0.17,-0.04
4673,23.36,23.36,23.475081,0.001395,0,0,-0.2,-10.6,-3,1.04,0.17,-0.04
4674,23.365,23.365001,23.480069,0.001381,9.99999997475243e-07,0,-0.2,-10.7,-2.4,1.05,0.16,-0.04
4675,23.37,23.37,23.485087,0.0014,0,0,-0.3,-10.8,-3.3,1.04,0.18,-0.04
4676,23.375,23.375,23.49106,0.002373,0,0,-0.3,-10.7,-3.2,1.03,0.18,-0.04
4677,23.38,23.38,23.495026,0.001339,0,0,-0.3,-10.8,-2.5,1.04,0.17,-0.04
4678,23.385,23.385,23.500073,0.001386,0,0,-0.3,-10.8,-2.4,1.04,0.17,-0.04
4679,23.39,23.39,23.506037,0.00235,0,0,-0.3,-10.8,-2.3,1.04,0.17,-0.04
4680,23.395,23.395,23.510004,0.001318,0,0,-0.4,-10.7,-2,1.04,0.17,-0.04
4681,23.4,23.400001,23.51503,0.001342,9.99999997475243e-07,0,-0.3,-10.7,-2,1.04,0.17,-0.04
4682,23.405,23.405,23.52105,0.002362,0,0,-0.2,-10.8,-2.4,1.03,0.17,-0.04
4683,23.41,23.41,23.525008,0.001321,0,0,-0.1,-10.7,-2.3,1.04,0.16,-0.04
4684,23.415,23.415,23.530036,0.001349,0,0,-0.1,-10.8,-2.9,1.03,0.17,-0.04
4685,23.42,23.42,23.536177,0.00249,0,0,-0.2,-10.9,-3,1.04,0.18,-0.04
4686,23.425,23.425,23.540038,0.001351,0,0,-0.4,-10.9,-3.5,1.03,0.19,-0.04
4687,23.43,23.43,23.545126,0.001439,0,0,-0.4,-10.8,-3.1,1.03,0.19,-0.04
4688,23.435,23.435,23.551061,0.002375,0,0,-0.2,-10.9,-2.8,1.03,0.18,-0.04
4689,23.44,23.44,23.55502,0.001333,0,0,-0.2,-10.9,-3,1.03,0.18,-0.04
4690,23.445,23.445,23.560062,0.001375,0,0,-0.2,-10.9,-2.7,1.04,0.18,-0.04
4691,23.45,23.45,23.566101,0.002415,0,0,-0.2,-10.9,-3,1.04,0.18,-0.04
4692,23.455,23.455001,23.571111,0.002422,9.99999997475243e-07,0,-0.3,-10.8,-2.8,1.04,0.18,-0.04
4693,23.46,23.46,23.57509,0.001403,0,0,-0.3,-10.7,-3.4,1.03,0.18,-0.04
4694,23.465,23.465,23.58105,0.002362,0,0,-0.3,-10.7,-4.1,1.03,0.19,-0.04
4695,23.47,23.47,23.58607,0.002383,0,0,-0.4,-10.7,-4.1,1.03,0.2,-0.04
4696,23.475,23.475,23.590036,0.001349,0,0,0,-10.7,-3.5,1.03,0.18,-0.04
4697,23.48,23.48,23.595106,0.001419,0,0,-0.1,-10.8,-3.1,1.04,0.18,-0.04
4698,23.485,23.485,23.601085,0.002398,0,0,-0.1,-10.8,-3.1,1.03,0.18,-0.04
4699,23.49,23.490001,23.60502,0.001332,9.99999997475243e-07,0,-0.2,-10.7,-3.4,1.03,0.19,-0.04
4700,23.495,23.495,23.610066,0.001379,0,0,-0.2,-10.7,-3.1,1.04,0.19,-0.04
4701,23.5,23.5,23.616084,0.002396,0,0,-0.3,-10.7,-3.2,1.03,0.18,-0.04
4702,23.505,23.505,23.620015,0.001328,0,0,-0.3,-10.8,-2.9,1.03,0.18,-0.04
4703,23.51,23.51,23.625043,0.001356,0,0,-0.4,-10.9,-3.3,1.04,0.2,-0.04
4704,23.515,23.515,23.631075,0.002388,0,0,-0.4,-10.9,-3.3,1.04,0.19,-0.04
4705,23.52,23.52,23.636028,0.002341,0,0,-0.3,-10.9,-3.2,1.04,0.19,-0.04
4706,23.525,23.525001,23.64001,0.001322,9.99999997475243e-07,0,-0.2,-10.8,-2.8,1.04,0.18,-0.04
4707,23.53,23.53,23.646096,0.002408,0,0,-0.3,-10.9,-2.7,1.04,0.17,-0.04
4708,23.535,23.535,23.651037,0.00235,0,0,-0.1,-10.7,-2.5,1.04,0.16,-0.04
4709,23.54,23.54,23.655052,0.001365,0,0,-0.2,-10.7,-2.2,1.04,0.17,-0.04
4710,23.545,23.545,23.660358,0.00167,0,0,-0.4,-10.8,-3.2,1.04,0.18,-0.04
4711,23.55,23.55,23.666109,0.002422,0,0,-0.3,-10.8,-3.4,1.04,0.18,-0.04
4712,23.555,23.555,23.670097,0.00141,0,0,-0.5,-10.8,-3.5,1.04,0.19,-0.05
4713,23.56,23.56,23.675141,0.001454,0,0,-0.4,-10.8,-3.8,1.03,0.2,-0.05
4714,23.565,23.565,23.681136,0.002449,0,0,-0.2,-10.8,-3.3,1.03,0.19,-0.04
4715,23.57,23.57,23.6851,0.001413,0,0,-0.1,-10.7,-3.5,1.03,0.18,-0.04
4716,23.575,23.575,23.690086,0.001399,0,0,-0.1,-10.6,-3.1,1.03,0.18,-0.04
4717,23.58,23.580001,23.696131,0.002443,9.99999997475243e-07,0,-0.1,-10.8,-2.7,1.03,0.17,-0.03
4718,23.585,23.585001,23.701036,0.002348,9.99999997475243e-07,0,-0.1,-10.6,-3.2,1.03,0.17,-0.04
4719,23.59,23.59,23.705103,0.001416,0,0,-0.4,-10.8,-3.1,1.03,0.19,-0.04
4720,23.595,23.595,23.711182,0.002494,0,0,-0.4,-10.8,-3.3,1.03,0.19,-0.04
4721,23.6,23.6,23.716128,0.002441,0,0,-0.3,-10.8,-3,1.03,0.18,-0.04
4722,23.605,23.605,23.720099,0.001412,0,0,-0.3,-10.8,-2.7,1.03,0.18,-0.04
4723,23.61,23.61,23.72615,0.002462,0,0,-0.3,-10.9,-2.5,1.04,0.18,-0.04
4724,23.615,23.615001,23.731108,0.002419,9.99999997475243e-07,0,-0.4,-10.9,-2.4,1.04,0.18,-0.04
4725,23.62,23.62,23.735025,0.001338,0,0,-0.4,-10.9,-2.7,1.04,0.19,-0.04
4726,23.625,23.625,23.740263,0.001576,0,0,-0.2,-10.7,-2.9,1.04,0.17,-0.04
4727,23.63,23.63,23.74626,0.002572,0,0,-0.2,-10.8,-2.9,1.04,0.17,-0.04
4728,23.635,23.635,23.751188,0.002501,0,0,-0.3,-10.8,-2.6,1.04,0.18,-0.04
4729,23.64,23.64,23.755127,0.00144,0,0,-0.3,-10.8,-2.8,1.04,0.18,-0.04
4730,23.645,23.645,23.761154,0.002468,0,0,-0.2,-10.7,-3.1,1.03,0.18,-0.04
4731,23.65,23.650001,23.766157,0.00247,9.99999997475243e-07,0,-0.1,-10.7,-2.8,1.03,0.17,-0.04
4732,23.655,23.655,23.770068,0.001381,0,0,-0.3,-10.8,-2.9,1.04,0.18,-0.04
4733,23.66,23.66,23.776148,0.002461,0,0,-0.3,-10.7,-3,1.03,0.18,-0.04
4734,23.665,23.665,23.781084,0.002396,0,0,-0.2,-10.8,-2.7,1.04,0.17,-0.04
4735,23.67,23.67,23.785043,0.001356,0,0,-0.1,-10.7,-2.7,1.03,0.17,-0.04
4736,23.675,23.675,23.790007,0.001321,0,0,-0.3,-10.8,-2.7,1.04,0.18,-0.04
4737,23.68,23.68,23.796108,0.002421,0,0,-0.5,-10.7,-2.7,1.04,0.19,-0.04
4738,23.685,23.685,23.80003,0.001344,0,0,-0.4,-10.8,-2.6,1.04,0.19,-0.04
4739,23.69,23.69,23.8052,0.001514,0,0,-0.3,-10.9,-3.3,1.03,0.19,-0.04
4740,23.695,23.695,23.8111,0.002412,0,0,-0.4,-10.8,-3.2,1.03,0.18,-0.04
4741,23.7,23.7,23.815014,0.001328,0,0,-0.4,-10.7,-2.9,1.04,0.19,-0.04
4742,23.705,23.705001,23.820062,0.001374,9.99999997475243e-07,0,-0.3,-10.7,-2.8,1.03,0.19,-0.04
4743,23.71,23.71,23.826189,0.002501,0,0,-0.3,-10.7,-3.1,1.03,0.18,-0.04
4744,23.715,23.715,23.831016,0.002329,0,0,-0.1,-10.7,-3.5,1.03,0.18,-0.04
4745,23.72,23.72,23.83508,0.001394,0,0,-0.2,-10.8,-2.9,1.03,0.18,-0.04
4746,23.725,23.725,23.840256,0.001568,0,0,0,-10.7,-2.3,1.03,0.17,-0.03
4747,23.73,23.73,23.846112,0.002425,0,0,-0.1,-10.8,-2,1.03,0.16,-0.03
4748,23.735,23.735,23.850121,0.001434,0,0,-0.4,-10.8,-2.4,1.03,0.17,-0.03
4749,23.74,23.740001,23.855233,0.001546,9.99999997475243e-07,0,-0.4,-10.8,-2.8,1.03,0.18,-0.04
4750,23.745,23.745,23.8611,0.002412,0,0,-0.3,-10.7,-3,1.03,0.19,-0.04
4751,23.75,23.75,23.866105,0.002418,0,0,-0.4,-10.7,-3.7,1.03,0.2,-0.04
4752,23.755,23.755,23.870045,0.001357,0,0,-0.4,-10.6,-4,1.02,0.2,-0.04
4753,23.76,23.76,23.875145,0.001458,0,0,-0.2,-10.7,-4,1.03,0.19,-0.05
4754,23.765,23.765,23.881182,0.002495,0,0,-0.4,-10.8,-4.1,1.02,0.2,-0.05
4755,23.77,23.77,23.885048,0.001361,0,0,-0.2,-10.8,-3.6,1.02,0.19,-0.04
4756,23.775,23.775001,23.890148,0.00146,9.99999997475243e-07,0,-0.2,-10.8,-2.9,1.04,0.17,-0.04
4757,23.78,23.78,23.89605,0.002363,0,0,-0.2,-10.8,-2.9,1.04,0.18,-0.04
4758,23.785,23.785,23.900056,0.001369,0,0,-0.3,-10.8,-3.1,1.04,0.19,-0.04
4759,23.79,23.79,23.905035,0.001348,0,0,-0.3,-10.8,-3.2,1.04,0.18,-0.05
4760,23.795,23.795,23.911024,0.002337,0,0,-0.2,-10.7,-3.2,1.04,0.18,-0.04
4761,23.8,23.8,23.916091,0.002404,0,0,-0.2,-10.7,-2.8,1.04,0.18,-0.04
4762,23.805,23.805,23.920092,0.001405,0,0,-0.3,-10.7,-2.5,1.05,0.17,-0.04
4763,23.81,23.81,23.925249,0.001561,0,0,-0.3,-10.8,-3,1.04,0.18,-0.04
4764,23.815,23.815,23.931043,0.002356,0,0,-0.4,-10.7,-2.7,1.04,0.19,-0.04
4765,23.82,23.82,23.935035,0.001348,0,0,-0.1,-10.7,-2.8,1.04,0.18,-0.04
4766,23.825,23.825,23.940047,0.00136,0,0,-0.3,-10.7,-2.9,1.04,0.18,-0.04
4767,23.83,23.830001,23.946019,0.002331,9.99999997475243e-07,0,-0.4,-10.9,-3.1,1.03,0.18,-0.05
4768,23.835,23.835,23.951145,0.002458,0,0,-0.2,-10.9,-2.5,1.04,0.17,-0.04
4769,23.84,23.84,23.955079,0.001392,0,0,-0.3,-10.9,-3.1,1.03,0.18,-0.04
4770,23.845,23.845,23.961037,0.002351,0,0,-0.3,-10.9,-2.6,1.04,0.18,-0.04
4771,23.85,23.85,23.966159,0.002472,0,0,-0.4,-10.8,-3.3,1.03,0.19,-0.04
4772,23.855,23.855,23.970064,0.001377,0,0,-0.4,-10.8,-2.7,1.04,0.18,-0.04
4773,23.86,23.86,23.975072,0.001385,0,0,-0.3,-10.8,-2.4,1.05,0.17,-0.04
4774,23.865,23.865001,23.981074,0.002386,9.99999997475243e-07,0,-0.3,-10.7,-2.7,1.04,0.18,-0.04
4775,23.87,23.87,23.985222,0.001535,0,0,-0.3,-10.7,-2.5,1.04,0.17,-0.04
4776,23.875,23.875,23.990063,0.001376,0,0,-0.3,-10.7,-2.4,1.04,0.17,-0.04
4777,23.88,23.88,23.996135,0.002449,0,0,-0.3,-10.7,-2.6,1.04,0.18,-0.04
4778,23.885,23.885,24.00109,0.002402,0,0,-0.2,-10.7,-2.2,1.04,0.17,-0.04
4779,23.89,23.89,24.005036,0.001349,0,0,-0.2,-10.7,-2.4,1.04,0.18,-0.03
4780,23.895,23.895,24.010332,0.001644,0,0,-0.4,-10.8,-2.9,1.03,0.19,-0.04
4781,23.9,23.900002,24.016356,0.002666,1.9999999985032e-06,0,-0.3,-10.9,-2.8,1.03,0.19,-0.03
4782,23.905,23.905,24.020063,0.001377,0,0,-0.4,-10.9,-3.2,1.03,0.19,-0.04
4783,23.91,23.91,24.025258,0.00157,0,0,-0.2,-10.7,-3.1,1.03,0.18,-0.04
4784,23.915,23.915,24.031078,0.002391,0,0,-0.2,-10.7,-3.1,1.03,0.18,-0.04
4785,23.92,23.92,24.035116,0.001429,0,0,-0.3,-10.7,-3,1.03,0.18,-0.04
4786,23.925,23.925,24.040117,0.00143,0,0,-0.4,-10.7,-2.6,1.04,0.17,-0.04
4787,23.93,23.93,24.046107,0.00242,0,0,-0.2,-10.6,-2.6,1.04,0.17,-0.04
4788,23.935,23.935001,24.050076,0.001387,9.99999997475243e-07,0,-0.1,-10.7,-2.6,1.04,0.17,-0.04
4789,23.94,23.94,24.055021,0.001334,0,0,-0.3,-10.7,-2.5,1.04,0.18,-0.04
4790,23.945,23.945,24.061169,0.002481,0,0,-0.3,-10.7,-2.6,1.04,0.18,-0.04
4791,23.95,23.95,24.065049,0.001361,0,0,-0.3,-10.8,-2.5,1.04,0.18,-0.04
4792,23.955,23.955001,24.070088,0.0014,9.99999997475243e-07,0,-0.1,-10.7,-2.8,1.03,0.17,-0.04
4793,23.96,23.96,24.07505,0.001363,0,0,-0.3,-10.8,-3,1.03,0.18,-0.05
4794,23.965,23.965,24.081103,0.002416,0,0,-0.1,-10.7,-2.6,1.04,0.17,-0.04
4795,23.97,23.97,24.085063,0.001376,0,0,-0.2,-10.7,-2.6,1.04,0.17,-0.04
4796,23.975,23.975,24.09005,0.001363,0,0,-0.2,-10.7,-2.6,1.04,0.18,-0.04
4797,23.98,23.98,24.096075,0.002388,0,0,-0.2,-10.7,-2.6,1.04,0.17,-0.04
4798,23.985,23.985,24.1001,0.001413,0,0,-0.2,-10.8,-3,1.04,0.18,-0.04
4799,23.99,23.990001,24.105163,0.001475,9.99999997475243e-07,0,-0.3,-10.7,-3.3,1.03,0.19,-0.04
4800,23.995,23.995,24.111118,0.002431,0,0,-0.4,-10.8,-3.5,1.02,0.2,-0.05
4801,24,24,24.116022,0.002335,0,0,-0.3,-10.7,-2.8,1.03,0.19,-0.04
4802,24.005,24.005,24.120035,0.001348,0,0,-0.2,-10.8,-3.1,1.03,0.19,-0.04
4803,24.01,24.01,24.126092,0.002405,0,0,-0.3,-10.8,-3.1,1.03,0.18,-0.04
4804,24.015,24.015,24.131122,0.002435,0,0,-0.2,-10.7,-2.6,1.03,0.17,-0.04
4805,24.02,24.02,24.135087,0.001401,0,0,-0.3,-10.7,-2.8,1.04,0.18,-0.03
4806,24.025,24.025001,24.140277,0.001589,9.99999997475243e-07,0,-0.3,-10.8,-2.9,1.03,0.19,-0.04
4807,24.03,24.03,24.146045,0.002359,0,0,-0.4,-10.9,-3.1,1.03,0.19,-0.04
4808,24.035,24.035,24.150033,0.001346,0,0,-0.5,-10.9,-3.3,1.04,0.2,-0.04
4809,24.04,24.04,24.15522,0.001532,0,0,-0.3,-10.8,-3.1,1.04,0.19,-0.04
4810,24.045,24.045,24.161217,0.00253,0,0,-0.3,-10.9,-3,1.04,0.19,-0.04
4811,24.05,24.05,24.165037,0.00135,0,0,-0.1,-10.8,-3.2,1.04,0.18,-0.04
4812,24.055,24.055,24.170037,0.00135,0,0,-0.1,-10.8,-2.6,1.04,0.17,-0.04
4813,24.06,24.060001,24.176052,0.002364,9.99999997475243e-07,0,-0.3,-10.8,-3.1,1.04,0.19,-0.04
4814,24.065,24.065,24.18105,0.002363,0,0,-0.2,-10.8,-2.7,1.04,0.18,-0.04
4815,24.07,24.07,24.185021,0.001334,0,0,-0.2,-10.8,-2.9,1.04,0.18,-0.04
4816,24.075,24.075,24.191156,0.002469,0,0,-0.1,-10.8,-2.6,1.04,0.17,-0.04
4817,24.08,24.080001,24.196108,0.00242,9.99999997475243e-07,0,0,-10.8,-2.2,1.04,0.17,-0.04
4818,24.085,24.085,24.200088,0.0014,0,0,-0.1,-10.8,-2.4,1.04,0.17,-0.04
4819,24.09,24.09,24.205139,0.001452,0,0,-0.2,-10.7,-2.5,1.05,0.17,-0.04
4820,24.095,24.095,24.211045,0.002358,0,0,-0.2,-10.7,-2.5,1.04,0.18,-0.04
4821,24.1,24.1,24.215021,0.001334,0,0,-0.2,-10.8,-3.1,1.04,0.18,-0.05
4822,24.105,24.105,24.220018,0.001331,0,0,-0.3,-10.8,-3.4,1.03,0.19,-0.05
4823,24.11,24.11,24.226051,0.002364,0,0,-0.4,-10.9,-3.2,1.03,0.19,-0.05
4824,24.115,24.115001,24.231026,0.002339,9.99999997475243e-07,0,-0.4,-10.8,-2.9,1.03,0.19,-0.05
4825,24.12,24.12,24.235131,0.001445,0,0,-0.3,-10.7,-3.4,1.03,0.19,-0.05
4826,24.125,24.125,24.241047,0.00236,0,0,-0.4,-10.7,-3.5,1.02,0.19,-0.04
4827,24.13,24.13,24.246047,0.00236,0,0,-0.3,-10.7,-3.2,1.03,0.18,-0.04
4828,24.135,24.135,24.250054,0.001367,0,0,-0.3,-10.7,-2.9,1.03,0.17,-0.04
4829,24.14,24.14,24.255205,0.001517,0,0,-0.4,-10.7,-2.4,1.04,0.18,-0.03
4830,24.145,24.145,24.261395,0.00271,0,0,-0.4,-10.7,-2.6,1.04,0.18,-0.04
4831,24.15,24.150002,24.266509,0.002819,1.9999999985032e-06,0,-0.4,-10.8,-2.8,1.04,0.19,-0.04
4832,24.155,24.155,24.270394,0.001706,0,0,-0.4,-10.8,-3.3,1.04,0.19,-0.04
4833,24.16,24.160001,24.276379,0.002692,1.00000000102796e-06,0,-0.3,-10.8,-3.1,1.04,0.18,-0.04
4834,24.165,24.165,24.280226,0.00154,0,0,-0.2,-10.8,-2.6,1.05,0.17,-0.04
4835,24.17,24.17,24.285682,0.001995,0,0,-0.5,-10.9,-2.9,1.05,0.19,-0.04
4836,24.175,24.175001,24.291584,0.002895,1.00000000102796e-06,0,-0.4,-10.8,-3,1.04,0.18,-0.04
4837,24.18,24.18,24.295156,0.001468,0,0,-0.3,-10.8,-3,1.04,0.18,-0.04
4838,24.185,24.185001,24.301191,0.002504,9.99999997475243e-07,0,-0.3,-10.8,-2.5,1.04,0.18,-0.03
4839,24.19,24.19,24.306305,0.002617,0,0,-0.2,-10.7,-3,1.04,0.18,-0.04
4840,24.195,24.195,24.310309,0.001621,0,0,-0.3,-10.7,-3.3,1.04,0.19,-0.04
4841,24.2,24.2,24.31612,0.002432,0,0,-0.4,-10.8,-2.9,1.04,0.19,-0.04
4842,24.205,24.205001,24.320032,0.001343,9.99999997475243e-07,0,-0.3,-10.8,-2.2,1.05,0.18,-0.03
4843,24.21,24.21,24.325129,0.001441,0,0,-0.3,-10.8,-2.5,1.04,0.18,-0.04
4844,24.215,24.215,24.331024,0.002337,0,0,-0.4,-10.8,-3.3,1.04,0.19,-0.05
4845,24.22,24.22,24.336184,0.002497,0,0,-0.4,-10.8,-2.8,1.04,0.19,-0.04
4846,24.225,24.225,24.340016,0.001329,0,0,-0.4,-10.8,-2.8,1.04,0.18,-0.04
4847,24.23,24.23,24.346047,0.00236,0,0,-0.3,-10.6,-2.8,1.04,0.18,-0.04
4848,24.235,24.235,24.351083,0.002396,0,0,-0.3,-10.6,-2.5,1.04,0.17,-0.04
4849,24.24,24.240001,24.355058,0.00137,9.99999997475243e-07,0,-0.2,-10.7,-2.2,1.04,0.16,-0.04
4850,24.245,24.245,24.360056,0.001369,0,0,-0.3,-10.8,-2.2,1.04,0.17,-0.04
4851,24.25,24.25,24.366029,0.002342,0,0,-0.5,-10.8,-3.4,1.04,0.19,-0.04
4852,24.255,24.255,24.370008,0.001321,0,0,-0.5,-10.8,-3.3,1.04,0.19,-0.05
4853,24.26,24.26,24.37502,0.001333,0,0,-0.5,-10.7,-4.2,1.03,0.2,-0.05
4854,24.265,24.265,24.381034,0.002347,0,0,-0.4,-10.6,-3.8,1.03,0.19,-0.04
4855,24.27,24.27,24.385012,0.001325,0,0,-0.1,-10.7,-3.2,1.03,0.17,-0.04
4856,24.275,24.275001,24.390021,0.001333,9.99999997475243e-07,0,-0.2,-10.8,-3.2,1.03,0.18,-0.04
4857,24.28,24.28,24.396018,0.002331,0,0,-0.2,-10.9,-2.6,1.04,0.17,-0.04
4858,24.285,24.285,24.401016,0.002329,0,0,-0.3,-10.8,-2.6,1.04,0.18,-0.04
4859,24.29,24.29,24.405131,0.001444,0,0,-0.3,-10.8,-2.5,1.04,0.17,-0.04
4860,24.295,24.295,24.410145,0.001458,0,0,-0.2,-10.8,-2.7,1.04,0.17,-0.04
4861,24.3,24.3,24.416031,0.002344,0,0,-0.2,-10.8,-2.6,1.04,0.17,-0.04
4862,24.305,24.305,24.420155,0.001469,0,0,-0.1,-10.7,-2.4,1.05,0.16,-0.04
4863,24.31,24.310001,24.425323,0.001634,9.99999997475243e-07,0,-0.2,-10.8,-2.1,1.05,0.16,-0.04
4864,24.315,24.315,24.43107,0.002383,0,0,-0.2,-10.8,-2.3,1.04,0.17,-0.04
4865,24.32,24.32,24.435051,0.001364,0,0,-0.2,-10.8,-1.7,1.04,0.16,-0.03
4866,24.325,24.325,24.44008,0.001393,0,0,-0.2,-10.8,-2.6,1.03,0.18,-0.04
4867,24.33,24.330001,24.446027,0.002338,9.99999997475243e-07,0,-0.2,-10.8,-2.9,1.03,0.17,-0.04
4868,24.335,24.335,24.451058,0.002371,0,0,-0.1,-10.8,-3.1,1.03,0.17,-0.04
4869,24.34,24.34,24.455072,0.001386,0,0,-0.2,-10.7,-3.1,1.04,0.17,-0.05
4870,24.345,24.345,24.46018,0.001493,0,0,-0.3,-10.8,-3.7,1.03,0.18,-0.05
4871,24.35,24.35,24.466046,0.002359,0,0,-0.1,-10.8,-4.1,1.03,0.18,-0.05
4872,24.355,24.355,24.471022,0.002335,0,0,-0.2,-10.8,-3.7,1.03,0.19,-0.05
4873,24.36,24.36,24.47514,0.001453,0,0,-0.3,-10.8,-3.9,1.03,0.19,-0.05
4874,24.365,24.365001,24.48017,0.001482,9.99999997475243e-07,0,-0.2,-10.7,-3.3,1.03,0.18,-0.05
4875,24.37,24.37,24.486179,0.002492,0,0,-0.3,-10.6,-3.6,1.03,0.19,-0.04
4876,24.375,24.375,24.490091,0.001405,0,0,-0.3,-10.6,-3.4,1.03,0.19,-0.04
4877,24.38,24.38,24.495106,0.001419,0,0,-0.2,-10.6,-4.3,1.02,0.19,-0.05
4878,24.385,24.385,24.501182,0.002496,0,0,-0.1,-10.7,-3.5,1.03,0.18,-0.04
4879,24.39,24.39,24.506037,0.00235,0,0,-0.2,-10.7,-3,1.04,0.18,-0.04
4880,24.395,24.395,24.510042,0.001356,0,0,-0.3,-10.8,-2.6,1.04,0.18,-0.04
4881,24.4,24.400001,24.516019,0.002332,9.99999997475243e-07,0,-0.4,-10.7,-2.8,1.04,0.19,-0.04
4882,24.405,24.405,24.521104,0.002417,0,0,-0.4,-10.8,-2.8,1.04,0.18,-0.04
4883,24.41,24.41,24.525273,0.001587,0,0,-0.3,-10.8,-2.9,1.04,0.18,-0.04
4884,24.415,24.415,24.530129,0.001441,0,0,-0.4,-10.8,-3.1,1.03,0.19,-0.04
4885,24.42,24.42,24.536081,0.002393,0,0,-0.6,-10.8,-3.6,1.03,0.2,-0.04
4886,24.425,24.425,24.540193,0.001506,0,0,-0.4,-10.7,-3.4,1.03,0.19,-0.04
4887,24.43,24.43,24.545064,0.001378,0,0,-0.2,-10.8,-2.9,1.04,0.18,-0.04
4888,24.435,24.435001,24.550153,0.001466,9.99999997475243e-07,0,-0.3,-10.7,-3.1,1.04,0.18,-0.04
4889,24.44,24.44,24.55618,0.002493,0,0,-0.4,-10.7,-3,1.04,0.18,-0.04
4890,24.445,24.445,24.560084,0.001397,0,0,-0.3,-10.8,-3.1,1.04,0.19,-0.04
4891,24.45,24.45,24.565259,0.001572,0,0,-0.4,-10.8,-3.1,1.04,0.18,-0.04
4892,24.455,24.455001,24.571264,0.002576,9.99999997475243e-07,0,-0.3,-10.8,-2.7,1.04,0.18,-0.04
4893,24.46,24.46,24.575088,0.0014,0,0,-0.2,-10.7,-2.3,1.04,0.16,-0.04
4894,24.465,24.465,24.580108,0.00142,0,0,-0.1,-10.7,-2.2,1.04,0.17,-0.04
4895,24.47,24.47,24.586212,0.002524,0,0,-0.1,-10.7,-2.3,1.04,0.17,-0.03
4896,24.475,24.475,24.591172,0.002484,0,0,-0.1,-10.7,-2,1.04,0.17,-0.04
4897,24.48,24.48,24.595147,0.001459,0,0,-0.2,-10.7,-2.9,1.04,0.18,-0.04
4898,24.485,24.485,24.60041,0.001723,0,0,-0.2,-10.7,-3.1,1.04,0.18,-0.04
4899,24.49,24.490001,24.60625,0.002561,9.99999997475243e-07,0,-0.3,-10.8,-3.3,1.04,0.19,-0.04
4900,24.495,24.495,24.61009,0.001403,0,0,-0.3,-10.9,-3.6,1.03,0.19,-0.05
4901,24.5,24.5,24.615207,0.00152,0,0,-0.4,-10.8,-3.2,1.04,0.19,-0.05
4902,24.505,24.505,24.621249,0.002562,0,0,-0.5,-10.8,-3.3,1.03,0.19,-0.05
4903,24.51,24.51,24.625051,0.001365,0,0,-0.3,-10.8,-3.1,1.04,0.18,-0.04
4904,24.515,24.515,24.630046,0.001359,0,0,-0.2,-10.7,-2.7,1.04,0.17,-0.04
4905,24.52,24.52,24.636118,0.002431,0,0,-0.1,-10.7,-3.1,1.04,0.17,-0.04
4906,24.525,24.525001,24.640064,0.001375,9.99999997475243e-07,0,-0.1,-10.7,-2.8,1.04,0.17,-0.04
4907,24.53,24.53,24.645092,0.001404,0,0,-0.1,-10.7,-2.8,1.04,0.17,-0.04
4908,24.535,24.535001,24.650257,0.00157,1.00000000102796e-06,0,-0.2,-10.7,-3.1,1.04,0.18,-0.04
4909,24.54,24.54,24.656176,0.002489,0,0,-0.3,-10.8,-2.6,1.05,0.18,-0.04
4910,24.545,24.545,24.661345,0.002657,0,0,-0.3,-10.8,-2.8,1.05,0.18,-0.04
4911,24.55,24.55,24.66539,0.001702,0,0,-0.2,-10.8,-2.5,1.04,0.17,-0.04
4912,24.555,24.555,24.671129,0.002442,0,0,-0.2,-10.8,-2.7,1.04,0.17,-0.03
4913,24.56,24.560001,24.675128,0.001439,9.99999997475243e-07,0,-0.3,-10.7,-3,1.04,0.18,-0.04
4914,24.565,24.565,24.680056,0.001368,0,0,-0.1,-10.7,-3.9,1.03,0.18,-0.04
4915,24.57,24.57,24.686125,0.002437,0,0,-0.2,-10.6,-3.6,1.03,0.18,-0.04
4916,24.575,24.575,24.691103,0.002416,0,0,-0.2,-10.6,-2.8,1.04,0.17,-0.04
4917,24.58,24.580001,24.695093,0.001404,9.99999997475243e-07,0,-0.3,-10.7,-3.1,1.04,0.18,-0.04
4918,24.585,24.585,24.700322,0.001635,0,0,-0.2,-10.7,-3.3,1.03,0.18,-0.04
4919,24.59,24.59,24.70608,0.002394,0,0,-0.4,-10.8,-2.7,1.04,0.18,-0.04
4920,24.595,24.595,24.71008,0.001394,0,0,-0.3,-10.8,-2.8,1.04,0.18,-0.04
4921,24.6,24.6,24.715282,0.001596,0,0,-0.3,-10.8,-2.2,1.05,0.17,-0.04
4922,24.605,24.605,24.721126,0.002439,0,0,-0.2,-10.8,-2.8,1.04,0.17,-0.04
4923,24.61,24.61,24.726104,0.002418,0,0,-0.2,-10.7,-3.4,1.04,0.17,-0.04
4924,24.615,24.615001,24.73011,0.001422,9.99999997475243e-07,0,-0.4,-10.8,-3.1,1.03,0.18,-0.04
4925,24.62,24.62,24.73611,0.002424,0,0,-0.4,-10.9,-3.1,1.03,0.19,-0.04
4926,24.625,24.625,24.741119,0.002432,0,0,-0.5,-10.8,-3.3,1.03,0.19,-0.04
4927,24.63,24.63,24.745083,0.001396,0,0,-0.3,-10.8,-2.8,1.04,0.18,-0.04
4928,24.635,24.635,24.751113,0.002425,0,0,-0.3,-10.7,-2.8,1.04,0.18,-0.04
4929,24.64,24.64,24.756064,0.002377,0,0,-0.2,-10.8,-2.2,1.05,0.17,-0.04
4930,24.645,24.645,24.760077,0.00139,0,0,-0.2,-10.8,-2.5,1.04,0.17,-0.04
4931,24.65,24.650001,24.766113,0.002425,9.99999997475243e-07,0,-0.4,-10.8,-2.7,1.04,0.18,-0.04
4932,24.655,24.655,24.771075,0.002387,0,0,-0.4,-10.8,-3.1,1.04,0.19,-0.04
4933,24.66,24.66,24.775076,0.001389,0,0,-0.4,-10.8,-3.6,1.03,0.2,-0.04
4934,24.665,24.665,24.780244,0.001558,0,0,-0.4,-10.8,-3.7,1.03,0.19,-0.04
4935,24.67,24.67,24.786126,0.002439,0,0,-0.2,-10.7,-3.2,1.03,0.18,-0.04
4936,24.675,24.675,24.790088,0.001401,0,0,-0.3,-10.8,-3.2,1.03,0.19,-0.04
4937,24.68,24.68,24.795131,0.001443,0,0,-0.3,-10.7,-3.5,1.03,0.19,-0.04
4938,24.685,24.685001,24.801129,0.002441,9.99999997475243e-07,0,-0.4,-10.9,-2.6,1.04,0.19,-0.03
4939,24.69,24.69,24.805051,0.001364,0,0,-0.5,-10.8,-2.9,1.04,0.19,-0.04
4940,24.695,24.695,24.810141,0.001454,0,0,-0.3,-10.8,-2.6,1.04,0.18,-0.03
4941,24.7,24.7,24.816069,0.002381,0,0,-0.5,-10.8,-3.1,1.03,0.19,-0.04
4942,24.705,24.705001,24.821061,0.002373,9.99999997475243e-07,0,-0.5,-10.8,-3,1.03,0.19,-0.04
4943,24.71,24.71,24.825116,0.001429,0,0,-0.5,-10.8,-3.1,1.03,0.19,-0.04
4944,24.715,24.715,24.831062,0.002375,0,0,-0.4,-10.7,-3.1,1.02,0.18,-0.04
4945,24.72,24.72,24.836033,0.002346,0,0,-0.4,-10.7,-3.5,1.03,0.2,-0.04
4946,24.725,24.725,24.840052,0.001365,0,0,-0.3,-10.6,-2.7,1.04,0.18,-0.04
4947,24.73,24.73,24.846047,0.002359,0,0,-0.3,-10.7,-2.1,1.04,0.18,-0.03
4948,24.735,24.735,24.851044,0.002357,0,0,-0.3,-10.7,-2.6,1.04,0.18,-0.04
4949,24.74,24.740001,24.855192,0.001504,9.99999997475243e-07,0,-0.3,-10.7,-3,1.04,0.19,-0.04
4950,24.745,24.745,24.860209,0.001521,0,0,-0.3,-10.8,-2.9,1.04,0.19,-0.04
4951,24.75,24.75,24.866086,0.002398,0,0,-0.4,-10.8,-3.4,1.04,0.2,-0.05
4952,24.755,24.755,24.870027,0.00134,0,0,-0.4,-10.8,-3.1,1.04,0.18,-0.05
4953,24.76,24.76,24.8753,0.001612,0,0,-0.3,-10.7,-3.5,1.03,0.18,-0.05
4954,24.765,24.765,24.881095,0.002408,0,0,-0.3,-10.7,-3.4,1.03,0.18,-0.04
4955,24.77,24.77,24.885036,0.001349,0,0,-0.3,-10.8,-3.8,1.03,0.18,-0.05
4956,24.775,24.775001,24.890254,0.001565,9.99999997475243e-07,0,-0.2,-10.8,-3.4,1.03,0.18,-0.04
4957,24.78,24.78,24.896074,0.002386,0,0,-0.2,-10.7,-3.2,1.03,0.18,-0.04
4958,24.785,24.785,24.90005,0.001363,0,0,-0.3,-10.8,-3.9,1.03,0.19,-0.05
4959,24.79,24.79,24.905461,0.001775,0,0,-0.3,-10.8,-3.5,1.03,0.18,-0.04
4960,24.795,24.795,24.911116,0.002428,0,0,-0.4,-10.8,-3.8,1.03,0.19,-0.05
4961,24.8,24.8,24.915048,0.00136,0,0,-0.3,-10.7,-3.2,1.04,0.17,-0.05
4962,24.805,24.805,24.920187,0.0015,0,0,-0.4,-10.8,-3.3,1.04,0.18,-0.05
4963,24.81,24.810001,24.926215,0.002527,9.99999997475243e-07,0,-0.2,-10.8,-3.2,1.03,0.17,-0.05
4964,24.815,24.815,24.930054,0.001367,0,0,-0.3,-10.8,-3.4,1.03,0.18,-0.05
4965,24.82,24.82,24.935138,0.001451,0,0,-0.2,-10.5,-3.3,1.03,0.18,-0.05
4966,24.825,24.825,24.941135,0.002447,0,0,-0.2,-10.5,-2.7,1.04,0.17,-0.04
4967,24.83,24.830001,24.94605,0.002362,9.99999997475243e-07,0,-0.3,-10.6,-2.3,1.04,0.17,-0.04
4968,24.835,24.835,24.950081,0.001394,0,0,-0.3,-10.6,-2.6,1.03,0.18,-0.04
4969,24.84,24.84,24.956133,0.002447,0,0,-0.2,-10.6,-2.4,1.04,0.18,-0.04
4970,24.845,24.845,24.960075,0.001387,0,0,-0.2,-10.6,-2.8,1.04,0.18,-0.04
4971,24.85,24.85,24.965095,0.001407,0,0,-0.3,-10.6,-3.2,1.05,0.19,-0.05
4972,24.855,24.855,24.971141,0.002454,0,0,-0.4,-10.7,-3.3,1.04,0.19,-0.05
4973,24.86,24.860001,24.976181,0.002494,1.00000000102796e-06,0,-0.3,-10.6,-3,1.04,0.19,-0.04
4974,24.865,24.865001,24.9801,0.001413,9.99999997475243e-07,0,-0.3,-10.7,-3.2,1.03,0.19,-0.04
4975,24.87,24.87,24.986084,0.002396,0,0,-0.4,-10.7,-3.5,1.03,0.2,-0.05
4976,24.875,24.875,24.99118,0.002492,0,0,-0.4,-10.7,-3.3,1.03,0.2,-0.04
4977,24.88,24.88,24.995214,0.001527,0,0,-0.2,-10.7,-3.1,1.03,0.19,-0.04
4978,24.885,24.885,25.000499,0.001811,0,0,-0.2,-10.8,-2.6,1.04,0.17,-0.04
4979,24.89,24.89,25.006209,0.002523,0,0,-0.3,-10.8,-2.8,1.04,0.18,-0.04
4980,24.895,24.895,25.010078,0.00139,0,0,-0.1,-10.7,-3,1.04,0.17,-0.04
4981,24.9,24.900001,25.015159,0.001472,9.99999997475243e-07,0,-0.2,-10.6,-3.3,1.04,0.18,-0.04
4982,24.905,24.905,25.021063,0.002376,0,0,-0.2,-10.7,-3.2,1.04,0.18,-0.04
4983,24.91,24.91,25.026168,0.00248,0,0,0,-10.7,-2.7,1.04,0.17,-0.04
4984,24.915,24.915,25.030038,0.00135,0,0,-0.1,-10.7,-3.1,1.04,0.17,-0.04
4985,24.92,24.92,25.03605,0.002363,0,0,-0.1,-10.7,-3,1.04,0.18,-0.04
4986,24.925,24.925,25.041112,0.002424,0,0,-0.2,-10.8,-3,1.04,0.18,-0.04
4987,24.93,24.93,25.046055,0.002367,0,0,-0.3,-10.8,-3,1.04,0.18,-0.04
4988,24.935,24.935001,25.050032,0.001343,9.99999997475243e-07,0,-0.2,-10.7,-2.7,1.04,0.17,-0.04
4989,24.94,24.94,25.055034,0.001347,0,0,-0.2,-10.8,-2.5,1.04,0.17,-0.04
4990,24.945,24.945,25.061215,0.002527,0,0,-0.3,-10.8,-3.1,1.04,0.19,-0.05
4991,24.95,24.95,25.065089,0.001401,0,0,-0.3,-10.7,-3.8,1.03,0.2,-0.05
4992,24.955,24.955001,25.070047,0.001359,9.99999997475243e-07,0,-0.4,-10.8,-3.9,1.03,0.2,-0.05
4993,24.96,24.96,25.07617,0.002482,0,0,-0.3,-10.9,-2.9,1.04,0.19,-0.04
4994,24.965,24.965,25.081075,0.002389,0,0,-0.3,-10.9,-3.3,1.03,0.19,-0.04
4995,24.97,24.97,25.085031,0.001344,0,0,-0.2,-10.8,-2.9,1.04,0.18,-0.04
4996,24.975,24.975,25.09022,0.001533,0,0,-0.1,-10.7,-3.1,1.04,0.17,-0.04
4997,24.98,24.98,25.096069,0.002382,0,0,-0.2,-10.8,-3,1.05,0.18,-0.04
4998,24.985,24.985,25.100045,0.001359,0,0,-0.2,-10.8,-2.8,1.04,0.18,-0.04
4999,24.99,24.990001,25.105154,0.001467,9.99999997475243e-07,0,-0.3,-10.7,-2.9,1.04,0.17,-0.04
5000,24.995,24.995,25.111074,0.002386,0,0,-0.4,-10.8,-3.5,1.03,0.19,-0.05
5001,25,25,25.115026,0.001339,0,0,-0.3,-10.8,-3.4,1.03,0.19,-0.04
5002,25.005,25.005,25.120042,0.001354,0,0,-0.2,-10.7,-2.9,1.04,0.18,-0.04
5003,25.01,25.01,25.126223,0.002535,0,0,-0.1,-10.7,-2.5,1.04,0.17,-0.03
5004,25.015,25.015,25.131066,0.002378,0,0,-0.2,-10.8,-2.6,1.04,0.17,-0.03
5005,25.02,25.02,25.135034,0.001347,0,0,0,-10.7,-2.9,1.04,0.17,-0.04
5006,25.025,25.025001,25.140319,0.00163,9.99999997475243e-07,0,-0.1,-10.8,-2.9,1.04,0.17,-0.04
5007,25.03,25.03,25.14607,0.002383,0,0,-0.1,-10.8,-2.6,1.04,0.16,-0.04
5008,25.035,25.035,25.150034,0.001347,0,0,-0.2,-10.8,-2.6,1.04,0.17,-0.04
5009,25.04,25.04,25.156146,0.002459,0,0,-0.2,-10.8,-2.5,1.04,0.17,-0.04
5010,25.045,25.045,25.16108,0.002393,0,0,-0.2,-10.8,-3.2,1.03,0.18,-0.05
5011,25.05,25.05,25.165079,0.001391,0,0,-0.1,-10.8,-2.7,1.03,0.17,-0.04
5012,25.055,25.055,25.171067,0.002379,0,0,-0.3,-10.9,-2.7,1.03,0.18,-0.04
5013,25.06,25.060001,25.17615,0.002461,9.99999997475243e-07,0,-0.2,-10.8,-3,1.03,0.18,-0.04
5014,25.065,25.065,25.180064,0.001378,0,0,-0.1,-10.7,-2.6,1.03,0.17,-0.04
5015,25.07,25.07,25.186139,0.002453,0,0,-0.1,-10.8,-2.8,1.03,0.17,-0.04
5016,25.075,25.075,25.191185,0.002497,0,0,-0.1,-10.8,-3.1,1.03,0.18,-0.04
5017,25.08,25.080001,25.195089,0.0014,9.99999997475243e-07,0,-0.2,-10.8,-3.3,1.03,0.18,-0.04
5018,25.085,25.085,25.200219,0.001533,0,0,-0.4,-10.8,-4,1.03,0.2,-0.04
5019,25.09,25.09,25.206109,0.002422,0,0,-0.4,-10.8,-4.1,1.03,0.21,-0.05
5020,25.095,25.095,25.210077,0.001389,0,0,-0.5,-10.8,-4.5,1.02,0.21,-0.05
5021,25.1,25.1,25.215179,0.001492,0,0,-0.5,-10.8,-3.7,1.03,0.2,-0.05
5022,25.105,25.105,25.221118,0.002431,0,0,-0.5,-10.7,-4.3,1.03,0.21,-0.05
5023,25.11,25.11,25.225207,0.001519,0,0,-0.7,-10.7,-4.2,1.03,0.21,-0.05
5024,25.115,25.115001,25.230111,0.001423,9.99999997475243e-07,0,-0.5,-10.8,-3.4,1.03,0.2,-0.04
5025,25.12,25.12,25.236099,0.002412,0,0,-0.6,-10.8,-3.5,1.04,0.2,-0.05
5026,25.125,25.125,25.241152,0.002464,0,0,-0.5,-10.8,-3,1.04,0.19,-0.04
5027,25.13,25.13,25.245065,0.001379,0,0,-0.5,-10.8,-3.1,1.04,0.2,-0.04
5028,25.135,25.135,25.25108,0.002394,0,0,-0.4,-10.8,-3,1.04,0.19,-0.04
5029,25.14,25.14,25.256124,0.002437,0,0,-0.5,-10.8,-2.6,1.04,0.18,-0.04
5030,25.145,25.145,25.260101,0.001415,0,0,-0.4,-10.8,-2.6,1.04,0.18,-0.04
5031,25.15,25.150001,25.266137,0.002449,9.99999997475243e-07,0,-0.3,-10.7,-2.2,1.05,0.17,-0.03
5032,25.155,25.155,25.271153,0.002467,0,0,-0.2,-10.7,-2.2,1.04,0.17,-0.03
5033,25.16,25.16,25.275089,0.001402,0,0,-0.2,-10.8,-2.3,1.04,0.17,-0.04
5034,25.165,25.165,25.280239,0.001553,0,0,-0.2,-10.7,-2.7,1.04,0.17,-0.04
5035,25.17,25.17,25.286132,0.002445,0,0,-0.2,-10.7,-2.9,1.04,0.18,-0.04
5036,25.175,25.175,25.290096,0.001408,0,0,-0.2,-10.8,-2.9,1.04,0.18,-0.05
5037,25.18,25.18,25.295234,0.001546,0,0,-0.3,-10.8,-3,1.04,0.18,-0.05
5038,25.185,25.185001,25.301057,0.002369,9.99999997475243e-07,0,-0.4,-10.8,-3.4,1.03,0.19,-0.05
5039,25.19,25.19,25.305155,0.001469,0,0,-0.4,-10.8,-3.3,1.03,0.19,-0.04
5040,25.195,25.195,25.310113,0.001425,0,0,-0.5,-10.8,-3.2,1.04,0.2,-0.04
5041,25.2,25.2,25.316094,0.002407,0,0,-0.5,-10.8,-3.2,1.03,0.2,-0.04
5042,25.205,25.205001,25.320077,0.001388,9.99999997475243e-07,0,-0.5,-10.9,-3.5,1.03,0.2,-0.04
5043,25.21,25.21,25.326312,0.002624,0,0,-0.6,-10.9,-3.1,1.04,0.19,-0.04
5044,25.215,25.215,25.330091,0.001404,0,0,-0.5,-10.8,-2.8,1.03,0.19,-0.04
5045,25.22,25.22,25.33521,0.001522,0,0,-0.4,-10.8,-2.9,1.03,0.19,-0.04
5046,25.225,25.225,25.34107,0.002383,0,0,-0.3,-10.8,-3.2,1.03,0.18,-0.04
5047,25.23,25.23,25.345015,0.001328,0,0,-0.2,-10.8,-2.5,1.03,0.17,-0.04
5048,25.235,25.235001,25.350346,0.001658,1.00000000102796e-06,0,-0.2,-10.7,-2.1,1.04,0.16,-0.03
5049,25.24,25.240002,25.356738,0.003049,1.9999999985032e-06,0,-0.2,-10.7,-3,1.03,0.18,-0.03
5050,25.245,25.245001,25.360506,0.001819,9.99999997475243e-07,0,-0.2,-10.7,-3.1,1.03,0.17,-0.04
5051,25.25,25.250001,25.365754,0.002066,1.00000000102796e-06,0,-0.3,-10.6,-3.5,1.03,0.18,-0.04
5052,25.255,25.255001,25.371619,0.002932,1.00000000102796e-06,0,-0.3,-10.6,-3.6,1.03,0.19,-0.04
5053,25.26,25.260001,25.375501,0.001815,9.99999997475243e-07,0,-0.3,-10.7,-3.2,1.03,0.19,-0.04
5054,25.265,25.265001,25.380902,0.002213,1.00000000102796e-06,0,-0.2,-10.7,-2.8,1.03,0.18,-0.04
5055,25.27,25.270001,25.385214,0.001526,1.00000000102796e-06,0,-0.2,-10.6,-3,1.03,0.18,-0.04
5056,25.275,25.275001,25.390198,0.001509,9.99999997475243e-07,0,-0.2,-10.8,-3.5,1.03,0.19,-0.04
5057,25.28,25.28,25.396178,0.00249,0,0,-0.3,-10.8,-3.1,1.03,0.19,-0.04
5058,25.285,25.285,25.400071,0.001384,0,0,-0.3,-10.8,-3.4,1.03,0.19,-0.04
5059,25.29,25.29,25.405138,0.001451,0,0,-0.3,-10.8,-3.3,1.03,0.19,-0.04
5060,25.295,25.295,25.411207,0.002519,0,0,-0.3,-10.9,-2.9,1.04,0.19,-0.04
5061,25.3,25.3,25.415042,0.001354,0,0,-0.4,-10.9,-3.5,1.03,0.19,-0.04
5062,25.305,25.305,25.420076,0.001389,0,0,-0.3,-10.8,-3.3,1.03,0.18,-0.04
5063,25.31,25.310001,25.426103,0.002414,9.99999997475243e-07,0,-0.4,-10.8,-3.5,1.03,0.18,-0.05
5064,25.315,25.315,25.431025,0.002338,0,0,-0.2,-10.7,-3.1,1.03,0.18,-0.04
5065,25.32,25.32,25.435166,0.001479,0,0,-0.1,-10.7,-2.9,1.03,0.18,-0.04
5066,25.325,25.325,25.440123,0.001436,0,0,-0.1,-10.7,-3.3,1.03,0.19,-0.03
5067,25.33,25.330001,25.446051,0.002363,9.99999997475243e-07,0,-0.3,-10.7,-3.9,1.02,0.2,-0.04
5068,25.335,25.335,25.451225,0.002538,0,0,-0.4,-10.9,-3.9,1.03,0.2,-0.04
5069,25.34,25.34,25.455079,0.001392,0,0,-0.4,-10.8,-4.1,1.03,0.21,-0.05
5070,25.345,25.345,25.460182,0.001495,0,0,-0.3,-10.8,-4,1.03,0.2,-0.04
5071,25.35,25.35,25.46605,0.002363,0,0,-0.2,-10.7,-3.8,1.03,0.19,-0.05
5072,25.355,25.355,25.470002,0.001315,0,0,-0.2,-10.7,-3.8,1.03,0.2,-0.05
5073,25.36,25.36,25.475027,0.00134,0,0,-0.2,-10.6,-3.5,1.03,0.19,-0.04
5074,25.365,25.365001,25.481161,0.002472,9.99999997475243e-07,0,-0.3,-10.7,-3.3,1.04,0.19,-0.05
5075,25.37,25.37,25.486061,0.002375,0,0,-0.2,-10.8,-2.6,1.04,0.18,-0.05
5076,25.375,25.375,25.490049,0.001362,0,0,-0.2,-10.8,-2.7,1.04,0.18,-0.04
5077,25.38,25.38,25.495159,0.001472,0,0,-0.2,-10.7,-2.3,1.03,0.17,-0.04
5078,25.385,25.385,25.501037,0.00235,0,0,-0.4,-10.7,-3,1.03,0.19,-0.04
5079,25.39,25.39,25.504998,0.001311,0,0,-0.3,-10.7,-3,1.03,0.18,-0.04
5080,25.395,25.395,25.510053,0.001366,0,0,-0.4,-10.7,-2.9,1.03,0.19,-0.04
5081,25.4,25.400001,25.516073,0.002385,9.99999997475243e-07,0,-0.5,-10.8,-3.1,1.03,0.2,-0.04
5082,25.405,25.405,25.520038,0.001351,0,0,-0.3,-10.8,-2.5,1.04,0.17,-0.04
5083,25.41,25.41,25.525066,0.00138,0,0,-0.3,-10.7,-3,1.03,0.18,-0.04
5084,25.415,25.415,25.531034,0.002347,0,0,-0.4,-10.8,-3.3,1.03,0.19,-0.04
5085,25.42,25.42,25.536026,0.002339,0,0,-0.4,-10.8,-3,1.04,0.19,-0.04
5086,25.425,25.425,25.540072,0.001385,0,0,-0.2,-10.8,-2.6,1.04,0.17,-0.04
5087,25.43,25.43,25.545086,0.001399,0,0,-0.3,-10.7,-3,1.04,0.18,-0.04
5088,25.435,25.435001,25.55114,0.002452,9.99999997475243e-07,0,-0.1,-10.7,-2.6,1.04,0.17,-0.04
5089,25.44,25.44,25.555078,0.001391,0,0,-0.2,-10.7,-2.7,1.04,0.18,-0.04
5090,25.445,25.445,25.560102,0.001414,0,0,-0.1,-10.6,-3,1.04,0.18,-0.04
5091,25.45,25.45,25.566137,0.00245,0,0,-0.2,-10.7,-3,1.03,0.19,-0.04
5092,25.455,25.455001,25.571087,0.002398,9.99999997475243e-07,0,-0.3,-10.8,-3.1,1.04,0.19,-0.04
5093,25.46,25.46,25.575077,0.00139,0,0,-0.2,-10.8,-2.8,1.03,0.18,-0.04
5094,25.465,25.465,25.580072,0.001386,0,0,-0.1,-10.7,-2.5,1.04,0.17,-0.04
5095,25.47,25.47,25.586165,0.002479,0,0,-0.2,-10.8,-2.5,1.04,0.17,-0.04
5096,25.475,25.475,25.590033,0.001346,0,0,-0.4,-10.7,-3,1.03,0.19,-0.04
5097,25.48,25.48,25.595038,0.001351,0,0,-0.4,-10.8,-3.5,1.03,0.19,-0.04
5098,25.485,25.485,25.601067,0.00238,0,0,-0.3,-10.7,-3.5,1.03,0.19,-0.04
5099,25.49,25.490001,25.606073,0.002385,9.99999997475243e-07,0,-0.6,-10.8,-3.6,1.03,0.2,-0.05
5100,25.495,25.495,25.610068,0.00138,0,0,-0.4,-10.8,-2.9,1.03,0.19,-0.04
5101,25.5,25.5,25.61616,0.002473,0,0,-0.4,-10.7,-2.8,1.04,0.18,-0.04
5102,25.505,25.505,25.621039,0.002352,0,0,-0.3,-10.6,-2.5,1.04,0.17,-0.04
5103,25.51,25.51,25.625044,0.001357,0,0,-0.2,-10.7,-2.3,1.04,0.17,-0.04
5104,25.515,25.515,25.631126,0.002439,0,0,-0.2,-10.7,-2.7,1.04,0.17,-0.04
5105,25.52,25.52,25.635049,0.001362,0,0,-0.2,-10.7,-2.8,1.03,0.17,-0.04
5106,25.525,25.525001,25.640136,0.001448,9.99999997475243e-07,0,-0.3,-10.9,-2.9,1.04,0.19,-0.04
5107,25.53,25.53,25.646221,0.002534,0,0,-0.4,-10.9,-2.8,1.04,0.19,-0.04
5108,25.535,25.535,25.651186,0.0025,0,0,-0.5,-10.9,-2.1,1.05,0.18,-0.04
5109,25.54,25.54,25.655118,0.001431,0,0,-0.6,-10.9,-2.2,1.04,0.19,-0.04
5110,25.545,25.545,25.661133,0.002445,0,0,-0.5,-10.8,-1.7,1.05,0.17,-0.04
5111,25.55,25.55,25.665027,0.00134,0,0,-0.3,-10.6,-2.1,1.04,0.17,-0.03
5112,25.555,25.555001,25.670237,0.00155,1.00000000102796e-06,0,-0.3,-10.7,-2.1,1.03,0.18,-0.03
5113,25.56,25.560001,25.67606,0.002372,9.99999997475243e-07,0,-0.4,-10.7,-2,1.04,0.18,-0.03
5114,25.565,25.565,25.681153,0.002466,0,0,-0.3,-10.7,-2.3,1.04,0.18,-0.04
5115,25.57,25.57,25.685095,0.001407,0,0,-0.4,-10.8,-3,1.04,0.19,-0.04
5116,25.575,25.575,25.690248,0.00156,0,0,-0.4,-10.7,-2.7,1.04,0.19,-0.04
5117,25.58,25.580001,25.696063,0.002374,9.99999997475243e-07,0,-0.3,-10.7,-2.9,1.03,0.18,-0.04
5118,25.585,25.585,25.701226,0.00254,0,0,-0.3,-10.8,-2.3,1.04,0.18,-0.04
5119,25.59,25.59,25.705061,0.001374,0,0,-0.2,-10.8,-2.2,1.04,0.17,-0.04
5120,25.595,25.595,25.711152,0.002465,0,0,-0.3,-10.7,-2,1.04,0.17,-0.04
5121,25.6,25.6,25.71608,0.002393,0,0,-0.3,-10.7,-1.9,1.04,0.17,-0.04
5122,25.605,25.605,25.720025,0.001337,0,0,-0.4,-10.7,-3.2,1.04,0.19,-0.04
5123,25.61,25.61,25.725253,0.001566,0,0,-0.4,-10.8,-2.9,1.04,0.19,-0.04
5124,25.615,25.615001,25.731094,0.002406,9.99999997475243e-07,0,-0.3,-10.7,-3,1.03,0.18,-0.05
5125,25.62,25.62,25.735043,0.001356,0,0,-0.4,-10.8,-2.8,1.04,0.18,-0.05
5126,25.625,25.625,25.740198,0.00151,0,0,-0.2,-10.9,-2.4,1.04,0.17,-0.04
5127,25.63,25.63,25.746043,0.002356,0,0,-0.3,-10.9,-2.1,1.05,0.17,-0.04
5128,25.635,25.635,25.75012,0.001433,0,0,-0.2,-10.7,-1.9,1.05,0.17,-0.03
5129,25.64,25.64,25.755077,0.00139,0,0,-0.3,-10.7,-2.6,1.04,0.18,-0.04
5130,25.645,25.645001,25.761138,0.00245,1.00000000102796e-06,0,-0.4,-10.8,-3.3,1.03,0.2,-0.04
5131,25.65,25.650001,25.766087,0.002399,9.99999997475243e-07,0,-0.4,-10.7,-3,1.04,0.19,-0.04
5132,25.655,25.655,25.770032,0.001344,0,0,-0.5,-10.9,-2.9,1.04,0.2,-0.04
5133,25.66,25.66,25.776102,0.002415,0,0,-0.5,-10.8,-2.8,1.04,0.2,-0.04
5134,25.665,25.665,25.78115,0.002463,0,0,-0.3,-10.8,-3,1.03,0.19,-0.04
5135,25.67,25.67,25.785116,0.00143,0,0,-0.1,-10.9,-3,1.03,0.17,-0.04
5136,25.675,25.675,25.791326,0.002639,0,0,-0.4,-10.8,-3.5,1.03,0.2,-0.05
5137,25.68,25.68,25.796139,0.002452,0,0,-0.3,-10.8,-2.5,1.04,0.18,-0.04
5138,25.685,25.685001,25.800187,0.0015,9.99999997475243e-07,0,-0.3,-10.7,-2.9,1.04,0.18,-0.04
5139,25.69,25.69,25.805265,0.001577,0,0,-0.2,-10.7,-2.7,1.04,0.18,-0.05
5140,25.695,25.695,25.811109,0.002422,0,0,-0.3,-10.7,-3,1.04,0.18,-0.05
5141,25.7,25.7,25.814996,0.001309,0,0,-0.2,-10.8,-2.1,1.04,0.17,-0.04
5142,25.705,25.705001,25.820084,0.001396,9.99999997475243e-07,0,-0.2,-10.8,-2.8,1.04,0.18,-0.04
5143,25.71,25.71,25.826188,0.0025,0,0,-0.3,-10.8,-3,1.04,0.19,-0.04
5144,25.715,25.715,25.830023,0.001336,0,0,-0.4,-10.8,-3,1.04,0.19,-0.04
5145,25.72,25.72,25.836096,0.002404,0,0,-0.3,-10.8,-2.9,1.04,0.19,-0.04
5146,25.725,25.725,25.840034,0.001347,0,0,-0.4,-10.8,-2.9,1.03,0.19,-0.04
5147,25.73,25.73,25.845081,0.001394,0,0,-0.4,-10.8,-3,1.03,0.18,-0.04
5148,25.735,25.735,25.851099,0.002412,0,0,-0.4,-10.8,-3.4,1.03,0.19,-0.05
5149,25.74,25.740001,25.855024,0.001336,9.99999997475243e-07,0,-0.3,-10.8,-2.9,1.04,0.18,-0.04
5150,25.745,25.745,25.860158,0.00147,0,0,-0.3,-10.7,-2.8,1.04,0.18,-0.04
5151,25.75,25.75,25.866092,0.002404,0,0,-0.3,-10.7,-3.1,1.03,0.19,-0.04
5152,25.755,25.755,25.871049,0.002363,0,0,-0.4,-10.7,-3.2,1.03,0.19,-0.04
5153,25.76,25.76,25.875012,0.001325,0,0,-0.5,-10.7,-3.4,1.03,0.19,-0.04
5154,25.765,25.765,25.880114,0.001428,0,0,-0.3,-10.7,-3.6,1.03,0.19,-0.04
5155,25.77,25.77,25.886094,0.002407,0,0,-0.2,-10.8,-3.3,1.03,0.18,-0.04
5156,25.775,25.775001,25.890053,0.001364,9.99999997475243e-07,0,-0.4,-10.8,-2.7,1.03,0.19,-0.04
5157,25.78,25.78,25.895253,0.001565,0,0,-0.3,-10.9,-2.1,1.04,0.17,-0.04
5158,25.785,25.785,25.901082,0.002395,0,0,-0.2,-10.8,-3.3,1.03,0.19,-0.04
5159,25.79,25.79,25.905033,0.001346,0,0,-0.3,-10.8,-3.2,1.04,0.19,-0.04
5160,25.795,25.795,25.910113,0.001426,0,0,-0.1,-10.8,-3.1,1.03,0.18,-0.04
5161,25.8,25.8,25.916124,0.002437,0,0,-0.3,-10.8,-3,1.03,0.18,-0.04
5162,25.805,25.805,25.920023,0.001337,0,0,-0.3,-10.8,-3.6,1.03,0.19,-0.04
5163,25.81,25.810001,25.925177,0.001488,9.99999997475243e-07,0,-0.3,-10.7,-3.1,1.04,0.18,-0.04
5164,25.815,25.815,25.931062,0.002375,0,0,-0.3,-10.7,-3.1,1.03,0.18,-0.04
5165,25.82,25.82,25.936164,0.002478,0,0,-0.3,-10.8,-3.4,1.03,0.19,-0.04
5166,25.825,25.825001,25.940172,0.001485,1.00000000102796e-06,0,-0.2,-10.7,-4.1,1.02,0.19,-0.05
5167,25.83,25.830001,25.946045,0.002357,9.99999997475243e-07,0,-0.2,-10.7,-3.4,1.03,0.18,-0.04
5168,25.835,25.835,25.950032,0.001346,0,0,-0.2,-10.8,-3.2,1.03,0.19,-0.04
5169,25.84,25.84,25.955072,0.001385,0,0,-0.2,-10.7,-2.6,1.03,0.17,-0.03
5170,25.845,25.845,25.961086,0.002399,0,0,-0.2,-10.7,-2.8,1.04,0.18,-0.04
5171,25.85,25.85,25.96512,0.001433,0,0,-0.2,-10.8,-2.8,1.04,0.18,-0.04
5172,25.855,25.855,25.970013,0.001326,0,0,-0.3,-10.8,-3.3,1.04,0.18,-0.04
5173,25.86,25.86,25.976018,0.002331,0,0,-0.3,-10.8,-3,1.04,0.18,-0.04
5174,25.865,25.865001,25.981018,0.00233,9.99999997475243e-07,0,-0.3,-10.9,-3.1,1.04,0.19,-0.04
5175,25.87,25.87,25.985166,0.001479,0,0,-0.3,-10.8,-3,1.04,0.18,-0.04
5176,25.875,25.875,25.990247,0.001559,0,0,-0.2,-10.8,-2.8,1.03,0.18,-0.05
5177,25.88,25.88,25.996056,0.002369,0,0,-0.2,-10.7,-2.6,1.04,0.17,-0.04
5178,25.885,25.885,26.001168,0.00248,0,0,-0.1,-10.7,-3.5,1.03,0.18,-0.05
5179,25.89,25.89,26.005071,0.001384,0,0,0,-10.7,-3.3,1.03,0.17,-0.05
5180,25.895,25.895,26.010303,0.001615,0,0,-0.3,-10.8,-3.3,1.03,0.19,-0.05
5181,25.9,25.900001,26.016099,0.002412,9.99999997475243e-07,0,-0.5,-10.8,-3.6,1.03,0.2,-0.05
5182,25.905,25.905,26.020034,0.001346,0,0,-0.5,-10.9,-3.7,1.03,0.21,-0.05
5183,25.91,25.91,26.025215,0.001528,0,0,-0.4,-10.8,-3.6,1.04,0.2,-0.04
5184,25.915,25.915,26.031093,0.002407,0,0,-0.5,-10.9,-3.4,1.04,0.2,-0.05
5185,25.92,25.92,26.035058,0.001371,0,0,-0.5,-10.8,-3.4,1.04,0.2,-0.04
5186,25.925,25.925,26.041032,0.002345,0,0,-0.3,-10.9,-2.6,1.04,0.19,-0.04
5187,25.93,25.93,26.04601,0.002323,0,0,-0.4,-10.8,-2.4,1.04,0.19,-0.04
5188,25.935,25.935001,26.050102,0.001414,9.99999997475243e-07,0,-0.2,-10.8,-2.4,1.04,0.18,-0.04
5189,25.94,25.94,26.055159,0.001471,0,0,-0.2,-10.8,-2.4,1.04,0.18,-0.04
5190,25.945,25.945,26.061128,0.00244,0,0,-0.3,-10.7,-2.8,1.05,0.18,-0.05
5191,25.95,25.95,26.066111,0.002424,0,0,-0.4,-10.8,-3.3,1.04,0.19,-0.05
5192,25.955,25.955001,26.070054,0.001366,9.99999997475243e-07,0,-0.5,-10.8,-3.1,1.04,0.19,-0.05
5193,25.96,25.96,26.076103,0.002416,0,0,-0.4,-10.7,-2.3,1.05,0.17,-0.04
5194,25.965,25.965,26.081032,0.002344,0,0,-0.3,-10.8,-3,1.04,0.18,-0.04
5195,25.97,25.97,26.085325,0.001639,0,0,-0.2,-10.8,-2.9,1.03,0.18,-0.04
5196,25.975,25.975001,26.090186,0.001498,9.99999997475243e-07,0,-0.3,-10.9,-3.4,1.03,0.19,-0.04
5197,25.98,25.98,26.096071,0.002384,0,0,-0.3,-10.8,-3.1,1.03,0.19,-0.04
5198,25.985,25.985,26.100105,0.001418,0,0,-0.4,-10.7,-3.4,1.03,0.19,-0.04
5199,25.99,25.990001,26.105395,0.001707,9.99999997475243e-07,0,-0.4,-10.8,-2.8,1.04,0.19,-0.04
5200,25.995,25.995,26.111134,0.002447,0,0,-0.4,-10.7,-2.6,1.04,0.19,-0.04
5201,26,26,26.11504,0.001353,0,0,-0.5,-10.8,-2.1,1.04,0.18,-0.04
5202,26.005,26.005,26.120031,0.001345,0,0,-0.3,-10.8,-2.5,1.04,0.18,-0.04
5203,26.01,26.01,26.12613,0.002444,0,0,-0.3,-10.8,-2.5,1.04,0.18,-0.04
5204,26.015,26.015,26.13004,0.001353,0,0,-0.2,-10.8,-3,1.04,0.19,-0.04
5205,26.02,26.02,26.135077,0.00139,0,0,-0.3,-10.8,-3.3,1.03,0.19,-0.04
5206,26.025,26.025001,26.141102,0.002415,9.99999997475243e-07,0,-0.3,-10.9,-3.3,1.03,0.19,-0.04
5207,26.03,26.03,26.145019,0.001332,0,0,-0.3,-10.9,-3.1,1.04,0.19,-0.04
5208,26.035,26.035,26.150137,0.00145,0,0,-0.4,-10.8,-2.9,1.04,0.19,-0.04
5209,26.04,26.04,26.156129,0.002442,0,0,-0.5,-10.9,-2.8,1.04,0.2,-0.04
5210,26.045,26.045,26.160036,0.001348,0,0,-0.6,-10.9,-3.3,1.03,0.21,-0.04
5211,26.05,26.05,26.165097,0.00141,0,0,-0.4,-10.9,-3.3,1.03,0.21,-0.04
5212,26.055,26.055,26.171108,0.002422,0,0,-0.1,-10.8,-2.4,1.04,0.18,-0.04
5213,26.06,26.060001,26.175039,0.00135,9.99999997475243e-07,0,-0.1,-10.7,-2.5,1.04,0.18,-0.03
5214,26.065,26.065,26.180097,0.00141,0,0,-0.2,-10.7,-3.7,1.03,0.2,-0.04
5215,26.07,26.07,26.186129,0.002442,0,0,-0.3,-10.8,-3.4,1.04,0.2,-0.04
5216,26.075,26.075,26.190075,0.001388,0,0,-0.4,-10.8,-3.7,1.03,0.2,-0.04
5217,26.08,26.080001,26.195097,0.00141,9.99999997475243e-07,0,-0.3,-10.7,-3.4,1.03,0.19,-0.04
5218,26.085,26.085,26.201169,0.002481,0,0,-0.3,-10.6,-3.2,1.04,0.19,-0.04
5219,26.09,26.09,26.206075,0.002387,0,0,-0.3,-10.7,-3,1.04,0.19,-0.04
5220,26.095,26.095,26.210076,0.001388,0,0,-0.3,-10.7,-2.8,1.04,0.18,-0.04
5221,26.1,26.1,26.216061,0.002374,0,0,-0.3,-10.9,-2.8,1.04,0.19,-0.04
5222,26.105,26.105,26.221044,0.002356,0,0,-0.2,-10.7,-3.1,1.04,0.19,-0.04
5223,26.11,26.11,26.225063,0.001375,0,0,-0.2,-10.7,-2.9,1.04,0.18,-0.04
5224,26.115,26.115001,26.230252,0.001565,9.99999997475243e-07,0,-0.3,-10.7,-3.1,1.03,0.19,-0.04
5225,26.12,26.12,26.236101,0.002415,0,0,-0.2,-10.8,-2.6,1.03,0.19,-0.03
5226,26.125,26.125,26.24003,0.001343,0,0,-0.3,-10.7,-2.7,1.03,0.19,-0.03
5227,26.13,26.13,26.245158,0.001471,0,0,-0.2,-10.7,-2.8,1.03,0.18,-0.03
5228,26.135,26.135,26.251093,0.002406,0,0,-0.2,-10.7,-2.9,1.03,0.18,-0.04
5229,26.14,26.14,26.255063,0.001376,0,0,-0.4,-10.8,-3,1.04,0.19,-0.04
5230,26.145,26.145,26.260122,0.001435,0,0,-0.4,-10.8,-3.3,1.03,0.2,-0.04
5231,26.15,26.150001,26.266107,0.002419,9.99999997475243e-07,0,-0.5,-10.8,-2.9,1.04,0.19,-0.04
5232,26.155,26.155,26.270195,0.001508,0,0,-0.4,-10.8,-2.5,1.04,0.19,-0.04
5233,26.16,26.16,26.275134,0.001446,0,0,-0.4,-10.7,-3.2,1.04,0.19,-0.05
5234,26.165,26.165,26.281118,0.002431,0,0,-0.4,-10.8,-3,1.03,0.2,-0.04
5235,26.17,26.17,26.285022,0.001335,0,0,-0.4,-10.8,-3.2,1.03,0.2,-0.04
5236,26.175,26.175,26.29014,0.001452,0,0,-0.3,-10.9,-2.6,1.04,0.19,-0.04
5237,26.18,26.18,26.296114,0.002427,0,0,-0.3,-10.9,-2.7,1.04,0.19,-0.04
5238,26.185,26.185001,26.30104,0.002352,9.99999997475243e-07,0,-0.3,-10.9,-2.9,1.04,0.19,-0.04
5239,26.19,26.19,26.305051,0.001364,0,0,-0.4,-10.7,-3,1.03,0.19,-0.04
5240,26.195,26.195,26.311134,0.002448,0,0,-0.2,-10.7,-2.4,1.04,0.18,-0.03
5241,26.2,26.2,26.316064,0.002377,0,0,-0.1,-10.7,-2,1.04,0.17,-0.03
5242,26.205,26.205001,26.320117,0.001429,9.99999997475243e-07,0,-0.3,-10.8,-2.4,1.04,0.18,-0.03
5243,26.21,26.21,26.325288,0.0016,0,0,-0.4,-10.8,-3.1,1.03,0.2,-0.04
5244,26.215,26.215,26.331091,0.002404,0,0,-0.3,-10.8,-3.2,1.03,0.19,-0.04
5245,26.22,26.22,26.336118,0.002432,0,0,-0.3,-10.8,-3.3,1.03,0.19,-0.04
5246,26.225,26.225,26.340119,0.001431,0,0,-0.2,-10.7,-3.2,1.03,0.19,-0.04
5247,26.23,26.23,26.346114,0.002427,0,0,-0.3,-10.7,-2.9,1.04,0.19,-0.04
5248,26.235,26.235,26.350074,0.001387,0,0,-0.3,-10.7,-2.1,1.04,0.18,-0.03
5249,26.24,26.240001,26.355166,0.001478,9.99999997475243e-07,0,-0.3,-10.8,-2,1.04,0.17,-0.03
5250,26.245,26.245,26.361121,0.002435,0,0,-0.2,-10.7,-2.3,1.04,0.17,-0.04
5251,26.25,26.25,26.36617,0.002483,0,0,-0.2,-10.7,-2.5,1.04,0.17,-0.04
5252,26.255,26.255,26.370037,0.00135,0,0,-0.2,-10.7,-2.7,1.04,0.17,-0.04
5253,26.26,26.26,26.376125,0.002438,0,0,-0.2,-10.7,-3.1,1.04,0.18,-0.04
5254,26.265,26.265,26.380036,0.001349,0,0,-0.2,-10.7,-2.7,1.04,0.18,-0.04
5255,26.27,26.27,26.385147,0.001459,0,0,-0.2,-10.7,-3,1.03,0.19,-0.04
5256,26.275,26.275001,26.391138,0.00245,9.99999997475243e-07,0,-0.2,-10.7,-3,1.03,0.19,-0.04
5257,26.28,26.28,26.395043,0.001356,0,0,-0.3,-10.7,-3.3,1.03,0.19,-0.04
5258,26.285,26.285,26.400076,0.001389,0,0,-0.2,-10.7,-3.3,1.04,0.19,-0.04
5259,26.29,26.29,26.406152,0.002465,0,0,-0.3,-10.8,-3.4,1.04,0.2,-0.04
5260,26.295,26.295,26.410064,0.001376,0,0,-0.4,-10.8,-3.2,1.03,0.2,-0.04
5261,26.3,26.3,26.415083,0.001396,0,0,-0.2,-10.7,-2.6,1.04,0.18,-0.04
5262,26.305,26.305,26.421105,0.002418,0,0,-0.2,-10.7,-2.8,1.04,0.18,-0.04
5263,26.31,26.310001,26.426102,0.002413,9.99999997475243e-07,0,-0.2,-10.9,-2.9,1.04,0.19,-0.05
5264,26.315,26.315,26.430045,0.001358,0,0,-0.2,-10.8,-2.9,1.04,0.19,-0.05
5265,26.32,26.32,26.435097,0.00141,0,0,-0.4,-10.8,-3.1,1.04,0.19,-0.05
5266,26.325,26.325001,26.441183,0.002495,1.00000000102796e-06,0,-0.3,-10.7,-3.3,1.03,0.18,-0.05
5267,26.33,26.330001,26.445029,0.001341,9.99999997475243e-07,0,-0.4,-10.6,-3.3,1.03,0.18,-0.05
5268,26.335,26.335,26.450085,0.001398,0,0,-0.6,-10.7,-3.4,1.03,0.19,-0.05
5269,26.34,26.34,26.456114,0.002427,0,0,-0.5,-10.7,-2.5,1.04,0.18,-0.04
5270,26.345,26.345,26.460058,0.00137,0,0,-0.5,-10.8,-3.2,1.03,0.19,-0.05
5271,26.35,26.35,26.465073,0.001385,0,0,-0.5,-10.8,-2.9,1.03,0.18,-0.04
5272,26.355,26.355,26.471085,0.002398,0,0,-0.5,-10.8,-2.7,1.04,0.18,-0.04
5273,26.36,26.36,26.47605,0.002363,0,0,-0.6,-10.8,-2.6,1.04,0.18,-0.04
5274,26.365,26.365001,26.480094,0.001407,9.99999997475243e-07,0,-0.7,-10.8,-2.6,1.04,0.19,-0.04
5275,26.37,26.37,26.485092,0.001405,0,0,-0.5,-10.8,-2.5,1.04,0.19,-0.04
5276,26.375,26.375,26.491227,0.00254,0,0,-0.5,-10.8,-2.2,1.04,0.18,-0.03
5277,26.38,26.38,26.495058,0.001372,0,0,-0.3,-10.8,-2.1,1.05,0.18,-0.03
5278,26.385,26.385,26.500072,0.001385,0,0,-0.3,-10.7,-2.2,1.04,0.18,-0.03
5279,26.39,26.39,26.506094,0.002406,0,0,-0.4,-10.7,-2.5,1.04,0.19,-0.04
5280,26.395,26.395,26.510028,0.001341,0,0,-0.3,-10.7,-2.5,1.04,0.18,-0.04
5281,26.4,26.400001,26.515071,0.001384,9.99999997475243e-07,0,-0.3,-10.7,-2.7,1.04,0.18,-0.04
5282,26.405,26.405,26.521096,0.002409,0,0,-0.3,-10.8,-3.2,1.03,0.19,-0.04
5283,26.41,26.41,26.52608,0.002393,0,0,-0.3,-10.8,-2.7,1.04,0.18,-0.04
5284,26.415,26.415,26.530019,0.001332,0,0,-0.3,-10.8,-2.8,1.04,0.18,-0.04
5285,26.42,26.42,26.536097,0.002409,0,0,-0.2,-10.8,-2.5,1.04,0.18,-0.04
5286,26.425,26.425001,26.541143,0.002455,1.00000000102796e-06,0,-0.3,-10.8,-3.2,1.03,0.19,-0.05
5287,26.43,26.43,26.545024,0.001337,0,0,-0.2,-10.8,-2.9,1.04,0.18,-0.04
5288,26.435,26.435001,26.551133,0.002445,9.99999997475243e-07,0,-0.1,-10.8,-2.6,1.04,0.17,-0.04
5289,26.44,26.44,26.556181,0.002493,0,0,-0.3,-10.8,-3,1.03,0.19,-0.05
5290,26.445,26.445,26.560035,0.001347,0,0,-0.3,-10.8,-3.2,1.04,0.19,-0.04
5291,26.45,26.45,26.566113,0.002426,0,0,-0.3,-10.7,-3.3,1.03,0.2,-0.04
5292,26.455,26.455001,26.570074,0.001386,9.99999997475243e-07,0,-0.3,-10.7,-3.1,1.03,0.19,-0.04
5293,26.46,26.46,26.575177,0.001489,0,0,-0.4,-10.8,-2.9,1.04,0.19,-0.04
5294,26.465,26.465,26.581098,0.00241,0,0,-0.3,-10.8,-2.6,1.05,0.18,-0.04
5295,26.47,26.47,26.585125,0.001439,0,0,-0.2,-10.7,-2.9,1.04,0.18,-0.04
5296,26.475,26.475,26.590139,0.001452,0,0,-0.3,-10.7,-3.1,1.04,0.19,-0.05
5297,26.48,26.48,26.596128,0.00244,0,0,-0.4,-10.7,-2.8,1.04,0.18,-0.04
5298,26.485,26.485,26.600067,0.00138,0,0,-0.4,-10.7,-3.1,1.04,0.19,-0.04
5299,26.49,26.490001,26.605114,0.001426,9.99999997475243e-07,0,-0.4,-10.7,-2.6,1.04,0.18,-0.04
5300,26.495,26.495,26.611041,0.002355,0,0,-0.3,-10.8,-2.6,1.04,0.18,-0.04
5301,26.5,26.5,26.616031,0.002344,0,0,-0.2,-10.7,-2.9,1.03,0.18,-0.04
5302,26.505,26.505,26.62003,0.001342,0,0,-0.2,-10.8,-2.8,1.03,0.18,-0.04
5303,26.51,26.51,26.625216,0.001528,0,0,-0.3,-10.8,-2.5,1.04,0.18,-0.04
5304,26.515,26.515,26.631118,0.002431,0,0,-0.3,-10.8,-2.9,1.03,0.19,-0.04
5305,26.52,26.52,26.635049,0.001362,0,0,-0.4,-10.8,-2.4,1.04,0.18,-0.04
5306,26.525,26.525001,26.640135,0.001446,9.99999997475243e-07,0,-0.3,-10.8,-2.8,1.04,0.18,-0.04
5307,26.53,26.53,26.64609,0.002403,0,0,-0.4,-10.8,-3.4,1.03,0.18,-0.04
5308,26.535,26.535,26.651079,0.002392,0,0,-0.3,-10.8,-3.2,1.03,0.18,-0.04
5309,26.54,26.54,26.655037,0.00135,0,0,-0.1,-10.7,-2.7,1.04,0.17,-0.04
5310,26.545,26.545,26.661106,0.002419,0,0,-0.1,-10.7,-2.1,1.04,0.17,-0.04
5311,26.55,26.55,26.66616,0.002474,0,0,-0.2,-10.7,-2.9,1.03,0.18,-0.04
5312,26.555,26.555,26.670088,0.001401,0,0,-0.2,-10.8,-2.4,1.04,0.18,-0.03
5313,26.56,26.560001,26.675209,0.001521,9.99999997475243e-07,0,-0.4,-10.8,-2.3,1.04,0.18,-0.04
5314,26.565,26.565,26.681116,0.002429,0,0,-0.4,-10.8,-1.8,1.05,0.18,-0.04
5315,26.57,26.57,26.685092,0.001406,0,0,-0.4,-10.8,-2.6,1.04,0.19,-0.04
5316,26.575,26.575,26.690274,0.001587,0,0,-0.1,-10.7,-2.6,1.04,0.18,-0.04
5317,26.58,26.580001,26.696108,0.002421,9.99999997475243e-07,0,-0.1,-10.8,-2.6,1.03,0.18,-0.03
5318,26.585,26.585,26.700105,0.001417,0,0,-0.1,-10.7,-2.3,1.04,0.17,-0.03
5319,26.59,26.59,26.705109,0.001422,0,0,-0.1,-10.7,-2.3,1.04,0.17,-0.03
5320,26.595,26.595,26.711104,0.002418,0,0,-0.2,-10.7,-2.6,1.04,0.18,-0.04
5321,26.6,26.6,26.715043,0.001356,0,0,-0.1,-10.8,-2.3,1.04,0.17,-0.04
5322,26.605,26.605,26.720222,0.001535,0,0,-0.1,-10.6,-2.8,1.04,0.17,-0.04
5323,26.61,26.61,26.725316,0.001628,0,0,-0.4,-10.7,-3,1.04,0.19,-0.04
5324,26.615,26.615001,26.731103,0.002414,9.99999997475243e-07,0,-0.4,-10.8,-3,1.04,0.19,-0.04
5325,26.62,26.62,26.735138,0.00145,0,0,-0.3,-10.7,-3.5,1.03,0.19,-0.04
5326,26.625,26.625,26.740161,0.001474,0,0,-0.2,-10.6,-3.5,1.03,0.19,-0.05
5327,26.63,26.63,26.746065,0.002378,0,0,-0.3,-10.7,-3.8,1.02,0.2,-0.05
5328,26.635,26.635,26.75002,0.001333,0,0,-0.2,-10.7,-3.7,1.03,0.19,-0.04
5329,26.64,26.64,26.755127,0.001439,0,0,-0.2,-10.7,-3.3,1.03,0.19,-0.04
5330,26.645,26.645,26.761198,0.00251,0,0,-0.2,-10.8,-3,1.03,0.19,-0.04
5331,26.65,26.650001,26.766183,0.002496,9.99999997475243e-07,0,-0.3,-10.7,-3,1.04,0.19,-0.04
5332,26.655,26.655,26.770042,0.001355,0,0,-0.3,-10.7,-2.9,1.04,0.19,-0.04
5333,26.66,26.66,26.776088,0.002401,0,0,-0.1,-10.7,-2.7,1.04,0.18,-0.04
5334,26.665,26.665,26.781027,0.00234,0,0,-0.1,-10.6,-3.2,1.04,0.18,-0.04
5335,26.67,26.67,26.785009,0.001322,0,0,0,-10.6,-3.2,1.03,0.18,-0.04
5336,26.675,26.675,26.79024,0.001552,0,0,-0.1,-10.6,-2.8,1.04,0.18,-0.04
5337,26.68,26.68,26.796096,0.002408,0,0,-0.2,-10.7,-2.5,1.04,0.17,-0.04
5338,26.685,26.685001,26.801174,0.002487,9.99999997475243e-07,0,-0.2,-10.7,-2.8,1.04,0.18,-0.04
5339,26.69,26.69,26.805065,0.001379,0,0,-0.2,-10.7,-3,1.04,0.18,-0.04
5340,26.695,26.695,26.811125,0.002438,0,0,-0.3,-10.8,-2.8,1.04,0.18,-0.05
5341,26.7,26.7,26.81606,0.002372,0,0,-0.3,-10.7,-3,1.04,0.18,-0.04
5342,26.705,26.705001,26.820035,0.001347,9.99999997475243e-07,0,-0.3,-10.9,-2.8,1.04,0.18,-0.04
5343,26.71,26.710001,26.82624,0.002553,9.99999997475243e-07,0,-0.3,-10.7,-2.8,1.04,0.19,-0.04
5344,26.715,26.715,26.831044,0.002357,0,0,-0.3,-10.8,-2.5,1.04,0.18,-0.04
5345,26.72,26.72,26.835015,0.001328,0,0,-0.2,-10.8,-2.3,1.05,0.18,-0.04
5346,26.725,26.725,26.840463,0.001777,0,0,-0.1,-10.8,-2.3,1.04,0.17,-0.04
5347,26.73,26.73,26.846099,0.002411,0,0,-0.3,-10.8,-3.3,1.04,0.19,-0.04
5348,26.735,26.735,26.850017,0.00133,0,0,-0.4,-10.8,-3,1.04,0.19,-0.04
5349,26.74,26.740001,26.855131,0.001442,9.99999997475243e-07,0,-0.4,-10.8,-3.5,1.03,0.19,-0.04
5350,26.745,26.745,26.861142,0.002454,0,0,-0.3,-10.7,-3.8,1.03,0.19,-0.05
5351,26.75,26.75,26.865017,0.00133,0,0,-0.2,-10.7,-3.2,1.03,0.18,-0.05
5352,26.755,26.755,26.870017,0.00133,0,0,-0.3,-10.7,-3.9,1.03,0.19,-0.05
5353,26.76,26.76,26.87607,0.002383,0,0,-0.2,-10.8,-3.1,1.03,0.18,-0.05
5354,26.765,26.765,26.881042,0.002354,0,0,-0.2,-10.8,-3.4,1.03,0.18,-0.04
5355,26.77,26.77,26.885036,0.001349,0,0,-0.3,-10.8,-2.7,1.04,0.18,-0.04
5356,26.775,26.775001,26.8902,0.001511,9.99999997475243e-07,0,-0.4,-10.8,-2.6,1.04,0.18,-0.04
5357,26.78,26.78,26.896064,0.002377,0,0,-0.2,-10.8,-2.1,1.04,0.17,-0.04
5358,26.785,26.785,26.900118,0.001432,0,0,-0.1,-10.7,-2,1.05,0.16,-0.03
5359,26.79,26.79,26.905207,0.001521,0,0,-0.3,-10.7,-2.9,1.04,0.18,-0.04
5360,26.795,26.795,26.911045,0.002358,0,0,-0.3,-10.7,-3.3,1.04,0.19,-0.04
5361,26.8,26.8,26.915007,0.001319,0,0,-0.2,-10.8,-2.1,1.04,0.18,-0.03
5362,26.805,26.805,26.920044,0.001357,0,0,-0.2,-10.9,-2.3,1.04,0.18,-0.04
5363,26.81,26.810001,26.926206,0.002517,9.99999997475243e-07,0,-0.3,-10.9,-2.8,1.04,0.19,-0.04
5364,26.815,26.815,26.930136,0.001449,0,0,-0.3,-10.8,-2.6,1.04,0.19,-0.04
5365,26.82,26.82,26.935083,0.001396,0,0,-0.6,-10.9,-3,1.03,0.2,-0.04
5366,26.825,26.825,26.941106,0.002419,0,0,-0.5,-10.8,-2.6,1.03,0.19,-0.04
5367,26.83,26.830001,26.945022,0.001334,9.99999997475243e-07,0,-0.4,-10.7,-2.4,1.03,0.18,-0.04
5368,26.835,26.835,26.950021,0.001334,0,0,-0.3,-10.7,-2.6,1.03,0.18,-0.04
5369,26.84,26.84,26.955264,0.001577,0,0,-0.2,-10.8,-2.5,1.04,0.17,-0.04
5370,26.845,26.845,26.961084,0.002396,0,0,-0.3,-10.8,-2.5,1.04,0.18,-0.04
5371,26.85,26.85,26.965178,0.001492,0,0,-0.4,-10.8,-2.5,1.04,0.18,-0.04
5372,26.855,26.855,26.970027,0.00134,0,0,-0.4,-10.9,-2.5,1.04,0.18,-0.04
5373,26.86,26.86,26.976098,0.002411,0,0,-0.5,-10.8,-3.1,1.04,0.2,-0.04
5374,26.865,26.865001,26.980031,0.001343,9.99999997475243e-07,0,-0.4,-10.8,-3.1,1.04,0.19,-0.04
5375,26.87,26.87,26.98513,0.001443,0,0,-0.4,-11,-2.9,1.04,0.18,-0.04
5376,26.875,26.875,26.990211,0.001524,0,0,-0.5,-10.8,-2.5,1.04,0.18,-0.04
5377,26.88,26.88,26.996042,0.002355,0,0,-0.4,-10.8,-2.7,1.04,0.18,-0.04
5378,26.885,26.885,27.000114,0.001427,0,0,-0.4,-10.7,-2.3,1.04,0.18,-0.03
5379,26.89,26.89,27.00515,0.001463,0,0,-0.3,-10.7,-2.2,1.04,0.18,-0.03
5380,26.895,26.895,27.011045,0.002359,0,0,-0.3,-10.8,-2.1,1.04,0.18,-0.03
5381,26.9,26.900001,27.016019,0.002331,9.99999997475243e-07,0,-0.2,-10.9,-2.7,1.04,0.18,-0.04
5382,26.905,26.905,27.020012,0.001325,0,0,-0.3,-10.9,-2.6,1.04,0.18,-0.04
5383,26.91,26.91,27.025202,0.001514,0,0,-0.3,-10.8,-3.1,1.03,0.18,-0.05
5384,26.915,26.915,27.031092,0.002404,0,0,-0.3,-10.8,-2.9,1.03,0.18,-0.04
5385,26.92,26.92,27.035083,0.001397,0,0,-0.2,-10.7,-3.4,1.03,0.18,-0.04
5386,26.925,26.925,27.040173,0.001486,0,0,-0.4,-10.7,-3.5,1.03,0.18,-0.04
5387,26.93,26.930002,27.046019,0.002333,2.00000000205591e-06,0,-0.6,-10.8,-3.4,1.03,0.19,-0.05
5388,26.935,26.935004,27.051472,0.002781,3.9999999970064e-06,0,-0.6,-10.7,-3.5,1.03,0.2,-0.05
5389,26.94,26.940001,27.055379,0.001692,9.99999997475243e-07,0,-0.6,-10.8,-2.4,1.04,0.19,-0.04
5390,26.945,26.945,27.061317,0.002629,0,0,-0.5,-10.8,-3.3,1.03,0.2,-0.05
5391,26.95,26.95,27.065045,0.001357,0,0,-0.5,-10.9,-3.5,1.03,0.2,-0.04
5392,26.955,26.955001,27.070018,0.00133,9.99999997475243e-07,0,-0.6,-10.8,-3.4,1.03,0.2,-0.05
5393,26.96,26.96,27.076063,0.002375,0,0,-0.5,-10.8,-2.8,1.04,0.19,-0.04
5394,26.965,26.965,27.080003,0.001316,0,0,-0.4,-10.8,-3.1,1.04,0.19,-0.04
5395,26.97,26.97,27.085053,0.001366,0,0,-0.1,-10.7,-2,1.04,0.17,-0.03
5396,26.975,26.975,27.091134,0.002446,0,0,-0.2,-10.8,-1.9,1.05,0.16,-0.03
5397,26.98,26.98,27.095032,0.001344,0,0,-0.2,-10.7,-1.8,1.05,0.16,-0.03
5398,26.985,26.985,27.100009,0.001322,0,0,-0.3,-10.8,-2.1,1.05,0.17,-0.03
5399,26.99,26.990001,27.105164,0.001476,9.99999997475243e-07,0,-0.5,-10.9,-2.8,1.04,0.19,-0.04
5400,26.995,26.995,27.111019,0.002331,0,0,-0.5,-10.9,-3,1.04,0.19,-0.04
5401,27,27,27.115038,0.001351,0,0,-0.5,-10.8,-3,1.04,0.18,-0.04
5402,27.005,27.005,27.120112,0.001424,0,0,-0.5,-10.9,-2.6,1.05,0.19,-0.04
5403,27.01,27.010001,27.126236,0.002549,9.99999997475243e-07,0,-0.5,-10.9,-3,1.04,0.19,-0.04
5404,27.015,27.015,27.130088,0.001401,0,0,-0.4,-10.9,-2.9,1.04,0.19,-0.04
5405,27.02,27.02,27.135166,0.001479,0,0,-0.4,-10.9,-2.9,1.04,0.19,-0.05
5406,27.025,27.025002,27.140742,0.002054,1.9999999985032e-06,0,-0.3,-10.8,-3.3,1.03,0.18,-0.05
5407,27.03,27.030001,27.146505,0.002818,9.99999997475243e-07,0,-0.2,-10.8,-3,1.04,0.18,-0.04
5408,27.035,27.035,27.150449,0.001763,0,0,-0.2,-10.7,-2.8,1.04,0.17,-0.04
5409,27.04,27.04,27.155299,0.001611,0,0,-0.4,-10.8,-3.2,1.04,0.19,-0.04
5410,27.045,27.045,27.161373,0.002685,0,0,-0.3,-10.7,-3.3,1.04,0.18,-0.04
5411,27.05,27.05,27.16524,0.001552,0,0,-0.6,-10.8,-3.8,1.04,0.2,-0.04
5412,27.055,27.055001,27.170493,0.001805,1.00000000102796e-06,0,-0.6,-10.8,-3.1,1.04,0.2,-0.05
5413,27.06,27.060003,27.176149,0.002461,2.99999999597844e-06,0,-0.3,-10.7,-2.9,1.04,0.19,-0.04
5414,27.065,27.065001,27.181917,0.00324,9.99999997475243e-07,0,-0.3,-10.7,-2.3,1.04,0.18,-0.04
5415,27.07,27.070001,27.186001,0.002314,1.00000000102796e-06,0,-0.1,-10.7,-2.2,1.04,0.17,-0.03
5416,27.075,27.075001,27.191657,0.00297,1.00000000102796e-06,0,-0.2,-10.7,-2.2,1.04,0.17,-0.03
5417,27.08,27.080002,27.195223,0.001535,1.9999999985032e-06,0,-0.3,-10.8,-2.6,1.04,0.17,-0.03
5418,27.085,27.085,27.201073,0.002385,0,0,-0.3,-10.8,-2.6,1.04,0.18,-0.03
5419,27.09,27.09,27.206085,0.002398,0,0,-0.4,-10.9,-2.9,1.04,0.19,-0.04
5420,27.095,27.095,27.210037,0.001354,0,0,-0.4,-10.9,-2.7,1.04,0.19,-0.04
5421,27.1,27.1,27.215068,0.001382,0,0,-0.4,-10.8,-2.8,1.04,0.19,-0.04
5422,27.105,27.105,27.221078,0.002391,0,0,-0.4,-10.8,-2.8,1.04,0.19,-0.04
5423,27.11,27.11,27.225021,0.001334,0,0,-0.3,-10.7,-2.7,1.04,0.18,-0.04
5424,27.115,27.115001,27.230068,0.001379,9.99999997475243e-07,0,-0.2,-10.7,-2.6,1.04,0.17,-0.04
5425,27.12,27.12,27.236143,0.002456,0,0,-0.2,-10.7,-2.7,1.04,0.17,-0.04
5426,27.125,27.125,27.240039,0.001352,0,0,-0.4,-10.8,-2.6,1.04,0.18,-0.04
5427,27.13,27.13,27.245012,0.001325,0,0,-0.4,-10.7,-2.9,1.04,0.18,-0.04
5428,27.135,27.135,27.251029,0.002342,0,0,-0.3,-10.7,-2.7,1.04,0.18,-0.04
5429,27.14,27.14,27.255049,0.001362,0,0,-0.2,-10.7,-3,1.04,0.17,-0.04
5430,27.145,27.145,27.260077,0.00139,0,0,-0.4,-10.8,-3.3,1.03,0.19,-0.04
5431,27.15,27.150001,27.266028,0.00234,9.99999997475243e-07,0,-0.4,-10.7,-2.9,1.03,0.19,-0.03
5432,27.155,27.155,27.269999,0.001312,0,0,-0.4,-10.9,-2.6,1.03,0.18,-0.03
5433,27.16,27.16,27.275007,0.00132,0,0,-0.3,-10.8,-2.4,1.04,0.17,-0.04
5434,27.165,27.165,27.281261,0.002574,0,0,-0.3,-10.8,-2.6,1.04,0.17,-0.03
5435,27.17,27.17,27.285165,0.001478,0,0,-0.4,-10.8,-3,1.03,0.19,-0.04
5436,27.175,27.175001,27.290238,0.001551,1.00000000102796e-06,0,-0.5,-10.9,-3.2,1.03,0.2,-0.04
5437,27.18,27.18,27.296228,0.002541,0,0,-0.5,-10.8,-2.6,1.04,0.19,-0.04
5438,27.185,27.185001,27.301054,0.002366,9.99999997475243e-07,0,-0.4,-10.8,-2.6,1.04,0.18,-0.04
5439,27.19,27.19,27.305004,0.001317,0,0,-0.4,-10.8,-2.8,1.04,0.19,-0.04
5440,27.195,27.195,27.310326,0.00164,0,0,-0.3,-10.8,-2.1,1.04,0.18,-0.04
5441,27.2,27.2,27.316105,0.002419,0,0,-0.2,-10.8,-2.6,1.03,0.18,-0.04
5442,27.205,27.205001,27.320126,0.001437,9.99999997475243e-07,0,-0.2,-10.8,-2.7,1.03,0.17,-0.04
5443,27.21,27.21,27.32543,0.001744,0,0,-0.1,-10.7,-2.7,1.03,0.17,-0.04
5444,27.215,27.215001,27.331349,0.00266,1.00000000102796e-06,0,-0.2,-10.8,-2.7,1.03,0.18,-0.04
5445,27.22,27.220002,27.335401,0.001712,2.00000000205591e-06,0,-0.2,-10.7,-1.7,1.04,0.16,-0.03
5446,27.225,27.225,27.340133,0.001446,0,0,-0.2,-10.8,-1.6,1.04,0.16,-0.03
5447,27.23,27.230001,27.346391,0.002703,1.00000000102796e-06,0,-0.1,-10.8,-2,1.04,0.16,-0.03
5448,27.235,27.235,27.350118,0.001431,0,0,-0.2,-10.8,-1.8,1.05,0.16,-0.04
5449,27.24,27.240001,27.355219,0.001531,9.99999997475243e-07,0,-0.3,-10.8,-1.6,1.05,0.17,-0.04
5450,27.245,27.245,27.36118,0.002494,0,0,-0.4,-10.8,-2.4,1.04,0.18,-0.04
5451,27.25,27.25,27.366092,0.002405,0,0,-0.5,-10.8,-2.5,1.04,0.19,-0.04
5452,27.255,27.255,27.370029,0.001342,0,0,-0.5,-10.9,-3.2,1.04,0.2,-0.04
5453,27.26,27.26,27.37609,0.002403,0,0,-0.3,-10.7,-2.5,1.04,0.18,-0.04
5454,27.265,27.265,27.381082,0.002395,0,0,-0.4,-10.7,-2.6,1.04,0.18,-0.04
5455,27.27,27.27,27.385047,0.00136,0,0,-0.4,-10.9,-3.3,1.04,0.19,-0.04
5456,27.275,27.275002,27.390805,0.002117,1.9999999985032e-06,0,-0.2,-10.8,-2.5,1.04,0.18,-0.04
5457,27.28,27.280001,27.396544,0.002857,9.99999997475243e-07,0,-0.3,-10.7,-2.8,1.04,0.19,-0.04
5458,27.285,27.285002,27.400455,0.001768,1.9999999985032e-06,0,-0.3,-10.8,-2.8,1.04,0.19,-0.04
5459,27.29,27.290002,27.405745,0.002057,2.00000000205591e-06,0,-0.4,-10.7,-2.7,1.05,0.18,-0.04
5460,27.295,27.295,27.41119,0.002502,0,0,-0.5,-10.7,-3,1.05,0.19,-0.04
5461,27.3,27.3,27.415112,0.001424,0,0,-0.4,-10.8,-3.3,1.04,0.19,-0.04
5462,27.305,27.305001,27.42029,0.001602,1.00000000102796e-06,0,-0.4,-10.7,-3.7,1.03,0.19,-0.05
5463,27.31,27.310001,27.426292,0.002603,9.99999997475243e-07,0,-0.4,-10.7,-2.5,1.04,0.17,-0.04
5464,27.315,27.315,27.430057,0.001371,0,0,-0.4,-10.7,-2.7,1.04,0.18,-0.04
5465,27.32,27.32,27.43503,0.001342,0,0,-0.5,-10.6,-2.9,1.04,0.19,-0.04
5466,27.325,27.325,27.44104,0.002353,0,0,-0.4,-10.7,-2.7,1.04,0.18,-0.04
5467,27.33,27.330001,27.445005,0.001317,9.99999997475243e-07,0,-0.4,-10.8,-2.7,1.04,0.18,-0.04
5468,27.335,27.335,27.45004,0.001353,0,0,-0.3,-10.7,-3.2,1.03,0.19,-0.05
5469,27.34,27.340001,27.456117,0.002429,1.00000000102796e-06,0,-0.4,-10.7,-3.4,1.04,0.19,-0.05
5470,27.345,27.345,27.461089,0.002402,0,0,-0.4,-10.7,-3.5,1.04,0.19,-0.05
5471,27.35,27.35,27.465045,0.001357,0,0,-0.5,-10.8,-3.1,1.04,0.19,-0.04
5472,27.355,27.355,27.470184,0.001496,0,0,-0.5,-10.9,-2.9,1.04,0.19,-0.04
5473,27.36,27.36,27.476113,0.002426,0,0,-0.5,-10.8,-3.6,1.04,0.2,-0.04
5474,27.365,27.365001,27.480046,0.001357,9.99999997475243e-07,0,-0.5,-10.8,-3.9,1.03,0.2,-0.04
5475,27.37,27.37,27.485108,0.00142,0,0,-0.3,-10.8,-3.8,1.03,0.2,-0.05
5476,27.375,27.375001,27.49123,0.002542,1.00000000102796e-06,0,-0.4,-10.8,-3.3,1.04,0.2,-0.05
5477,27.38,27.38,27.495178,0.001491,0,0,-0.4,-10.8,-3.3,1.03,0.2,-0.04
5478,27.385,27.385,27.500133,0.001445,0,0,-0.4,-10.8,-2.9,1.04,0.19,-0.04
5479,27.39,27.39,27.506047,0.00236,0,0,-0.3,-10.7,-3,1.04,0.18,-0.04
5480,27.395,27.395,27.51003,0.001342,0,0,-0.2,-10.7,-2.5,1.04,0.17,-0.04
5481,27.4,27.400001,27.515054,0.001365,9.99999997475243e-07,0,-0.2,-10.7,-2.4,1.04,0.17,-0.03
5482,27.405,27.405,27.52122,0.002532,0,0,-0.3,-10.8,-3.1,1.03,0.18,-0.04
5483,27.41,27.410001,27.526718,0.003031,1.00000000102796e-06,0,-0.5,-10.8,-2.9,1.03,0.19,-0.04
5484,27.415,27.415002,27.530619,0.001931,2.00000000205591e-06,0,-0.6,-10.8,-3.3,1.03,0.2,-0.04
5485,27.42,27.420002,27.535756,0.002067,1.9999999985032e-06,0,-0.6,-10.8,-3.3,1.04,0.19,-0.04
5486,27.425,27.425001,27.541477,0.002789,1.00000000102796e-06,0,-0.6,-10.8,-3.7,1.03,0.2,-0.05
5487,27.43,27.43,27.545066,0.001379,0,0,-0.5,-10.8,-3.5,1.03,0.2,-0.04
5488,27.435,27.435001,27.55115,0.002462,9.99999997475243e-07,0,-0.5,-10.8,-2.6,1.04,0.19,-0.03
5489,27.44,27.44,27.556159,0.002472,0,0,-0.4,-10.8,-2.3,1.04,0.18,-0.03
5490,27.445,27.445,27.5601,0.001414,0,0,-0.2,-10.7,-2.8,1.03,0.19,-0.04
5491,27.45,27.45,27.565265,0.001577,0,0,-0.2,-10.8,-2.3,1.03,0.18,-0.04
5492,27.455,27.455001,27.571129,0.002442,9.99999997475243e-07,0,-0.2,-10.8,-2.6,1.03,0.19,-0.04
5493,27.46,27.460001,27.575254,0.001567,9.99999997475243e-07,0,-0.1,-10.7,-2.2,1.04,0.18,-0.04
5494,27.465,27.465,27.580177,0.00149,0,0,0,-10.7,-2.5,1.03,0.17,-0.04
5495,27.47,27.470003,27.586422,0.002732,2.99999999953116e-06,0,0,-10.8,-2.6,1.03,0.18,-0.04
5496,27.475,27.475001,27.591713,0.003026,9.99999997475243e-07,0,-0.1,-10.8,-2.4,1.03,0.17,-0.04
5497,27.48,27.480002,27.595553,0.001864,1.9999999985032e-06,0,-0.3,-10.8,-3.1,1.03,0.18,-0.04
5498,27.485,27.485,27.600541,0.001855,0,0,-0.4,-10.9,-3.3,1.03,0.2,-0.04
5499,27.49,27.490001,27.606243,0.002555,9.99999997475243e-07,0,-0.3,-10.8,-3.2,1.04,0.19,-0.05
5500,27.495,27.495,27.610296,0.001608,0,0,-0.4,-10.8,-4.1,1.03,0.2,-0.05
5501,27.5,27.5,27.616132,0.002445,0,0,-0.3,-10.9,-3.9,1.03,0.19,-0.05
5502,27.505,27.505,27.620044,0.001357,0,0,-0.4,-10.9,-3.7,1.03,0.2,-0.05
5503,27.51,27.510001,27.625261,0.001573,9.99999997475243e-07,0,-0.3,-10.9,-3,1.03,0.19,-0.04
5504,27.515,27.515,27.631099,0.002412,0,0,-0.4,-10.9,-3.1,1.03,0.19,-0.04
5505,27.52,27.52,27.636038,0.00235,0,0,-0.4,-11,-3.1,1.02,0.19,-0.04
5506,27.525,27.525002,27.640134,0.001444,1.9999999985032e-06,0,-0.4,-10.9,-3.2,1.03,0.2,-0.04
5507,27.53,27.53,27.646061,0.002374,0,0,-0.5,-10.9,-2.8,1.04,0.19,-0.04
5508,27.535,27.535,27.651047,0.002359,0,0,-0.4,-10.8,-2.9,1.04,0.19,-0.04
5509,27.54,27.54,27.655038,0.001352,0,0,-0.3,-10.8,-2,1.04,0.18,-0.03
5510,27.545,27.545,27.661107,0.002419,0,0,-0.2,-10.9,-2.8,1.04,0.18,-0.04
5511,27.55,27.55,27.666044,0.002357,0,0,-0.3,-10.9,-2.6,1.04,0.18,-0.04
5512,27.555,27.555,27.670008,0.001321,0,0,-0.3,-10.7,-3,1.03,0.18,-0.04
5513,27.56,27.560001,27.676069,0.002382,9.99999997475243e-07,0,-0.3,-10.6,-2.8,1.04,0.18,-0.04
5514,27.565,27.565,27.680013,0.001327,0,0,-0.2,-10.7,-2.6,1.04,0.18,-0.04
5515,27.57,27.57,27.685132,0.001445,0,0,-0.1,-10.7,-2.8,1.04,0.17,-0.04
5516,27.575,27.575,27.690669,0.001981,0,0,-0.2,-10.8,-2.8,1.04,0.18,-0.04
5517,27.58,27.580001,27.695092,0.001403,9.99999997475243e-07,0,-0.2,-10.7,-2.8,1.04,0.18,-0.04
5518,27.585,27.585,27.700099,0.001412,0,0,0,-10.7,-3.1,1.04,0.17,-0.04
5519,27.59,27.59,27.705274,0.001587,0,0,-0.1,-10.8,-2.7,1.04,0.16,-0.04
5520,27.595,27.595001,27.711361,0.002673,1.00000000102796e-06,0,0,-10.8,-2.4,1.04,0.16,-0.04
5521,27.6,27.6,27.715195,0.001508,0,0,-0.1,-10.8,-2.7,1.04,0.17,-0.04
5522,27.605,27.605,27.720198,0.001512,0,0,-0.2,-10.8,-2.6,1.04,0.17,-0.04
5523,27.61,27.610001,27.726235,0.002548,1.00000000102796e-06,0,-0.4,-10.7,-2.4,1.04,0.17,-0.04
5524,27.615,27.615001,27.73017,0.001481,9.99999997475243e-07,0,-0.4,-10.7,-3.1,1.03,0.18,-0.04
5525,27.62,27.62,27.736089,0.002403,0,0,-0.3,-10.7,-2.8,1.04,0.18,-0.04
5526,27.625,27.625,27.741065,0.002377,0,0,-0.3,-10.8,-3,1.04,0.18,-0.04
5527,27.63,27.63,27.745044,0.001357,0,0,-0.4,-10.8,-3.3,1.03,0.2,-0.04
5528,27.635,27.635,27.750299,0.001612,0,0,-0.4,-10.8,-3.5,1.03,0.21,-0.04
5529,27.64,27.64,27.756135,0.002448,0,0,-0.5,-10.8,-3,1.04,0.2,-0.04
5530,27.645,27.645001,27.760117,0.001429,1.00000000102796e-06,0,-0.3,-10.8,-2.5,1.04,0.18,-0.04
5531,27.65,27.650001,27.765235,0.001546,9.99999997475243e-07,0,-0.5,-10.9,-2.7,1.04,0.19,-0.04
5532,27.655,27.655,27.771186,0.002499,0,0,-0.5,-10.9,-2.4,1.04,0.19,-0.04
5533,27.66,27.66,27.775142,0.001454,0,0,-0.4,-10.9,-2.3,1.04,0.18,-0.03
5534,27.665,27.665001,27.78065,0.001962,1.00000000102796e-06,0,-0.4,-10.7,-3.5,1.03,0.19,-0.04
5535,27.67,27.670001,27.786598,0.002912,9.99999997475243e-07,0,-0.3,-10.7,-3.5,1.03,0.19,-0.04
5536,27.675,27.675002,27.791917,0.003234,1.9999999985032e-06,0,-0.3,-10.8,-3.1,1.03,0.19,-0.04
5537,27.68,27.680002,27.795645,0.001958,2.00000000205591e-06,0,-0.4,-10.8,-3.3,1.03,0.19,-0.04
5538,27.685,27.685003,27.801543,0.002853,2.99999999597844e-06,0,-0.3,-10.7,-2.8,1.03,0.18,-0.04
5539,27.69,27.690001,27.806452,0.002764,9.99999997475243e-07,0,-0.3,-10.7,-2.8,1.04,0.18,-0.04
5540,27.695,27.695,27.810772,0.002085,0,0,-0.2,-10.7,-2.5,1.04,0.18,-0.04
5541,27.7,27.700001,27.816813,0.003127,1.00000000102796e-06,0,-0.3,-10.6,-2.4,1.04,0.17,-0.04
5542,27.705,27.705004,27.820799,0.00211,3.9999999970064e-06,0,-0.2,-10.7,-2.4,1.04,0.17,-0.04
5543,27.71,27.710002,27.826021,0.002333,1.9999999985032e-06,0,-0.2,-10.7,-2.5,1.04,0.18,-0.03
5544,27.715,27.715003,27.831894,0.003206,2.99999999953116e-06,0,-0.2,-10.8,-3,1.04,0.18,-0.04
5545,27.72,27.720001,27.835687,0.002,1.00000000102796e-06,0,-0.1,-10.7,-2.5,1.04,0.17,-0.04
5546,27.725,27.725002,27.841063,0.002375,1.9999999985032e-06,0,-0.2,-10.7,-2.7,1.05,0.18,-0.04
5547,27.73,27.730002,27.847048,0.003361,1.9999999985032e-06,0,-0.3,-10.8,-2.8,1.04,0.18,-0.04
5548,27.735,27.735001,27.850661,0.001974,1.00000000102796e-06,0,-0.4,-10.7,-3.1,1.04,0.19,-0.05
5549,27.74,27.740003,27.856032,0.002344,2.99999999953116e-06,0,-0.4,-10.9,-2.9,1.04,0.19,-0.04
5550,27.745,27.745001,27.861722,0.003036,9.99999997475243e-07,0,-0.2,-10.8,-3.1,1.04,0.18,-0.04
5551,27.75,27.750001,27.865656,0.001968,1.00000000102796e-06,0,-0.4,-10.8,-3.2,1.04,0.19,-0.04
5552,27.755,27.755,27.871775,0.003089,0,0,-0.3,-10.8,-2.8,1.04,0.18,-0.04
5553,27.76,27.760001,27.877254,0.003567,9.99999997475243e-07,0,-0.3,-10.8,-2.7,1.04,0.18,-0.04
5554,27.765,27.765001,27.881043,0.002356,1.00000000102796e-06,0,-0.4,-10.8,-2.4,1.04,0.18,-0.04
5555,27.77,27.770002,27.885605,0.001917,2.00000000205591e-06,0,-0.3,-10.8,-3,1.04,0.18,-0.04
5556,27.775,27.775002,27.891771,0.003084,1.9999999985032e-06,0,-0.3,-10.9,-3.3,1.03,0.18,-0.04
5557,27.78,27.780001,27.895569,0.001882,9.99999997475243e-07,0,-0.3,-10.9,-3.2,1.03,0.19,-0.03
5558,27.785,27.785,27.901156,0.002468,0,0,-0.2,-10.8,-2.7,1.03,0.18,-0.04
5559,27.79,27.79,27.905029,0.001343,0,0,-0.4,-10.9,-2.6,1.04,0.19,-0.04
5560,27.795,27.795,27.910163,0.001476,0,0,-0.3,-10.9,-2.6,1.04,0.18,-0.04
5561,27.8,27.800001,27.915416,0.001728,1.00000000102796e-06,0,-0.3,-10.8,-2.2,1.05,0.17,-0.04
5562,27.805,27.805,27.921152,0.002465,0,0,-0.3,-10.8,-2.6,1.04,0.18,-0.04
5563,27.81,27.810001,27.925212,0.001523,9.99999997475243e-07,0,-0.4,-10.8,-3.1,1.03,0.18,-0.04
5564,27.815,27.815,27.930202,0.001514,0,0,-0.5,-10.8,-2.9,1.04,0.19,-0.05
5565,27.82,27.82,27.936159,0.002472,0,0,-0.3,-10.8,-3.7,1.03,0.19,-0.05
5566,27.825,27.825,27.941128,0.002441,0,0,-0.2,-10.7,-3.8,1.03,0.19,-0.04
5567,27.83,27.830001,27.945111,0.001422,9.99999997475243e-07,0,-0.2,-10.7,-3.6,1.03,0.18,-0.04
5568,27.835,27.835,27.95111,0.002422,0,0,-0.2,-10.7,-3.5,1.03,0.19,-0.04
5569,27.84,27.84,27.95613,0.002442,0,0,-0.3,-10.7,-3.6,1.03,0.19,-0.04
5570,27.845,27.845,27.960087,0.001399,0,0,-0.2,-10.8,-3.3,1.04,0.19,-0.04
5571,27.85,27.85,27.966059,0.002371,0,0,-0.2,-10.8,-3.3,1.03,0.19,-0.04
5572,27.855,27.855,27.970033,0.001346,0,0,-0.2,-10.7,-2.3,1.04,0.18,-0.04
5573,27.86,27.86,27.975026,0.001338,0,0,-0.2,-10.7,-1.8,1.05,0.16,-0.03
5574,27.865,27.865001,27.981048,0.002359,9.99999997475243e-07,0,-0.2,-10.8,-2.2,1.05,0.16,-0.04
5575,27.87,27.87,27.985101,0.001413,0,0,-0.2,-10.8,-2.7,1.04,0.17,-0.04
5576,27.875,27.875001,27.990485,0.001798,1.00000000102796e-06,0,-0.3,-10.7,-3.1,1.04,0.19,-0.04
5577,27.88,27.88,27.995428,0.00174,0,0,-0.2,-10.7,-2.6,1.04,0.18,-0.04
5578,27.885,27.885,28.001116,0.00243,0,0,-0.1,-10.6,-3.3,1.03,0.18,-0.04
5579,27.89,27.89,28.005094,0.001406,0,0,-0.2,-10.6,-3.2,1.04,0.19,-0.04
5580,27.895,27.895,28.010453,0.001765,0,0,-0.1,-10.7,-3.4,1.03,0.19,-0.04
5581,27.9,27.900001,28.016086,0.002397,9.99999997475243e-07,0,-0.1,-10.7,-2.8,1.03,0.18,-0.04
5582,27.905,27.905,28.020047,0.00136,0,0,-0.3,-10.8,-3.4,1.04,0.19,-0.04
5583,27.91,27.91,28.026184,0.002496,0,0,-0.3,-10.8,-2.6,1.04,0.18,-0.04
5584,27.915,27.915,28.031072,0.002384,0,0,-0.3,-10.8,-2.7,1.04,0.18,-0.04
5585,27.92,27.92,28.035042,0.001354,0,0,-0.2,-10.8,-3.1,1.04,0.18,-0.04
5586,27.925,27.925,28.04107,0.002384,0,0,-0.4,-10.8,-2.4,1.05,0.18,-0.04
5587,27.93,27.93,28.046056,0.00237,0,0,-0.3,-10.8,-2.3,1.05,0.18,-0.04
5588,27.935,27.935001,28.050025,0.001337,9.99999997475243e-07,0,-0.3,-10.9,-2.7,1.04,0.18,-0.04
5589,27.94,27.94,28.055098,0.001411,0,0,-0.3,-10.8,-3.1,1.04,0.19,-0.04
5590,27.945,27.945,28.061142,0.002454,0,0,-0.3,-10.8,-2.8,1.04,0.19,-0.04
5591,27.95,27.95,28.065044,0.001358,0,0,-0.3,-10.7,-3.3,1.04,0.19,-0.04
5592,27.955,27.955001,28.070047,0.001358,9.99999997475243e-07,0,-0.3,-10.6,-3.5,1.04,0.18,-0.04
5593,27.96,27.96,28.076283,0.002596,0,0,-0.4,-10.7,-3.4,1.04,0.19,-0.04
5594,27.965,27.965,28.080085,0.001398,0,0,-0.3,-10.7,-4.3,1.03,0.19,-0.05
5595,27.97,27.97,28.085275,0.001588,0,0,-0.2,-10.7,-3.1,1.04,0.17,-0.04
5596,27.975,27.975,28.091065,0.002378,0,0,-0.2,-10.8,-2.8,1.04,0.18,-0.04
5597,27.98,27.98,28.095056,0.001369,0,0,-0.3,-10.8,-3.4,1.04,0.19,-0.04
5598,27.985,27.985,28.100185,0.001498,0,0,-0.3,-10.9,-3.2,1.04,0.19,-0.04
5599,27.99,27.990001,28.106068,0.00238,9.99999997475243e-07,0,-0.3,-10.9,-3.1,1.04,0.18,-0.04
5600,27.995,27.995,28.110102,0.001414,0,0,-0.2,-10.9,-2.8,1.04,0.18,-0.04
5601,28,28,28.115073,0.001386,0,0,-0.2,-10.8,-3.1,1.04,0.18,-0.04
5602,28.005,28.005,28.121047,0.00236,0,0,-0.2,-10.7,-2.7,1.04,0.17,-0.04
5603,28.01,28.01,28.126137,0.002449,0,0,-0.2,-10.7,-2.3,1.05,0.17,-0.03
5604,28.015,28.015,28.130229,0.001542,0,0,-0.3,-10.7,-2.6,1.04,0.18,-0.04
5605,28.02,28.02,28.136044,0.002356,0,0,-0.3,-10.8,-3.2,1.03,0.18,-0.04
5606,28.025,28.025001,28.140087,0.001398,9.99999997475243e-07,0,-0.3,-10.7,-3.7,1.03,0.19,-0.04
5607,28.03,28.03,28.145379,0.001691,0,0,-0.4,-10.8,-4.1,1.02,0.2,-0.05
5608,28.035,28.035,28.151128,0.002441,0,0,-0.4,-10.8,-3.7,1.03,0.2,-0.05
5609,28.04,28.04,28.15509,0.001402,0,0,-0.5,-10.7,-3.4,1.03,0.2,-0.04
5610,28.045,28.045,28.160323,0.001635,0,0,-0.4,-10.7,-2.8,1.03,0.19,-0.04
5611,28.05,28.05,28.166153,0.002465,0,0,-0.3,-10.7,-2.6,1.04,0.18,-0.04
5612,28.055,28.055,28.17006,0.001372,0,0,-0.2,-10.6,-2.9,1.03,0.18,-0.04
5613,28.06,28.060001,28.17538,0.001692,9.99999997475243e-07,0,-0.2,-10.7,-2.5,1.03,0.17,-0.03
5614,28.065,28.065,28.181128,0.00244,0,0,-0.2,-10.7,-2.6,1.04,0.18,-0.04
5615,28.07,28.07,28.186094,0.002406,0,0,-0.3,-10.8,-2.2,1.05,0.18,-0.04
5616,28.075,28.075,28.190085,0.001397,0,0,-0.3,-10.8,-2.3,1.05,0.18,-0.04
5617,28.08,28.080001,28.196131,0.002443,9.99999997475243e-07,0,-0.2,-10.9,-2.6,1.04,0.18,-0.04
5618,28.085,28.085,28.201054,0.002367,0,0,-0.4,-10.8,-2.9,1.04,0.19,-0.04
5619,28.09,28.09,28.205032,0.001345,0,0,-0.4,-10.8,-3,1.04,0.18,-0.04
5620,28.095,28.095,28.210211,0.001525,0,0,-0.6,-10.9,-3.8,1.04,0.2,-0.05
5621,28.1,28.1,28.21607,0.002383,0,0,-0.6,-10.9,-4,1.03,0.2,-0.05
5622,28.105,28.105,28.220026,0.001339,0,0,-0.5,-10.8,-3.9,1.03,0.2,-0.05
5623,28.11,28.11,28.225247,0.001559,0,0,-0.6,-10.8,-3.9,1.03,0.21,-0.05
5624,28.115,28.115001,28.23109,0.002402,9.99999997475243e-07,0,-0.5,-10.9,-3.7,1.03,0.2,-0.05
5625,28.12,28.12,28.236062,0.002375,0,0,-0.5,-10.8,-3.4,1.03,0.2,-0.04
5626,28.125,28.125,28.240094,0.001408,0,0,-0.5,-10.8,-3.2,1.04,0.2,-0.04
5627,28.13,28.13,28.245289,0.001601,0,0,-0.5,-10.7,-2.9,1.04,0.19,-0.04
5628,28.135,28.135,28.251113,0.002425,0,0,-0.3,-10.7,-3.2,1.03,0.18,-0.04
5629,28.14,28.14,28.255516,0.001829,0,0,-0.2,-10.7,-3.3,1.03,0.18,-0.04
5630,28.145,28.145002,28.261023,0.002336,2.00000000205591e-06,0,-0.2,-10.7,-2.7,1.04,0.17,-0.04
5631,28.15,28.150001,28.266735,0.003048,9.99999997475243e-07,0,-0.2,-10.7,-2.8,1.04,0.18,-0.04
5632,28.155,28.155001,28.270655,0.001967,9.99999997475243e-07,0,-0.2,-10.7,-2.3,1.04,0.17,-0.04
5633,28.16,28.160001,28.275556,0.001869,1.00000000102796e-06,0,-0.3,-10.7,-2.4,1.05,0.17,-0.04
5634,28.165,28.165001,28.281597,0.002911,1.00000000102796e-06,0,-0.1,-10.8,-2.1,1.04,0.16,-0.04
5635,28.17,28.170002,28.285477,0.001789,1.9999999985032e-06,0,-0.3,-10.9,-2,1.05,0.17,-0.04
5636,28.175,28.175002,28.290663,0.001974,1.9999999985032e-06,0,-0.1,-10.8,-2.4,1.05,0.17,-0.04
5637,28.18,28.18,28.296231,0.002543,0,0,-0.1,-10.7,-3,1.04,0.17,-0.04
5638,28.185,28.185001,28.300037,0.001349,9.99999997475243e-07,0,-0.2,-10.7,-2.7,1.04,0.17,-0.04
5639,28.19,28.19,28.305261,0.001573,0,0,-0.1,-10.7,-2.5,1.04,0.16,-0.04
5640,28.195,28.195,28.311313,0.002626,0,0,-0.1,-10.7,-2.3,1.04,0.16,-0.03
5641,28.2,28.2,28.316166,0.002479,0,0,-0.3,-10.8,-2.9,1.04,0.17,-0.03
5642,28.205,28.205001,28.320065,0.001378,9.99999997475243e-07,0,-0.1,-10.7,-3.2,1.04,0.17,-0.04
5643,28.21,28.21,28.325635,0.001948,0,0,0,-10.7,-3,1.04,0.17,-0.04
5644,28.215,28.215,28.331163,0.002475,0,0,0,-10.8,-2.8,1.04,0.17,-0.04
5645,28.22,28.22,28.335013,0.001326,0,0,-0.1,-10.8,-2.8,1.04,0.17,-0.04
5646,28.225,28.225,28.340095,0.001407,0,0,-0.1,-10.7,-3.4,1.04,0.18,-0.04
5647,28.23,28.23,28.34611,0.002423,0,0,-0.2,-10.7,-3.9,1.03,0.19,-0.04
5648,28.235,28.235,28.351077,0.002391,0,0,-0.2,-10.6,-3,1.04,0.17,-0.04
5649,28.24,28.240001,28.355063,0.001375,9.99999997475243e-07,0,-0.1,-10.6,-2.7,1.04,0.17,-0.04
5650,28.245,28.245,28.361187,0.002501,0,0,0,-10.6,-2.9,1.04,0.16,-0.04
5651,28.25,28.25,28.366093,0.002406,0,0,-0.1,-10.5,-3.6,1.03,0.17,-0.04
5652,28.255,28.255,28.370016,0.001329,0,0,-0.3,-10.8,-3.3,1.03,0.18,-0.04
5653,28.26,28.26,28.375265,0.001577,0,0,-0.2,-10.7,-3.4,1.04,0.18,-0.04
5654,28.265,28.265,28.381087,0.0024,0,0,-0.3,-10.7,-3.1,1.04,0.18,-0.04
5655,28.27,28.27,28.386105,0.002417,0,0,-0.5,-10.7,-3.2,1.04,0.18,-0.04
5656,28.275,28.275001,28.390188,0.001501,9.99999997475243e-07,0,-0.4,-10.8,-2.5,1.04,0.17,-0.04
5657,28.28,28.28,28.396206,0.002512,0,0,-0.2,-10.7,-3.1,1.04,0.17,-0.04
5658,28.285,28.285001,28.401217,0.002529,1.00000000102796e-06,0,-0.3,-10.8,-3.1,1.04,0.18,-0.05
5659,28.29,28.29,28.405063,0.001375,0,0,-0.4,-10.7,-4,1.03,0.19,-0.05
5660,28.295,28.295,28.411065,0.002377,0,0,-0.4,-10.8,-3.5,1.04,0.19,-0.05
5661,28.3,28.3,28.416044,0.002357,0,0,-0.3,-10.8,-3.3,1.04,0.18,-0.05
5662,28.305,28.305,28.420112,0.001426,0,0,-0.4,-10.8,-3.5,1.04,0.19,-0.04
5663,28.31,28.310001,28.425366,0.001678,9.99999997475243e-07,0,-0.4,-10.9,-3.4,1.04,0.2,-0.04
5664,28.315,28.315,28.431156,0.002468,0,0,-0.4,-10.8,-3.1,1.04,0.19,-0.04
5665,28.32,28.32,28.43507,0.001383,0,0,-0.3,-10.8,-2.7,1.04,0.18,-0.04
5666,28.325,28.325,28.440112,0.001424,0,0,-0.4,-10.8,-3.5,1.04,0.19,-0.04
5667,28.33,28.330001,28.446126,0.002438,9.99999997475243e-07,0,-0.2,-10.8,-3.4,1.04,0.18,-0.04
5668,28.335,28.335,28.450034,0.001347,0,0,-0.2,-10.8,-3.2,1.03,0.18,-0.04
5669,28.34,28.34,28.455024,0.001337,0,0,-0.3,-10.8,-3.4,1.03,0.19,-0.05
5670,28.345,28.345,28.460225,0.001538,0,0,-0.3,-10.9,-3.3,1.03,0.19,-0.04
5671,28.35,28.35,28.466061,0.002373,0,0,-0.3,-10.8,-3.6,1.03,0.19,-0.05
5672,28.355,28.355,28.470124,0.001437,0,0,-0.3,-10.8,-3.5,1.03,0.19,-0.05
5673,28.36,28.36,28.475175,0.001487,0,0,-0.3,-10.8,-4,1.03,0.2,-0.05
5674,28.365,28.365001,28.481179,0.00249,9.99999997475243e-07,0,-0.3,-10.7,-3.4,1.03,0.19,-0.05
5675,28.37,28.37,28.485061,0.001373,0,0,-0.5,-10.8,-3.5,1.03,0.2,-0.05
5676,28.375,28.375001,28.490461,0.001773,1.00000000102796e-06,0,-0.4,-10.7,-2.3,1.04,0.18,-0.04
5677,28.38,28.38,28.496101,0.002413,0,0,-0.5,-10.7,-2.7,1.04,0.18,-0.04
5678,28.385,28.385,28.501047,0.002359,0,0,-0.6,-10.7,-3.2,1.03,0.2,-0.04
5679,28.39,28.39,28.505068,0.00138,0,0,-0.4,-10.7,-2.9,1.03,0.19,-0.04
5680,28.395,28.395,28.51024,0.001553,0,0,-0.5,-10.8,-3,1.03,0.19,-0.04
5681,28.4,28.400001,28.516143,0.002454,9.99999997475243e-07,0,-0.5,-10.8,-2.9,1.03,0.19,-0.04
5682,28.405,28.405,28.520039,0.001352,0,0,-0.5,-10.7,-2.2,1.05,0.18,-0.04
5683,28.41,28.41,28.525145,0.001457,0,0,-0.4,-10.7,-2.4,1.04,0.18,-0.04
5684,28.415,28.415,28.531103,0.002415,0,0,-0.4,-10.8,-2.5,1.05,0.18,-0.04
5685,28.42,28.42,28.536098,0.00241,0,0,-0.4,-10.8,-2.8,1.04,0.18,-0.04
5686,28.425,28.425,28.540054,0.001367,0,0,-0.5,-10.9,-2.6,1.04,0.19,-0.04
5687,28.43,28.43,28.545173,0.001486,0,0,-0.3,-10.9,-2.9,1.04,0.19,-0.04
5688,28.435,28.435001,28.551055,0.002367,9.99999997475243e-07,0,-0.4,-10.9,-2.7,1.04,0.18,-0.04
5689,28.44,28.44,28.555119,0.001432,0,0,-0.4,-10.9,-2.1,1.04,0.18,-0.04
5690,28.445,28.445,28.560145,0.001457,0,0,-0.3,-10.8,-1.8,1.04,0.17,-0.03
5691,28.45,28.45,28.566064,0.002376,0,0,-0.2,-10.7,-2.1,1.04,0.17,-0.04
5692,28.455,28.455001,28.570138,0.001451,9.99999997475243e-07,0,-0.2,-10.7,-2.5,1.04,0.17,-0.04
5693,28.46,28.46,28.575068,0.00138,0,0,-0.3,-10.8,-2.4,1.04,0.18,-0.04
5694,28.465,28.465,28.581074,0.002388,0,0,-0.4,-10.8,-2.6,1.04,0.19,-0.04
5695,28.47,28.47,28.586075,0.002388,0,0,-0.4,-10.8,-2.7,1.04,0.19,-0.04
5696,28.475,28.475,28.590032,0.001345,0,0,-0.5,-10.7,-2.7,1.04,0.19,-0.04
5697,28.48,28.48,28.596035,0.002348,0,0,-0.4,-10.7,-2.6,1.04,0.19,-0.04
5698,28.485,28.485,28.600095,0.001409,0,0,-0.5,-10.8,-2.6,1.04,0.19,-0.04
5699,28.49,28.490001,28.605094,0.001406,9.99999997475243e-07,0,-0.4,-10.9,-3,1.03,0.19,-0.04
5700,28.495,28.495,28.61019,0.001503,0,0,-0.4,-10.9,-3.1,1.03,0.2,-0.04
5701,28.5,28.5,28.616024,0.002337,0,0,-0.3,-10.8,-3.3,1.03,0.19,-0.04
5702,28.505,28.505,28.620013,0.001326,0,0,-0.4,-10.8,-3.1,1.03,0.19,-0.04
5703,28.51,28.51,28.625092,0.001404,0,0,-0.5,-10.8,-3.2,1.04,0.2,-0.05
5704,28.515,28.515,28.631069,0.002383,0,0,-0.3,-10.8,-3.2,1.03,0.19,-0.04
5705,28.52,28.52,28.635015,0.001328,0,0,-0.2,-10.8,-2.7,1.04,0.18,-0.04
5706,28.525,28.525001,28.640022,0.001335,9.99999997475243e-07,0,-0.1,-10.8,-2.5,1.04,0.18,-0.04
5707,28.53,28.53,28.646041,0.002354,0,0,-0.2,-10.9,-3.1,1.04,0.19,-0.04
5708,28.535,28.535,28.650011,0.001324,0,0,-0.3,-10.9,-2.9,1.03,0.19,-0.04
5709,28.54,28.54,28.655014,0.001327,0,0,-0.5,-10.9,-3,1.03,0.2,-0.04
5710,28.545,28.545,28.661376,0.002691,0,0,-0.4,-10.9,-2.7,1.03,0.18,-0.04
5711,28.55,28.550002,28.666506,0.002818,1.9999999985032e-06,0,-0.3,-10.8,-3,1.03,0.18,-0.04
5712,28.555,28.555,28.670112,0.001424,0,0,-0.2,-10.8,-3.1,1.03,0.19,-0.04
5713,28.56,28.560002,28.675337,0.001649,1.9999999985032e-06,0,-0.2,-10.8,-3.6,1.03,0.19,-0.04
5714,28.565,28.565001,28.681431,0.002744,9.99999997475243e-07,0,-0.4,-10.8,-3.4,1.04,0.19,-0.05
5715,28.57,28.57,28.686255,0.002567,0,0,-0.3,-10.7,-3.1,1.03,0.18,-0.04
5716,28.575,28.575,28.690199,0.001511,0,0,-0.2,-10.7,-3.4,1.03,0.19,-0.04
5717,28.58,28.580001,28.696048,0.00236,9.99999997475243e-07,0,-0.2,-10.8,-3,1.03,0.18,-0.03
5718,28.585,28.585,28.701051,0.002364,0,0,-0.3,-10.8,-3.1,1.03,0.19,-0.04
5719,28.59,28.59,28.705176,0.001489,0,0,-0.1,-10.8,-2.4,1.04,0.17,-0.04
5720,28.595,28.595002,28.710321,0.001632,2.00000000205591e-06,0,-0.2,-10.9,-2,1.04,0.17,-0.04
5721,28.6,28.6,28.716059,0.002372,0,0,-0.3,-10.8,-2.3,1.04,0.17,-0.04
5722,28.605,28.605,28.720248,0.00156,0,0,-0.2,-10.7,-2.2,1.04,0.17,-0.04
5723,28.61,28.61,28.72539,0.001702,0,0,-0.3,-10.8,-2.3,1.04,0.17,-0.04
5724,28.615,28.615001,28.731453,0.002765,9.99999997475243e-07,0,-0.4,-10.7,-3.6,1.03,0.2,-0.05
5725,28.62,28.62,28.73512,0.001432,0,0,-0.3,-10.7,-3.6,1.03,0.19,-0.05
5726,28.625,28.625,28.740178,0.001491,0,0,-0.3,-10.7,-3.4,1.03,0.19,-0.04
5727,28.63,28.630001,28.745461,0.001772,1.00000000102796e-06,0,-0.2,-10.7,-2.8,1.04,0.18,-0.04
5728,28.635,28.635001,28.751549,0.002862,9.99999997475243e-07,0,-0.3,-10.7,-3.2,1.03,0.18,-0.04
5729,28.64,28.640001,28.755666,0.001978,1.00000000102796e-06,0,-0.3,-10.8,-2.9,1.03,0.18,-0.04
5730,28.645,28.645003,28.761352,0.002662,2.99999999953116e-06,0,-0.2,-10.7,-2.8,1.03,0.18,-0.04
5731,28.65,28.650001,28.766092,0.002403,9.99999997475243e-07,0,-0.2,-10.7,-2.3,1.04,0.18,-0.04
5732,28.655,28.655,28.770075,0.001389,0,0,-0.4,-10.8,-2.3,1.04,0.18,-0.04
5733,28.66,28.66,28.776146,0.002459,0,0,-0.3,-10.8,-2.9,1.04,0.18,-0.04
5734,28.665,28.665,28.781089,0.002402,0,0,-0.4,-10.7,-3.6,1.03,0.19,-0.04
5735,28.67,28.67,28.785107,0.001419,0,0,-0.3,-10.7,-3.3,1.03,0.19,-0.04
5736,28.675,28.675001,28.790304,0.001615,1.00000000102796e-06,0,-0.4,-10.7,-2.8,1.04,0.19,-0.04
5737,28.68,28.68,28.796108,0.00242,0,0,-0.4,-10.8,-3,1.04,0.19,-0.04
5738,28.685,28.685001,28.800035,0.001347,9.99999997475243e-07,0,-0.2,-10.8,-2.2,1.04,0.18,-0.03
5739,28.69,28.69,28.805174,0.001488,0,0,-0.3,-10.7,-1.9,1.05,0.17,-0.04
5740,28.695,28.695,28.81106,0.002373,0,0,-0.2,-10.6,-1.9,1.04,0.17,-0.04
5741,28.7,28.7,28.815034,0.001347,0,0,-0.3,-10.7,-2.4,1.04,0.17,-0.04
5742,28.705,28.705003,28.820543,0.001855,2.99999999953116e-06,0,-0.4,-10.7,-2.8,1.04,0.18,-0.05
5743,28.71,28.710001,28.825772,0.002085,9.99999997475243e-07,0,-0.4,-10.7,-2.5,1.04,0.18,-0.04
5744,28.715,28.715001,28.831687,0.003001,1.00000000102796e-06,0,-0.4,-10.6,-2.5,1.04,0.17,-0.04
5745,28.72,28.720001,28.835285,0.001596,1.00000000102796e-06,0,-0.3,-10.7,-2.7,1.04,0.19,-0.04
5746,28.725,28.725,28.8411,0.002413,0,0,-0.4,-10.8,-3.7,1.03,0.2,-0.05
5747,28.73,28.73,28.846332,0.002644,0,0,-0.4,-10.9,-3.1,1.03,0.2,-0.04
5748,28.735,28.735,28.850193,0.001506,0,0,-0.3,-10.9,-2.9,1.03,0.19,-0.03
5749,28.74,28.740001,28.855308,0.00162,9.99999997475243e-07,0,-0.3,-10.9,-2.4,1.03,0.18,-0.03
5750,28.745,28.745,28.861218,0.00253,0,0,-0.3,-10.8,-2.2,1.04,0.18,-0.03
5751,28.75,28.75,28.866409,0.002722,0,0,-0.1,-10.9,-2.4,1.04,0.18,-0.04
5752,28.755,28.755,28.870067,0.00138,0,0,-0.2,-10.8,-2.4,1.04,0.18,-0.03
5753,28.76,28.76,28.876172,0.002485,0,0,-0.2,-10.7,-2.7,1.04,0.18,-0.04
5754,28.765,28.765,28.881182,0.002495,0,0,-0.2,-10.7,-3.2,1.04,0.19,-0.04
5755,28.77,28.77,28.885147,0.001461,0,0,-0.3,-10.8,-3.1,1.03,0.19,-0.04
5756,28.775,28.775001,28.890165,0.001481,9.99999997475243e-07,0,-0.2,-10.7,-3,1.03,0.19,-0.04
5757,28.78,28.78,28.896188,0.0025,0,0,-0.2,-10.7,-2.7,1.03,0.19,-0.04
5758,28.785,28.785001,28.901269,0.002581,1.00000000102796e-06,0,-0.4,-10.8,-2.9,1.03,0.2,-0.04
5759,28.79,28.79,28.905148,0.001462,0,0,-0.4,-10.8,-3,1.03,0.19,-0.04
5760,28.795,28.795,28.910513,0.001825,0,0,-0.4,-10.9,-2.9,1.03,0.19,-0.04
5761,28.8,28.8,28.916358,0.002671,0,0,-0.3,-10.9,-2.9,1.04,0.19,-0.04
5762,28.805,28.805,28.921176,0.002489,0,0,-0.3,-10.8,-2.5,1.04,0.18,-0.04
5763,28.81,28.810001,28.925108,0.001419,9.99999997475243e-07,0,-0.1,-10.7,-2.1,1.04,0.17,-0.03
5764,28.815,28.815,28.931125,0.002437,0,0,0,-10.8,-1.9,1.04,0.17,-0.03
5765,28.82,28.82,28.935049,0.001363,0,0,-0.3,-10.8,-2.3,1.04,0.18,-0.03
5766,28.825,28.825002,28.940556,0.001868,2.00000000205591e-06,0,-0.4,-10.9,-2.9,1.04,0.19,-0.04
5767,28.83,28.830002,28.945708,0.002021,1.9999999985032e-06,0,-0.5,-10.9,-3.3,1.03,0.19,-0.04
5768,28.835,28.835002,28.951522,0.002834,1.9999999985032e-06,0,-0.5,-10.9,-3.7,1.03,0.2,-0.05
5769,28.84,28.840002,28.95552,0.001831,1.9999999985032e-06,0,-0.6,-10.9,-3.7,1.03,0.21,-0.05
5770,28.845,28.845001,28.960744,0.002056,1.00000000102796e-06,0,-0.5,-10.7,-3,1.04,0.2,-0.04
5771,28.85,28.850002,28.966394,0.002705,1.9999999985032e-06,0,-0.4,-10.7,-3.1,1.03,0.19,-0.04
5772,28.855,28.855,28.970064,0.001377,0,0,-0.4,-10.8,-3.4,1.03,0.19,-0.04
5773,28.86,28.86,28.975045,0.001358,0,0,-0.3,-10.7,-2.5,1.04,0.18,-0.04
5774,28.865,28.865001,28.981218,0.002529,9.99999997475243e-07,0,-0.2,-10.7,-2.5,1.04,0.18,-0.04
5775,28.87,28.870001,28.986242,0.002555,9.99999997475243e-07,0,-0.2,-10.8,-2.2,1.04,0.17,-0.03
5776,28.875,28.875001,28.990097,0.001409,1.00000000102796e-06,0,-0.3,-10.8,-2.3,1.04,0.18,-0.03
5777,28.88,28.88,28.996063,0.002376,0,0,-0.4,-10.8,-2.6,1.04,0.18,-0.04
5778,28.885,28.885,29.001083,0.002395,0,0,-0.5,-10.8,-2.9,1.03,0.18,-0.04
5779,28.89,28.89,29.005031,0.001344,0,0,-0.4,-10.8,-3.1,1.03,0.18,-0.04
5780,28.895,28.895,29.010257,0.00157,0,0,-0.3,-10.8,-2.6,1.03,0.18,-0.04
5781,28.9,28.900001,29.01616,0.002471,9.99999997475243e-07,0,-0.3,-10.7,-2,1.04,0.17,-0.03
5782,28.905,28.905,29.020116,0.001428,0,0,-0.1,-10.6,-2.3,1.04,0.16,-0.03
5783,28.91,28.91,29.025112,0.001425,0,0,0,-10.7,-1.8,1.04,0.16,-0.03
5784,28.915,28.915,29.031078,0.002391,0,0,-0.2,-10.7,-2.4,1.03,0.18,-0.03
5785,28.92,28.92,29.035018,0.001331,0,0,-0.1,-10.7,-1.9,1.04,0.17,-0.03
5786,28.925,28.925,29.040076,0.001389,0,0,-0.1,-10.7,-2,1.04,0.17,-0.03
5787,28.93,28.93,29.04604,0.002352,0,0,-0.2,-10.8,-2.3,1.04,0.18,-0.04
5788,28.935,28.935001,29.051049,0.002361,9.99999997475243e-07,0,-0.2,-10.8,-2.3,1.04,0.17,-0.04
5789,28.94,28.94,29.055276,0.00159,0,0,-0.3,-10.8,-2.8,1.03,0.19,-0.04
5790,28.945,28.945,29.060278,0.00159,0,0,-0.4,-10.8,-4,1.02,0.21,-0.05
5791,28.95,28.95,29.066101,0.002413,0,0,-0.4,-10.8,-3.6,1.02,0.2,-0.05
5792,28.955,28.955001,29.070082,0.001394,9.99999997475243e-07,0,-0.3,-10.7,-3.2,1.03,0.19,-0.04
5793,28.96,28.96,29.075191,0.001503,0,0,-0.4,-10.7,-3.3,1.03,0.19,-0.04
5794,28.965,28.965,29.081043,0.002356,0,0,-0.5,-10.7,-3.4,1.03,0.2,-0.04
5795,28.97,28.97,29.085013,0.001326,0,0,-0.4,-10.7,-3.1,1.03,0.18,-0.04
5796,28.975,28.975,29.090081,0.001395,0,0,-0.4,-10.8,-2.8,1.03,0.19,-0.04
5797,28.98,28.98,29.09604,0.002353,0,0,-0.3,-10.8,-2.5,1.04,0.18,-0.04
5798,28.985,28.985,29.101034,0.002346,0,0,-0.3,-10.8,-2.2,1.05,0.17,-0.04
5799,28.99,28.990001,29.105259,0.001571,9.99999997475243e-07,0,-0.3,-10.8,-3.4,1.04,0.19,-0.04
5800,28.995,28.995,29.111078,0.002391,0,0,-0.3,-10.8,-3.2,1.03,0.19,-0.04
5801,29,29,29.116097,0.002411,0,0,-0.3,-10.7,-2.8,1.04,0.18,-0.04
5802,29.005,29.005,29.120034,0.001347,0,0,-0.4,-10.8,-3.6,1.03,0.19,-0.05
5803,29.01,29.01,29.125208,0.00152,0,0,-0.3,-10.9,-2.4,1.04,0.17,-0.04
5804,29.015,29.015,29.131057,0.00237,0,0,-0.4,-10.9,-2.9,1.04,0.19,-0.04
5805,29.02,29.02,29.135089,0.001401,0,0,-0.4,-10.8,-2.4,1.04,0.18,-0.03
5806,29.025,29.025001,29.140319,0.001633,9.99999997475243e-07,0,-0.3,-10.7,-2.6,1.04,0.18,-0.03
5807,29.03,29.030001,29.145715,0.002028,9.99999997475243e-07,0,-0.4,-10.7,-3.6,1.03,0.19,-0.04
5808,29.035,29.035001,29.151586,0.002898,1.00000000102796e-06,0,-0.2,-10.7,-3.3,1.03,0.18,-0.04
5809,29.04,29.04,29.155552,0.001865,0,0,-0.2,-10.6,-3.5,1.03,0.19,-0.04
5810,29.045,29.045,29.160244,0.001556,0,0,-0.1,-10.6,-3.4,1.03,0.19,-0.04
5811,29.05,29.050001,29.166262,0.002574,1.00000000102796e-06,0,-0.1,-10.7,-3.1,1.03,0.18,-0.04
5812,29.055,29.055001,29.170374,0.001687,1.00000000102796e-06,0,-0.1,-10.7,-2.7,1.03,0.18,-0.03
5813,29.06,29.060002,29.175341,0.001653,1.9999999985032e-06,0,-0.2,-10.7,-2.7,1.03,0.17,-0.04
5814,29.065,29.065001,29.18025,0.001563,9.99999997475243e-07,0,-0.3,-10.7,-3.2,1.03,0.18,-0.04
5815,29.07,29.07,29.186277,0.00259,0,0,-0.5,-10.7,-3.6,1.04,0.2,-0.05
5816,29.075,29.075,29.190114,0.001426,0,0,-0.5,-10.6,-3.1,1.04,0.2,-0.04
5817,29.08,29.080001,29.195301,0.001612,9.99999997475243e-07,0,-0.4,-10.7,-2.9,1.04,0.19,-0.04
5818,29.085,29.085,29.201205,0.002517,0,0,-0.2,-10.7,-2.8,1.04,0.18,-0.04
5819,29.09,29.09,29.205352,0.001665,0,0,-0.3,-10.7,-2.9,1.04,0.19,-0.04
5820,29.095,29.095001,29.210854,0.002166,1.00000000102796e-06,0,-0.2,-10.7,-2.6,1.04,0.18,-0.04
5821,29.1,29.1,29.216366,0.002679,0,0,-0.3,-10.8,-2.6,1.04,0.18,-0.04
5822,29.105,29.105,29.220099,0.001411,0,0,-0.3,-10.9,-3,1.04,0.19,-0.04
5823,29.11,29.110001,29.225216,0.001528,1.00000000102796e-06,0,-0.4,-10.7,-3.5,1.03,0.19,-0.04
5824,29.115,29.115001,29.231098,0.002409,9.99999997475243e-07,0,-0.2,-10.7,-2.8,1.04,0.18,-0.04
5825,29.12,29.12,29.236193,0.002505,0,0,-0.2,-10.6,-2.6,1.04,0.17,-0.04
5826,29.125,29.125,29.24006,0.001373,0,0,-0.2,-10.7,-2.4,1.04,0.18,-0.04
5827,29.13,29.13,29.246142,0.002456,0,0,-0.3,-10.7,-2.2,1.04,0.18,-0.04
5828,29.135,29.135,29.251039,0.002352,0,0,-0.4,-10.7,-2.2,1.04,0.18,-0.04
5829,29.14,29.14,29.255182,0.001494,0,0,-0.3,-10.7,-2.7,1.03,0.18,-0.04
5830,29.145,29.145,29.260252,0.001564,0,0,-0.3,-10.8,-2.7,1.04,0.18,-0.04
5831,29.15,29.150001,29.266053,0.002365,9.99999997475243e-07,0,-0.5,-10.8,-3.5,1.03,0.2,-0.04
5832,29.155,29.155,29.270025,0.001338,0,0,-0.5,-10.7,-3.7,1.03,0.2,-0.04
5833,29.16,29.16,29.275104,0.001417,0,0,-0.4,-10.7,-3.3,1.03,0.2,-0.04
5834,29.165,29.165,29.281074,0.002386,0,0,-0.4,-10.8,-2.8,1.04,0.19,-0.04
5835,29.17,29.17,29.285161,0.001475,0,0,-0.4,-10.8,-2.2,1.04,0.19,-0.04
5836,29.175,29.175,29.290213,0.001526,0,0,-0.3,-10.8,-2.4,1.04,0.18,-0.04
5837,29.18,29.18,29.296067,0.00238,0,0,-0.5,-10.8,-3.7,1.03,0.2,-0.05
5838,29.185,29.185001,29.301105,0.002417,9.99999997475243e-07,0,-0.5,-10.8,-3.3,1.04,0.19,-0.05
5839,29.19,29.19,29.30511,0.001423,0,0,-0.3,-10.8,-2.8,1.03,0.18,-0.04
5840,29.195,29.195,29.310186,0.001498,0,0,-0.3,-10.8,-2.5,1.04,0.18,-0.04
5841,29.2,29.2,29.316031,0.002345,0,0,-0.2,-10.8,-3,1.03,0.18,-0.04
5842,29.205,29.205001,29.32009,0.001402,9.99999997475243e-07,0,-0.3,-10.8,-2.3,1.04,0.17,-0.04
5843,29.21,29.21,29.325188,0.0015,0,0,-0.3,-10.8,-2.9,1.04,0.18,-0.04
5844,29.215,29.215,29.331121,0.002434,0,0,-0.3,-10.8,-2.9,1.04,0.18,-0.04
5845,29.22,29.22,29.335029,0.001343,0,0,-0.3,-10.7,-2.7,1.04,0.18,-0.04
5846,29.225,29.225001,29.34047,0.001782,9.99999997475243e-07,0,-0.2,-10.7,-2.6,1.04,0.17,-0.04
5847,29.23,29.23,29.346074,0.002387,0,0,-0.3,-10.7,-3.2,1.04,0.18,-0.04
5848,29.235,29.235,29.350014,0.001327,0,0,-0.3,-10.8,-2.9,1.04,0.18,-0.04
5849,29.24,29.240001,29.355037,0.001349,9.99999997475243e-07,0,-0.3,-10.8,-3,1.04,0.18,-0.04
5850,29.245,29.245,29.361036,0.002348,0,0,-0.3,-10.8,-3.4,1.04,0.18,-0.04
5851,29.25,29.25,29.365016,0.001328,0,0,-0.4,-10.7,-4.1,1.04,0.19,-0.05
5852,29.255,29.255,29.37001,0.001323,0,0,-0.4,-10.8,-4.1,1.03,0.2,-0.05
5853,29.26,29.26,29.376103,0.002415,0,0,-0.4,-10.9,-3.8,1.03,0.2,-0.05
5854,29.265,29.265,29.381021,0.002334,0,0,-0.2,-10.8,-3.4,1.04,0.18,-0.05
5855,29.27,29.27,29.385282,0.001596,0,0,-0.3,-10.7,-2.8,1.04,0.18,-0.04
5856,29.275,29.275001,29.390137,0.001448,9.99999997475243e-07,0,-0.2,-10.7,-2.9,1.04,0.18,-0.04
5857,29.28,29.28,29.396148,0.002461,0,0,-0.3,-10.8,-2.5,1.04,0.18,-0.04
5858,29.285,29.285,29.400029,0.001342,0,0,-0.1,-10.7,-2.7,1.04,0.17,-0.04
5859,29.29,29.29,29.405375,0.001689,0,0,-0.2,-10.7,-2.7,1.04,0.17,-0.04
5860,29.295,29.295001,29.411156,0.002468,9.99999997475243e-07,0,-0.3,-10.7,-2.4,1.04,0.17,-0.04
5861,29.3,29.3,29.41602,0.002333,0,0,-0.4,-10.8,-2.3,1.04,0.17,-0.04
5862,29.305,29.305,29.42007,0.001383,0,0,-0.4,-10.8,-2.4,1.04,0.18,-0.04
5863,29.31,29.310001,29.425258,0.001569,9.99999997475243e-07,0,-0.2,-10.7,-2.9,1.03,0.18,-0.04
5864,29.315,29.315,29.431076,0.002389,0,0,-0.2,-10.6,-2.4,1.04,0.17,-0.04
5865,29.32,29.32,29.4351,0.001412,0,0,-0.3,-10.8,-2,1.04,0.17,-0.04
5866,29.325,29.325,29.440156,0.001469,0,0,-0.3,-10.8,-2.6,1.04,0.18,-0.04
5867,29.33,29.330001,29.44609,0.002402,9.99999997475243e-07,0,-0.4,-10.9,-3,1.04,0.2,-0.04
5868,29.335,29.335,29.4511,0.002413,0,0,-0.3,-10.9,-3,1.04,0.19,-0.04
5869,29.34,29.34,29.455054,0.001366,0,0,-0.2,-10.7,-2.9,1.03,0.19,-0.03
5870,29.345,29.345,29.461109,0.002422,0,0,-0.2,-10.8,-3,1.03,0.19,-0.04
5871,29.35,29.35,29.466036,0.002349,0,0,-0.2,-10.8,-2.9,1.03,0.19,-0.03
5872,29.355,29.355,29.470024,0.001337,0,0,-0.3,-10.8,-3.1,1.03,0.2,-0.03
5873,29.36,29.36,29.476051,0.002363,0,0,-0.4,-10.8,-2.7,1.03,0.19,-0.03
5874,29.365,29.365001,29.481075,0.002386,9.99999997475243e-07,0,-0.2,-10.8,-3,1.03,0.19,-0.04
5875,29.37,29.37,29.485071,0.001384,0,0,-0.3,-10.8,-2.9,1.03,0.18,-0.04
5876,29.375,29.375,29.490066,0.001378,0,0,-0.3,-10.8,-2.7,1.03,0.18,-0.04
5877,29.38,29.38,29.496159,0.002472,0,0,-0.3,-10.7,-2.8,1.03,0.18,-0.04
5878,29.385,29.385,29.50107,0.002383,0,0,-0.2,-10.8,-3.3,1.02,0.18,-0.04
5879,29.39,29.39,29.505121,0.001435,0,0,-0.2,-10.8,-3.5,1.03,0.19,-0.05
5880,29.395,29.395,29.511053,0.002366,0,0,-0.2,-10.7,-2.5,1.03,0.18,-0.04
5881,29.4,29.400001,29.516086,0.002398,9.99999997475243e-07,0,-0.3,-10.8,-2,1.04,0.18,-0.04
5882,29.405,29.405,29.520068,0.001381,0,0,-0.2,-10.7,-2.6,1.04,0.18,-0.04
5883,29.41,29.41,29.525529,0.001842,0,0,-0.4,-10.8,-2.6,1.04,0.18,-0.03
5884,29.415,29.415,29.531057,0.002371,0,0,-0.4,-10.9,-3,1.03,0.19,-0.03
5885,29.42,29.42,29.536099,0.002413,0,0,-0.3,-10.8,-3.1,1.03,0.18,-0.04
5886,29.425,29.425,29.540076,0.001389,0,0,-0.3,-10.9,-3.5,1.04,0.19,-0.04
5887,29.43,29.43,29.546119,0.002432,0,0,-0.4,-10.8,-3.4,1.04,0.19,-0.04
5888,29.435,29.435001,29.550066,0.001378,9.99999997475243e-07,0,-0.2,-10.9,-2.6,1.04,0.18,-0.04
5889,29.44,29.44,29.55517,0.001483,0,0,-0.3,-10.8,-2.2,1.04,0.17,-0.04
5890,29.445,29.445,29.560242,0.001556,0,0,-0.2,-10.8,-2.6,1.04,0.18,-0.04
5891,29.45,29.45,29.566102,0.002415,0,0,-0.1,-10.8,-2.5,1.04,0.18,-0.04
5892,29.455,29.455001,29.57003,0.001342,9.99999997475243e-07,0,0,-10.8,-2.7,1.04,0.17,-0.04
5893,29.46,29.46,29.575158,0.001471,0,0,0,-10.8,-2.3,1.04,0.16,-0.04
5894,29.465,29.465,29.581097,0.00241,0,0,-0.3,-10.7,-2.5,1.04,0.17,-0.04
5895,29.47,29.47,29.585097,0.001411,0,0,-0.2,-10.7,-2.5,1.04,0.17,-0.04
5896,29.475,29.475,29.590134,0.001447,0,0,-0.3,-10.8,-2.5,1.04,0.17,-0.04
5897,29.48,29.48,29.596066,0.00238,0,0,-0.3,-10.9,-3,1.04,0.19,-0.05
5898,29.485,29.485,29.601127,0.00244,0,0,-0.3,-10.8,-3.3,1.04,0.19,-0.04
5899,29.49,29.490001,29.605093,0.001406,9.99999997475243e-07,0,-0.3,-10.7,-3,1.04,0.18,-0.05
5900,29.495,29.495,29.611266,0.002579,0,0,-0.1,-10.6,-3.1,1.04,0.17,-0.05
5901,29.5,29.5,29.615047,0.00136,0,0,-0.1,-10.8,-2.6,1.04,0.17,-0.04
5902,29.505,29.505,29.620179,0.001492,0,0,0,-10.7,-2.4,1.04,0.16,-0.04
5903,29.51,29.51,29.626373,0.002686,0,0,-0.1,-10.7,-2.4,1.04,0.16,-0.04
5904,29.515,29.515,29.630163,0.001476,0,0,0,-10.6,-2,1.04,0.15,-0.04
5905,29.52,29.52,29.635133,0.001445,0,0,-0.3,-10.7,-2.4,1.04,0.17,-0.04
5906,29.525,29.525001,29.641179,0.002491,9.99999997475243e-07,0,-0.2,-10.7,-2.8,1.04,0.17,-0.04
5907,29.53,29.53,29.645026,0.001339,0,0,-0.3,-10.7,-2.5,1.04,0.18,-0.04
5908,29.535,29.535,29.650025,0.001339,0,0,-0.2,-10.8,-3,1.03,0.18,-0.04
5909,29.54,29.54,29.656148,0.002462,0,0,-0.3,-10.8,-3.2,1.04,0.19,-0.04
5910,29.545,29.545,29.661078,0.00239,0,0,-0.3,-10.8,-2.4,1.05,0.18,-0.04
5911,29.55,29.55,29.665035,0.001348,0,0,-0.2,-10.7,-2.4,1.04,0.17,-0.04
5912,29.555,29.555,29.67105,0.002363,0,0,-0.2,-10.8,-3,1.03,0.19,-0.04
5913,29.56,29.560001,29.676131,0.002442,9.99999997475243e-07,0,-0.3,-10.8,-2.6,1.04,0.18,-0.04
5914,29.565,29.565,29.680034,0.001347,0,0,-0.2,-10.7,-2.6,1.04,0.17,-0.04
5915,29.57,29.57,29.685085,0.001398,0,0,-0.3,-10.8,-3.2,1.03,0.19,-0.04
5916,29.575,29.575,29.690366,0.001678,0,0,-0.4,-10.8,-3.1,1.03,0.19,-0.04
5917,29.58,29.580001,29.696163,0.002475,9.99999997475243e-07,0,-0.4,-10.9,-3,1.03,0.19,-0.04
5918,29.585,29.585,29.70004,0.001354,0,0,-0.3,-10.9,-2.5,1.04,0.18,-0.04
5919,29.59,29.59,29.706128,0.00244,0,0,-0.4,-10.8,-3,1.03,0.19,-0.05
5920,29.595,29.595,29.711038,0.002351,0,0,-0.2,-10.7,-2.9,1.03,0.18,-0.04
5921,29.6,29.6,29.71501,0.001324,0,0,-0.2,-10.8,-2.9,1.03,0.18,-0.04
5922,29.605,29.605,29.720046,0.001359,0,0,-0.4,-10.8,-2.9,1.04,0.18,-0.04
5923,29.61,29.61,29.726221,0.002534,0,0,-0.2,-10.8,-3.1,1.03,0.17,-0.05
5924,29.615,29.615001,29.730051,0.001364,9.99999997475243e-07,0,-0.2,-10.8,-2.8,1.04,0.17,-0.05
5925,29.62,29.62,29.735136,0.001448,0,0,-0.2,-10.8,-2.3,1.04,0.17,-0.04
5926,29.625,29.625,29.741196,0.002508,0,0,-0.3,-10.7,-2.2,1.04,0.17,-0.04
5927,29.63,29.63,29.745051,0.001366,0,0,-0.2,-10.7,-2.4,1.04,0.17,-0.04
5928,29.635,29.635,29.750044,0.001356,0,0,-0.3,-10.7,-2.8,1.03,0.18,-0.04
5929,29.64,29.64,29.756095,0.002409,0,0,-0.2,-10.8,-2.4,1.04,0.17,-0.04
5930,29.645,29.645,29.761074,0.002386,0,0,-0.2,-10.8,-2.6,1.04,0.17,-0.04
5931,29.65,29.650001,29.765033,0.001345,9.99999997475243e-07,0,-0.3,-10.8,-2.9,1.03,0.18,-0.04
5932,29.655,29.655,29.770136,0.001449,0,0,-0.3,-10.8,-2.7,1.04,0.18,-0.04
5933,29.66,29.66,29.776203,0.002515,0,0,-0.2,-10.8,-2.9,1.04,0.18,-0.04
5934,29.665,29.665,29.780022,0.001336,0,0,-0.2,-10.8,-3.1,1.04,0.17,-0.04
5935,29.67,29.67,29.785169,0.001481,0,0,-0.2,-10.8,-3.3,1.03,0.18,-0.04
5936,29.675,29.675,29.79121,0.002523,0,0,-0.3,-10.8,-2.7,1.03,0.18,-0.03
5937,29.68,29.68,29.796042,0.002355,0,0,-0.3,-10.9,-2.5,1.04,0.19,-0.03
5938,29.685,29.685001,29.800012,0.001324,9.99999997475243e-07,0,-0.3,-10.9,-2.5,1.04,0.19,-0.04
5939,29.69,29.69,29.805409,0.001722,0,0,-0.2,-10.8,-2.5,1.04,0.17,-0.04
5940,29.695,29.695,29.81108,0.002393,0,0,-0.1,-10.8,-1.9,1.04,0.16,-0.04
5941,29.7,29.7,29.815077,0.00139,0,0,-0.3,-10.7,-2.8,1.03,0.18,-0.04
5942,29.705,29.705001,29.820284,0.001596,9.99999997475243e-07,0,-0.3,-10.8,-2.9,1.04,0.18,-0.04
5943,29.71,29.710001,29.826385,0.002697,9.99999997475243e-07,0,-0.4,-10.8,-2.8,1.05,0.19,-0.04
5944,29.715,29.715001,29.8304,0.001712,1.00000000102796e-06,0,-0.3,-10.7,-1.9,1.05,0.17,-0.03
5945,29.72,29.720001,29.83566,0.001973,1.00000000102796e-06,0,-0.3,-10.8,-2.6,1.04,0.18,-0.04
5946,29.725,29.725001,29.841761,0.003074,9.99999997475243e-07,0,-0.3,-10.9,-2.8,1.04,0.18,-0.04
5947,29.73,29.730001,29.845477,0.00179,1.00000000102796e-06,0,-0.2,-10.8,-2.2,1.04,0.17,-0.03
5948,29.735,29.735001,29.850383,0.001694,1.00000000102796e-06,0,-0.2,-10.7,-2.1,1.04,0.17,-0.04
5949,29.74,29.740001,29.856212,0.002524,9.99999997475243e-07,0,-0.3,-10.8,-1.8,1.04,0.17,-0.04
5950,29.745,29.745,29.861142,0.002455,0,0,-0.2,-10.7,-2,1.05,0.17,-0.04
5951,29.75,29.75,29.865145,0.001458,0,0,-0.2,-10.7,-2.9,1.04,0.18,-0.04
5952,29.755,29.755,29.871093,0.002406,0,0,-0.2,-10.8,-2.7,1.04,0.18,-0.04
5953,29.76,29.76,29.875018,0.001331,0,0,-0.4,-10.9,-3.3,1.04,0.2,-0.04
5954,29.765,29.765,29.880036,0.001349,0,0,-0.4,-10.8,-3.5,1.03,0.19,-0.04
5955,29.77,29.77,29.885218,0.00153,0,0,-0.4,-10.7,-3,1.04,0.19,-0.04
5956,29.775,29.775001,29.891171,0.002483,9.99999997475243e-07,0,-0.6,-10.8,-2.9,1.04,0.19,-0.05
5957,29.78,29.78,29.895223,0.001536,0,0,-0.5,-10.7,-3.4,1.04,0.19,-0.05
5958,29.785,29.785001,29.900389,0.001701,1.00000000102796e-06,0,-0.5,-10.7,-3.7,1.04,0.19,-0.05
5959,29.79,29.79,29.906213,0.002526,0,0,-0.2,-10.7,-2.7,1.05,0.17,-0.04
5960,29.795,29.795,29.910052,0.001364,0,0,-0.3,-10.7,-2.3,1.05,0.17,-0.04
5961,29.8,29.8,29.915134,0.001447,0,0,-0.4,-10.7,-2.7,1.05,0.18,-0.04
5962,29.805,29.805,29.921056,0.002368,0,0,-0.4,-10.8,-2.8,1.04,0.18,-0.04
5963,29.81,29.810001,29.926133,0.002444,9.99999997475243e-07,0,-0.6,-10.8,-3.5,1.03,0.2,-0.05
5964,29.815,29.815,29.930024,0.001336,0,0,-0.6,-10.8,-3.9,1.03,0.2,-0.05
5965,29.82,29.82,29.936061,0.002374,0,0,-0.5,-10.8,-3.7,1.03,0.19,-0.05
5966,29.825,29.825001,29.941216,0.002529,1.00000000102796e-06,0,-0.4,-10.8,-3.5,1.04,0.19,-0.04
5967,29.83,29.830001,29.945026,0.001338,9.99999997475243e-07,0,-0.4,-10.8,-3,1.03,0.18,-0.04
5968,29.835,29.835,29.950049,0.001362,0,0,-0.2,-10.7,-3,1.03,0.18,-0.04
5969,29.84,29.84,29.95612,0.002433,0,0,-0.3,-10.7,-2.9,1.03,0.18,-0.04
5970,29.845,29.845,29.960058,0.001371,0,0,-0.3,-10.8,-2.6,1.03,0.18,-0.04
5971,29.85,29.85,29.965072,0.001385,0,0,-0.3,-10.8,-3.1,1.03,0.18,-0.04
5972,29.855,29.855,29.971071,0.002383,0,0,-0.4,-10.7,-3.6,1.03,0.19,-0.04
5973,29.86,29.86,29.976072,0.002385,0,0,-0.5,-10.7,-3.3,1.03,0.19,-0.05
5974,29.865,29.865002,29.980043,0.001354,1.9999999985032e-06,0,-0.5,-10.7,-3.8,1.03,0.2,-0.05
5975,29.87,29.87,29.986142,0.002454,0,0,-0.3,-10.7,-3,1.03,0.19,-0.04
5976,29.875,29.875,29.990111,0.001424,0,0,-0.3,-10.7,-3.4,1.03,0.19,-0.04
5977,29.88,29.88,29.995087,0.0014,0,0,-0.4,-10.8,-3.2,1.04,0.19,-0.04
5978,29.885,29.885,30.001069,0.002382,0,0,-0.4,-10.8,-2.9,1.04,0.19,-0.04
5979,29.89,29.89,30.006028,0.002342,0,0,-0.3,-10.6,-3.3,1.03,0.19,-0.04
5980,29.895,29.895,30.010156,0.00147,0,0,-0.1,-10.6,-3.4,1.03,0.18,-0.04
5981,29.9,29.900001,30.016095,0.002407,9.99999997475243e-07,0,-0.4,-10.8,-3.1,1.03,0.19,-0.04
5982,29.905,29.905,30.021363,0.002675,0,0,-0.3,-10.7,-3,1.04,0.18,-0.04
5983,29.91,29.91,30.025153,0.001466,0,0,-0.3,-10.7,-3,1.03,0.19,-0.04
5984,29.915,29.915,30.031071,0.002383,0,0,-0.4,-10.7,-3,1.03,0.19,-0.04
5985,29.92,29.92,30.036048,0.002361,0,0,-0.5,-10.8,-3.5,1.03,0.2,-0.04
5986,29.925,29.925,30.041105,0.002417,0,0,-0.4,-10.8,-3.4,1.03,0.19,-0.04
5987,29.93,29.93,30.045024,0.001337,0,0,-0.5,-10.9,-2.9,1.04,0.19,-0.03
5988,29.935,29.935001,30.051089,0.002401,9.99999997475243e-07,0,-0.4,-10.8,-2.7,1.04,0.18,-0.04
5989,29.94,29.94,30.05514,0.001454,0,0,-0.3,-10.9,-3.1,1.04,0.18,-0.04
5990,29.945,29.945,30.060106,0.001419,0,0,-0.3,-10.7,-3.1,1.03,0.19,-0.04
5991,29.95,29.95,30.06608,0.002393,0,0,-0.4,-10.7,-3.5,1.03,0.2,-0.04
5992,29.955,29.955001,30.071157,0.002469,9.99999997475243e-07,0,-0.3,-10.6,-3.3,1.03,0.19,-0.05
5993,29.96,29.96,30.075042,0.001354,0,0,-0.5,-10.8,-3.3,1.04,0.21,-0.04
5994,29.965,29.965,30.080112,0.001425,0,0,-0.5,-10.7,-3.2,1.04,0.21,-0.04
5995,29.97,29.97,30.0861,0.002414,0,0,-0.4,-10.7,-3.2,1.03,0.19,-0.04
5996,29.975,29.975,30.091121,0.002434,0,0,-0.3,-10.8,-3.5,1.03,0.19,-0.04
5997,29.98,29.98,30.095069,0.001382,0,0,-0.3,-10.8,-3.2,1.03,0.18,-0.04
5998,29.985,29.985,30.100365,0.001678,0,0,-0.3,-10.9,-3.5,1.03,0.19,-0.04
5999,29.99,29.990001,30.106146,0.002458,9.99999997475243e-07,0,-0.3,-10.9,-2.9,1.04,0.19,-0.04
6000,29.995,29.995,30.11005,0.001363,0,0,-0.5,-10.9,-4,1.02,0.2,-0.05
6001,30,30,30.115134,0.001447,0,0,-0.3,-10.8,-3.5,1.03,0.19,-0.04
6002,30.005,30.005,30.121303,0.002616,0,0,-0.3,-10.8,-3.5,1.03,0.18,-0.04
6003,30.01,30.01,30.126249,0.002561,0,0,-0.5,-10.8,-3.2,1.04,0.19,-0.04
6004,30.015,30.015,30.130081,0.001394,0,0,-0.5,-10.9,-2.9,1.04,0.18,-0.05
6005,30.02,30.02,30.135268,0.001582,0,0,-0.4,-10.9,-2.3,1.05,0.18,-0.04
6006,30.025,30.025001,30.141248,0.002559,9.99999997475243e-07,0,-0.4,-10.8,-2.1,1.05,0.18,-0.04
6007,30.03,30.03,30.145042,0.001355,0,0,-0.4,-10.8,-2.4,1.05,0.18,-0.04
6008,30.035,30.035,30.150168,0.001481,0,0,-0.4,-10.8,-2.9,1.04,0.19,-0.04
6009,30.04,30.04,30.156267,0.002579,0,0,-0.4,-10.8,-3,1.03,0.19,-0.04
6010,30.045,30.045,30.160066,0.00138,0,0,-0.4,-10.8,-3.3,1.03,0.18,-0.04
6011,30.05,30.05,30.165105,0.001418,0,0,-0.2,-10.7,-3.1,1.03,0.18,-0.04
6012,30.055,30.055,30.171205,0.002518,0,0,-0.1,-10.8,-3,1.03,0.17,-0.04
6013,30.06,30.060001,30.176119,0.00243,9.99999997475243e-07,0,-0.2,-10.8,-3.2,1.03,0.18,-0.04
6014,30.065,30.065,30.180012,0.001325,0,0,-0.1,-10.7,-2.4,1.04,0.16,-0.04
6015,30.07,30.07,30.186121,0.002434,0,0,-0.2,-10.7,-3.4,1.03,0.18,-0.04
6016,30.075,30.075,30.190088,0.001401,0,0,-0.2,-10.7,-2.9,1.03,0.17,-0.04
6017,30.08,30.080001,30.195125,0.001437,9.99999997475243e-07,0,-0.2,-10.7,-2.6,1.04,0.17,-0.03
6018,30.085,30.085,30.201123,0.002436,0,0,-0.3,-10.8,-3.1,1.03,0.18,-0.04
6019,30.09,30.09,30.20514,0.001454,0,0,-0.2,-10.7,-2.4,1.04,0.17,-0.04
6020,30.095,30.095,30.210075,0.001388,0,0,-0.2,-10.7,-2.6,1.04,0.18,-0.03
6021,30.1,30.1,30.216075,0.002388,0,0,-0.3,-10.8,-3,1.03,0.18,-0.04
6022,30.105,30.105,30.220072,0.001386,0,0,-0.4,-10.7,-3.1,1.03,0.19,-0.04
6023,30.11,30.11,30.22515,0.001462,0,0,-0.3,-10.8,-2.9,1.03,0.2,-0.04
6024,30.115,30.115001,30.231054,0.002366,9.99999997475243e-07,0,-0.4,-10.7,-2.7,1.03,0.19,-0.04
6025,30.12,30.12,30.236023,0.002336,0,0,-0.3,-10.8,-2.9,1.03,0.18,-0.04
6026,30.125,30.125001,30.240115,0.001427,1.00000000102796e-06,0,-0.3,-10.7,-2.7,1.03,0.18,-0.04
6027,30.13,30.13,30.246033,0.002345,0,0,-0.3,-10.7,-2.8,1.03,0.18,-0.04
6028,30.135,30.135,30.25122,0.002533,0,0,-0.4,-10.8,-2.6,1.03,0.18,-0.03
6029,30.14,30.14,30.255111,0.001423,0,0,-0.3,-10.9,-2.2,1.04,0.18,-0.03
6030,30.145,30.145,30.260148,0.001462,0,0,-0.2,-10.8,-2.7,1.04,0.18,-0.03
6031,30.15,30.150001,30.266116,0.002428,9.99999997475243e-07,0,-0.2,-10.8,-2.7,1.04,0.18,-0.03
6032,30.155,30.155,30.270069,0.001382,0,0,-0.3,-10.8,-1.8,1.05,0.17,-0.03
6033,30.16,30.16,30.275115,0.001428,0,0,-0.4,-10.8,-2.1,1.04,0.18,-0.03
6034,30.165,30.165,30.281091,0.002404,0,0,-0.3,-10.8,-2,1.04,0.18,-0.03
6035,30.17,30.17,30.286086,0.002399,0,0,-0.3,-10.8,-2.4,1.03,0.18,-0.04
6036,30.175,30.175002,30.290838,0.00215,1.9999999985032e-06,0,-0.3,-10.7,-2.5,1.04,0.18,-0.04
6037,30.18,30.180002,30.295662,0.001973,2.00000000205591e-06,0,-0.3,-10.8,-2.3,1.04,0.18,-0.04
6038,30.185,30.185002,30.301404,0.002714,1.9999999985032e-06,0,-0.3,-10.8,-2.3,1.04,0.18,-0.04
6039,30.19,30.19,30.305107,0.00142,0,0,-0.3,-10.7,-2.8,1.04,0.18,-0.04
6040,30.195,30.195,30.31053,0.001843,0,0,-0.3,-10.7,-2.9,1.04,0.17,-0.04
6041,30.2,30.2,30.316436,0.002749,0,0,-0.2,-10.7,-2.4,1.04,0.17,-0.04
6042,30.205,30.205001,30.320107,0.001418,9.99999997475243e-07,0,-0.2,-10.7,-3,1.03,0.18,-0.04
6043,30.21,30.21,30.325497,0.001809,0,0,-0.1,-10.7,-3.1,1.03,0.18,-0.04
6044,30.215,30.215,30.331104,0.002417,0,0,-0.2,-10.8,-2.6,1.04,0.18,-0.04
6045,30.22,30.22,30.335177,0.001491,0,0,-0.2,-10.8,-2.8,1.03,0.18,-0.04
6046,30.225,30.225002,30.340686,0.001999,1.9999999985032e-06,0,-0.1,-10.8,-2.9,1.03,0.17,-0.04
6047,30.23,30.230002,30.346377,0.002689,1.9999999985032e-06,0,-0.1,-10.7,-2.6,1.04,0.17,-0.04
6048,30.235,30.235001,30.350268,0.001581,1.00000000102796e-06,0,-0.2,-10.7,-3,1.03,0.18,-0.04
6049,30.24,30.240002,30.355605,0.001917,1.9999999985032e-06,0,-0.2,-10.7,-2.6,1.03,0.17,-0.04
6050,30.245,30.245003,30.36114,0.00245,2.99999999953116e-06,0,-0.2,-10.7,-3.1,1.02,0.18,-0.04
6051,30.25,30.25,30.365278,0.001591,0,0,-0.2,-10.6,-3.4,1.02,0.19,-0.04
6052,30.255,30.255,30.371185,0.002498,0,0,-0.3,-10.6,-2.8,1.03,0.18,-0.04
6053,30.26,30.26,30.37614,0.002453,0,0,-0.3,-10.6,-2.1,1.04,0.19,-0.03
6054,30.265,30.265,30.380073,0.001386,0,0,-0.3,-10.7,-2.4,1.04,0.18,-0.04
6055,30.27,30.27,30.385211,0.001524,0,0,-0.2,-10.6,-2.5,1.04,0.18,-0.04
6056,30.275,30.275001,30.391091,0.002403,9.99999997475243e-07,0,-0.3,-10.7,-2.8,1.03,0.18,-0.04
6057,30.28,30.280001,30.396231,0.002542,9.99999997475243e-07,0,-0.4,-10.7,-3.3,1.03,0.19,-0.05
6058,30.285,30.285,30.400085,0.001399,0,0,-0.3,-10.6,-3.4,1.03,0.19,-0.04
6059,30.29,30.29,30.40614,0.002453,0,0,-0.3,-10.7,-3.9,1.02,0.19,-0.05
6060,30.295,30.295,30.411129,0.002442,0,0,-0.2,-10.7,-3.1,1.03,0.19,-0.04
6061,30.3,30.3,30.415041,0.001354,0,0,-0.2,-10.7,-2.7,1.03,0.18,-0.04
6062,30.305,30.305,30.421115,0.002427,0,0,-0.2,-10.7,-3.3,1.03,0.19,-0.04
6063,30.31,30.310001,30.426138,0.00245,9.99999997475243e-07,0,-0.3,-10.7,-3.2,1.03,0.19,-0.04
6064,30.315,30.315,30.430096,0.001409,0,0,-0.2,-10.8,-2.6,1.03,0.18,-0.04
6065,30.32,30.32,30.435479,0.001791,0,0,0,-10.7,-2.3,1.04,0.16,-0.04
6066,30.325,30.325,30.441126,0.002439,0,0,-0.2,-10.8,-2,1.04,0.16,-0.04
6067,30.33,30.330001,30.445041,0.001353,9.99999997475243e-07,0,-0.2,-10.8,-1.6,1.05,0.17,-0.03
6068,30.335,30.335,30.450173,0.001486,0,0,-0.3,-10.8,-1.5,1.05,0.17,-0.03
6069,30.34,30.34,30.45615,0.002463,0,0,-0.4,-10.9,-2.5,1.03,0.19,-0.04
6070,30.345,30.345,30.460069,0.001382,0,0,-0.4,-10.9,-2.6,1.04,0.19,-0.04
6071,30.35,30.35,30.465093,0.001406,0,0,-0.3,-10.9,-1.8,1.05,0.17,-0.03
6072,30.355,30.355,30.471235,0.002549,0,0,-0.3,-10.7,-1.7,1.05,0.17,-0.03
6073,30.36,30.36,30.475052,0.001366,0,0,-0.3,-10.8,-2.4,1.04,0.18,-0.03
6074,30.365,30.365001,30.480069,0.001381,9.99999997475243e-07,0,-0.3,-10.7,-3.3,1.03,0.19,-0.04
6075,30.37,30.37,30.486188,0.002501,0,0,-0.3,-10.7,-2.5,1.04,0.18,-0.03
6076,30.375,30.375,30.491198,0.00251,0,0,-0.3,-10.8,-2.4,1.03,0.18,-0.03
6077,30.38,30.38,30.495033,0.001346,0,0,-0.4,-10.9,-2,1.04,0.18,-0.03
6078,30.385,30.385,30.500265,0.001578,0,0,-0.3,-10.8,-3.1,1.03,0.19,-0.04
6079,30.39,30.39,30.506193,0.002505,0,0,-0.2,-10.8,-2.8,1.04,0.18,-0.04
6080,30.395,30.395,30.510054,0.001367,0,0,-0.1,-10.7,-2.4,1.03,0.17,-0.04
6081,30.4,30.400002,30.51512,0.001431,1.9999999985032e-06,0,-0.1,-10.7,-2,1.04,0.16,-0.03
6082,30.405,30.405,30.520745,0.002059,0,0,-0.3,-10.8,-2.6,1.04,0.18,-0.04
6083,30.41,30.410002,30.52661,0.002923,1.9999999985032e-06,0,-0.4,-10.8,-2.7,1.04,0.19,-0.04
6084,30.415,30.415001,30.530449,0.001762,1.00000000102796e-06,0,-0.3,-10.8,-2.6,1.04,0.18,-0.04
6085,30.42,30.420001,30.535665,0.001977,9.99999997475243e-07,0,-0.2,-10.8,-2.9,1.03,0.18,-0.04
6086,30.425,30.425001,30.541544,0.002858,1.00000000102796e-06,0,-0.2,-10.8,-2.7,1.03,0.18,-0.04
6087,30.43,30.430001,30.545432,0.001745,1.00000000102796e-06,0,-0.2,-10.8,-2.6,1.03,0.18,-0.04
6088,30.435,30.435001,30.55026,0.001571,9.99999997475243e-07,0,-0.3,-10.8,-2.7,1.03,0.19,-0.04
6089,30.44,30.44,30.556156,0.002469,0,0,-0.4,-10.8,-2.8,1.03,0.19,-0.04
6090,30.445,30.445,30.560064,0.001377,0,0,-0.3,-10.9,-3.1,1.04,0.19,-0.04
6091,30.45,30.45,30.565196,0.001509,0,0,-0.2,-10.9,-2.8,1.04,0.18,-0.04
6092,30.455,30.455001,30.571245,0.002557,9.99999997475243e-07,0,-0.2,-10.8,-3,1.04,0.18,-0.04
6093,30.46,30.46,30.57506,0.001373,0,0,-0.2,-10.9,-2.7,1.04,0.18,-0.04
6094,30.465,30.465,30.580054,0.001366,0,0,-0.1,-10.8,-2.8,1.03,0.18,-0.03
6095,30.47,30.47,30.586102,0.002415,0,0,-0.1,-10.8,-3.3,1.02,0.19,-0.04
6096,30.475,30.475,30.591664,0.002976,0,0,-0.3,-10.8,-3.1,1.03,0.19,-0.04
6097,30.48,30.480002,30.595509,0.001822,1.9999999985032e-06,0,-0.4,-10.8,-2.8,1.04,0.19,-0.04
6098,30.485,30.485002,30.600822,0.002136,2.00000000205591e-06,0,-0.2,-10.8,-2.4,1.04,0.17,-0.03
6099,30.49,30.490003,30.60638,0.002689,2.99999999953116e-06,0,-0.3,-10.9,-2.6,1.03,0.18,-0.04
6100,30.495,30.495,30.610119,0.001431,0,0,-0.3,-10.7,-3,1.03,0.19,-0.04
6101,30.5,30.5,30.61621,0.002523,0,0,-0.2,-10.7,-2.8,1.04,0.18,-0.04
6102,30.505,30.505,30.621126,0.002439,0,0,-0.1,-10.7,-2.9,1.03,0.18,-0.04
6103,30.51,30.51,30.625102,0.001414,0,0,-0.3,-10.8,-3.1,1.03,0.19,-0.04
6104,30.515,30.515,30.630147,0.00146,0,0,-0.3,-10.7,-2.4,1.04,0.18,-0.04
6105,30.52,30.52,30.636147,0.002461,0,0,-0.3,-10.8,-2.6,1.04,0.18,-0.04
6106,30.525,30.525001,30.640368,0.00168,9.99999997475243e-07,0,-0.4,-10.9,-3,1.04,0.2,-0.04
6107,30.53,30.53,30.646069,0.002382,0,0,-0.4,-10.8,-3.2,1.04,0.2,-0.04
6108,30.535,30.535,30.650042,0.001355,0,0,-0.3,-10.7,-3.1,1.03,0.19,-0.04
6109,30.54,30.54,30.656109,0.002423,0,0,-0.2,-10.8,-2.7,1.03,0.19,-0.04
6110,30.545,30.545,30.661087,0.0024,0,0,-0.2,-10.8,-2.8,1.04,0.18,-0.04
6111,30.55,30.55,30.66505,0.001363,0,0,-0.3,-10.8,-3.1,1.04,0.18,-0.04
6112,30.555,30.555,30.67025,0.001563,0,0,-0.2,-10.9,-2.9,1.04,0.18,-0.04
6113,30.56,30.560001,30.676073,0.002385,9.99999997475243e-07,0,-0.2,-10.8,-3.3,1.03,0.18,-0.04
6114,30.565,30.565,30.680011,0.001324,0,0,-0.4,-10.8,-3.3,1.04,0.19,-0.04
6115,30.57,30.57,30.686162,0.002476,0,0,-0.2,-10.7,-3.2,1.04,0.18,-0.05
6116,30.575,30.575,30.691094,0.002406,0,0,-0.4,-10.8,-2.4,1.04,0.18,-0.04
6117,30.58,30.580001,30.695031,0.001343,9.99999997475243e-07,0,-0.5,-10.7,-2.9,1.04,0.18,-0.04
6118,30.585,30.585,30.700055,0.001368,0,0,-0.4,-10.7,-2.5,1.04,0.17,-0.04
6119,30.59,30.59,30.706058,0.002371,0,0,-0.3,-10.6,-2.5,1.04,0.17,-0.04
6120,30.595,30.595,30.711027,0.00234,0,0,-0.2,-10.7,-2.5,1.04,0.17,-0.04
6121,30.6,30.6,30.71502,0.001333,0,0,-0.3,-10.7,-2.6,1.04,0.17,-0.04
6122,30.605,30.605,30.721039,0.002352,0,0,-0.2,-10.7,-3.1,1.04,0.18,-0.04
6123,30.61,30.61,30.72606,0.002372,0,0,-0.2,-10.8,-3.1,1.04,0.18,-0.04
6124,30.615,30.615001,30.730017,0.001329,9.99999997475243e-07,0,-0.2,-10.6,-3.3,1.03,0.18,-0.04
6125,30.62,30.620001,30.736152,0.002464,9.99999997475243e-07,0,-0.1,-10.6,-3.2,1.03,0.17,-0.04
6126,30.625,30.625001,30.74114,0.002452,1.00000000102796e-06,0,-0.2,-10.7,-2.9,1.04,0.18,-0.04
6127,30.63,30.63,30.745007,0.00132,0,0,-0.2,-10.7,-3,1.04,0.18,-0.04
6128,30.635,30.635,30.751085,0.002398,0,0,-0.1,-10.8,-3.2,1.03,0.18,-0.04
6129,30.64,30.64,30.756053,0.002367,0,0,-0.2,-10.8,-3.3,1.03,0.19,-0.04
6130,30.645,30.645,30.760048,0.001361,0,0,-0.3,-10.7,-3.5,1.03,0.18,-0.04
6131,30.65,30.650001,30.765369,0.001681,9.99999997475243e-07,0,-0.3,-10.9,-3.4,1.03,0.19,-0.04
6132,30.655,30.655,30.771124,0.002437,0,0,-0.3,-10.7,-3.3,1.03,0.18,-0.04
6133,30.66,30.66,30.775023,0.001336,0,0,-0.3,-10.7,-3.4,1.04,0.19,-0.05
6134,30.665,30.665,30.780235,0.001548,0,0,-0.1,-10.8,-3.7,1.03,0.19,-0.05
6135,30.67,30.67,30.786234,0.002548,0,0,-0.2,-10.9,-2.8,1.04,0.18,-0.04
6136,30.675,30.675001,30.790142,0.001454,1.00000000102796e-06,0,-0.3,-10.9,-2.8,1.03,0.19,-0.04
6137,30.68,30.68,30.795115,0.001428,0,0,-0.3,-10.8,-2.6,1.04,0.18,-0.04
6138,30.685,30.685001,30.80111,0.002423,9.99999997475243e-07,0,-0.4,-10.8,-3.2,1.03,0.19,-0.04
6139,30.69,30.69,30.805049,0.001362,0,0,-0.3,-10.7,-3,1.03,0.19,-0.04
6140,30.695,30.695,30.810086,0.001399,0,0,-0.3,-10.7,-3.2,1.03,0.19,-0.04
6141,30.7,30.7,30.816197,0.002509,0,0,-0.3,-10.7,-3,1.04,0.18,-0.04
6142,30.705,30.705001,30.82116,0.002473,9.99999997475243e-07,0,-0.2,-10.8,-3,1.03,0.18,-0.03
6143,30.71,30.71,30.82519,0.001502,0,0,-0.2,-10.8,-2.9,1.04,0.18,-0.03
6144,30.715,30.715,30.831072,0.002386,0,0,-0.2,-10.8,-2.3,1.04,0.18,-0.03
6145,30.72,30.72,30.836088,0.002401,0,0,-0.1,-10.8,-2.7,1.04,0.17,-0.04
6146,30.725,30.725,30.840053,0.001365,0,0,-0.1,-10.7,-2.8,1.04,0.17,-0.04
6147,30.73,30.73,30.846108,0.00242,0,0,-0.2,-10.7,-3.1,1.04,0.18,-0.04
6148,30.735,30.735,30.850034,0.001347,0,0,-0.3,-10.7,-2.8,1.04,0.18,-0.03
6149,30.74,30.740001,30.855125,0.001436,9.99999997475243e-07,0,-0.3,-10.7,-3,1.03,0.18,-0.04
6150,30.745,30.745,30.861274,0.002587,0,0,-0.3,-10.8,-3.4,1.03,0.18,-0.04
6151,30.75,30.75,30.865037,0.00135,0,0,-0.3,-10.7,-2.9,1.03,0.17,-0.04
6152,30.755,30.755,30.870064,0.001377,0,0,-0.3,-10.7,-3,1.04,0.18,-0.05
6153,30.76,30.76,30.876097,0.00241,0,0,-0.2,-10.7,-3.3,1.03,0.18,-0.04
6154,30.765,30.765,30.881039,0.002352,0,0,-0.2,-10.7,-3,1.03,0.18,-0.04
6155,30.77,30.77,30.885052,0.001365,0,0,-0.3,-10.7,-2.8,1.04,0.18,-0.04
6156,30.775,30.775001,30.890261,0.001573,9.99999997475243e-07,0,-0.3,-10.7,-2.6,1.03,0.18,-0.04
6157,30.78,30.78,30.896065,0.002378,0,0,-0.1,-10.7,-2.1,1.04,0.17,-0.03
6158,30.785,30.785,30.900092,0.001406,0,0,-0.2,-10.7,-3.2,1.03,0.18,-0.04
6159,30.79,30.79,30.90503,0.001342,0,0,-0.3,-10.7,-2.8,1.04,0.18,-0.04
6160,30.795,30.795,30.91117,0.002483,0,0,-0.3,-10.6,-2.8,1.04,0.18,-0.04
6161,30.8,30.8,30.915062,0.001375,0,0,-0.4,-10.6,-2.8,1.04,0.18,-0.04
6162,30.805,30.805,30.92026,0.001573,0,0,-0.3,-10.6,-3.4,1.03,0.19,-0.04
6163,30.81,30.810002,30.925448,0.00176,1.9999999985032e-06,0,-0.3,-10.7,-3.2,1.03,0.19,-0.04
6164,30.815,30.815,30.931434,0.002747,0,0,-0.2,-10.6,-2.4,1.04,0.17,-0.03
6165,30.82,30.82,30.935244,0.001556,0,0,-0.1,-10.6,-2.3,1.04,0.16,-0.03
6166,30.825,30.825001,30.940368,0.001681,1.00000000102796e-06,0,-0.3,-10.7,-2.4,1.04,0.17,-0.03
6167,30.83,30.830002,30.946315,0.002626,1.9999999985032e-06,0,-0.3,-10.7,-2.1,1.05,0.17,-0.03
6168,30.835,30.835,30.950049,0.001362,0,0,-0.4,-10.8,-2.1,1.05,0.17,-0.03
6169,30.84,30.84,30.955424,0.001731,0,0,-0.3,-10.8,-2,1.05,0.17,-0.04
6170,30.845,30.845002,30.961762,0.003074,1.9999999985032e-06,0,-0.2,-10.8,-2.5,1.04,0.18,-0.04
6171,30.85,30.850001,30.966429,0.002741,9.99999997475243e-07,0,-0.3,-10.8,-3.1,1.03,0.19,-0.04
6172,30.855,30.855,30.970524,0.001836,0,0,-0.2,-10.8,-2.7,1.04,0.17,-0.04
6173,30.86,30.86,30.976248,0.002561,0,0,-0.1,-10.8,-2.9,1.04,0.17,-0.04
6174,30.865,30.865001,30.980068,0.00138,9.99999997475243e-07,0,-0.3,-10.8,-2.4,1.04,0.17,-0.04
6175,30.87,30.87,30.98508,0.001393,0,0,-0.3,-10.8,-2.2,1.04,0.17,-0.04
6176,30.875,30.875,30.991163,0.002475,0,0,-0.1,-10.7,-2.4,1.04,0.16,-0.04
6177,30.88,30.88,30.996092,0.002405,0,0,-0.1,-10.7,-2.3,1.04,0.15,-0.04
6178,30.885,30.885,31.00009,0.001403,0,0,-0.1,-10.7,-2.9,1.04,0.17,-0.04
6179,30.89,30.89,31.005714,0.002028,0,0,0,-10.8,-2.8,1.03,0.17,-0.04
6180,30.895,30.895,31.011125,0.002438,0,0,-0.2,-10.8,-2.5,1.04,0.17,-0.03
6181,30.9,30.900001,31.015095,0.001407,9.99999997475243e-07,0,-0.1,-10.7,-3.4,1.02,0.18,-0.04
6182,30.905,30.905001,31.020266,0.001579,9.99999997475243e-07,0,-0.3,-10.8,-3.8,1.03,0.19,-0.05
6183,30.91,30.910001,31.026305,0.002617,1.00000000102796e-06,0,-0.3,-10.7,-3.2,1.03,0.18,-0.04
6184,30.915,30.915,31.030042,0.001355,0,0,-0.2,-10.7,-2.5,1.04,0.17,-0.04
6185,30.92,30.92,31.035031,0.001343,0,0,-0.3,-10.7,-2.8,1.03,0.17,-0.04
6186,30.925,30.925001,31.040775,0.002088,1.00000000102796e-06,0,-0.4,-10.7,-3.2,1.03,0.18,-0.04
6187,30.93,30.930002,31.046422,0.002732,2.00000000205591e-06,0,-0.4,-10.8,-3,1.03,0.19,-0.04
6188,30.935,30.935001,31.050091,0.001403,9.99999997475243e-07,0,-0.4,-10.7,-3.3,1.03,0.19,-0.04
6189,30.94,30.94,31.055182,0.001495,0,0,-0.5,-10.7,-3.7,1.03,0.2,-0.04
6190,30.945,30.945,31.061155,0.002468,0,0,-0.3,-10.7,-3.6,1.03,0.19,-0.04
6191,30.95,30.95,31.065028,0.00134,0,0,-0.4,-10.7,-2.9,1.03,0.18,-0.04
6192,30.955,30.955001,31.070027,0.001339,9.99999997475243e-07,0,-0.2,-10.7,-2.8,1.04,0.18,-0.04
6193,30.96,30.96,31.076087,0.0024,0,0,-0.3,-10.7,-2.7,1.04,0.18,-0.04
6194,30.965,30.965,31.081049,0.002362,0,0,-0.4,-10.7,-2.8,1.04,0.18,-0.04
6195,30.97,30.970001,31.085038,0.001349,9.99999997475243e-07,0,-0.3,-10.8,-2.4,1.04,0.18,-0.04
6196,30.975,30.975,31.090188,0.0015,0,0,-0.3,-10.8,-2.7,1.04,0.18,-0.04
6197,30.98,30.98,31.096056,0.00237,0,0,-0.3,-10.8,-2.7,1.04,0.18,-0.04
6198,30.985,30.985,31.100077,0.00139,0,0,-0.2,-10.8,-3.1,1.04,0.18,-0.04
6199,30.99,30.990001,31.105224,0.001535,9.99999997475243e-07,0,-0.2,-10.8,-2.4,1.04,0.18,-0.03
6200,30.995,30.995,31.111084,0.002397,0,0,-0.2,-10.9,-2.8,1.04,0.18,-0.04
6201,31,31,31.116096,0.002409,0,0,-0.2,-10.8,-2.9,1.04,0.18,-0.04
6202,31.005,31.005,31.120075,0.001387,0,0,-0.4,-10.8,-3,1.04,0.19,-0.04
6203,31.01,31.01,31.126162,0.002474,0,0,-0.4,-10.8,-3.5,1.03,0.19,-0.04
6204,31.015,31.015,31.131253,0.002565,0,0,-0.3,-10.8,-2.8,1.04,0.18,-0.04
6205,31.02,31.02,31.135059,0.001372,0,0,-0.3,-10.8,-2.8,1.04,0.18,-0.04
6206,31.025,31.025001,31.141117,0.002429,9.99999997475243e-07,0,-0.4,-10.9,-2.7,1.04,0.19,-0.04
6207,31.03,31.03,31.146074,0.002386,0,0,-0.3,-10.8,-2.7,1.04,0.18,-0.04
6208,31.035,31.035,31.150021,0.001334,0,0,-0.3,-10.9,-3.2,1.04,0.19,-0.04
6209,31.04,31.04,31.155073,0.001386,0,0,-0.3,-10.8,-3.2,1.04,0.19,-0.04
6210,31.045,31.045,31.161076,0.002388,0,0,-0.5,-10.9,-2.8,1.05,0.19,-0.04
6211,31.05,31.05,31.166042,0.002355,0,0,-0.4,-10.8,-2.8,1.05,0.18,-0.04
6212,31.055,31.055,31.170166,0.001479,0,0,-0.3,-10.7,-2.7,1.04,0.18,-0.04
6213,31.06,31.060001,31.176123,0.002434,9.99999997475243e-07,0,-0.4,-10.8,-2.5,1.05,0.19,-0.04
6214,31.065,31.065,31.181042,0.002354,0,0,-0.2,-10.7,-2.9,1.04,0.18,-0.04
6215,31.07,31.07,31.185018,0.00133,0,0,-0.3,-10.7,-2.8,1.04,0.18,-0.04
6216,31.075,31.075,31.190216,0.001528,0,0,-0.3,-10.6,-3.9,1.03,0.19,-0.04
6217,31.08,31.080001,31.196108,0.00242,9.99999997475243e-07,0,-0.4,-10.6,-3.4,1.04,0.19,-0.04
6218,31.085,31.085,31.200007,0.001319,0,0,-0.5,-10.6,-4,1.03,0.2,-0.04
6219,31.09,31.09,31.205093,0.001406,0,0,-0.3,-10.6,-3.8,1.03,0.19,-0.04
6220,31.095,31.095001,31.210391,0.001702,9.99999997475243e-07,0,-0.4,-10.6,-2.8,1.04,0.17,-0.04
6221,31.1,31.1,31.216081,0.002393,0,0,-0.2,-10.7,-2.3,1.04,0.17,-0.04
6222,31.105,31.105,31.220079,0.001392,0,0,-0.3,-10.8,-2.3,1.04,0.18,-0.04
6223,31.11,31.11,31.225406,0.001719,0,0,-0.2,-10.8,-2.6,1.04,0.18,-0.04
6224,31.115,31.115001,31.231084,0.002396,9.99999997475243e-07,0,-0.1,-10.8,-3,1.03,0.18,-0.04
6225,31.12,31.120001,31.235371,0.001683,9.99999997475243e-07,0,-0.1,-10.7,-3.3,1.03,0.19,-0.04
6226,31.125,31.125,31.240201,0.001513,0,0,-0.3,-10.8,-3.3,1.04,0.19,-0.04
6227,31.13,31.13,31.246149,0.002462,0,0,-0.4,-10.8,-3.6,1.04,0.2,-0.04
6228,31.135,31.135,31.250031,0.001343,0,0,-0.3,-10.8,-2.9,1.04,0.18,-0.04
6229,31.14,31.14,31.255225,0.001538,0,0,-0.2,-10.8,-2.7,1.04,0.18,-0.04
6230,31.145,31.145,31.261087,0.002399,0,0,-0.1,-10.7,-2.5,1.04,0.17,-0.04
6231,31.15,31.150001,31.265019,0.00133,9.99999997475243e-07,0,-0.2,-10.7,-2.7,1.05,0.18,-0.04
6232,31.155,31.155,31.270244,0.001557,0,0,-0.4,-10.9,-2.7,1.05,0.19,-0.04
6233,31.16,31.16,31.276094,0.002407,0,0,-0.5,-10.9,-3,1.04,0.19,-0.04
6234,31.165,31.165,31.280024,0.001337,0,0,-0.5,-10.8,-3.2,1.03,0.19,-0.04
6235,31.17,31.17,31.285144,0.001456,0,0,-0.4,-10.7,-2.9,1.03,0.19,-0.04
6236,31.175,31.175,31.291123,0.002435,0,0,-0.2,-10.7,-2.9,1.03,0.18,-0.04
6237,31.18,31.18,31.295111,0.001424,0,0,-0.2,-10.7,-3.2,1.03,0.18,-0.03
6238,31.185,31.185001,31.300083,0.001393,9.99999997475243e-07,0,-0.3,-10.8,-2.9,1.04,0.19,-0.04
6239,31.19,31.19,31.306172,0.002485,0,0,-0.3,-10.8,-2.8,1.04,0.18,-0.03
6240,31.195,31.195,31.311071,0.002384,0,0,-0.4,-10.9,-3.2,1.04,0.2,-0.04
6241,31.2,31.2,31.315078,0.001391,0,0,-0.2,-10.7,-3.1,1.04,0.18,-0.04
6242,31.205,31.205001,31.321247,0.00256,9.99999997475243e-07,0,-0.2,-10.7,-3,1.03,0.18,-0.04
6243,31.21,31.210002,31.3269,0.003213,1.9999999985032e-06,0,-0.2,-10.8,-2.9,1.03,0.18,-0.04
6244,31.215,31.215002,31.330876,0.002187,1.9999999985032e-06,0,-0.3,-10.7,-2.6,1.03,0.19,-0.04
6245,31.22,31.220001,31.33615,0.002461,9.99999997475243e-07,0,-0.3,-10.8,-3.4,1.03,0.2,-0.04
6246,31.225,31.225,31.341424,0.002736,0,0,-0.4,-10.8,-4.2,1.03,0.2,-0.05
6247,31.23,31.23,31.345068,0.001381,0,0,-0.4,-10.8,-4.3,1.02,0.2,-0.05
6248,31.235,31.235,31.351059,0.002373,0,0,-0.4,-10.8,-3.2,1.04,0.19,-0.04
6249,31.24,31.240001,31.356089,0.002401,9.99999997475243e-07,0,-0.5,-10.8,-3.2,1.04,0.19,-0.04
6250,31.245,31.245,31.360035,0.001348,0,0,-0.5,-10.8,-2.7,1.04,0.19,-0.04
6251,31.25,31.25,31.365107,0.00142,0,0,-0.3,-10.8,-2.6,1.04,0.18,-0.04
6252,31.255,31.255,31.371124,0.002438,0,0,-0.4,-10.7,-3,1.03,0.19,-0.04
6253,31.26,31.26,31.37502,0.001333,0,0,-0.4,-10.7,-2.8,1.03,0.18,-0.04
6254,31.265,31.265,31.380011,0.001324,0,0,-0.3,-10.7,-2.8,1.04,0.18,-0.04
6255,31.27,31.27,31.386235,0.002549,0,0,-0.2,-10.7,-2.4,1.05,0.17,-0.04
6256,31.275,31.275002,31.391195,0.002506,1.9999999985032e-06,0,-0.4,-10.7,-2.9,1.04,0.18,-0.04
6257,31.28,31.28,31.395029,0.001342,0,0,-0.4,-10.8,-3,1.04,0.18,-0.05
6258,31.285,31.285,31.401059,0.002372,0,0,-0.4,-10.8,-2.7,1.04,0.18,-0.04
6259,31.29,31.29,31.406069,0.002382,0,0,-0.4,-11,-2.4,1.04,0.18,-0.04
6260,31.295,31.295,31.410005,0.001318,0,0,-0.4,-10.9,-2.3,1.05,0.18,-0.05
6261,31.3,31.3,31.41512,0.001433,0,0,-0.4,-10.9,-2.6,1.04,0.18,-0.05
6262,31.305,31.305,31.421104,0.002417,0,0,-0.3,-10.9,-3,1.04,0.18,-0.04
6263,31.31,31.310001,31.425088,0.001399,9.99999997475243e-07,0,-0.3,-10.9,-2.4,1.05,0.18,-0.04
6264,31.315,31.315,31.430122,0.001435,0,0,-0.3,-10.8,-2.2,1.05,0.17,-0.04
6265,31.32,31.32,31.436032,0.002345,0,0,-0.2,-10.8,-2.4,1.04,0.17,-0.04
6266,31.325,31.325001,31.441264,0.002577,1.00000000102796e-06,0,-0.5,-10.9,-3.1,1.04,0.19,-0.05
6267,31.33,31.330001,31.445034,0.001346,9.99999997475243e-07,0,-0.5,-10.9,-3.2,1.04,0.2,-0.04
6268,31.335,31.335,31.451034,0.002347,0,0,-0.4,-10.9,-2.9,1.04,0.18,-0.04
6269,31.34,31.34,31.456106,0.002418,0,0,-0.2,-10.8,-3.3,1.04,0.18,-0.04
6270,31.345,31.345001,31.460091,0.001403,9.99999997475243e-07,0,-0.2,-10.8,-3.1,1.03,0.18,-0.04
6271,31.35,31.35,31.466055,0.002368,0,0,-0.2,-10.8,-3.4,1.03,0.18,-0.04
6272,31.355,31.355,31.471222,0.002535,0,0,-0.2,-10.8,-3.2,1.03,0.19,-0.04
6273,31.36,31.36,31.475087,0.0014,0,0,-0.3,-10.9,-3.4,1.04,0.19,-0.04
6274,31.365,31.365001,31.480262,0.001574,9.99999997475243e-07,0,-0.3,-10.8,-3.7,1.03,0.2,-0.04
6275,31.37,31.37,31.486097,0.00241,0,0,-0.3,-10.8,-3.1,1.04,0.18,-0.04
6276,31.375,31.375,31.491079,0.002391,0,0,-0.3,-10.8,-3.2,1.04,0.19,-0.04
6277,31.38,31.38,31.495219,0.001533,0,0,-0.4,-10.8,-3.2,1.03,0.19,-0.04
6278,31.385,31.385,31.501068,0.002381,0,0,-0.5,-10.8,-3.2,1.04,0.19,-0.04
6279,31.39,31.39,31.506031,0.002344,0,0,-0.5,-10.8,-3.2,1.03,0.2,-0.04
6280,31.395,31.395,31.51005,0.001363,0,0,-0.4,-10.8,-2.7,1.04,0.19,-0.04
6281,31.4,31.400001,31.515034,0.001346,9.99999997475243e-07,0,-0.3,-10.8,-2.5,1.04,0.18,-0.04
6282,31.405,31.405,31.521053,0.002366,0,0,-0.3,-10.9,-2.9,1.04,0.19,-0.04
6283,31.41,31.410001,31.526169,0.002481,1.00000000102796e-06,0,-0.4,-10.8,-2.7,1.04,0.19,-0.04
6284,31.415,31.415,31.530034,0.001347,0,0,-0.3,-10.8,-2.8,1.04,0.19,-0.04
6285,31.42,31.42,31.536109,0.002421,0,0,-0.4,-10.8,-3.3,1.03,0.2,-0.04
6286,31.425,31.425001,31.541612,0.002925,1.00000000102796e-06,0,-0.5,-10.6,-2.7,1.04,0.19,-0.04
6287,31.43,31.430001,31.545448,0.001761,1.00000000102796e-06,0,-0.5,-10.7,-3.2,1.04,0.2,-0.04
6288,31.435,31.435002,31.550561,0.001873,1.9999999985032e-06,0,-0.4,-10.8,-2.8,1.04,0.19,-0.04
6289,31.44,31.440001,31.556745,0.003058,9.99999997475243e-07,0,-0.4,-10.8,-3.1,1.04,0.2,-0.04
6290,31.445,31.445001,31.560508,0.001821,1.00000000102796e-06,0,-0.3,-10.7,-3.1,1.04,0.19,-0.04
6291,31.45,31.45,31.565233,0.001545,0,0,-0.3,-10.8,-3.2,1.03,0.18,-0.04
6292,31.455,31.455002,31.57113,0.002441,1.9999999985032e-06,0,-0.3,-10.8,-3,1.04,0.17,-0.04
6293,31.46,31.46,31.575157,0.001469,0,0,-0.1,-10.7,-2.6,1.04,0.17,-0.03
6294,31.465,31.465,31.580314,0.001627,0,0,-0.2,-10.8,-2.5,1.04,0.17,-0.04
6295,31.47,31.470001,31.586567,0.002879,9.99999997475243e-07,0,-0.3,-10.8,-2.2,1.05,0.17,-0.04
6296,31.475,31.475,31.59127,0.002582,0,0,-0.3,-10.8,-2.5,1.04,0.17,-0.04
6297,31.48,31.48,31.596078,0.00239,0,0,-0.2,-10.8,-2.2,1.04,0.17,-0.04
6298,31.485,31.485,31.601034,0.002347,0,0,-0.3,-10.8,-2.6,1.04,0.18,-0.04
6299,31.49,31.490001,31.605022,0.001334,9.99999997475243e-07,0,-0.2,-10.8,-2.7,1.04,0.18,-0.04
6300,31.495,31.495,31.611078,0.002391,0,0,-0.3,-10.7,-3.3,1.03,0.19,-0.04
6301,31.5,31.5,31.616119,0.002433,0,0,-0.2,-10.7,-3.2,1.04,0.18,-0.04
6302,31.505,31.505,31.620011,0.001325,0,0,-0.3,-10.7,-3.7,1.03,0.19,-0.04
6303,31.51,31.51,31.625208,0.001522,0,0,-0.2,-10.8,-3.3,1.03,0.18,-0.04
6304,31.515,31.515,31.631046,0.002359,0,0,-0.1,-10.8,-2.7,1.04,0.18,-0.04
6305,31.52,31.52,31.635032,0.001345,0,0,-0.3,-10.6,-2.9,1.04,0.18,-0.04
6306,31.525,31.525001,31.640074,0.001386,9.99999997475243e-07,0,-0.4,-10.7,-3,1.04,0.18,-0.04
6307,31.53,31.53,31.646085,0.002398,0,0,-0.6,-10.7,-2.8,1.04,0.19,-0.04
6308,31.535,31.535,31.65123,0.002544,0,0,-0.4,-10.7,-2.7,1.04,0.19,-0.04
6309,31.54,31.54,31.655043,0.001356,0,0,-0.5,-10.7,-2.7,1.04,0.19,-0.04
6310,31.545,31.545,31.661122,0.002436,0,0,-0.3,-10.7,-2.2,1.04,0.17,-0.04
6311,31.55,31.55,31.666022,0.002336,0,0,-0.4,-10.7,-3,1.03,0.18,-0.04
6312,31.555,31.555,31.670225,0.001539,0,0,-0.4,-10.8,-2.7,1.04,0.18,-0.04
6313,31.56,31.560001,31.675167,0.001479,9.99999997475243e-07,0,-0.5,-10.8,-3,1.04,0.19,-0.05
6314,31.565,31.565,31.681086,0.002399,0,0,-0.3,-10.8,-3.3,1.04,0.19,-0.04
6315,31.57,31.57,31.685127,0.00144,0,0,-0.4,-10.7,-3.2,1.03,0.18,-0.04
6316,31.575,31.575,31.690203,0.001516,0,0,-0.4,-10.7,-2.5,1.04,0.18,-0.04
6317,31.58,31.580001,31.696091,0.002402,9.99999997475243e-07,0,-0.3,-10.8,-2.8,1.03,0.18,-0.04
6318,31.585,31.585,31.701017,0.00233,0,0,-0.1,-10.7,-2.7,1.03,0.17,-0.04
6319,31.59,31.59,31.70506,0.001373,0,0,-0.4,-10.8,-3,1.03,0.19,-0.04
6320,31.595,31.595001,31.711126,0.002438,9.99999997475243e-07,0,-0.3,-10.8,-3.1,1.03,0.19,-0.04
6321,31.6,31.6,31.716091,0.002404,0,0,-0.2,-10.7,-3.8,1.02,0.19,-0.04
6322,31.605,31.605,31.720024,0.001338,0,0,-0.2,-10.8,-3.2,1.03,0.18,-0.04
6323,31.61,31.61,31.726107,0.00242,0,0,-0.3,-10.8,-3.5,1.03,0.19,-0.04
6324,31.615,31.615001,31.731048,0.00236,9.99999997475243e-07,0,-0.3,-10.8,-2.9,1.03,0.18,-0.04
6325,31.62,31.62,31.735005,0.001318,0,0,-0.3,-10.8,-2.8,1.04,0.18,-0.04
6326,31.625,31.625,31.741108,0.002421,0,0,-0.3,-10.8,-3.5,1.03,0.19,-0.04
6327,31.63,31.63,31.74604,0.002353,0,0,-0.3,-10.8,-3.1,1.03,0.2,-0.04
6328,31.635,31.635,31.750003,0.001316,0,0,-0.3,-10.9,-2.7,1.04,0.19,-0.04
6329,31.64,31.64,31.756099,0.002413,0,0,-0.3,-10.9,-2.2,1.04,0.18,-0.04
6330,31.645,31.645,31.761115,0.002427,0,0,0,-10.8,-2.6,1.03,0.17,-0.03
6331,31.65,31.650001,31.765025,0.001337,9.99999997475243e-07,0,-0.2,-10.8,-2.7,1.03,0.18,-0.04
6332,31.655,31.655,31.770056,0.001369,0,0,-0.1,-10.7,-3.1,1.03,0.18,-0.04
6333,31.66,31.660001,31.776204,0.002516,1.00000000102796e-06,0,-0.1,-10.7,-3.2,1.03,0.18,-0.04
6334,31.665,31.665,31.780024,0.001336,0,0,-0.2,-10.8,-3.6,1.03,0.19,-0.04
6335,31.67,31.67,31.785116,0.001429,0,0,-0.2,-10.8,-3.5,1.04,0.19,-0.05
6336,31.675,31.675,31.791183,0.002495,0,0,-0.3,-10.7,-3.6,1.03,0.19,-0.04
6337,31.68,31.68,31.795036,0.001349,0,0,-0.2,-10.7,-3.4,1.03,0.18,-0.04
6338,31.685,31.685001,31.800017,0.001329,9.99999997475243e-07,0,-0.2,-10.7,-3.3,1.03,0.18,-0.04
6339,31.69,31.69,31.806164,0.002478,0,0,-0.1,-10.7,-3.2,1.03,0.17,-0.04
6340,31.695,31.695,31.810026,0.001339,0,0,-0.1,-10.7,-3.8,1.02,0.18,-0.04
6341,31.7,31.7,31.815011,0.001324,0,0,-0.2,-10.8,-3.7,1.03,0.19,-0.04
6342,31.705,31.705001,31.821047,0.00236,9.99999997475243e-07,0,0,-10.8,-3.5,1.03,0.18,-0.04
6343,31.71,31.71,31.826099,0.002412,0,0,-0.1,-10.8,-3.3,1.03,0.18,-0.04
6344,31.715,31.715,31.830084,0.001396,0,0,-0.2,-10.7,-3.4,1.03,0.19,-0.04
6345,31.72,31.720001,31.835221,0.001532,9.99999997475243e-07,0,-0.4,-10.7,-3.7,1.03,0.2,-0.04
6346,31.725,31.725,31.841061,0.002374,0,0,-0.4,-10.8,-4.2,1.02,0.21,-0.04
6347,31.73,31.73,31.845034,0.001346,0,0,-0.2,-10.8,-3.3,1.03,0.19,-0.04
6348,31.735,31.735,31.850134,0.001448,0,0,-0.1,-10.8,-3.4,1.03,0.18,-0.04
6349,31.74,31.740001,31.856142,0.002454,9.99999997475243e-07,0,-0.3,-10.8,-3.2,1.03,0.2,-0.04
6350,31.745,31.745,31.860147,0.00146,0,0,-0.3,-10.9,-3.3,1.03,0.2,-0.04
6351,31.75,31.75,31.865073,0.001386,0,0,-0.3,-10.9,-3.4,1.03,0.2,-0.04
6352,31.755,31.755,31.871198,0.002511,0,0,-0.2,-10.8,-3.3,1.03,0.19,-0.05
6353,31.76,31.76,31.876116,0.002428,0,0,-0.3,-10.8,-3.3,1.04,0.19,-0.04
6354,31.765,31.765,31.880023,0.001336,0,0,-0.3,-10.8,-3.4,1.03,0.19,-0.05
6355,31.77,31.77,31.886223,0.002537,0,0,-0.3,-10.7,-3.5,1.03,0.19,-0.04
6356,31.775,31.775001,31.891353,0.002665,9.99999997475243e-07,0,-0.3,-10.8,-2.6,1.04,0.19,-0.04
6357,31.78,31.78,31.895051,0.001364,0,0,-0.2,-10.7,-2.9,1.03,0.19,-0.04
6358,31.785,31.785,31.901094,0.002407,0,0,-0.3,-10.8,-3.3,1.04,0.19,-0.04
6359,31.79,31.79,31.906055,0.002368,0,0,-0.3,-10.7,-3,1.04,0.19,-0.04
6360,31.795,31.795,31.910031,0.001344,0,0,-0.3,-10.8,-2.8,1.04,0.18,-0.04
6361,31.8,31.8,31.915142,0.001455,0,0,-0.4,-10.8,-3.2,1.04,0.19,-0.04
6362,31.805,31.805,31.92108,0.002393,0,0,-0.3,-10.7,-3.4,1.04,0.18,-0.05
6363,31.81,31.810001,31.925166,0.001477,9.99999997475243e-07,0,-0.3,-10.8,-3.5,1.04,0.19,-0.05
6364,31.815,31.815,31.930068,0.001381,0,0,-0.3,-10.8,-3.8,1.03,0.2,-0.05
6365,31.82,31.82,31.936084,0.002397,0,0,-0.3,-10.8,-4.1,1.03,0.2,-0.05
6366,31.825,31.825001,31.941541,0.002855,1.00000000102796e-06,0,-0.4,-10.9,-4.1,1.03,0.2,-0.05
6367,31.83,31.830001,31.945441,0.001753,9.99999997475243e-07,0,-0.4,-10.7,-3.9,1.03,0.21,-0.05
6368,31.835,31.835,31.950356,0.001669,0,0,-0.4,-10.8,-3.4,1.03,0.2,-0.04
6369,31.84,31.840001,31.956311,0.002624,1.00000000102796e-06,0,-0.3,-10.7,-3.7,1.03,0.2,-0.04
6370,31.845,31.845002,31.961463,0.002775,1.9999999985032e-06,0,-0.4,-10.8,-3.5,1.04,0.2,-0.04
6371,31.85,31.85,31.965283,0.001596,0,0,-0.6,-10.9,-3.5,1.04,0.2,-0.04
6372,31.855,31.855,31.971131,0.002444,0,0,-0.5,-10.8,-3.2,1.04,0.2,-0.04
6373,31.86,31.86,31.9761,0.002412,0,0,-0.4,-10.8,-3.5,1.04,0.2,-0.04
6374,31.865,31.865001,31.980133,0.001445,9.99999997475243e-07,0,-0.4,-10.8,-3.5,1.03,0.19,-0.04
6375,31.87,31.87,31.986267,0.002581,0,0,-0.4,-10.8,-3.1,1.04,0.2,-0.04
6376,31.875,31.875,31.991141,0.002454,0,0,-0.4,-10.8,-2.5,1.04,0.19,-0.04
6377,31.88,31.88,31.995295,0.001609,0,0,-0.2,-10.7,-2.8,1.03,0.18,-0.04
6378,31.885,31.885,32.001088,0.002401,0,0,-0.2,-10.8,-3,1.04,0.19,-0.04
6379,31.89,31.89,32.00602,0.002333,0,0,-0.4,-10.8,-3.9,1.03,0.21,-0.04
6380,31.895,31.895,32.009999,0.001312,0,0,-0.4,-10.8,-3.8,1.03,0.21,-0.05
6381,31.9,31.900001,32.016113,0.002424,9.99999997475243e-07,0,-0.4,-10.8,-3.1,1.04,0.2,-0.04
6382,31.905,31.905,32.021167,0.00248,0,0,-0.4,-10.7,-3.6,1.03,0.2,-0.04
6383,31.91,31.91,32.025116,0.001428,0,0,-0.4,-10.8,-3.4,1.04,0.2,-0.04
6384,31.915,31.915,32.030105,0.001418,0,0,-0.4,-10.7,-3.6,1.03,0.2,-0.04
6385,31.92,31.92,32.036098,0.00241,0,0,-0.4,-10.7,-3.6,1.04,0.19,-0.04
6386,31.925,31.925,32.040257,0.001569,0,0,-0.3,-10.7,-3.8,1.04,0.19,-0.05
6387,31.93,31.93,32.045065,0.001378,0,0,-0.5,-10.7,-3.5,1.04,0.2,-0.04
6388,31.935,31.935001,32.051093,0.002405,9.99999997475243e-07,0,-0.5,-10.7,-3.1,1.05,0.19,-0.04
6389,31.94,31.94,32.056076,0.00239,0,0,-0.4,-10.7,-2.7,1.04,0.19,-0.04
6390,31.945,31.945,32.060029,0.001342,0,0,-0.2,-10.7,-2.5,1.04,0.18,-0.04
6391,31.95,31.95,32.066075,0.002388,0,0,-0.3,-10.8,-3.1,1.04,0.19,-0.04
6392,31.955,31.955001,32.071032,0.002344,9.99999997475243e-07,0,-0.3,-10.7,-3.3,1.03,0.19,-0.04
6393,31.96,31.96,32.07502,0.001333,0,0,-0.2,-10.7,-3.9,1.03,0.19,-0.04
6394,31.965,31.965,32.080111,0.001424,0,0,-0.4,-10.8,-4.4,1.03,0.21,-0.04
6395,31.97,31.970001,32.086202,0.002514,9.99999997475243e-07,0,-0.4,-10.6,-3.8,1.03,0.2,-0.04
6396,31.975,31.975001,32.090159,0.001471,9.99999997475243e-07,0,-0.4,-10.7,-3.4,1.04,0.2,-0.04
6397,31.98,31.98,32.095075,0.001388,0,0,-0.2,-10.8,-2.8,1.04,0.19,-0.04
6398,31.985,31.985,32.101085,0.002398,0,0,-0.2,-10.8,-3,1.03,0.19,-0.04
6399,31.99,31.990001,32.106174,0.002486,9.99999997475243e-07,0,-0.2,-10.8,-2.6,1.04,0.18,-0.03
6400,31.995,31.995,32.110058,0.001371,0,0,-0.2,-10.7,-2.6,1.04,0.18,-0.03
6401,32,32,32.116127,0.00244,0,0,0,-10.6,-3.1,1.04,0.18,-0.04
6402,32.005,32.005,32.121081,0.002394,0,0,-0.2,-10.7,-3.6,1.03,0.19,-0.04
6403,32.01,32.01,32.125073,0.001387,0,0,-0.3,-10.8,-3.2,1.04,0.19,-0.04
6404,32.015,32.015,32.130098,0.001411,0,0,-0.3,-10.8,-3.1,1.04,0.18,-0.05
6405,32.02,32.02,32.136129,0.002442,0,0,-0.5,-10.8,-3.6,1.03,0.19,-0.05
6406,32.025,32.025,32.14004,0.001353,0,0,-0.5,-10.9,-3.7,1.04,0.2,-0.04
6407,32.03,32.03,32.145047,0.00136,0,0,-0.5,-10.8,-2.9,1.04,0.19,-0.04
6408,32.035,32.035001,32.151168,0.00248,9.99999997475243e-07,0,-0.5,-10.8,-2.8,1.04,0.19,-0.04
6409,32.04,32.04,32.156052,0.002365,0,0,-0.5,-10.8,-2.6,1.04,0.19,-0.04
6410,32.045,32.045,32.160051,0.001363,0,0,-0.3,-10.8,-2.8,1.04,0.18,-0.04
6411,32.05,32.05,32.166029,0.002341,0,0,-0.2,-10.9,-3.2,1.04,0.19,-0.04
6412,32.055,32.055,32.171152,0.002465,0,0,-0.3,-10.8,-3.5,1.03,0.19,-0.04
6413,32.06,32.06,32.175344,0.001656,0,0,-0.4,-10.7,-3.5,1.03,0.19,-0.04
6414,32.065,32.065,32.180335,0.001648,0,0,-0.3,-10.7,-3.2,1.03,0.19,-0.04
6415,32.07,32.07,32.18611,0.002422,0,0,-0.1,-10.7,-2.8,1.03,0.18,-0.04
6416,32.075,32.075,32.190029,0.001341,0,0,-0.2,-10.7,-3.2,1.03,0.19,-0.04
6417,32.08,32.08,32.195138,0.001452,0,0,-0.2,-10.8,-2.7,1.04,0.18,-0.04
6418,32.085,32.085,32.201081,0.002394,0,0,-0.2,-10.8,-2.8,1.03,0.18,-0.04
6419,32.09,32.09,32.205012,0.001325,0,0,-0.2,-10.8,-2.7,1.03,0.18,-0.04
6420,32.095,32.095,32.210121,0.001435,0,0,-0.2,-10.8,-3,1.04,0.18,-0.04
6421,32.1,32.1,32.216214,0.002527,0,0,-0.1,-10.8,-2.9,1.04,0.18,-0.03
6422,32.105,32.105001,32.221264,0.002576,9.99999997475243e-07,0,-0.1,-10.8,-3.7,1.03,0.19,-0.04
6423,32.11,32.11,32.225068,0.00138,0,0,-0.1,-10.7,-3.2,1.04,0.18,-0.05
6424,32.115,32.115,32.231086,0.002399,0,0,-0.1,-10.7,-3.3,1.03,0.18,-0.05
6425,32.12,32.12,32.236047,0.002361,0,0,-0.3,-10.7,-3.6,1.03,0.19,-0.05
6426,32.125,32.125,32.240175,0.001487,0,0,-0.2,-10.7,-3.5,1.03,0.19,-0.04
6427,32.13,32.13,32.246062,0.002375,0,0,-0.1,-10.7,-3,1.03,0.18,-0.04
6428,32.135,32.135,32.251069,0.002382,0,0,-0.2,-10.7,-2.6,1.04,0.18,-0.04
6429,32.14,32.14,32.255083,0.001396,0,0,-0.1,-10.6,-2.8,1.04,0.17,-0.04
6430,32.145,32.145,32.261136,0.002448,0,0,-0.1,-10.6,-2.8,1.04,0.17,-0.04
6431,32.15,32.15,32.266119,0.002432,0,0,-0.2,-10.7,-2.9,1.04,0.18,-0.04
6432,32.155,32.155,32.270011,0.001324,0,0,-0.1,-10.8,-3.1,1.04,0.18,-0.04
6433,32.16,32.160001,32.276173,0.002484,9.99999997475243e-07,0,-0.2,-10.8,-3.4,1.04,0.19,-0.04
6434,32.165,32.165,32.281089,0.002402,0,0,-0.3,-10.9,-3,1.04,0.19,-0.04
6435,32.17,32.17,32.285035,0.001348,0,0,-0.2,-10.8,-3.4,1.04,0.18,-0.04
6436,32.175,32.175,32.291225,0.002538,0,0,-0.3,-10.8,-3.2,1.05,0.18,-0.04
6437,32.18,32.18,32.295054,0.001367,0,0,-0.3,-10.8,-3.7,1.03,0.19,-0.04
6438,32.185,32.185,32.300082,0.001395,0,0,-0.4,-10.9,-3.6,1.04,0.19,-0.04
6439,32.19,32.19,32.306133,0.002446,0,0,-0.3,-10.6,-3.7,1.03,0.19,-0.04
6440,32.195,32.195,32.311059,0.002372,0,0,-0.3,-10.7,-3.4,1.03,0.18,-0.04
6441,32.2,32.2,32.315013,0.001326,0,0,-0.2,-10.7,-3.2,1.03,0.18,-0.04
6442,32.205,32.205,32.320086,0.001399,0,0,0,-10.6,-2.8,1.03,0.17,-0.03
6443,32.21,32.21,32.326084,0.002396,0,0,-0.1,-10.7,-3,1.04,0.17,-0.03
6444,32.215,32.215,32.331121,0.002434,0,0,-0.2,-10.7,-3.6,1.03,0.18,-0.04
6445,32.22,32.22,32.335102,0.001414,0,0,-0.3,-10.7,-3.8,1.03,0.19,-0.04
6446,32.225,32.225,32.341063,0.002375,0,0,-0.4,-10.7,-3.7,1.03,0.2,-0.04
6447,32.23,32.230001,32.346107,0.002419,9.99999997475243e-07,0,-0.2,-10.7,-3.5,1.03,0.19,-0.04
6448,32.235,32.235,32.350147,0.00146,0,0,-0.2,-10.8,-3.2,1.04,0.19,-0.04
6449,32.24,32.24,32.355214,0.001527,0,0,-0.3,-10.7,-3.5,1.04,0.19,-0.05
6450,32.245,32.245,32.361111,0.002423,0,0,-0.4,-10.7,-3.1,1.04,0.18,-0.04
6451,32.25,32.25,32.365023,0.001336,0,0,-0.2,-10.7,-2.9,1.04,0.18,-0.04
6452,32.255,32.255,32.370102,0.001415,0,0,-0.1,-10.6,-3.1,1.04,0.17,-0.04
6453,32.26,32.26,32.376196,0.002509,0,0,-0.1,-10.7,-3,1.04,0.17,-0.04
6454,32.265,32.265,32.380019,0.001332,0,0,-0.2,-10.7,-3,1.03,0.18,-0.04
6455,32.27,32.27,32.38555,0.001864,0,0,-0.3,-10.8,-2.7,1.04,0.18,-0.04
6456,32.275,32.275001,32.391634,0.002947,1.00000000458067e-06,0,-0.4,-10.8,-2.9,1.03,0.2,-0.04
6457,32.28,32.280002,32.395656,0.001969,2.00000000205591e-06,0,-0.4,-10.8,-3.4,1.03,0.19,-0.04
6458,32.285,32.285001,32.400373,0.001684,9.99999997475243e-07,0,-0.3,-10.8,-3.4,1.03,0.19,-0.04
6459,32.29,32.290001,32.406551,0.002863,9.99999997475243e-07,0,-0.2,-10.8,-3.7,1.04,0.19,-0.05
6460,32.295,32.295001,32.410491,0.001803,9.99999997475243e-07,0,-0.3,-10.8,-3.8,1.04,0.19,-0.04
6461,32.3,32.3,32.415728,0.002041,0,0,-0.3,-10.8,-3.7,1.04,0.19,-0.04
6462,32.305,32.305001,32.421503,0.002816,9.99999997475243e-07,0,-0.3,-10.9,-3.6,1.04,0.19,-0.04
6463,32.31,32.31,32.425327,0.001639,0,0,-0.2,-10.8,-3.8,1.03,0.19,-0.04
6464,32.315,32.315,32.430934,0.002247,0,0,-0.3,-10.8,-4.2,1.03,0.2,-0.04
6465,32.32,32.320001,32.43645,0.002762,9.99999997475243e-07,0,-0.3,-10.8,-3.8,1.03,0.2,-0.04
6466,32.325,32.325,32.440121,0.001434,0,0,-0.2,-10.8,-3.7,1.04,0.19,-0.05
6467,32.33,32.33,32.446262,0.002574,0,0,-0.3,-10.7,-3.5,1.04,0.2,-0.04
6468,32.335,32.335001,32.451283,0.002596,9.99999997475243e-07,0,-0.2,-10.7,-2.5,1.04,0.18,-0.04
6469,32.34,32.34,32.455173,0.001487,0,0,-0.2,-10.7,-2.6,1.04,0.17,-0.04
6470,32.345,32.345001,32.461314,0.002627,1.00000000458067e-06,0,0,-10.7,-2.6,1.04,0.17,-0.04
6471,32.35,32.35,32.466073,0.002386,0,0,-0.2,-10.7,-2.3,1.04,0.17,-0.04
6472,32.355,32.355001,32.470056,0.001368,9.99999997475243e-07,0,-0.3,-10.7,-2.6,1.05,0.18,-0.04
6473,32.36,32.36,32.475169,0.001481,0,0,-0.4,-10.6,-3.3,1.04,0.18,-0.05
6474,32.365,32.365,32.481058,0.002371,0,0,-0.4,-10.7,-3,1.05,0.17,-0.04
6475,32.37,32.37,32.485182,0.001495,0,0,-0.3,-10.8,-3.1,1.04,0.17,-0.04
6476,32.375,32.375,32.490207,0.00152,0,0,-0.3,-10.8,-3.4,1.04,0.18,-0.05
6477,32.38,32.38,32.496125,0.002437,0,0,-0.3,-10.8,-3.7,1.04,0.19,-0.04
6478,32.385,32.385,32.501108,0.00242,0,0,-0.2,-10.8,-3.2,1.04,0.18,-0.04
6479,32.39,32.39,32.505063,0.001377,0,0,-0.3,-10.7,-3.7,1.03,0.19,-0.05
6480,32.395,32.395,32.511096,0.002408,0,0,-0.2,-10.7,-3.2,1.03,0.19,-0.04
6481,32.4,32.4,32.516054,0.002367,0,0,-0.5,-10.8,-3.9,1.02,0.21,-0.05
6482,32.405,32.405,32.520006,0.001319,0,0,-0.5,-10.9,-3.6,1.03,0.2,-0.05
6483,32.41,32.410001,32.525217,0.001529,9.99999997475243e-07,0,-0.6,-10.8,-3.3,1.03,0.2,-0.05
6484,32.415,32.415,32.53106,0.002373,0,0,-0.6,-10.8,-3.2,1.04,0.2,-0.05
6485,32.42,32.42,32.535116,0.001429,0,0,-0.4,-10.8,-3,1.04,0.18,-0.04
6486,32.425,32.425,32.540142,0.001455,0,0,-0.5,-10.8,-3.4,1.03,0.19,-0.04
6487,32.43,32.43,32.546138,0.00245,0,0,-0.5,-10.8,-3.2,1.04,0.19,-0.05
6488,32.435,32.435,32.550207,0.001521,0,0,-0.4,-10.8,-3.2,1.04,0.18,-0.05
6489,32.44,32.44,32.555084,0.001397,0,0,-0.4,-10.7,-3,1.04,0.18,-0.04
6490,32.445,32.445,32.561234,0.002547,0,0,-0.3,-10.6,-3.2,1.04,0.18,-0.04
6491,32.45,32.45,32.565327,0.00164,0,0,-0.3,-10.6,-3.3,1.04,0.19,-0.04
6492,32.455,32.455,32.57026,0.001573,0,0,-0.2,-10.8,-3,1.04,0.17,-0.04
6493,32.46,32.46,32.576273,0.002585,0,0,-0.2,-10.8,-3.1,1.04,0.18,-0.04
6494,32.465,32.465,32.580009,0.001322,0,0,-0.3,-10.8,-3.5,1.04,0.19,-0.04
6495,32.47,32.47,32.585258,0.001572,0,0,-0.4,-10.9,-3.6,1.04,0.2,-0.05
6496,32.475,32.475,32.591151,0.002463,0,0,-0.4,-10.8,-4.1,1.04,0.21,-0.05
6497,32.48,32.480001,32.595116,0.001427,9.99999997475243e-07,0,-0.3,-10.8,-3.8,1.03,0.2,-0.04
6498,32.485,32.485,32.600242,0.001555,0,0,-0.3,-10.7,-3.7,1.03,0.19,-0.04
6499,32.49,32.49,32.60619,0.002503,0,0,-0.4,-10.8,-3.3,1.03,0.19,-0.04
6500,32.495,32.495,32.610035,0.001348,0,0,-0.3,-10.7,-3.4,1.04,0.19,-0.04
6501,32.5,32.5,32.615019,0.001332,0,0,-0.3,-10.7,-3.2,1.03,0.2,-0.04
6502,32.505,32.505,32.621114,0.002427,0,0,-0.3,-10.8,-2.8,1.04,0.18,-0.04
6503,32.51,32.51,32.625132,0.001445,0,0,-0.4,-10.8,-3.5,1.04,0.2,-0.04
6504,32.515,32.515001,32.630566,0.001879,9.99999997475243e-07,0,-0.3,-10.8,-3.4,1.04,0.19,-0.04
6505,32.52,32.520001,32.635586,0.001899,9.99999997475243e-07,0,-0.3,-10.7,-4,1.03,0.19,-0.05
6506,32.525,32.525002,32.64201,0.003322,2.00000000205591e-06,0,-0.3,-10.8,-4,1.03,0.19,-0.05
6507,32.53,32.530001,32.645592,0.001905,9.99999997475243e-07,0,-0.3,-10.7,-4.2,1.03,0.2,-0.05
6508,32.535,32.535002,32.650508,0.00182,1.99999999495049e-06,0,-0.3,-10.7,-3.9,1.03,0.2,-0.05
6509,32.54,32.540002,32.656672,0.002984,2.00000000205591e-06,0,-0.4,-10.8,-3.1,1.04,0.19,-0.04
6510,32.545,32.545002,32.660493,0.001805,1.99999999495049e-06,0,-0.3,-10.7,-3.4,1.04,0.19,-0.04
6511,32.55,32.550001,32.665839,0.002152,1.00000000458067e-06,0,-0.2,-10.6,-2.9,1.04,0.18,-0.04
6512,32.555,32.555001,32.671466,0.002778,9.99999997475243e-07,0,-0.3,-10.7,-3.1,1.03,0.19,-0.04
6513,32.56,32.56,32.675404,0.001717,0,0,-0.3,-10.7,-2.7,1.04,0.18,-0.04
6514,32.565,32.565001,32.681103,0.002416,1.00000000458067e-06,0,-0.3,-10.7,-3,1.04,0.18,-0.04
6515,32.57,32.57,32.6869,0.003214,0,0,-0.4,-10.7,-3.3,1.03,0.19,-0.04
6516,32.575,32.575007,32.691587,0.002893,6.99999999653755e-06,0,-0.3,-10.7,-3.4,1.04,0.19,-0.04
6517,32.58,32.580002,32.695519,0.001831,2.00000000205591e-06,0,-0.3,-10.8,-3.3,1.03,0.19,-0.04
6518,32.585,32.585001,32.701475,0.002788,9.99999997475243e-07,0,-0.3,-10.7,-3.3,1.03,0.18,-0.04
6519,32.59,32.590001,32.706809,0.003122,9.99999997475243e-07,0,-0.4,-10.7,-3.6,1.03,0.21,-0.04
6520,32.595,32.595001,32.710386,0.001697,1.00000000458067e-06,0,-0.5,-10.8,-3.6,1.03,0.21,-0.04
6521,32.6,32.600001,32.716491,0.002805,9.99999997475243e-07,0,-0.5,-10.7,-3.2,1.04,0.2,-0.04
6522,32.605,32.605002,32.720167,0.001478,1.99999999495049e-06,0,-0.4,-10.7,-3.3,1.04,0.19,-0.05
6523,32.61,32.61,32.725351,0.001664,0,0,-0.5,-10.7,-3.4,1.04,0.2,-0.04
6524,32.615,32.615001,32.73146,0.002773,9.99999997475243e-07,0,-0.5,-10.8,-3.2,1.04,0.2,-0.04
6525,32.62,32.620001,32.735383,0.001694,1.00000000458067e-06,0,-0.3,-10.8,-2.8,1.04,0.18,-0.04
6526,32.625,32.625001,32.74047,0.001782,9.99999997475243e-07,0,-0.3,-10.8,-2.6,1.04,0.18,-0.04
6527,32.63,32.630001,32.746309,0.002621,9.99999997475243e-07,0,-0.3,-10.8,-3.1,1.04,0.19,-0.04
6528,32.635,32.635,32.751244,0.002556,0,0,-0.3,-10.8,-3.1,1.04,0.18,-0.04
6529,32.64,32.64,32.755441,0.001754,0,0,-0.2,-10.7,-3,1.04,0.18,-0.03
6530,32.645,32.645001,32.761481,0.002794,9.99999997475243e-07,0,-0.1,-10.7,-2.9,1.04,0.18,-0.03
6531,32.65,32.65,32.766203,0.002515,0,0,-0.2,-10.7,-3,1.03,0.18,-0.04
6532,32.655,32.655,32.770055,0.001368,0,0,-0.2,-10.7,-2.1,1.04,0.17,-0.04
6533,32.66,32.660001,32.776087,0.002399,9.99999997475243e-07,0,-0.2,-10.7,-2.7,1.04,0.18,-0.03
6534,32.665,32.665,32.780027,0.00134,0,0,-0.2,-10.7,-3,1.04,0.18,-0.04
6535,32.67,32.67,32.785189,0.001503,0,0,-0.3,-10.8,-2.8,1.04,0.19,-0.04
6536,32.675,32.675,32.791132,0.002446,0,0,-0.2,-10.9,-3.1,1.04,0.19,-0.04
6537,32.68,32.68,32.795013,0.001326,0,0,-0.1,-10.9,-3.3,1.03,0.19,-0.04
6538,32.685,32.685,32.800102,0.001415,0,0,0,-10.7,-3.2,1.04,0.18,-0.04
6539,32.69,32.69,32.805306,0.001618,0,0,-0.2,-10.7,-3.1,1.04,0.18,-0.04
6540,32.695,32.695,32.811184,0.002497,0,0,-0.3,-10.7,-3.3,1.04,0.18,-0.04
6541,32.7,32.7,32.815009,0.001321,0,0,-0.3,-10.7,-3.8,1.03,0.19,-0.05
6542,32.705,32.705,32.821118,0.002431,0,0,-0.4,-10.8,-3.9,1.03,0.2,-0.05
6543,32.71,32.71,32.826092,0.002406,0,0,-0.4,-10.8,-3.7,1.03,0.2,-0.05
6544,32.715,32.715,32.830027,0.00134,0,0,-0.4,-10.8,-3.2,1.04,0.19,-0.04
6545,32.72,32.72,32.835142,0.001455,0,0,-0.5,-10.8,-3,1.04,0.19,-0.04
6546,32.725,32.725,32.841147,0.002459,0,0,-0.6,-10.8,-3.4,1.04,0.2,-0.05
6547,32.73,32.730001,32.845026,0.001338,9.99999997475243e-07,0,-0.5,-10.8,-3.2,1.04,0.19,-0.04
6548,32.735,32.735,32.850071,0.001385,0,0,-0.4,-10.8,-3.3,1.04,0.19,-0.05
6549,32.74,32.74,32.856151,0.002465,0,0,-0.3,-10.8,-3.8,1.03,0.2,-0.05
6550,32.745,32.745,32.861074,0.002386,0,0,-0.4,-10.9,-3.3,1.04,0.19,-0.05
6551,32.75,32.75,32.864994,0.001307,0,0,-0.4,-10.8,-2.6,1.05,0.19,-0.04
6552,32.755,32.755,32.870225,0.001538,0,0,-0.4,-10.8,-2.7,1.05,0.19,-0.04
6553,32.76,32.76,32.876108,0.002421,0,0,-0.4,-10.8,-2.8,1.04,0.19,-0.04
6554,32.765,32.765,32.880004,0.001318,0,0,-0.5,-10.8,-2.8,1.05,0.19,-0.04
6555,32.77,32.77,32.885253,0.001566,0,0,-0.4,-10.8,-3.3,1.04,0.19,-0.04
6556,32.775,32.775,32.891345,0.002657,0,0,-0.1,-10.8,-2.4,1.05,0.17,-0.03
6557,32.78,32.78,32.896088,0.002401,0,0,-0.1,-10.7,-2.5,1.04,0.17,-0.03
6558,32.785,32.785001,32.900159,0.001472,9.99999997475243e-07,0,-0.1,-10.6,-2.8,1.04,0.17,-0.03
6559,32.79,32.79,32.905171,0.001484,0,0,0,-10.5,-2.7,1.04,0.17,-0.03
6560,32.795,32.795,32.911225,0.002538,0,0,-0.2,-10.6,-3.5,1.03,0.18,-0.04
6561,32.8,32.8,32.915045,0.001358,0,0,-0.1,-10.7,-3.6,1.03,0.19,-0.04
6562,32.805,32.805,32.920091,0.001405,0,0,-0.2,-10.7,-2.9,1.05,0.18,-0.04
6563,32.81,32.81,32.926235,0.002548,0,0,-0.3,-10.8,-2.7,1.04,0.18,-0.04
6564,32.815,32.815,32.931193,0.002506,0,0,-0.3,-10.7,-3.1,1.04,0.19,-0.04
6565,32.82,32.82,32.935283,0.001596,0,0,-0.2,-10.6,-3,1.04,0.18,-0.04
6566,32.825,32.825,32.940397,0.001709,0,0,-0.3,-10.6,-3.6,1.03,0.18,-0.04
6567,32.83,32.83,32.946109,0.002422,0,0,-0.3,-10.6,-2.9,1.03,0.18,-0.04
6568,32.835,32.835,32.950026,0.001339,0,0,-0.3,-10.7,-2.9,1.04,0.18,-0.04
6569,32.84,32.84,32.955068,0.00138,0,0,-0.2,-10.8,-2.7,1.04,0.17,-0.04
6570,32.845,32.845,32.961163,0.002476,0,0,-0.3,-10.8,-3.2,1.03,0.18,-0.04
6571,32.85,32.85,32.966038,0.002351,0,0,-0.2,-10.7,-3.4,1.04,0.18,-0.04
6572,32.855,32.855001,32.969997,0.001309,9.99999997475243e-07,0,-0.3,-10.7,-3,1.04,0.18,-0.04
6573,32.86,32.86,32.975188,0.001501,0,0,-0.3,-10.8,-2.7,1.04,0.18,-0.04
6574,32.865,32.865,32.98111,0.002423,0,0,-0.3,-10.7,-2.7,1.04,0.17,-0.04
6575,32.87,32.87,32.985107,0.001421,0,0,-0.4,-10.7,-2.8,1.04,0.18,-0.04
6576,32.875,32.875,32.990177,0.001489,0,0,-0.1,-10.7,-2.2,1.04,0.16,-0.04
6577,32.88,32.88,32.995297,0.001609,0,0,-0.4,-10.7,-2.7,1.04,0.18,-0.04
6578,32.885,32.885,33.001119,0.002432,0,0,-0.3,-10.8,-3.1,1.04,0.18,-0.04
6579,32.89,32.89,33.005148,0.001461,0,0,-0.4,-10.8,-3.1,1.03,0.18,-0.04
6580,32.895,32.895,33.010174,0.001486,0,0,-0.3,-10.7,-3.3,1.03,0.19,-0.05
6581,32.9,32.9,33.016108,0.00242,0,0,-0.3,-10.8,-3.8,1.03,0.19,-0.04
6582,32.905,32.905,33.020042,0.001355,0,0,-0.4,-10.7,-3.3,1.04,0.19,-0.04
6583,32.91,32.910001,33.025107,0.001419,9.99999997475243e-07,0,-0.4,-10.8,-3.5,1.04,0.19,-0.05
6584,32.915,32.915,33.031095,0.002407,0,0,-0.5,-10.8,-3.4,1.04,0.2,-0.04
6585,32.92,32.92,33.036047,0.00236,0,0,-0.4,-10.7,-3.2,1.05,0.19,-0.04
6586,32.925,32.925,33.040032,0.001344,0,0,-0.5,-10.7,-3.2,1.04,0.2,-0.05
6587,32.93,32.93,33.04606,0.002372,0,0,-0.3,-10.7,-3,1.04,0.18,-0.04
6588,32.935,32.935,33.051055,0.002368,0,0,-0.4,-10.7,-3.5,1.03,0.19,-0.05
6589,32.94,32.94,33.055106,0.00142,0,0,-0.3,-10.6,-3,1.04,0.18,-0.04
6590,32.945,32.945,33.060203,0.001515,0,0,-0.2,-10.7,-2.8,1.04,0.18,-0.04
6591,32.95,32.95,33.066056,0.002369,0,0,-0.3,-10.7,-2.9,1.04,0.19,-0.04
6592,32.955,32.955,33.070174,0.001488,0,0,-0.1,-10.7,-2.6,1.04,0.18,-0.04
6593,32.96,32.96,33.075094,0.001407,0,0,-0.2,-10.7,-2.9,1.05,0.18,-0.04
6594,32.965,32.965001,33.080513,0.001825,9.99999997475243e-07,0,-0.2,-10.8,-2.5,1.05,0.17,-0.04
6595,32.97,32.970001,33.085444,0.001756,1.00000000458067e-06,0,-0.3,-10.7,-3.3,1.04,0.19,-0.04
6596,32.975,32.975001,33.090693,0.002007,9.99999997475243e-07,0,-0.2,-10.8,-3.4,1.03,0.18,-0.04
6597,32.98,32.980003,33.095853,0.002165,2.99999999953116e-06,0,-0.3,-10.7,-3.6,1.03,0.18,-0.04
6598,32.985,32.985002,33.101314,0.002625,2.00000000205591e-06,0,-0.3,-10.7,-3.8,1.04,0.19,-0.04
6599,32.99,32.99,33.105049,0.001362,0,0,-0.3,-10.7,-3.4,1.03,0.19,-0.04
6600,32.995,32.995,33.110474,0.001786,0,0,-0.2,-10.7,-2.6,1.04,0.18,-0.03
6601,33,33.000001,33.116374,0.002687,9.99999997475243e-07,0,-0.2,-10.8,-2.5,1.05,0.17,-0.03
6602,33.005,33.005,33.120373,0.001685,0,0,-0.3,-10.9,-3.4,1.04,0.2,-0.04
6603,33.01,33.010002,33.126128,0.002442,2.00000000205591e-06,0,-0.1,-10.8,-2.5,1.04,0.17,-0.04
6604,33.015,33.015003,33.131995,0.003308,2.99999999953116e-06,0,-0.1,-10.7,-2.8,1.04,0.18,-0.04
6605,33.02,33.020002,33.135399,0.00171,1.99999999495049e-06,0,-0.1,-10.7,-2.5,1.05,0.18,-0.03
6606,33.025,33.025,33.141408,0.002722,0,0,0,-10.7,-2.5,1.04,0.17,-0.03
6607,33.03,33.030001,33.146248,0.00256,9.99999997475243e-07,0,-0.2,-10.6,-3.2,1.03,0.18,-0.03
6608,33.035,33.035001,33.150083,0.001395,9.99999997475243e-07,0,-0.1,-10.6,-3,1.03,0.17,-0.03
6609,33.04,33.04,33.156086,0.0024,0,0,-0.2,-10.6,-3.2,1.03,0.18,-0.04
6610,33.045,33.045,33.161216,0.002529,0,0,-0.2,-10.7,-3.7,1.03,0.19,-0.04
6611,33.05,33.05,33.165047,0.00136,0,0,-0.1,-10.7,-3,1.04,0.18,-0.04
6612,33.055,33.055,33.170069,0.001382,0,0,-0.1,-10.8,-2.9,1.04,0.19,-0.03
6613,33.06,33.06,33.176194,0.002506,0,0,-0.2,-10.9,-2.7,1.04,0.19,-0.03
6614,33.065,33.065,33.181063,0.002377,0,0,-0.2,-11,-3.1,1.03,0.19,-0.04
6615,33.07,33.07,33.18507,0.001383,0,0,-0.2,-10.9,-3.1,1.04,0.18,-0.04
6616,33.075,33.075,33.19113,0.002442,0,0,-0.4,-10.9,-2.8,1.04,0.19,-0.04
6617,33.08,33.08,33.19608,0.002393,0,0,-0.2,-10.8,-2.5,1.04,0.17,-0.04
6618,33.085,33.085001,33.200127,0.001439,9.99999997475243e-07,0,-0.2,-10.7,-3.1,1.04,0.17,-0.04
6619,33.09,33.09,33.205134,0.001447,0,0,-0.1,-10.7,-3.2,1.04,0.17,-0.04
6620,33.095,33.095,33.211077,0.00239,0,0,-0.1,-10.6,-3.5,1.03,0.18,-0.04
6621,33.1,33.1,33.215053,0.001366,0,0,0,-10.6,-3.7,1.04,0.18,-0.04
6622,33.105,33.105001,33.220066,0.001378,9.99999997475243e-07,0,-0.3,-10.8,-3.5,1.04,0.19,-0.04
6623,33.11,33.110001,33.225517,0.001828,9.99999997475243e-07,0,-0.3,-10.7,-3.3,1.04,0.19,-0.04
6624,33.115,33.115,33.231222,0.002534,0,0,-0.3,-10.7,-3.1,1.05,0.18,-0.04
6625,33.12,33.12,33.235221,0.001534,0,0,-0.4,-10.7,-3,1.04,0.18,-0.04
6626,33.125,33.125,33.241338,0.00265,0,0,-0.2,-10.6,-3.1,1.04,0.18,-0.04
6627,33.13,33.130001,33.246203,0.002515,9.99999997475243e-07,0,-0.2,-10.7,-2.4,1.04,0.17,-0.04
6628,33.135,33.135001,33.250246,0.001559,1.00000000458067e-06,0,-0.3,-10.8,-2.5,1.04,0.18,-0.04
6629,33.14,33.14,33.255472,0.001785,0,0,-0.2,-10.8,-2.4,1.04,0.17,-0.03
6630,33.145,33.145,33.261133,0.002447,0,0,-0.3,-10.8,-2.7,1.04,0.18,-0.03
6631,33.15,33.15,33.265052,0.001364,0,0,-0.2,-10.6,-2.9,1.04,0.18,-0.04
6632,33.155,33.155,33.270359,0.001673,0,0,-0.3,-10.7,-3.5,1.03,0.19,-0.04
6633,33.16,33.160001,33.276072,0.002384,9.99999997475243e-07,0,-0.3,-10.7,-4.1,1.03,0.19,-0.04
6634,33.165,33.165,33.281019,0.002332,0,0,-0.3,-10.7,-4,1.03,0.2,-0.04
6635,33.17,33.17,33.285058,0.001371,0,0,-0.3,-10.7,-4,1.03,0.2,-0.04
6636,33.175,33.175,33.291165,0.002479,0,0,-0.4,-10.7,-3.7,1.03,0.2,-0.04
6637,33.18,33.18,33.296028,0.002341,0,0,-0.2,-10.8,-3.7,1.04,0.19,-0.05
6638,33.185,33.185,33.300022,0.001335,0,0,-0.1,-10.8,-3.4,1.04,0.19,-0.04
6639,33.19,33.19,33.305124,0.001437,0,0,-0.3,-10.9,-3.4,1.04,0.19,-0.04
6640,33.195,33.195,33.311075,0.002388,0,0,-0.3,-10.9,-3.1,1.04,0.2,-0.04
6641,33.2,33.2,33.315019,0.001332,0,0,-0.4,-10.8,-3.1,1.04,0.2,-0.03
6642,33.205,33.205,33.320129,0.001442,0,0,-0.3,-10.8,-3.1,1.04,0.19,-0.04
6643,33.21,33.21,33.325417,0.001729,0,0,-0.4,-10.8,-3.4,1.03,0.2,-0.04
6644,33.215,33.215,33.331078,0.002391,0,0,-0.3,-10.8,-3.7,1.03,0.2,-0.04
6645,33.22,33.22,33.335014,0.001327,0,0,-0.3,-10.8,-3.5,1.03,0.19,-0.04
6646,33.225,33.225,33.341044,0.002356,0,0,0,-10.8,-3.2,1.04,0.18,-0.04
6647,33.23,33.230001,33.346031,0.002344,9.99999997475243e-07,0,-0.2,-10.8,-3,1.04,0.18,-0.03
6648,33.235,33.235,33.350135,0.001448,0,0,-0.2,-10.9,-2.7,1.03,0.18,-0.04
6649,33.24,33.24,33.355094,0.001407,0,0,-0.2,-10.8,-3,1.03,0.18,-0.04
6650,33.245,33.245,33.361034,0.002347,0,0,-0.1,-10.9,-2.4,1.03,0.17,-0.03
6651,33.25,33.25,33.365006,0.001319,0,0,-0.1,-10.9,-2.3,1.04,0.17,-0.03
6652,33.255,33.255,33.370013,0.001325,0,0,-0.1,-10.8,-3.2,1.03,0.18,-0.03
6653,33.26,33.260001,33.376432,0.002745,1.00000000458067e-06,0,-0.2,-10.9,-3.8,1.03,0.19,-0.04
6654,33.265,33.265,33.380069,0.001382,0,0,-0.3,-10.7,-3.7,1.03,0.2,-0.04
6655,33.27,33.27,33.385075,0.001388,0,0,-0.3,-10.8,-3.4,1.03,0.19,-0.04
6656,33.275,33.275,33.391124,0.002436,0,0,-0.2,-10.8,-3.3,1.03,0.19,-0.04
6657,33.28,33.28,33.396035,0.002348,0,0,-0.1,-10.7,-4,1.03,0.18,-0.04
6658,33.285,33.285001,33.400162,0.001474,9.99999997475243e-07,0,-0.2,-10.8,-4.2,1.03,0.2,-0.04
6659,33.29,33.29,33.406054,0.002367,0,0,-0.1,-10.7,-4,1.03,0.19,-0.04
6660,33.295,33.295,33.411019,0.002332,0,0,-0.2,-10.7,-3.7,1.03,0.19,-0.05
6661,33.3,33.3,33.41501,0.001323,0,0,-0.4,-10.8,-3.6,1.03,0.2,-0.04
6662,33.305,33.305,33.42023,0.001544,0,0,-0.3,-10.7,-3.2,1.03,0.18,-0.04
6663,33.31,33.31,33.426289,0.002602,0,0,-0.2,-10.7,-2.9,1.04,0.18,-0.04
6664,33.315,33.315,33.430031,0.001345,0,0,-0.3,-10.8,-3.2,1.03,0.19,-0.04
6665,33.32,33.32,33.435219,0.001531,0,0,-0.2,-10.7,-3.3,1.04,0.18,-0.04
6666,33.325,33.325,33.441141,0.002454,0,0,-0.1,-10.8,-3,1.04,0.18,-0.04
6667,33.33,33.33,33.445013,0.001326,0,0,-0.3,-10.8,-3.3,1.04,0.19,-0.04
6668,33.335,33.335,33.450002,0.001315,0,0,-0.3,-10.7,-3.4,1.03,0.18,-0.04
6669,33.34,33.34,33.456051,0.002364,0,0,-0.3,-10.8,-3.1,1.04,0.18,-0.04
6670,33.345,33.345,33.460036,0.001349,0,0,-0.3,-10.7,-3.6,1.03,0.18,-0.04
6671,33.35,33.35,33.465139,0.001451,0,0,-0.5,-10.7,-3.5,1.04,0.19,-0.04
6672,33.355,33.355001,33.471071,0.002382,9.99999997475243e-07,0,-0.5,-10.8,-4.5,1.03,0.21,-0.05
6673,33.36,33.36,33.47629,0.002602,0,0,-0.5,-10.8,-4.3,1.03,0.21,-0.05
6674,33.365,33.365,33.480033,0.001347,0,0,-0.3,-10.8,-4,1.04,0.19,-0.04
6675,33.37,33.37,33.485061,0.001374,0,0,-0.4,-10.7,-4.4,1.03,0.2,-0.05
6676,33.375,33.375,33.491059,0.002372,0,0,-0.4,-10.8,-3.6,1.04,0.2,-0.04
6677,33.38,33.38,33.496024,0.002337,0,0,-0.4,-10.8,-3.5,1.03,0.19,-0.04
6678,33.385,33.385,33.500068,0.001381,0,0,-0.2,-10.7,-2.8,1.04,0.16,-0.04
6679,33.39,33.39,33.506197,0.002509,0,0,-0.3,-10.7,-2.7,1.04,0.17,-0.04
6680,33.395,33.395,33.511125,0.002438,0,0,-0.4,-10.7,-2.8,1.04,0.18,-0.04
6681,33.4,33.4,33.515044,0.001352,0,0,-0.4,-10.7,-3.3,1.04,0.19,-0.04
6682,33.405,33.405001,33.520304,0.001616,9.99999997475243e-07,0,-0.4,-10.6,-3.1,1.04,0.19,-0.04
6683,33.41,33.410001,33.526226,0.002538,9.99999997475243e-07,0,-0.4,-10.8,-3.5,1.03,0.2,-0.04
6684,33.415,33.415,33.530042,0.001354,0,0,-0.4,-10.8,-3.4,1.03,0.19,-0.05
6685,33.42,33.42,33.535349,0.001662,0,0,-0.3,-10.7,-3.5,1.03,0.19,-0.04
6686,33.425,33.425,33.54111,0.002423,0,0,-0.1,-10.6,-2.8,1.04,0.17,-0.04
6687,33.43,33.43,33.545007,0.00132,0,0,-0.2,-10.6,-2.3,1.04,0.17,-0.04
6688,33.435,33.435,33.550067,0.00138,0,0,-0.4,-10.8,-3.1,1.04,0.2,-0.04
6689,33.44,33.44,33.556124,0.002437,0,0,-0.5,-10.8,-3.5,1.04,0.2,-0.05
6690,33.445,33.445,33.561079,0.002392,0,0,-0.6,-10.7,-3.9,1.03,0.2,-0.05
6691,33.45,33.45,33.56502,0.001333,0,0,-0.6,-10.7,-3.6,1.03,0.2,-0.04
6692,33.455,33.455,33.57108,0.002393,0,0,-0.5,-10.7,-3.7,1.03,0.2,-0.05
6693,33.46,33.46,33.576073,0.002386,0,0,-0.3,-10.6,-3,1.04,0.18,-0.04
6694,33.465,33.465,33.580012,0.001325,0,0,-0.3,-10.7,-2.9,1.04,0.18,-0.04
6695,33.47,33.470002,33.585576,0.001887,2.00000000205591e-06,0,-0.3,-10.7,-2.5,1.04,0.18,-0.04
6696,33.475,33.475003,33.590885,0.002196,2.99999999953116e-06,0,-0.3,-10.8,-2.6,1.04,0.18,-0.04
6697,33.48,33.480001,33.595145,0.001456,9.99999997475243e-07,0,-0.2,-10.8,-2.8,1.04,0.17,-0.04
6698,33.485,33.485,33.600232,0.001546,0,0,-0.2,-10.7,-2.7,1.04,0.17,-0.04
6699,33.49,33.49,33.606248,0.002561,0,0,-0.1,-10.8,-2.9,1.03,0.17,-0.04
6700,33.495,33.495,33.611045,0.002358,0,0,-0.2,-10.8,-3,1.03,0.18,-0.04
6701,33.5,33.5,33.615011,0.001324,0,0,-0.2,-10.7,-3.1,1.03,0.18,-0.04
6702,33.505,33.505,33.621089,0.002402,0,0,-0.2,-10.7,-2.4,1.03,0.17,-0.03
6703,33.51,33.51,33.626069,0.002382,0,0,-0.2,-10.7,-2.2,1.04,0.17,-0.04
6704,33.515,33.515,33.63003,0.001342,0,0,-0.1,-10.6,-2.5,1.04,0.16,-0.04
6705,33.52,33.520001,33.635395,0.001708,9.99999997475243e-07,0,-0.3,-10.7,-3.1,1.04,0.17,-0.05
6706,33.525,33.525,33.641136,0.002449,0,0,-0.4,-10.8,-3.5,1.04,0.19,-0.04
6707,33.53,33.53,33.645038,0.001351,0,0,-0.5,-10.9,-3.2,1.04,0.19,-0.04
6708,33.535,33.535001,33.650194,0.001505,9.99999997475243e-07,0,-0.4,-10.9,-3.2,1.04,0.19,-0.04
6709,33.54,33.54,33.656252,0.002565,0,0,-0.3,-10.9,-3.3,1.03,0.19,-0.04
6710,33.545,33.545,33.660137,0.00145,0,0,-0.5,-10.9,-3.8,1.03,0.2,-0.04
6711,33.55,33.55,33.665219,0.001531,0,0,-0.4,-10.8,-2.8,1.04,0.19,-0.04
6712,33.555,33.555,33.671115,0.002428,0,0,-0.4,-10.8,-1.9,1.05,0.18,-0.03
6713,33.56,33.560001,33.676168,0.002481,9.99999997475243e-07,0,-0.4,-10.7,-2.3,1.04,0.18,-0.04
6714,33.565,33.565,33.680021,0.001333,0,0,-0.4,-10.8,-2.9,1.04,0.19,-0.04
6715,33.57,33.57,33.686123,0.002435,0,0,-0.4,-10.8,-2.7,1.04,0.19,-0.04
6716,33.575,33.575,33.691231,0.002543,0,0,-0.3,-10.8,-3.2,1.03,0.2,-0.04
6717,33.58,33.58,33.695085,0.001398,0,0,-0.2,-10.8,-3.8,1.03,0.2,-0.04
6718,33.585,33.585,33.701107,0.002419,0,0,-0.4,-10.8,-3.6,1.03,0.19,-0.04
6719,33.59,33.59,33.70605,0.002362,0,0,-0.3,-10.8,-3.1,1.04,0.19,-0.04
6720,33.595,33.595,33.710021,0.001333,0,0,-0.3,-10.8,-2.6,1.04,0.18,-0.04
6721,33.6,33.6,33.715111,0.001424,0,0,-0.2,-10.8,-2.6,1.04,0.18,-0.04
6722,33.605,33.605001,33.721086,0.002397,9.99999997475243e-07,0,-0.3,-10.8,-3.2,1.04,0.19,-0.04
6723,33.61,33.61,33.725053,0.001366,0,0,-0.3,-10.9,-3.3,1.04,0.18,-0.04
6724,33.615,33.615,33.730034,0.001346,0,0,-0.3,-10.8,-3.3,1.04,0.18,-0.04
6725,33.62,33.620001,33.736267,0.00258,1.00000000458067e-06,0,-0.3,-10.9,-3.2,1.04,0.18,-0.04
6726,33.625,33.625,33.741047,0.00236,0,0,-0.2,-10.8,-3.4,1.04,0.19,-0.05
6727,33.63,33.63,33.74503,0.001343,0,0,-0.3,-10.9,-3.5,1.03,0.19,-0.05
6728,33.635,33.635,33.750212,0.001525,0,0,-0.3,-10.9,-3.4,1.03,0.2,-0.04
6729,33.64,33.64,33.756066,0.002379,0,0,-0.4,-10.9,-3.3,1.03,0.2,-0.04
6730,33.645,33.645,33.760036,0.001349,0,0,-0.2,-10.9,-2.9,1.04,0.18,-0.04
6731,33.65,33.65,33.765013,0.001326,0,0,-0.2,-10.9,-3.3,1.03,0.19,-0.04
6732,33.655,33.655,33.77027,0.001584,0,0,-0.3,-10.9,-3.4,1.03,0.2,-0.04
6733,33.66,33.660001,33.776146,0.002458,9.99999997475243e-07,0,-0.3,-10.8,-3.4,1.04,0.19,-0.04
6734,33.665,33.665,33.780052,0.001365,0,0,-0.2,-10.8,-2.5,1.04,0.17,-0.04
6735,33.67,33.67,33.785095,0.001408,0,0,-0.3,-10.7,-2.9,1.04,0.18,-0.04
6736,33.675,33.675,33.791349,0.002661,0,0,-0.2,-10.8,-2.6,1.04,0.17,-0.04
6737,33.68,33.68,33.795052,0.001365,0,0,-0.3,-10.8,-3,1.04,0.18,-0.04
6738,33.685,33.685,33.800109,0.001423,0,0,-0.4,-10.8,-3.2,1.04,0.19,-0.04
6739,33.69,33.69,33.806105,0.002419,0,0,-0.5,-10.8,-3.1,1.04,0.19,-0.04
6740,33.695,33.695,33.811053,0.002367,0,0,-0.4,-10.8,-3.1,1.04,0.19,-0.04
6741,33.7,33.7,33.815029,0.001342,0,0,-0.5,-10.9,-2.9,1.05,0.19,-0.04
6742,33.705,33.705,33.820134,0.001447,0,0,-0.5,-10.9,-2.6,1.05,0.18,-0.04
6743,33.71,33.71,33.826201,0.002513,0,0,-0.5,-10.9,-2.7,1.05,0.19,-0.04
6744,33.715,33.715,33.830037,0.00135,0,0,-0.3,-10.9,-3.6,1.03,0.19,-0.04
6745,33.72,33.72,33.83509,0.001403,0,0,-0.4,-10.9,-3.7,1.03,0.2,-0.04
6746,33.725,33.725,33.841043,0.002356,0,0,-0.4,-10.7,-3.9,1.02,0.2,-0.04
6747,33.73,33.730001,33.845028,0.00134,9.99999997475243e-07,0,-0.3,-10.7,-4.5,1.02,0.21,-0.04
6748,33.735,33.735,33.850075,0.001388,0,0,-0.3,-10.8,-4.1,1.03,0.2,-0.04
6749,33.74,33.74,33.856059,0.002372,0,0,-0.2,-10.8,-4.2,1.03,0.2,-0.05
6750,33.745,33.745,33.861076,0.002389,0,0,-0.1,-10.7,-4.2,1.03,0.19,-0.05
6751,33.75,33.75,33.865009,0.001322,0,0,-0.4,-10.8,-3.5,1.03,0.19,-0.05
6752,33.755,33.755,33.87126,0.002572,0,0,-0.3,-10.8,-3.1,1.04,0.19,-0.04
6753,33.76,33.76,33.87617,0.002482,0,0,-0.3,-10.8,-3,1.04,0.18,-0.04
6754,33.765,33.765,33.880062,0.001376,0,0,-0.2,-10.8,-3.1,1.04,0.18,-0.04
6755,33.77,33.77,33.886453,0.002769,0,0,-0.2,-10.7,-3.4,1.03,0.18,-0.04
6756,33.775,33.775003,33.891218,0.002529,2.99999999953116e-06,0,-0.2,-10.7,-3,1.04,0.18,-0.04
6757,33.78,33.78,33.896454,0.002766,0,0,-0.2,-10.8,-3.4,1.03,0.19,-0.04
6758,33.785,33.785002,33.900548,0.001858,1.99999999495049e-06,0,-0.2,-10.7,-3.4,1.03,0.19,-0.04
6759,33.79,33.790001,33.906402,0.002714,9.99999997475243e-07,0,-0.2,-10.7,-3.5,1.03,0.18,-0.04
6760,33.795,33.795,33.910097,0.001409,0,0,-0.1,-10.7,-2.6,1.04,0.17,-0.04
6761,33.8,33.8,33.91513,0.001443,0,0,-0.1,-10.7,-2.3,1.04,0.16,-0.03
6762,33.805,33.805,33.92114,0.002452,0,0,-0.2,-10.8,-2.4,1.04,0.17,-0.03
6763,33.81,33.81,33.926303,0.002615,0,0,-0.1,-10.8,-2.1,1.04,0.16,-0.03
6764,33.815,33.815,33.930064,0.001377,0,0,-0.2,-10.8,-2.7,1.03,0.17,-0.04
6765,33.82,33.82,33.936134,0.002447,0,0,-0.3,-10.7,-2.7,1.04,0.17,-0.04
6766,33.825,33.825,33.94123,0.002542,0,0,-0.2,-10.8,-2.7,1.04,0.17,-0.04
6767,33.83,33.83,33.945102,0.001415,0,0,-0.2,-10.8,-3,1.04,0.17,-0.04
6768,33.835,33.835,33.950218,0.00153,0,0,-0.4,-10.7,-3,1.04,0.18,-0.04
6769,33.84,33.840001,33.956388,0.002701,9.99999997475243e-07,0,-0.3,-10.7,-2.9,1.04,0.18,-0.04
6770,33.845,33.845001,33.960453,0.001766,1.00000000458067e-06,0,-0.4,-10.7,-3.4,1.04,0.19,-0.04
6771,33.85,33.850001,33.965312,0.001625,9.99999997475243e-07,0,-0.4,-10.8,-3.4,1.04,0.2,-0.04
6772,33.855,33.855001,33.971586,0.002898,9.99999997475243e-07,0,-0.4,-10.7,-3.1,1.04,0.19,-0.04
6773,33.86,33.860001,33.976695,0.00301,9.99999997475243e-07,0,-0.5,-10.7,-2.9,1.04,0.19,-0.04
6774,33.865,33.865001,33.980261,0.001574,9.99999997475243e-07,0,-0.6,-10.6,-3.3,1.04,0.19,-0.04
6775,33.87,33.87,33.98613,0.002443,0,0,-0.5,-10.7,-2.9,1.04,0.19,-0.03
6776,33.875,33.875,33.991113,0.002425,0,0,-0.4,-10.7,-3.5,1.03,0.19,-0.04
6777,33.88,33.88,33.995069,0.001381,0,0,-0.3,-10.7,-3.7,1.03,0.19,-0.04
6778,33.885,33.885,34.000073,0.001386,0,0,-0.4,-10.7,-4.1,1.03,0.2,-0.05
6779,33.89,33.89,34.006111,0.002423,0,0,-0.5,-10.7,-3.5,1.03,0.19,-0.04
6780,33.895,33.895,34.010032,0.001345,0,0,-0.3,-10.7,-2.9,1.04,0.17,-0.04
6781,33.9,33.9,34.015009,0.001322,0,0,-0.2,-10.8,-2.9,1.03,0.17,-0.04
6782,33.905,33.905,34.021134,0.002448,0,0,-0.2,-10.8,-2.8,1.04,0.17,-0.04
6783,33.91,33.910001,34.026245,0.002556,9.99999997475243e-07,0,-0.3,-10.8,-2.8,1.04,0.17,-0.04
6784,33.915,33.915,34.030102,0.001416,0,0,-0.5,-10.8,-3.3,1.04,0.19,-0.04
6785,33.92,33.92,34.036129,0.002442,0,0,-0.4,-10.8,-4,1.02,0.2,-0.04
6786,33.925,33.925,34.04108,0.002393,0,0,-0.5,-10.8,-4.3,1.03,0.2,-0.05
6787,33.93,33.93,34.045096,0.001409,0,0,-0.3,-10.8,-4.6,1.03,0.2,-0.05
6788,33.935,33.935,34.050067,0.001381,0,0,-0.3,-10.8,-4.4,1.03,0.19,-0.05
6789,33.94,33.94,34.056259,0.002572,0,0,-0.3,-10.8,-4,1.03,0.19,-0.05
6790,33.945,33.945,34.061077,0.00239,0,0,-0.3,-10.7,-3.5,1.04,0.18,-0.04
6791,33.95,33.950001,34.065045,0.001357,9.99999997475243e-07,0,-0.2,-10.7,-3,1.04,0.17,-0.04
6792,33.955,33.955,34.07021,0.001522,0,0,0,-10.7,-3,1.04,0.17,-0.05
6793,33.96,33.96,34.076264,0.002577,0,0,-0.1,-10.7,-3.6,1.04,0.18,-0.04
6794,33.965,33.965,34.080186,0.0015,0,0,-0.2,-10.8,-3.5,1.04,0.18,-0.04
6795,33.97,33.970001,34.085332,0.001645,1.00000000458067e-06,0,-0.2,-10.8,-3,1.04,0.18,-0.04
6796,33.975,33.975,34.090679,0.001992,0,0,-0.2,-10.9,-2.7,1.05,0.17,-0.04
6797,33.98,33.980001,34.096109,0.002421,9.99999997475243e-07,0,-0.4,-10.8,-3,1.04,0.18,-0.04
6798,33.985,33.985,34.100055,0.001368,0,0,-0.3,-10.7,-2.8,1.04,0.18,-0.04
6799,33.99,33.99,34.10514,0.001453,0,0,-0.3,-10.8,-2.3,1.05,0.18,-0.04
6800,33.995,33.995001,34.111201,0.002513,1.00000000458067e-06,0,-0.4,-10.8,-2.4,1.04,0.18,-0.04
6801,34,34,34.115132,0.001444,0,0,-0.3,-10.9,-3.2,1.04,0.2,-0.05
6802,34.005,34.005001,34.120344,0.001656,9.99999997475243e-07,0,-0.4,-10.9,-2.9,1.04,0.2,-0.05
6803,34.01,34.01,34.126142,0.002455,0,0,-0.3,-10.9,-2.7,1.04,0.19,-0.04
6804,34.015,34.015,34.131279,0.002591,0,0,-0.1,-10.8,-2.8,1.04,0.18,-0.04
6805,34.02,34.02,34.135056,0.001369,0,0,-0.2,-10.8,-3.2,1.03,0.18,-0.05
6806,34.025,34.025,34.140177,0.001489,0,0,-0.1,-10.8,-2.7,1.04,0.17,-0.04
6807,34.03,34.03,34.146073,0.002387,0,0,-0.1,-10.8,-2.8,1.03,0.17,-0.04
6808,34.035,34.035001,34.150046,0.001357,9.99999997475243e-07,0,-0.3,-10.8,-3,1.04,0.19,-0.04
6809,34.04,34.04,34.155095,0.001409,0,0,-0.4,-10.8,-3.6,1.03,0.19,-0.05
6810,34.045,34.045,34.161103,0.002417,0,0,-0.3,-10.7,-3.5,1.04,0.18,-0.04
6811,34.05,34.05,34.166077,0.00239,0,0,-0.3,-10.8,-3.4,1.04,0.19,-0.04
6812,34.055,34.055,34.170063,0.001376,0,0,-0.4,-10.9,-3.3,1.04,0.19,-0.04
6813,34.06,34.06,34.175206,0.001518,0,0,-0.3,-10.7,-2.8,1.05,0.18,-0.04
6814,34.065,34.065,34.181112,0.002425,0,0,-0.3,-10.7,-2.6,1.04,0.17,-0.04
6815,34.07,34.07,34.185096,0.001409,0,0,-0.3,-10.7,-3.1,1.04,0.18,-0.04
6816,34.075,34.075001,34.190291,0.001604,9.99999997475243e-07,0,-0.2,-10.8,-2.9,1.04,0.18,-0.04
6817,34.08,34.08,34.196238,0.00255,0,0,-0.1,-10.7,-2.8,1.04,0.17,-0.04
6818,34.085,34.085,34.201147,0.002461,0,0,-0.1,-10.8,-2.2,1.05,0.16,-0.04
6819,34.09,34.09,34.205121,0.001434,0,0,-0.3,-10.7,-2.8,1.05,0.17,-0.04
6820,34.095,34.095,34.211053,0.002367,0,0,-0.3,-10.8,-3.4,1.04,0.19,-0.04
6821,34.1,34.1,34.216117,0.002429,0,0,-0.5,-10.7,-3.8,1.03,0.2,-0.04
6822,34.105,34.105001,34.220025,0.001337,9.99999997475243e-07,0,-0.5,-10.8,-3.6,1.04,0.2,-0.04
6823,34.11,34.11,34.225496,0.001808,0,0,-0.4,-10.7,-2.9,1.04,0.19,-0.04
6824,34.115,34.115,34.2311,0.002412,0,0,-0.5,-10.8,-3,1.04,0.2,-0.04
6825,34.12,34.12,34.235008,0.001321,0,0,-0.3,-10.8,-3.2,1.03,0.19,-0.04
6826,34.125,34.125,34.240084,0.001397,0,0,-0.1,-10.7,-3.4,1.03,0.19,-0.04
6827,34.13,34.13,34.246114,0.002426,0,0,-0.2,-10.7,-2.9,1.04,0.18,-0.03
6828,34.135,34.135,34.251049,0.002362,0,0,-0.3,-10.7,-3.2,1.04,0.18,-0.04
6829,34.14,34.14,34.255097,0.00141,0,0,-0.4,-10.8,-3.3,1.04,0.19,-0.04
6830,34.145,34.145,34.261127,0.00244,0,0,-0.3,-10.7,-3.8,1.03,0.2,-0.04
6831,34.15,34.15,34.26605,0.002363,0,0,-0.4,-10.8,-3.8,1.03,0.2,-0.04
6832,34.155,34.155,34.270352,0.001666,0,0,-0.4,-10.8,-3.5,1.04,0.19,-0.04
6833,34.16,34.160001,34.27628,0.002593,9.99999997475243e-07,0,-0.3,-10.9,-3.6,1.04,0.19,-0.04
6834,34.165,34.165,34.281072,0.002385,0,0,-0.2,-10.8,-3.4,1.04,0.19,-0.04
6835,34.17,34.17,34.285225,0.001538,0,0,-0.1,-10.7,-3.2,1.04,0.18,-0.03
6836,34.175,34.175001,34.290445,0.001757,9.99999997475243e-07,0,-0.2,-10.8,-3.2,1.03,0.18,-0.04
6837,34.18,34.18,34.296164,0.002476,0,0,-0.2,-10.7,-3.3,1.03,0.19,-0.04
6838,34.185,34.185,34.30006,0.001374,0,0,-0.4,-10.7,-3.3,1.04,0.19,-0.04
6839,34.19,34.19,34.305034,0.001347,0,0,-0.5,-10.8,-3.5,1.04,0.2,-0.05
6840,34.195,34.195,34.311052,0.002364,0,0,-0.5,-10.7,-3.5,1.04,0.2,-0.05
6841,34.2,34.2,34.316032,0.002345,0,0,-0.4,-10.7,-3.2,1.04,0.19,-0.05
6842,34.205,34.205,34.319992,0.001305,0,0,-0.5,-10.7,-3.3,1.04,0.19,-0.05
6843,34.21,34.21,34.325254,0.001567,0,0,-0.5,-10.7,-4.1,1.03,0.21,-0.05
6844,34.215,34.215,34.331052,0.002365,0,0,-0.3,-10.8,-4,1.03,0.2,-0.05
6845,34.22,34.22,34.335015,0.001328,0,0,-0.3,-10.9,-3.8,1.04,0.19,-0.05
6846,34.225,34.225,34.340109,0.001421,0,0,-0.2,-10.9,-3.6,1.04,0.18,-0.05
6847,34.23,34.230001,34.34603,0.002342,9.99999997475243e-07,0,-0.2,-10.8,-3.6,1.04,0.19,-0.04
6848,34.235,34.235,34.351096,0.002409,0,0,-0.1,-10.7,-3.4,1.04,0.18,-0.04
6849,34.24,34.24,34.355046,0.00136,0,0,-0.2,-10.8,-3.5,1.04,0.18,-0.04
6850,34.245,34.245,34.360097,0.00141,0,0,-0.2,-10.7,-3.8,1.04,0.19,-0.04
6851,34.25,34.25,34.366045,0.002358,0,0,-0.2,-10.7,-3.2,1.04,0.18,-0.04
6852,34.255,34.255,34.370088,0.001401,0,0,-0.2,-10.8,-2.8,1.04,0.18,-0.03
6853,34.26,34.26,34.375161,0.001474,0,0,-0.3,-10.7,-2.8,1.04,0.18,-0.04
6854,34.265,34.265,34.381092,0.002405,0,0,-0.1,-10.7,-2.7,1.04,0.17,-0.04
6855,34.27,34.27,34.385159,0.001472,0,0,-0.3,-10.7,-2.7,1.04,0.18,-0.04
6856,34.275,34.275,34.390209,0.001521,0,0,-0.2,-10.7,-3.1,1.03,0.19,-0.04
6857,34.28,34.28,34.396119,0.002432,0,0,-0.2,-10.6,-3.4,1.03,0.18,-0.04
6858,34.285,34.285001,34.401107,0.002419,9.99999997475243e-07,0,-0.2,-10.6,-3.5,1.04,0.19,-0.05
6859,34.29,34.29,34.405071,0.001384,0,0,-0.3,-10.6,-3.2,1.04,0.19,-0.05
6860,34.295,34.295,34.410082,0.001396,0,0,-0.5,-10.7,-3.5,1.04,0.19,-0.05
6861,34.3,34.300001,34.416126,0.002437,9.99999997475243e-07,0,-0.3,-10.7,-3.8,1.04,0.2,-0.04
6862,34.305,34.305,34.421103,0.002417,0,0,-0.4,-10.7,-3.3,1.04,0.2,-0.04
6863,34.31,34.31,34.42515,0.001462,0,0,-0.4,-10.8,-3.6,1.03,0.2,-0.04
6864,34.315,34.315,34.431151,0.002463,0,0,-0.2,-10.7,-3.2,1.03,0.19,-0.04
6865,34.32,34.32,34.436163,0.002476,0,0,-0.2,-10.6,-3.1,1.04,0.18,-0.04
6866,34.325,34.325,34.440202,0.001515,0,0,-0.1,-10.6,-3,1.04,0.18,-0.04
6867,34.33,34.33,34.445142,0.001454,0,0,-0.1,-10.5,-3.7,1.03,0.19,-0.04
6868,34.335,34.335,34.451067,0.00238,0,0,-0.2,-10.5,-3.5,1.03,0.19,-0.04
6869,34.34,34.34,34.456102,0.002415,0,0,-0.2,-10.5,-3.2,1.03,0.19,-0.04
6870,34.345,34.345,34.460059,0.001372,0,0,-0.3,-10.6,-3,1.04,0.19,-0.04
6871,34.35,34.35,34.465164,0.001477,0,0,-0.3,-10.7,-2.7,1.05,0.18,-0.04
6872,34.355,34.355001,34.471164,0.002476,9.99999997475243e-07,0,-0.2,-10.7,-2.9,1.04,0.17,-0.04
6873,34.36,34.36,34.475028,0.001341,0,0,-0.3,-10.7,-3.1,1.04,0.18,-0.04
6874,34.365,34.365,34.480046,0.001359,0,0,-0.4,-10.7,-3.1,1.04,0.18,-0.04
6875,34.37,34.37,34.48625,0.002563,0,0,-0.2,-10.8,-3.5,1.04,0.18,-0.04
6876,34.375,34.375,34.491111,0.002423,0,0,-0.2,-10.9,-3.3,1.04,0.18,-0.04
6877,34.38,34.38,34.495032,0.001345,0,0,-0.3,-10.9,-3.6,1.03,0.19,-0.04
6878,34.385,34.385,34.501172,0.002484,0,0,-0.4,-10.9,-4,1.03,0.2,-0.05
6879,34.39,34.39,34.506025,0.002338,0,0,-0.4,-10.8,-3.1,1.04,0.19,-0.04
6880,34.395,34.395,34.510033,0.001346,0,0,-0.3,-10.7,-3.7,1.03,0.18,-0.04
6881,34.4,34.4,34.515035,0.001347,0,0,-0.3,-10.8,-3.9,1.03,0.19,-0.04
6882,34.405,34.405,34.521107,0.00242,0,0,-0.4,-10.8,-3.6,1.03,0.19,-0.04
6883,34.41,34.410001,34.526079,0.002391,9.99999997475243e-07,0,-0.3,-10.8,-3.6,1.03,0.19,-0.04
6884,34.415,34.415,34.53008,0.001393,0,0,-0.3,-10.8,-3.7,1.04,0.19,-0.05
6885,34.42,34.42,34.536101,0.002414,0,0,-0.3,-10.8,-3.2,1.04,0.18,-0.04
6886,34.425,34.425002,34.54121,0.002521,1.99999999495049e-06,0,-0.3,-10.7,-3.5,1.04,0.19,-0.05
6887,34.43,34.43,34.545045,0.001358,0,0,-0.4,-10.8,-3.5,1.04,0.2,-0.04
6888,34.435,34.435,34.550189,0.001502,0,0,-0.3,-10.8,-3.1,1.04,0.19,-0.04
6889,34.44,34.44,34.556093,0.002406,0,0,-0.2,-10.8,-3.5,1.04,0.19,-0.04
6890,34.445,34.445,34.560042,0.001355,0,0,-0.3,-10.8,-3.6,1.04,0.18,-0.04
6891,34.45,34.45,34.565012,0.001325,0,0,-0.1,-10.8,-3.2,1.04,0.18,-0.04
6892,34.455,34.455,34.571068,0.002381,0,0,0,-10.8,-3.2,1.04,0.18,-0.04
6893,34.46,34.46,34.576046,0.002359,0,0,-0.2,-10.7,-3.8,1.03,0.19,-0.05
6894,34.465,34.465,34.580007,0.00132,0,0,-0.2,-10.7,-3.8,1.03,0.19,-0.04
6895,34.47,34.47,34.586357,0.002671,0,0,-0.1,-10.7,-3.9,1.03,0.19,-0.04
6896,34.475,34.475001,34.591141,0.002453,9.99999997475243e-07,0,-0.2,-10.8,-3.2,1.04,0.19,-0.04
6897,34.48,34.480001,34.595033,0.001345,9.99999997475243e-07,0,-0.3,-10.7,-3.5,1.03,0.19,-0.04
6898,34.485,34.485,34.600083,0.001396,0,0,-0.2,-10.7,-3.5,1.03,0.19,-0.04
6899,34.49,34.49,34.606068,0.002381,0,0,-0.3,-10.7,-3.8,1.03,0.19,-0.05
6900,34.495,34.495,34.610021,0.001334,0,0,-0.4,-10.7,-4.4,1.02,0.21,-0.05
6901,34.5,34.5,34.615031,0.001344,0,0,-0.3,-10.8,-4.1,1.03,0.2,-0.05
6902,34.505,34.505,34.621235,0.002548,0,0,-0.3,-10.7,-4,1.03,0.19,-0.05
6903,34.51,34.51,34.62611,0.002423,0,0,-0.2,-10.7,-3.8,1.03,0.19,-0.05
6904,34.515,34.515,34.630028,0.001341,0,0,-0.2,-10.7,-3.4,1.03,0.18,-0.04
6905,34.52,34.52,34.636038,0.002351,0,0,-0.1,-10.7,-3.2,1.04,0.18,-0.04
6906,34.525,34.525,34.6412,0.002513,0,0,-0.2,-10.7,-3.1,1.04,0.18,-0.04
6907,34.53,34.53,34.64502,0.001333,0,0,-0.3,-10.7,-2.7,1.04,0.18,-0.04
6908,34.535,34.535001,34.650192,0.001504,9.99999997475243e-07,0,-0.3,-10.7,-3.3,1.03,0.19,-0.04
6909,34.54,34.54,34.656154,0.002467,0,0,-0.2,-10.6,-3.3,1.04,0.18,-0.04
6910,34.545,34.545,34.661196,0.002509,0,0,-0.2,-10.7,-3.7,1.03,0.18,-0.04
6911,34.55,34.550001,34.665099,0.001412,9.99999997475243e-07,0,-0.2,-10.7,-3.2,1.04,0.18,-0.04
6912,34.555,34.555,34.671133,0.002446,0,0,-0.3,-10.8,-2.9,1.04,0.18,-0.04
6913,34.56,34.56,34.676101,0.002414,0,0,-0.2,-10.7,-3.5,1.03,0.18,-0.04
6914,34.565,34.565,34.680107,0.00142,0,0,-0.4,-10.9,-3.2,1.04,0.19,-0.04
6915,34.57,34.57,34.68645,0.002763,0,0,-0.4,-10.8,-2.5,1.04,0.18,-0.03
6916,34.575,34.575,34.691223,0.002536,0,0,-0.3,-10.6,-3.2,1.04,0.19,-0.04
6917,34.58,34.58,34.695075,0.001389,0,0,-0.4,-10.7,-3.3,1.04,0.19,-0.04
6918,34.585,34.585,34.700196,0.001509,0,0,-0.5,-10.6,-3.9,1.03,0.21,-0.05
6919,34.59,34.59,34.706179,0.002491,0,0,-0.4,-10.8,-3.8,1.03,0.21,-0.05
6920,34.595,34.595,34.711157,0.00247,0,0,-0.5,-10.7,-4.7,1.03,0.21,-0.05
6921,34.6,34.6,34.715078,0.00139,0,0,-0.4,-10.7,-4.4,1.03,0.2,-0.05
6922,34.605,34.605002,34.720579,0.00189,1.99999999495049e-06,0,-0.3,-10.7,-4.1,1.03,0.2,-0.04
6923,34.61,34.61,34.726203,0.002516,0,0,-0.2,-10.6,-4.2,1.03,0.19,-0.04
6924,34.615,34.615,34.730029,0.001342,0,0,-0.2,-10.7,-3.9,1.03,0.19,-0.04
6925,34.62,34.62,34.735033,0.001346,0,0,-0.3,-10.7,-3.3,1.04,0.18,-0.04
6926,34.625,34.625,34.74118,0.002494,0,0,-0.2,-10.7,-3.4,1.04,0.18,-0.04
6927,34.63,34.63,34.746073,0.002386,0,0,-0.2,-10.7,-3,1.04,0.18,-0.04
6928,34.635,34.635,34.750039,0.001352,0,0,-0.2,-10.7,-3.6,1.04,0.18,-0.04
6929,34.64,34.64,34.755141,0.001455,0,0,-0.2,-10.8,-3.2,1.04,0.18,-0.04
6930,34.645,34.645,34.761052,0.002365,0,0,-0.2,-10.8,-2.9,1.04,0.18,-0.04
6931,34.65,34.65,34.764993,0.001306,0,0,-0.3,-10.7,-2.3,1.04,0.17,-0.04
6932,34.655,34.655,34.770117,0.001429,0,0,-0.3,-10.8,-2.7,1.05,0.18,-0.04
6933,34.66,34.660001,34.776068,0.00238,9.99999997475243e-07,0,-0.4,-10.8,-2.9,1.04,0.18,-0.04
6934,34.665,34.665,34.781033,0.002346,0,0,-0.3,-10.7,-2.8,1.04,0.18,-0.04
6935,34.67,34.67,34.785049,0.001362,0,0,-0.3,-10.7,-3.1,1.04,0.19,-0.04
6936,34.675,34.675001,34.790247,0.00156,9.99999997475243e-07,0,-0.4,-10.8,-2.8,1.04,0.19,-0.04
6937,34.68,34.68,34.796119,0.002431,0,0,-0.3,-10.8,-2.5,1.04,0.18,-0.04
6938,34.685,34.685,34.801061,0.002374,0,0,-0.3,-10.7,-3,1.04,0.18,-0.04
6939,34.69,34.69,34.805045,0.001358,0,0,-0.3,-10.7,-3.1,1.04,0.18,-0.04
6940,34.695,34.695,34.810171,0.001484,0,0,-0.3,-10.8,-2.8,1.04,0.19,-0.04
6941,34.7,34.7,34.816155,0.002467,0,0,-0.3,-10.9,-3,1.04,0.18,-0.04
6942,34.705,34.705,34.821038,0.002351,0,0,-0.3,-10.8,-3,1.03,0.19,-0.04
6943,34.71,34.71,34.825019,0.001331,0,0,-0.4,-10.8,-3.2,1.03,0.19,-0.04
6944,34.715,34.715,34.831125,0.002438,0,0,-0.4,-10.8,-2.7,1.04,0.18,-0.04
6945,34.72,34.720001,34.836117,0.002429,1.00000000458067e-06,0,-0.3,-10.8,-3.8,1.04,0.19,-0.05
6946,34.725,34.725,34.840029,0.001342,0,0,-0.4,-10.8,-3.9,1.04,0.19,-0.05
6947,34.73,34.730001,34.845162,0.001474,9.99999997475243e-07,0,-0.4,-10.8,-3.9,1.04,0.19,-0.05
6948,34.735,34.735,34.851076,0.00239,0,0,-0.4,-10.9,-4,1.04,0.2,-0.05
6949,34.74,34.74,34.855056,0.001369,0,0,-0.3,-10.9,-3.6,1.04,0.19,-0.04
6950,34.745,34.745,34.860076,0.001389,0,0,-0.1,-10.7,-3.4,1.03,0.18,-0.04
6951,34.75,34.75,34.866032,0.002345,0,0,-0.2,-10.8,-3.4,1.03,0.19,-0.04
6952,34.755,34.755,34.871077,0.002391,0,0,-0.2,-10.7,-3,1.03,0.18,-0.04
6953,34.76,34.76,34.875031,0.001344,0,0,-0.2,-10.7,-2.7,1.03,0.18,-0.04
6954,34.765,34.765,34.881043,0.002356,0,0,-0.2,-10.7,-3.5,1.03,0.19,-0.04
6955,34.77,34.77,34.886157,0.00247,0,0,-0.2,-10.7,-3.1,1.04,0.18,-0.04
6956,34.775,34.775002,34.890347,0.001658,2.00000000205591e-06,0,-0.1,-10.7,-3.1,1.04,0.17,-0.04
6957,34.78,34.78,34.895251,0.001563,0,0,-0.2,-10.7,-2.7,1.05,0.18,-0.04
6958,34.785,34.785001,34.901119,0.002431,9.99999997475243e-07,0,-0.2,-10.7,-2.6,1.05,0.17,-0.04
6959,34.79,34.79,34.90514,0.001453,0,0,-0.4,-10.7,-3.2,1.05,0.19,-0.04
6960,34.795,34.795,34.910238,0.001551,0,0,-0.3,-10.7,-3.4,1.04,0.19,-0.04
6961,34.8,34.800001,34.916196,0.002507,9.99999997475243e-07,0,-0.3,-10.7,-3,1.04,0.18,-0.04
6962,34.805,34.805,34.920085,0.001398,0,0,-0.2,-10.6,-3.3,1.04,0.18,-0.04
6963,34.81,34.81,34.925126,0.00144,0,0,-0.2,-10.6,-3.6,1.03,0.18,-0.04
6964,34.815,34.815,34.931116,0.002428,0,0,-0.2,-10.7,-3.2,1.04,0.18,-0.04
6965,34.82,34.82,34.936141,0.002455,0,0,-0.2,-10.7,-2.7,1.04,0.17,-0.04
6966,34.825,34.825,34.940023,0.001336,0,0,-0.3,-10.8,-2.8,1.04,0.18,-0.03
6967,34.83,34.83,34.945161,0.001474,0,0,-0.2,-10.8,-3.2,1.04,0.18,-0.04
6968,34.835,34.835,34.951066,0.002379,0,0,-0.4,-10.9,-3.2,1.04,0.19,-0.04
6969,34.84,34.84,34.955118,0.001432,0,0,-0.2,-10.8,-3.1,1.04,0.18,-0.04
6970,34.845,34.845,34.960087,0.001399,0,0,-0.4,-10.7,-3.7,1.04,0.19,-0.04
6971,34.85,34.85,34.966018,0.002331,0,0,-0.4,-10.8,-3.6,1.04,0.19,-0.05
6972,34.855,34.855001,34.970199,0.001512,9.99999997475243e-07,0,-0.4,-10.8,-3.5,1.04,0.19,-0.05
6973,34.86,34.86,34.975091,0.001404,0,0,-0.4,-10.8,-4.1,1.04,0.19,-0.05
6974,34.865,34.865,34.981085,0.002397,0,0,-0.3,-10.8,-3.9,1.04,0.19,-0.05
6975,34.87,34.87,34.986054,0.002367,0,0,-0.2,-10.8,-3.5,1.04,0.19,-0.04
6976,34.875,34.875,34.99005,0.001363,0,0,-0.3,-10.7,-4,1.03,0.19,-0.05
6977,34.88,34.88,34.995163,0.001476,0,0,-0.4,-10.8,-3.9,1.03,0.2,-0.05
6978,34.885,34.885,35.001053,0.002366,0,0,-0.3,-10.7,-3.9,1.03,0.19,-0.05
6979,34.89,34.89,35.005041,0.001354,0,0,-0.3,-10.8,-3.5,1.03,0.19,-0.04
6980,34.895,34.895,35.010081,0.001394,0,0,-0.3,-10.8,-3.8,1.04,0.19,-0.04
6981,34.9,34.9,35.016024,0.002342,0,0,-0.2,-10.7,-3.8,1.04,0.18,-0.05
6982,34.905,34.905,35.021225,0.002539,0,0,-0.2,-10.6,-3.7,1.04,0.18,-0.05
6983,34.91,34.910003,35.026505,0.002814,2.99999999953116e-06,0,-0.2,-10.7,-3.7,1.04,0.18,-0.05
6984,34.915,34.915,35.031054,0.002367,0,0,-0.3,-10.7,-3.9,1.04,0.19,-0.05
6985,34.92,34.92,35.036026,0.002339,0,0,-0.3,-10.8,-3.9,1.04,0.18,-0.05
6986,34.925,34.925001,35.040062,0.001374,9.99999997475243e-07,0,-0.3,-10.7,-3.9,1.04,0.18,-0.05
6987,34.93,34.93,35.045038,0.001351,0,0,-0.4,-10.7,-3.9,1.04,0.19,-0.05
6988,34.935,34.935,35.051204,0.002518,0,0,-0.2,-10.7,-3.6,1.04,0.18,-0.04
6989,34.94,34.94,35.055062,0.001375,0,0,-0.2,-10.8,-3,1.04,0.17,-0.04
6990,34.945,34.945,35.060141,0.001455,0,0,-0.2,-10.8,-2.8,1.04,0.17,-0.04
6991,34.95,34.95,35.065426,0.001738,0,0,-0.5,-10.8,-3.2,1.04,0.19,-0.05
6992,34.955,34.955,35.071309,0.002622,0,0,-0.5,-10.8,-3.4,1.05,0.19,-0.05
6993,34.96,34.96,35.076069,0.002381,0,0,-0.5,-10.8,-3.4,1.05,0.19,-0.05
6994,34.965,34.965,35.080129,0.001442,0,0,-0.4,-10.8,-3.6,1.05,0.19,-0.05
6995,34.97,34.97,35.086174,0.002488,0,0,-0.3,-10.7,-3.1,1.04,0.18,-0.04
6996,34.975,34.975,35.091194,0.002506,0,0,-0.4,-10.7,-3.5,1.04,0.19,-0.04
6997,34.98,34.980001,35.095033,0.001344,9.99999997475243e-07,0,-0.2,-10.7,-3.6,1.04,0.18,-0.04
6998,34.985,34.985,35.10116,0.002473,0,0,-0.3,-10.7,-3.7,1.03,0.19,-0.04
6999,34.99,34.990001,35.106062,0.002374,9.99999997475243e-07,0,-0.3,-10.6,-3.5,1.04,0.19,-0.05
7000,34.995,34.995,35.110014,0.001327,0,0,-0.3,-10.7,-3.5,1.04,0.19,-0.05
7001,35,35,35.116052,0.002365,0,0,-0.3,-10.8,-3.1,1.04,0.19,-0.04
7002,35.005,35.005,35.121045,0.002358,0,0,-0.5,-10.7,-3.4,1.04,0.2,-0.05
7003,35.01,35.01,35.12508,0.001393,0,0,-0.4,-10.7,-3.9,1.03,0.21,-0.05
7004,35.015,35.015,35.13006,0.001373,0,0,-0.3,-10.7,-3.5,1.03,0.19,-0.04
7005,35.02,35.02,35.136039,0.002352,0,0,-0.4,-10.8,-3.5,1.03,0.19,-0.04
7006,35.025,35.025,35.14119,0.002503,0,0,-0.4,-10.9,-3.5,1.04,0.19,-0.04
7007,35.03,35.03,35.145044,0.001357,0,0,-0.3,-10.8,-2.9,1.04,0.17,-0.03
7008,35.035,35.035001,35.150002,0.001314,9.99999997475243e-07,0,-0.1,-10.8,-2.6,1.04,0.17,-0.03
7009,35.04,35.04,35.156202,0.002514,0,0,0,-10.7,-3.4,1.04,0.17,-0.04
7010,35.045,35.045,35.160059,0.001372,0,0,-0.2,-10.6,-4.3,1.03,0.18,-0.04
7011,35.05,35.050001,35.165186,0.001498,9.99999997475243e-07,0,-0.3,-10.7,-3.7,1.04,0.18,-0.04
7012,35.055,35.055001,35.171229,0.002542,9.99999997475243e-07,0,-0.4,-10.8,-3.3,1.04,0.19,-0.04
7013,35.06,35.06,35.175058,0.00137,0,0,-0.4,-10.7,-3.5,1.04,0.18,-0.04
7014,35.065,35.065,35.180049,0.001362,0,0,-0.2,-10.7,-3.1,1.04,0.17,-0.04
7015,35.07,35.07,35.18608,0.002393,0,0,-0.4,-10.8,-3,1.05,0.19,-0.04
7016,35.075,35.075,35.191099,0.002412,0,0,-0.4,-10.8,-3.3,1.04,0.19,-0.04
7017,35.08,35.08,35.195045,0.001359,0,0,-0.3,-10.9,-2.9,1.05,0.18,-0.04
7018,35.085,35.085,35.200091,0.001404,0,0,-0.1,-10.8,-3,1.05,0.17,-0.03
7019,35.09,35.09,35.206075,0.002388,0,0,-0.2,-10.8,-3,1.04,0.18,-0.03
7020,35.095,35.095,35.211047,0.00236,0,0,-0.4,-10.7,-2.5,1.04,0.17,-0.03
7021,35.1,35.1,35.215046,0.001358,0,0,-0.5,-10.6,-2.7,1.04,0.18,-0.04
7022,35.105,35.105001,35.220116,0.001428,9.99999997475243e-07,0,-0.3,-10.7,-2.6,1.04,0.18,-0.04
7023,35.11,35.11,35.226148,0.00246,0,0,-0.4,-10.7,-3.3,1.04,0.19,-0.04
7024,35.115,35.115,35.230041,0.001353,0,0,-0.3,-10.7,-3.7,1.04,0.2,-0.05
7025,35.12,35.12,35.235053,0.001366,0,0,-0.3,-10.7,-3.2,1.04,0.19,-0.05
7026,35.125,35.125,35.241054,0.002366,0,0,-0.3,-10.8,-3,1.05,0.18,-0.04
7027,35.13,35.13,35.246032,0.002345,0,0,-0.2,-10.7,-3.1,1.04,0.17,-0.04
7028,35.135,35.135,35.250086,0.0014,0,0,-0.2,-10.7,-3.3,1.04,0.18,-0.04
7029,35.14,35.14,35.255413,0.001726,0,0,-0.3,-10.7,-3.6,1.03,0.19,-0.04
7030,35.145,35.145,35.261153,0.002465,0,0,-0.3,-10.8,-3.5,1.03,0.19,-0.04
7031,35.15,35.15,35.265048,0.001362,0,0,-0.3,-10.8,-3.5,1.03,0.19,-0.05
7032,35.155,35.155,35.271119,0.002432,0,0,-0.3,-10.7,-4,1.02,0.19,-0.05
7033,35.16,35.160001,35.276048,0.002359,9.99999997475243e-07,0,-0.4,-10.7,-4.3,1.02,0.2,-0.05
7034,35.165,35.165,35.280051,0.001364,0,0,-0.3,-10.7,-4.3,1.03,0.19,-0.05
7035,35.17,35.17,35.286035,0.002348,0,0,-0.2,-10.7,-3.6,1.03,0.18,-0.05
7036,35.175,35.175001,35.291094,0.002406,9.99999997475243e-07,0,-0.3,-10.8,-3.9,1.04,0.19,-0.05
7037,35.18,35.18,35.295037,0.001349,0,0,-0.4,-10.8,-3.7,1.04,0.19,-0.05
7038,35.185,35.185,35.300051,0.001364,0,0,-0.1,-10.8,-3.2,1.04,0.18,-0.04
7039,35.19,35.19,35.306017,0.002329,0,0,-0.1,-10.7,-3.6,1.03,0.18,-0.04
7040,35.195,35.195,35.311015,0.002327,0,0,-0.2,-10.6,-3.3,1.04,0.18,-0.04
7041,35.2,35.2,35.315081,0.001394,0,0,-0.2,-10.8,-3.1,1.04,0.18,-0.04
7042,35.205,35.205,35.321085,0.002398,0,0,-0.5,-10.8,-3.6,1.04,0.19,-0.04
7043,35.21,35.21,35.326142,0.002454,0,0,-0.6,-10.9,-3.8,1.04,0.2,-0.05
7044,35.215,35.215,35.330028,0.001341,0,0,-0.6,-10.9,-4.1,1.04,0.2,-0.05
7045,35.22,35.22,35.335109,0.001423,0,0,-0.5,-10.8,-4.5,1.03,0.2,-0.05
7046,35.225,35.225001,35.341259,0.002571,9.99999997475243e-07,0,-0.5,-10.7,-3.7,1.04,0.2,-0.05
7047,35.23,35.230001,35.346048,0.00236,9.99999997475243e-07,0,-0.3,-10.7,-3.3,1.04,0.19,-0.04
7048,35.235,35.235,35.350048,0.001361,0,0,-0.2,-10.7,-3.6,1.04,0.18,-0.05
7049,35.24,35.24,35.35607,0.002383,0,0,-0.3,-10.8,-3.6,1.04,0.19,-0.05
7050,35.245,35.245,35.361041,0.002354,0,0,-0.5,-10.9,-3.9,1.04,0.21,-0.04
7051,35.25,35.25,35.365058,0.00137,0,0,-0.5,-10.8,-4,1.04,0.21,-0.04
7052,35.255,35.255,35.370152,0.001465,0,0,-0.4,-10.8,-3.1,1.04,0.19,-0.04
7053,35.26,35.26,35.376114,0.002427,0,0,-0.4,-10.8,-3.2,1.04,0.19,-0.04
7054,35.265,35.265,35.380009,0.001322,0,0,-0.4,-10.8,-3.3,1.04,0.19,-0.04
7055,35.27,35.27,35.385223,0.001536,0,0,-0.3,-10.8,-3,1.04,0.18,-0.04
7056,35.275,35.275001,35.391257,0.002568,1.00000000458067e-06,0,-0.2,-10.7,-3.1,1.04,0.18,-0.04
7057,35.28,35.28,35.395029,0.001341,0,0,-0.3,-10.9,-3,1.04,0.18,-0.04
7058,35.285,35.285001,35.40014,0.001453,9.99999997475243e-07,0,-0.3,-10.9,-3.4,1.04,0.19,-0.05
7059,35.29,35.29,35.406074,0.002387,0,0,-0.2,-10.8,-3.4,1.04,0.19,-0.05
7060,35.295,35.295,35.411078,0.002391,0,0,0,-10.8,-3.2,1.04,0.18,-0.04
7061,35.3,35.300001,35.415059,0.001371,9.99999997475243e-07,0,-0.1,-10.7,-2.9,1.04,0.18,-0.04
7062,35.305,35.305,35.420251,0.001564,0,0,-0.2,-10.7,-3.3,1.03,0.19,-0.04
7063,35.31,35.31,35.426141,0.002453,0,0,-0.3,-10.7,-3.2,1.03,0.19,-0.04
7064,35.315,35.315,35.430068,0.001381,0,0,-0.2,-10.8,-2.6,1.04,0.18,-0.03
7065,35.32,35.320001,35.435282,0.001596,9.99999997475243e-07,0,-0.2,-10.7,-2.6,1.04,0.18,-0.03
7066,35.325,35.325,35.441069,0.002381,0,0,-0.4,-10.7,-3,1.03,0.2,-0.03
7067,35.33,35.33,35.445029,0.001341,0,0,-0.4,-10.7,-3.2,1.03,0.19,-0.04
7068,35.335,35.335,35.450111,0.001423,0,0,-0.3,-10.7,-3.7,1.03,0.2,-0.04
7069,35.34,35.34,35.456128,0.00244,0,0,-0.3,-10.7,-3.9,1.03,0.2,-0.04
7070,35.345,35.345,35.460028,0.001341,0,0,-0.3,-10.8,-4,1.04,0.2,-0.05
7071,35.35,35.35,35.465013,0.001326,0,0,-0.3,-10.8,-3.4,1.04,0.19,-0.05
7072,35.355,35.355001,35.471151,0.002463,9.99999997475243e-07,0,-0.1,-10.8,-3.2,1.05,0.18,-0.04
7073,35.36,35.36,35.475032,0.001345,0,0,-0.2,-10.7,-3.4,1.04,0.18,-0.04
7074,35.365,35.365,35.480021,0.001334,0,0,-0.2,-10.7,-3.6,1.04,0.18,-0.05
7075,35.37,35.37,35.486029,0.002342,0,0,-0.2,-10.7,-3.3,1.04,0.18,-0.04
7076,35.375,35.375,35.49121,0.002523,0,0,-0.1,-10.8,-2.5,1.04,0.16,-0.03
7077,35.38,35.38,35.49505,0.001362,0,0,0,-10.7,-2.4,1.05,0.16,-0.03
7078,35.385,35.385,35.501091,0.002405,0,0,-0.2,-10.8,-3,1.04,0.17,-0.03
7079,35.39,35.39,35.506097,0.00241,0,0,-0.3,-10.8,-2.9,1.04,0.18,-0.03
7080,35.395,35.395,35.51003,0.001343,0,0,-0.3,-10.9,-3.2,1.04,0.18,-0.04
7081,35.4,35.4,35.515171,0.001484,0,0,-0.4,-10.9,-3.1,1.04,0.18,-0.04
7082,35.405,35.405,35.521105,0.002418,0,0,-0.3,-10.8,-3.1,1.04,0.17,-0.04
7083,35.41,35.410001,35.525062,0.001374,9.99999997475243e-07,0,-0.3,-10.8,-3.4,1.04,0.18,-0.04
7084,35.415,35.415,35.53008,0.001393,0,0,-0.2,-10.7,-3.2,1.04,0.18,-0.04
7085,35.42,35.42,35.536077,0.002389,0,0,-0.2,-10.8,-3.5,1.04,0.18,-0.04
7086,35.425,35.425001,35.541038,0.00235,9.99999997475243e-07,0,-0.3,-10.7,-3.3,1.03,0.18,-0.04
7087,35.43,35.43,35.545016,0.001329,0,0,-0.2,-10.7,-2.7,1.03,0.17,-0.04
7088,35.435,35.435,35.550109,0.001421,0,0,-0.3,-10.7,-3.3,1.04,0.18,-0.04
7089,35.44,35.44,35.556099,0.002412,0,0,-0.3,-10.7,-3.3,1.03,0.18,-0.04
7090,35.445,35.445,35.560068,0.001381,0,0,-0.2,-10.8,-3,1.04,0.18,-0.04
7091,35.45,35.45,35.565116,0.001429,0,0,-0.4,-10.8,-3.2,1.04,0.19,-0.04
7092,35.455,35.455,35.571052,0.002365,0,0,-0.4,-10.8,-3.3,1.05,0.19,-0.04
7093,35.46,35.46,35.575016,0.001328,0,0,-0.3,-10.8,-3.1,1.05,0.19,-0.04
7094,35.465,35.465,35.580103,0.001417,0,0,-0.2,-10.7,-3.4,1.04,0.18,-0.04
7095,35.47,35.47,35.586243,0.002556,0,0,-0.2,-10.8,-3.5,1.04,0.19,-0.04
7096,35.475,35.475,35.591198,0.002511,0,0,-0.4,-10.8,-4.2,1.03,0.2,-0.05
7097,35.48,35.480001,35.595193,0.001505,9.99999997475243e-07,0,-0.4,-10.7,-3.8,1.03,0.19,-0.04
7098,35.485,35.485,35.600622,0.001936,0,0,-0.3,-10.7,-4.3,1.03,0.2,-0.04
7099,35.49,35.490001,35.606404,0.002717,9.99999997475243e-07,0,-0.3,-10.6,-4,1.03,0.2,-0.04
7100,35.495,35.495,35.610109,0.001421,0,0,-0.4,-10.7,-3.6,1.03,0.19,-0.04
7101,35.5,35.5,35.615301,0.001613,0,0,-0.3,-10.7,-3.9,1.03,0.2,-0.04
7102,35.505,35.505,35.621326,0.002639,0,0,-0.3,-10.7,-4,1.03,0.2,-0.04
7103,35.51,35.510001,35.625354,0.001667,1.00000000458067e-06,0,-0.2,-10.8,-4.4,1.02,0.19,-0.04
7104,35.515,35.515,35.630342,0.001655,0,0,-0.2,-10.8,-3.8,1.03,0.19,-0.04
7105,35.52,35.52,35.636198,0.00251,0,0,-0.3,-10.8,-3.3,1.03,0.19,-0.03
7106,35.525,35.525,35.640053,0.001365,0,0,-0.3,-10.8,-3,1.03,0.18,-0.03
7107,35.53,35.53,35.645028,0.001341,0,0,-0.3,-10.8,-2.6,1.04,0.18,-0.03
7108,35.535,35.535001,35.651034,0.002346,9.99999997475243e-07,0,-0.3,-10.8,-3.1,1.04,0.18,-0.04
7109,35.54,35.54,35.656074,0.002387,0,0,-0.4,-10.9,-2.8,1.05,0.18,-0.04
7110,35.545,35.545,35.660041,0.001354,0,0,-0.3,-10.8,-2.9,1.04,0.18,-0.04
7111,35.55,35.550001,35.665101,0.001414,9.99999997475243e-07,0,-0.2,-10.7,-3.1,1.04,0.18,-0.04
7112,35.555,35.555,35.6711,0.002413,0,0,-0.1,-10.6,-3.1,1.04,0.17,-0.04
7113,35.56,35.56,35.676025,0.002338,0,0,0,-10.7,-2.4,1.04,0.16,-0.03
7114,35.565,35.565,35.680017,0.001331,0,0,-0.1,-10.7,-2.4,1.04,0.16,-0.04
7115,35.57,35.57,35.686087,0.0024,0,0,-0.2,-10.7,-3,1.04,0.18,-0.04
7116,35.575,35.575,35.690073,0.001386,0,0,-0.2,-10.7,-2.9,1.04,0.18,-0.04
7117,35.58,35.58,35.695158,0.00147,0,0,-0.2,-10.7,-3.3,1.03,0.18,-0.04
7118,35.585,35.585,35.701051,0.002365,0,0,-0.2,-10.7,-3.4,1.03,0.19,-0.04
7119,35.59,35.59,35.706087,0.0024,0,0,-0.2,-10.7,-2.8,1.04,0.18,-0.03
7120,35.595,35.595,35.710065,0.001378,0,0,-0.3,-10.8,-2.8,1.04,0.18,-0.04
7121,35.6,35.6,35.715053,0.001366,0,0,-0.2,-10.7,-3,1.04,0.18,-0.04
7122,35.605,35.605001,35.721071,0.002384,9.99999997475243e-07,0,-0.2,-10.8,-3,1.03,0.18,-0.04
7123,35.61,35.61,35.726068,0.00238,0,0,-0.1,-10.7,-2.6,1.04,0.17,-0.04
7124,35.615,35.615,35.730106,0.001419,0,0,-0.2,-10.8,-2.5,1.04,0.17,-0.04
7125,35.62,35.62,35.736046,0.002359,0,0,-0.3,-10.7,-3.5,1.04,0.18,-0.04
7126,35.625,35.625,35.740012,0.001325,0,0,-0.5,-10.8,-3.2,1.04,0.19,-0.04
7127,35.63,35.63,35.745247,0.001559,0,0,-0.3,-10.8,-3.2,1.04,0.18,-0.05
7128,35.635,35.635,35.751018,0.002331,0,0,-0.2,-10.7,-2.7,1.05,0.17,-0.04
7129,35.64,35.64,35.755074,0.001387,0,0,-0.2,-10.7,-3.4,1.04,0.18,-0.05
7130,35.645,35.645,35.7602,0.001512,0,0,-0.3,-10.8,-3.1,1.04,0.18,-0.04
7131,35.65,35.65,35.766062,0.002375,0,0,-0.3,-10.8,-3.3,1.04,0.19,-0.04
7132,35.655,35.655,35.771155,0.002468,0,0,-0.3,-10.8,-3.1,1.04,0.18,-0.04
7133,35.66,35.660001,35.775015,0.001327,9.99999997475243e-07,0,-0.4,-10.7,-3.3,1.04,0.19,-0.04
7134,35.665,35.665,35.781114,0.002427,0,0,-0.4,-10.7,-3.2,1.04,0.19,-0.04
7135,35.67,35.67,35.786072,0.002385,0,0,-0.5,-10.7,-3.2,1.04,0.19,-0.04
7136,35.675,35.675001,35.790093,0.001405,9.99999997475243e-07,0,-0.5,-10.7,-3.4,1.04,0.2,-0.04
7137,35.68,35.68,35.796087,0.0024,0,0,-0.3,-10.7,-2.7,1.04,0.19,-0.04
7138,35.685,35.685,35.801028,0.00234,0,0,-0.3,-10.7,-2.7,1.04,0.18,-0.03
7139,35.69,35.69,35.80508,0.001392,0,0,-0.3,-10.8,-2.8,1.04,0.18,-0.04
7140,35.695,35.695,35.810161,0.001474,0,0,-0.3,-10.6,-3,1.04,0.18,-0.04
7141,35.7,35.7,35.816035,0.002348,0,0,-0.2,-10.6,-2.8,1.04,0.17,-0.04
7142,35.705,35.705,35.821041,0.002354,0,0,-0.3,-10.6,-2.8,1.04,0.18,-0.04
7143,35.71,35.71,35.825051,0.001364,0,0,-0.3,-10.6,-2.9,1.04,0.18,-0.04
7144,35.715,35.715,35.831124,0.002436,0,0,-0.4,-10.6,-3.1,1.04,0.18,-0.04
7145,35.72,35.72,35.836158,0.00247,0,0,-0.3,-10.7,-3.2,1.04,0.18,-0.04
7146,35.725,35.725,35.840069,0.001381,0,0,-0.3,-10.7,-2.6,1.04,0.18,-0.04
7147,35.73,35.730002,35.845275,0.001586,1.99999999495049e-06,0,-0.2,-10.7,-2.7,1.04,0.18,-0.04
7148,35.735,35.735,35.851168,0.002481,0,0,-0.2,-10.7,-3.2,1.04,0.19,-0.04
7149,35.74,35.74,35.856102,0.002416,0,0,-0.2,-10.8,-3.4,1.04,0.19,-0.04
7150,35.745,35.745,35.860067,0.001381,0,0,-0.3,-10.9,-3.6,1.04,0.2,-0.05
7151,35.75,35.75,35.866073,0.002386,0,0,-0.4,-10.8,-3.3,1.04,0.2,-0.04
7152,35.755,35.755,35.870215,0.001529,0,0,-0.4,-10.8,-3.1,1.04,0.19,-0.05
7153,35.76,35.76,35.87511,0.001423,0,0,-0.4,-10.7,-3.3,1.04,0.19,-0.05
7154,35.765,35.765,35.881105,0.002418,0,0,-0.4,-10.7,-3.5,1.04,0.19,-0.05
7155,35.77,35.77,35.886068,0.002381,0,0,-0.4,-10.6,-3.5,1.04,0.19,-0.05
7156,35.775,35.775,35.890088,0.001401,0,0,-0.2,-10.6,-3.6,1.03,0.18,-0.04
7157,35.78,35.78,35.896132,0.002445,0,0,-0.3,-10.7,-3.2,1.03,0.18,-0.04
7158,35.785,35.785001,35.901236,0.002548,9.99999997475243e-07,0,-0.3,-10.8,-3.3,1.04,0.18,-0.04
7159,35.79,35.79,35.905027,0.00134,0,0,-0.3,-10.7,-3.5,1.04,0.18,-0.04
7160,35.795,35.795,35.910338,0.001652,0,0,-0.4,-10.8,-4.3,1.03,0.2,-0.04
7161,35.8,35.800001,35.916141,0.002453,9.99999997475243e-07,0,-0.4,-10.8,-4,1.03,0.2,-0.04
7162,35.805,35.805,35.920014,0.001327,0,0,-0.3,-10.8,-3.5,1.03,0.18,-0.04
7163,35.81,35.810001,35.92517,0.001482,9.99999997475243e-07,0,-0.4,-10.8,-3.5,1.04,0.19,-0.05
7164,35.815,35.815,35.931068,0.002381,0,0,-0.4,-10.8,-3.3,1.04,0.19,-0.04
7165,35.82,35.82,35.936052,0.002365,0,0,-0.4,-10.8,-3.8,1.04,0.2,-0.04
7166,35.825,35.825,35.940148,0.001462,0,0,-0.6,-10.8,-3.9,1.04,0.21,-0.05
7167,35.83,35.83,35.946081,0.002394,0,0,-0.4,-10.8,-3.2,1.04,0.2,-0.04
7168,35.835,35.835,35.95104,0.002353,0,0,-0.2,-10.8,-2.9,1.04,0.18,-0.04
7169,35.84,35.84,35.955103,0.001416,0,0,-0.2,-10.8,-2.7,1.04,0.18,-0.03
7170,35.845,35.845,35.960182,0.001494,0,0,-0.1,-10.7,-2.7,1.04,0.18,-0.04
7171,35.85,35.85,35.966121,0.002434,0,0,-0.2,-10.7,-2.9,1.04,0.19,-0.04
7172,35.855,35.855001,35.971144,0.002455,9.99999997475243e-07,0,-0.1,-10.8,-3.1,1.04,0.18,-0.04
7173,35.86,35.86,35.975069,0.001382,0,0,-0.2,-10.7,-3.1,1.04,0.18,-0.03
7174,35.865,35.865,35.98101,0.002323,0,0,-0.3,-10.8,-3.7,1.04,0.2,-0.04
7175,35.87,35.87,35.986001,0.002314,0,0,-0.2,-10.7,-3.6,1.04,0.19,-0.04
7176,35.875,35.875,35.990112,0.001424,0,0,-0.2,-10.7,-3.2,1.04,0.18,-0.04
7177,35.88,35.88,35.995153,0.001465,0,0,-0.2,-10.8,-3.1,1.04,0.17,-0.04
7178,35.885,35.885,36.001101,0.002414,0,0,-0.3,-10.7,-3.1,1.04,0.19,-0.04
7179,35.89,35.89,36.005013,0.001326,0,0,-0.3,-10.7,-2.7,1.04,0.17,-0.03
7180,35.895,35.895,36.010072,0.001385,0,0,-0.3,-10.7,-3,1.04,0.18,-0.04
7181,35.9,35.9,36.01607,0.002383,0,0,-0.3,-10.7,-3.5,1.04,0.19,-0.04
7182,35.905,35.905001,36.021026,0.002338,9.99999997475243e-07,0,-0.1,-10.8,-2.6,1.05,0.17,-0.04
7183,35.91,35.910001,36.025019,0.001331,9.99999997475243e-07,0,-0.2,-10.7,-3.2,1.04,0.18,-0.04
7184,35.915,35.915,36.031084,0.002396,0,0,-0.2,-10.8,-3.5,1.04,0.19,-0.04
7185,35.92,35.92,36.036008,0.002321,0,0,-0.3,-10.8,-3.4,1.04,0.18,-0.04
7186,35.925,35.925001,36.040088,0.0014,9.99999997475243e-07,0,-0.4,-10.8,-3.7,1.04,0.19,-0.04
7187,35.93,35.93,36.046087,0.002399,0,0,-0.4,-10.8,-3.9,1.04,0.2,-0.05
7188,35.935,35.935,36.051051,0.002364,0,0,-0.5,-10.8,-3.6,1.04,0.19,-0.04
7189,35.94,35.94,36.05507,0.001382,0,0,-0.4,-10.7,-4,1.04,0.21,-0.04
7190,35.945,35.945,36.060171,0.001483,0,0,-0.2,-10.7,-3.8,1.03,0.19,-0.04
7191,35.95,35.95,36.0661,0.002413,0,0,-0.4,-10.8,-3.4,1.03,0.2,-0.04
7192,35.955,35.955,36.070077,0.00139,0,0,-0.3,-10.8,-2.9,1.04,0.18,-0.04
7193,35.96,35.96,36.075104,0.001412,0,0,-0.4,-10.8,-3.9,1.04,0.2,-0.04
7194,35.965,35.965,36.081095,0.002408,0,0,-0.4,-10.7,-3.7,1.04,0.2,-0.04
7195,35.97,35.97,36.086007,0.00232,0,0,-0.3,-10.7,-3.4,1.04,0.19,-0.04
7196,35.975,35.975,36.090079,0.001391,0,0,-0.3,-10.7,-3.2,1.04,0.18,-0.04
7197,35.98,35.980001,36.095247,0.001558,9.99999997475243e-07,0,-0.3,-10.7,-3.4,1.03,0.19,-0.04
7198,35.985,35.985,36.101078,0.002391,0,0,-0.3,-10.7,-3.2,1.04,0.19,-0.04
7199,35.99,35.99,36.105013,0.001326,0,0,-0.3,-10.7,-2.4,1.05,0.17,-0.04
7200,35.995,35.995,36.110286,0.001598,0,0,-0.3,-10.7,-3.2,1.04,0.18,-0.04
7201,36,36,36.116095,0.002407,0,0,-0.3,-10.7,-3.4,1.04,0.19,-0.04
7202,36.005,36.005,36.12,0.001313,0,0,-0.4,-10.7,-3.9,1.03,0.2,-0.04
7203,36.01,36.01,36.125176,0.001488,0,0,-0.3,-10.8,-2.9,1.04,0.18,-0.04
7204,36.015,36.015,36.131092,0.002405,0,0,-0.1,-10.7,-2.8,1.04,0.17,-0.04
7205,36.02,36.02,36.136019,0.002332,0,0,-0.2,-10.7,-2.8,1.05,0.18,-0.04
7206,36.025,36.025,36.140008,0.001321,0,0,-0.2,-10.8,-3.3,1.04,0.18,-0.04
7207,36.03,36.03,36.146106,0.002419,0,0,-0.3,-10.8,-3.1,1.04,0.19,-0.04
7208,36.035,36.035001,36.151116,0.002429,9.99999997475243e-07,0,-0.2,-10.6,-3.4,1.04,0.18,-0.04
7209,36.04,36.04,36.155022,0.001335,0,0,-0.2,-10.6,-3.3,1.04,0.18,-0.04
7210,36.045,36.045,36.160136,0.001449,0,0,-0.2,-10.7,-3.4,1.04,0.18,-0.04
7211,36.05,36.050001,36.166116,0.002429,9.99999997475243e-07,0,-0.4,-10.8,-3.1,1.04,0.19,-0.04
7212,36.055,36.055,36.170049,0.001362,0,0,-0.4,-10.7,-3.4,1.04,0.19,-0.04
7213,36.06,36.06,36.175252,0.001564,0,0,-0.5,-10.7,-3.9,1.03,0.19,-0.04
7214,36.065,36.065,36.181105,0.002417,0,0,-0.6,-10.8,-3.9,1.03,0.2,-0.04
7215,36.07,36.07,36.185092,0.001405,0,0,-0.6,-10.8,-4,1.03,0.2,-0.05
7216,36.075,36.075,36.190196,0.001508,0,0,-0.4,-10.8,-3.9,1.03,0.2,-0.04
7217,36.08,36.08,36.195298,0.00161,0,0,-0.2,-10.9,-3.4,1.04,0.18,-0.04
7218,36.085,36.085,36.20114,0.002453,0,0,-0.2,-10.9,-3.8,1.03,0.19,-0.04
7219,36.09,36.09,36.205057,0.00137,0,0,-0.3,-10.9,-4.1,1.03,0.2,-0.04
7220,36.095,36.095,36.210049,0.001361,0,0,-0.3,-10.8,-3.7,1.03,0.19,-0.04
7221,36.1,36.1,36.216033,0.002346,0,0,-0.3,-10.8,-3.7,1.03,0.19,-0.04
7222,36.105,36.105001,36.221068,0.002379,9.99999997475243e-07,0,-0.3,-10.8,-3.6,1.03,0.19,-0.05
7223,36.11,36.11,36.225044,0.001357,0,0,-0.4,-10.9,-3.8,1.03,0.19,-0.04
7224,36.115,36.115,36.231022,0.002335,0,0,-0.3,-10.8,-3.5,1.03,0.2,-0.04
7225,36.12,36.12,36.236141,0.002454,0,0,-0.2,-10.7,-3.5,1.03,0.18,-0.04
7226,36.125,36.125,36.240031,0.001344,0,0,-0.2,-10.7,-3.9,1.03,0.2,-0.04
7227,36.13,36.13,36.245086,0.001398,0,0,-0.2,-10.7,-3.7,1.03,0.19,-0.04
7228,36.135,36.135,36.251126,0.002439,0,0,-0.3,-10.8,-3.9,1.03,0.2,-0.04
7229,36.14,36.14,36.256144,0.002458,0,0,-0.3,-10.7,-4.1,1.03,0.2,-0.05
7230,36.145,36.145,36.260218,0.001531,0,0,-0.3,-10.7,-3.9,1.03,0.2,-0.05
7231,36.15,36.15,36.265146,0.001458,0,0,-0.3,-10.7,-3.5,1.03,0.19,-0.05
7232,36.155,36.155,36.271202,0.002516,0,0,-0.4,-10.7,-3.3,1.04,0.19,-0.05
7233,36.16,36.160001,36.275117,0.001429,9.99999997475243e-07,0,-0.4,-10.8,-3.2,1.05,0.19,-0.04
7234,36.165,36.165001,36.28027,0.001583,9.99999997475243e-07,0,-0.4,-10.8,-3.4,1.04,0.2,-0.05
7235,36.17,36.170001,36.285763,0.002075,9.99999997475243e-07,0,-0.4,-10.7,-3.5,1.04,0.19,-0.05
7236,36.175,36.175001,36.29128,0.002591,9.99999997475243e-07,0,-0.3,-10.7,-3.1,1.04,0.18,-0.05
7237,36.18,36.18,36.295224,0.001536,0,0,-0.2,-10.6,-2.6,1.04,0.17,-0.04
7238,36.185,36.185001,36.301372,0.002685,9.99999997475243e-07,0,-0.2,-10.6,-2.8,1.04,0.17,-0.04
7239,36.19,36.19,36.30628,0.002593,0,0,-0.2,-10.6,-2.9,1.04,0.17,-0.04
7240,36.195,36.195,36.310116,0.001429,0,0,-0.2,-10.8,-2.8,1.05,0.17,-0.04
7241,36.2,36.2,36.316065,0.002378,0,0,-0.2,-10.7,-3.1,1.04,0.18,-0.04
7242,36.205,36.205,36.321167,0.002481,0,0,-0.3,-10.7,-3.7,1.04,0.18,-0.04
7243,36.21,36.210001,36.326286,0.002598,9.99999997475243e-07,0,-0.3,-10.8,-3.4,1.04,0.19,-0.04
7244,36.215,36.215,36.330074,0.001388,0,0,-0.4,-10.7,-2.8,1.04,0.18,-0.04
7245,36.22,36.22,36.336134,0.002446,0,0,-0.4,-10.7,-2.7,1.04,0.18,-0.04
7246,36.225,36.225002,36.341646,0.002958,2.00000000205591e-06,0,-0.2,-10.6,-2.6,1.04,0.17,-0.03
7247,36.23,36.230003,36.345491,0.001802,2.99999999953116e-06,0,-0.2,-10.7,-2.9,1.04,0.18,-0.04
7248,36.235,36.235002,36.3507,0.002012,2.00000000205591e-06,0,-0.4,-10.9,-3,1.05,0.19,-0.04
7249,36.24,36.24,36.356173,0.002486,0,0,-0.4,-10.8,-2.9,1.05,0.19,-0.04
7250,36.245,36.245,36.360056,0.001369,0,0,-0.3,-10.7,-3,1.04,0.18,-0.04
7251,36.25,36.25,36.366123,0.002435,0,0,-0.3,-10.8,-3.4,1.04,0.19,-0.05
7252,36.255,36.255,36.371055,0.002368,0,0,-0.3,-10.8,-3.5,1.04,0.2,-0.05
7253,36.26,36.26,36.375028,0.001341,0,0,-0.5,-10.8,-3.7,1.04,0.2,-0.05
7254,36.265,36.265,36.380172,0.001486,0,0,-0.4,-10.8,-3,1.05,0.19,-0.05
7255,36.27,36.27,36.386071,0.002384,0,0,-0.3,-10.8,-2.6,1.05,0.18,-0.04
7256,36.275,36.275,36.390138,0.00145,0,0,-0.3,-10.8,-3.1,1.04,0.18,-0.04
7257,36.28,36.28,36.395247,0.00156,0,0,-0.1,-10.7,-2.7,1.05,0.17,-0.04
7258,36.285,36.285001,36.401074,0.002386,9.99999997475243e-07,0,-0.3,-10.7,-3.2,1.04,0.18,-0.04
7259,36.29,36.29,36.40504,0.001353,0,0,-0.3,-10.7,-3.1,1.04,0.18,-0.04
7260,36.295,36.295,36.41004,0.001353,0,0,-0.2,-10.6,-3.1,1.04,0.18,-0.04
7261,36.3,36.300001,36.416039,0.002351,9.99999997475243e-07,0,-0.2,-10.6,-3.2,1.03,0.18,-0.04
7262,36.305,36.305,36.421032,0.002345,0,0,-0.4,-10.7,-3.3,1.04,0.19,-0.04
7263,36.31,36.31,36.425082,0.001394,0,0,-0.5,-10.7,-3,1.04,0.2,-0.04
7264,36.315,36.315,36.431057,0.002369,0,0,-0.4,-10.9,-3.3,1.04,0.19,-0.05
7265,36.32,36.32,36.435039,0.001352,0,0,-0.4,-10.9,-3.1,1.04,0.19,-0.04
7266,36.325,36.325,36.440038,0.001351,0,0,-0.3,-10.8,-3.2,1.04,0.18,-0.04
7267,36.33,36.33,36.446234,0.002547,0,0,-0.4,-10.7,-3.3,1.04,0.19,-0.04
7268,36.335,36.335,36.450045,0.001358,0,0,-0.3,-10.7,-3.3,1.04,0.18,-0.05
7269,36.34,36.34,36.455198,0.001511,0,0,-0.3,-10.7,-3.1,1.04,0.19,-0.04
7270,36.345,36.345,36.461151,0.002463,0,0,-0.5,-10.7,-3.3,1.04,0.2,-0.04
7271,36.35,36.35,36.465134,0.001448,0,0,-0.4,-10.7,-2.9,1.04,0.19,-0.04
7272,36.355,36.355001,36.470057,0.001369,9.99999997475243e-07,0,-0.4,-10.7,-3.6,1.04,0.2,-0.04
7273,36.36,36.36,36.476203,0.002516,0,0,-0.5,-10.8,-3.1,1.05,0.2,-0.04
7274,36.365,36.365,36.480062,0.001374,0,0,-0.4,-10.7,-3.3,1.04,0.2,-0.04
7275,36.37,36.37,36.485066,0.001379,0,0,-0.3,-10.7,-3.1,1.04,0.19,-0.04
7276,36.375,36.375,36.491234,0.002546,0,0,-0.4,-10.7,-3.2,1.05,0.19,-0.05
7277,36.38,36.38,36.49611,0.002422,0,0,-0.4,-10.7,-3.2,1.04,0.19,-0.04
7278,36.385,36.385,36.500052,0.001365,0,0,-0.3,-10.7,-2.7,1.05,0.18,-0.04
7279,36.39,36.39,36.506093,0.002405,0,0,-0.3,-10.7,-2.9,1.05,0.19,-0.05
7280,36.395,36.395,36.511044,0.002356,0,0,-0.2,-10.7,-3.2,1.04,0.18,-0.05
7281,36.4,36.4,36.515023,0.001336,0,0,-0.3,-10.7,-3.4,1.04,0.19,-0.04
7282,36.405,36.405,36.520185,0.001498,0,0,-0.1,-10.6,-2.7,1.04,0.17,-0.04
7283,36.41,36.410001,36.526157,0.002469,9.99999997475243e-07,0,-0.3,-10.7,-2.3,1.05,0.17,-0.04
7284,36.415,36.415,36.530052,0.001366,0,0,-0.1,-10.6,-2.6,1.04,0.17,-0.04
7285,36.42,36.42,36.53512,0.001432,0,0,-0.1,-10.6,-3.1,1.04,0.18,-0.04
7286,36.425,36.425001,36.541099,0.00241,9.99999997475243e-07,0,-0.1,-10.6,-3,1.04,0.17,-0.04
7287,36.43,36.43,36.545053,0.001365,0,0,0,-10.6,-3.1,1.04,0.17,-0.04
7288,36.435,36.435,36.550041,0.001354,0,0,-0.3,-10.7,-3.6,1.04,0.19,-0.04
7289,36.44,36.44,36.556259,0.002573,0,0,-0.4,-10.7,-3.7,1.04,0.19,-0.04
7290,36.445,36.445,36.561178,0.00249,0,0,-0.4,-10.7,-3.5,1.04,0.2,-0.04
7291,36.45,36.45,36.565107,0.001419,0,0,-0.4,-10.7,-3.5,1.04,0.19,-0.05
7292,36.455,36.455,36.571166,0.002478,0,0,-0.3,-10.6,-3.8,1.03,0.19,-0.05
7293,36.46,36.46,36.576119,0.002431,0,0,-0.4,-10.7,-3.4,1.04,0.19,-0.04
7294,36.465,36.465,36.580084,0.001397,0,0,-0.4,-10.7,-3.5,1.04,0.19,-0.04
7295,36.47,36.47,36.586067,0.00238,0,0,-0.5,-10.7,-3.9,1.03,0.2,-0.04
7296,36.475,36.475,36.591092,0.002404,0,0,-0.5,-10.7,-3.7,1.04,0.19,-0.04
7297,36.48,36.480001,36.595066,0.001378,9.99999997475243e-07,0,-0.4,-10.7,-4,1.03,0.19,-0.04
7298,36.485,36.485,36.60112,0.002432,0,0,-0.3,-10.7,-3.4,1.04,0.18,-0.04
7299,36.49,36.49,36.606098,0.002411,0,0,-0.3,-10.7,-3.1,1.04,0.18,-0.04
7300,36.495,36.495,36.610023,0.001336,0,0,-0.3,-10.8,-3.5,1.04,0.19,-0.04
7301,36.5,36.5,36.61609,0.002402,0,0,-0.4,-10.8,-3.4,1.04,0.19,-0.04
7302,36.505,36.505,36.621056,0.002369,0,0,-0.3,-10.7,-3.3,1.04,0.18,-0.04
7303,36.51,36.51,36.62506,0.001373,0,0,-0.1,-10.7,-3.3,1.05,0.18,-0.04
7304,36.515,36.515,36.631104,0.002417,0,0,-0.1,-10.6,-3.2,1.05,0.18,-0.04
7305,36.52,36.52,36.636057,0.002371,0,0,0,-10.6,-3.4,1.04,0.17,-0.04
7306,36.525,36.525,36.640043,0.001355,0,0,-0.2,-10.7,-3,1.04,0.17,-0.04
7307,36.53,36.53,36.646115,0.002429,0,0,-0.2,-10.7,-3.2,1.05,0.18,-0.04
7308,36.535,36.535001,36.651143,0.002454,9.99999997475243e-07,0,-0.2,-10.7,-2.9,1.05,0.18,-0.04
7309,36.54,36.54,36.655088,0.001401,0,0,-0.2,-10.7,-3,1.04,0.18,-0.04
7310,36.545,36.545,36.660289,0.001601,0,0,-0.1,-10.8,-2.5,1.05,0.16,-0.03
7311,36.55,36.550002,36.666106,0.002417,1.99999999495049e-06,0,-0.2,-10.8,-3.2,1.04,0.18,-0.04
7312,36.555,36.555,36.670045,0.001359,0,0,-0.3,-10.8,-3.5,1.05,0.18,-0.04
7313,36.56,36.56,36.675421,0.001734,0,0,-0.1,-10.8,-2.6,1.05,0.16,-0.04
7314,36.565,36.565,36.681131,0.002443,0,0,-0.2,-10.9,-2.4,1.05,0.17,-0.04
7315,36.57,36.57,36.685059,0.001372,0,0,-0.3,-10.9,-2.9,1.04,0.18,-0.04
7316,36.575,36.575,36.69023,0.001542,0,0,-0.3,-10.7,-2.9,1.04,0.18,-0.04
7317,36.58,36.58,36.69616,0.002473,0,0,-0.5,-10.8,-3,1.04,0.2,-0.04
7318,36.585,36.585,36.70111,0.002423,0,0,-0.5,-10.8,-2.8,1.05,0.19,-0.04
7319,36.59,36.59,36.705085,0.001398,0,0,-0.4,-10.9,-2.3,1.05,0.18,-0.04
7320,36.595,36.595,36.711113,0.002425,0,0,-0.2,-10.8,-2.2,1.05,0.17,-0.04
7321,36.6,36.6,36.715043,0.001356,0,0,-0.1,-10.8,-2.8,1.04,0.17,-0.04
7322,36.605,36.605001,36.720228,0.001539,9.99999997475243e-07,0,-0.1,-10.7,-2.5,1.04,0.17,-0.03
7323,36.61,36.610001,36.72641,0.002722,9.99999997475243e-07,0,-0.2,-10.8,-3,1.04,0.18,-0.04
7324,36.615,36.615,36.730095,0.001408,0,0,-0.3,-10.8,-3.4,1.04,0.18,-0.04
7325,36.62,36.62,36.735192,0.001506,0,0,-0.4,-10.8,-2.9,1.05,0.18,-0.04
7326,36.625,36.625,36.74116,0.002473,0,0,-0.6,-10.8,-3.2,1.04,0.2,-0.04
7327,36.63,36.63,36.745055,0.001367,0,0,-0.4,-10.9,-2.6,1.04,0.19,-0.04
7328,36.635,36.635,36.750047,0.00136,0,0,-0.3,-10.8,-2.5,1.05,0.18,-0.04
7329,36.64,36.64,36.756088,0.0024,0,0,-0.2,-10.8,-3.2,1.04,0.18,-0.04
7330,36.645,36.645,36.760074,0.001386,0,0,-0.2,-10.7,-3.2,1.04,0.18,-0.04
7331,36.65,36.65,36.765064,0.001378,0,0,-0.2,-10.8,-2.6,1.05,0.17,-0.03
7332,36.655,36.655,36.771273,0.002585,0,0,-0.2,-10.8,-3.1,1.04,0.18,-0.04
7333,36.66,36.660001,36.775116,0.001427,9.99999997475243e-07,0,-0.1,-10.7,-2.6,1.05,0.17,-0.04
7334,36.665,36.665,36.780159,0.001471,0,0,-0.3,-10.6,-3.2,1.04,0.19,-0.04
7335,36.67,36.67,36.786165,0.002477,0,0,-0.3,-10.7,-3.1,1.05,0.19,-0.04
7336,36.675,36.675001,36.791171,0.002482,9.99999997475243e-07,0,-0.3,-10.7,-3.7,1.04,0.19,-0.04
7337,36.68,36.68,36.795103,0.001415,0,0,-0.3,-10.7,-4,1.04,0.19,-0.04
7338,36.685,36.685,36.801093,0.002405,0,0,-0.2,-10.7,-3.2,1.05,0.18,-0.04
7339,36.69,36.69,36.806097,0.00241,0,0,-0.3,-10.8,-3.3,1.04,0.18,-0.04
7340,36.695,36.695,36.810046,0.001358,0,0,-0.4,-10.8,-3.5,1.04,0.19,-0.05
7341,36.7,36.7,36.815272,0.001584,0,0,-0.3,-10.8,-4.3,1.03,0.2,-0.05
7342,36.705,36.705,36.821133,0.002446,0,0,-0.2,-10.8,-3.7,1.04,0.19,-0.05
7343,36.71,36.71,36.825083,0.001395,0,0,-0.4,-10.8,-3.6,1.04,0.19,-0.04
7344,36.715,36.715,36.830208,0.00152,0,0,-0.4,-10.8,-3.1,1.04,0.19,-0.04
7345,36.72,36.72,36.836077,0.002389,0,0,-0.3,-10.8,-3.5,1.04,0.19,-0.04
7346,36.725,36.725,36.840071,0.001384,0,0,-0.5,-10.7,-3.8,1.04,0.2,-0.05
7347,36.73,36.730001,36.845208,0.00152,9.99999997475243e-07,0,-0.5,-10.8,-3.6,1.04,0.21,-0.04
7348,36.735,36.735,36.851079,0.002391,0,0,-0.5,-10.8,-3.8,1.03,0.21,-0.04
7349,36.74,36.74,36.85628,0.002593,0,0,-0.5,-10.7,-3.9,1.03,0.2,-0.04
7350,36.745,36.745,36.860158,0.00147,0,0,-0.4,-10.7,-3.2,1.03,0.2,-0.04
7351,36.75,36.75,36.866118,0.002432,0,0,-0.3,-10.7,-2.8,1.04,0.17,-0.04
7352,36.755,36.755,36.871363,0.002678,0,0,-0.3,-10.7,-3.2,1.04,0.19,-0.04
7353,36.76,36.760002,36.87541,0.00172,2.00000000205591e-06,0,-0.4,-10.7,-3.3,1.05,0.19,-0.04
7354,36.765,36.765,36.881181,0.002494,0,0,-0.4,-10.8,-4,1.04,0.19,-0.05
7355,36.77,36.77,36.88616,0.002473,0,0,-0.6,-10.8,-4.4,1.04,0.21,-0.05
7356,36.775,36.775,36.890179,0.001492,0,0,-0.5,-10.8,-4.3,1.03,0.2,-0.05
7357,36.78,36.78,36.896122,0.002434,0,0,-0.5,-10.7,-4,1.04,0.2,-0.05
7358,36.785,36.785001,36.901077,0.002388,9.99999997475243e-07,0,-0.4,-10.7,-3.5,1.04,0.19,-0.04
7359,36.79,36.79,36.905067,0.00138,0,0,-0.3,-10.7,-4.1,1.03,0.19,-0.04
7360,36.795,36.795,36.911115,0.002429,0,0,-0.3,-10.7,-3.7,1.03,0.19,-0.04
7361,36.8,36.800001,36.916074,0.002385,9.99999997475243e-07,0,-0.3,-10.7,-3.5,1.03,0.18,-0.04
7362,36.805,36.805,36.920056,0.00137,0,0,-0.4,-10.7,-3.6,1.03,0.19,-0.04
7363,36.81,36.810001,36.925333,0.001645,9.99999997475243e-07,0,-0.4,-10.7,-3.1,1.04,0.19,-0.04
7364,36.815,36.815,36.931191,0.002504,0,0,-0.3,-10.8,-3.4,1.04,0.19,-0.04
7365,36.82,36.82,36.935077,0.00139,0,0,-0.4,-10.7,-3.6,1.04,0.2,-0.04
7366,36.825,36.825,36.9402,0.001512,0,0,-0.4,-10.6,-3.7,1.03,0.2,-0.04
7367,36.83,36.83,36.946196,0.002509,0,0,-0.5,-10.7,-3.8,1.04,0.2,-0.05
7368,36.835,36.835,36.950055,0.001368,0,0,-0.3,-10.7,-3.4,1.04,0.18,-0.04
7369,36.84,36.84,36.955173,0.001486,0,0,-0.3,-10.7,-4.4,1.03,0.2,-0.05
7370,36.845,36.845,36.961193,0.002505,0,0,-0.2,-10.8,-3.5,1.04,0.18,-0.05
7371,36.85,36.850001,36.966454,0.002765,9.99999997475243e-07,0,-0.3,-10.8,-3.9,1.04,0.19,-0.05
7372,36.855,36.855001,36.970115,0.001427,9.99999997475243e-07,0,-0.3,-10.7,-3.3,1.04,0.18,-0.04
7373,36.86,36.86,36.976243,0.002555,0,0,-0.3,-10.8,-3.5,1.04,0.19,-0.05
7374,36.865,36.865,36.980086,0.001398,0,0,-0.1,-10.8,-3,1.04,0.17,-0.04
7375,36.87,36.87,36.985147,0.001459,0,0,-0.2,-10.8,-2.8,1.04,0.18,-0.04
7376,36.875,36.875,36.990413,0.001726,0,0,-0.3,-10.8,-2.6,1.04,0.17,-0.04
7377,36.88,36.88,36.996169,0.002482,0,0,-0.3,-10.8,-3.6,1.04,0.19,-0.04
7378,36.885,36.885,37.000059,0.001371,0,0,-0.3,-10.7,-3,1.04,0.17,-0.04
7379,36.89,36.89,37.005044,0.001357,0,0,-0.4,-10.7,-3.6,1.04,0.19,-0.04
7380,36.895,36.895,37.011089,0.002401,0,0,-0.5,-10.8,-3.8,1.04,0.2,-0.05
7381,36.9,36.9,37.015104,0.001417,0,0,-0.5,-10.8,-3.4,1.04,0.19,-0.04
7382,36.905,36.905,37.020155,0.001468,0,0,-0.4,-10.8,-3.2,1.05,0.19,-0.04
7383,36.91,36.910001,37.026255,0.002566,9.99999997475243e-07,0,-0.4,-10.8,-2.9,1.05,0.18,-0.04
7384,36.915,36.915,37.030091,0.001403,0,0,-0.3,-10.8,-2.9,1.05,0.18,-0.04
7385,36.92,36.92,37.035073,0.001385,0,0,-0.4,-10.8,-3.5,1.04,0.19,-0.04
7386,36.925,36.925001,37.040343,0.001655,9.99999997475243e-07,0,-0.5,-10.9,-3.5,1.04,0.2,-0.04
7387,36.93,36.93,37.04613,0.002442,0,0,-0.3,-10.8,-3.7,1.04,0.19,-0.04
7388,36.935,36.935,37.050055,0.001368,0,0,-0.3,-10.8,-3.8,1.04,0.19,-0.04
7389,36.94,36.94,37.055254,0.001567,0,0,-0.2,-10.6,-3.8,1.04,0.19,-0.04
7390,36.945,36.945,37.061116,0.002429,0,0,-0.3,-10.7,-4,1.04,0.19,-0.04
7391,36.95,36.95,37.065059,0.001372,0,0,-0.4,-10.9,-3.3,1.04,0.19,-0.04
7392,36.955,36.955,37.07016,0.001473,0,0,-0.4,-10.9,-3.9,1.03,0.2,-0.04
7393,36.96,36.96,37.076132,0.002444,0,0,-0.3,-11,-3.7,1.03,0.2,-0.04
7394,36.965,36.965,37.080043,0.001356,0,0,-0.3,-10.8,-3.9,1.03,0.19,-0.04
7395,36.97,36.97,37.085093,0.001406,0,0,-0.5,-10.8,-3.6,1.04,0.2,-0.04
7396,36.975,36.975,37.091228,0.00254,0,0,-0.5,-10.8,-3.4,1.04,0.2,-0.04
7397,36.98,36.980001,37.095103,0.001415,9.99999997475243e-07,0,-0.5,-10.8,-2.8,1.04,0.2,-0.04
7398,36.985,36.985,37.100214,0.001526,0,0,-0.3,-10.9,-3,1.05,0.18,-0.04
7399,36.99,36.99,37.10618,0.002493,0,0,-0.4,-10.9,-3.1,1.04,0.2,-0.04
7400,36.995,36.995,37.111899,0.003215,0,0,-0.4,-10.8,-3.5,1.04,0.2,-0.04
7401,37,37.000001,37.115342,0.001654,9.99999997475243e-07,0,-0.5,-10.8,-4.3,1.03,0.21,-0.05
7402,37.005,37.005,37.12125,0.002562,0,0,-0.4,-10.7,-4.1,1.03,0.2,-0.04
7403,37.01,37.01,37.126211,0.002523,0,0,-0.5,-10.7,-3.3,1.04,0.19,-0.04
7404,37.015,37.015,37.130061,0.001374,0,0,-0.4,-10.7,-3.5,1.03,0.19,-0.04
7405,37.02,37.02,37.135528,0.00184,0,0,-0.4,-10.8,-4.2,1.03,0.2,-0.05
7406,37.025,37.025001,37.141334,0.002646,1.00000000458067e-06,0,-0.5,-10.9,-3.9,1.04,0.19,-0.05
7407,37.03,37.030001,37.145244,0.001556,9.99999997475243e-07,0,-0.3,-10.8,-3.7,1.04,0.18,-0.04
7408,37.035,37.035001,37.150593,0.001904,9.99999997475243e-07,0,-0.5,-10.8,-3.8,1.04,0.2,-0.04
7409,37.04,37.040001,37.156401,0.002713,9.99999997475243e-07,0,-0.5,-10.7,-4.3,1.04,0.2,-0.04
7410,37.045,37.045,37.160235,0.001548,0,0,-0.4,-10.8,-3.9,1.04,0.19,-0.04
7411,37.05,37.050001,37.166196,0.002509,9.99999997475243e-07,0,-0.3,-10.8,-3.4,1.04,0.19,-0.04
7412,37.055,37.055,37.171076,0.002389,0,0,-0.3,-10.8,-3.1,1.04,0.18,-0.04
7413,37.06,37.06,37.175053,0.001366,0,0,-0.4,-10.9,-3.6,1.04,0.2,-0.04
7414,37.065,37.065,37.180469,0.001781,0,0,-0.4,-10.9,-3.9,1.04,0.2,-0.04
7415,37.07,37.07,37.186045,0.002358,0,0,-0.3,-10.8,-3.2,1.05,0.19,-0.04
7416,37.075,37.075,37.190082,0.001394,0,0,-0.2,-10.8,-2.9,1.05,0.18,-0.04
7417,37.08,37.08,37.195245,0.001558,0,0,-0.4,-10.9,-4.1,1.04,0.2,-0.04
7418,37.085,37.085,37.201064,0.002376,0,0,-0.3,-10.9,-3.6,1.04,0.19,-0.04
7419,37.09,37.09,37.205051,0.001365,0,0,-0.3,-10.8,-2.6,1.05,0.17,-0.03
7420,37.095,37.095,37.210108,0.001421,0,0,-0.3,-10.7,-2.9,1.05,0.18,-0.04
7421,37.1,37.1,37.216033,0.002346,0,0,-0.4,-10.9,-3.9,1.04,0.2,-0.05
7422,37.105,37.105002,37.220013,0.001324,1.99999999495049e-06,0,-0.5,-10.9,-3.6,1.04,0.2,-0.04
7423,37.11,37.11,37.225079,0.001392,0,0,-0.3,-10.8,-3.1,1.05,0.19,-0.04
7424,37.115,37.115,37.231112,0.002424,0,0,-0.2,-10.8,-3,1.04,0.18,-0.04
7425,37.12,37.12,37.236071,0.002383,0,0,-0.1,-10.8,-3.8,1.04,0.18,-0.04
7426,37.125,37.125,37.240151,0.001463,0,0,-0.2,-10.7,-3.7,1.04,0.18,-0.04
7427,37.13,37.13,37.246114,0.002426,0,0,-0.4,-10.9,-3.6,1.04,0.19,-0.04
7428,37.135,37.135,37.25004,0.001352,0,0,-0.4,-10.8,-3.8,1.04,0.19,-0.04
7429,37.14,37.14,37.255115,0.001427,0,0,-0.4,-10.8,-3.8,1.04,0.2,-0.04
7430,37.145,37.145,37.261083,0.002396,0,0,-0.4,-10.8,-4.3,1.03,0.21,-0.04
7431,37.15,37.15,37.265058,0.00137,0,0,-0.4,-10.8,-4.1,1.04,0.21,-0.04
7432,37.155,37.155001,37.270068,0.001379,9.99999997475243e-07,0,-0.4,-10.9,-4,1.04,0.2,-0.05
7433,37.16,37.160001,37.276113,0.002425,9.99999997475243e-07,0,-0.3,-10.9,-3.5,1.04,0.2,-0.04
7434,37.165,37.165,37.28105,0.002362,0,0,-0.4,-10.9,-4,1.04,0.2,-0.04
7435,37.17,37.17,37.285012,0.001325,0,0,-0.4,-10.9,-3.2,1.04,0.19,-0.04
7436,37.175,37.175001,37.291078,0.002389,9.99999997475243e-07,0,-0.5,-10.9,-3.1,1.04,0.19,-0.04
7437,37.18,37.18,37.296042,0.002354,0,0,-0.3,-10.8,-2.9,1.04,0.18,-0.04
7438,37.185,37.185,37.300158,0.001472,0,0,-0.4,-10.8,-3.4,1.04,0.19,-0.04
7439,37.19,37.19,37.306143,0.002456,0,0,-0.3,-10.8,-3,1.04,0.19,-0.04
7440,37.195,37.195001,37.311304,0.002617,9.99999997475243e-07,0,-0.3,-10.9,-3,1.04,0.18,-0.04
7441,37.2,37.2,37.315037,0.00135,0,0,-0.2,-10.8,-2.4,1.04,0.17,-0.04
7442,37.205,37.205,37.321214,0.002528,0,0,-0.2,-10.8,-2.7,1.05,0.17,-0.04
7443,37.21,37.21,37.326221,0.002534,0,0,-0.2,-10.8,-2.9,1.04,0.18,-0.04
7444,37.215,37.215,37.330129,0.001441,0,0,-0.2,-10.7,-3,1.04,0.18,-0.04
7445,37.22,37.22,37.33523,0.001543,0,0,-0.1,-10.7,-2.7,1.04,0.17,-0.04
7446,37.225,37.225,37.341198,0.002511,0,0,-0.1,-10.7,-2.6,1.05,0.17,-0.04
7447,37.23,37.230001,37.345047,0.001359,9.99999997475243e-07,0,-0.2,-10.8,-2.3,1.05,0.17,-0.04
7448,37.235,37.235,37.35013,0.001443,0,0,-0.3,-10.8,-3,1.04,0.18,-0.04
7449,37.24,37.24,37.356204,0.002517,0,0,-0.1,-10.7,-3.2,1.04,0.18,-0.04
7450,37.245,37.245,37.360123,0.001437,0,0,-0.2,-10.8,-3.5,1.04,0.18,-0.05
7451,37.25,37.25,37.365109,0.001423,0,0,-0.4,-10.8,-3.9,1.03,0.2,-0.04
7452,37.255,37.255,37.371158,0.00247,0,0,-0.4,-10.7,-4.1,1.03,0.19,-0.05
7453,37.26,37.26,37.376068,0.002382,0,0,-0.5,-10.8,-3.3,1.05,0.19,-0.04
7454,37.265,37.265,37.380268,0.001581,0,0,-0.5,-10.8,-3.8,1.04,0.2,-0.05
7455,37.27,37.27,37.386093,0.002405,0,0,-0.4,-10.8,-3.6,1.04,0.19,-0.05
7456,37.275,37.275,37.390147,0.00146,0,0,-0.5,-10.8,-3.4,1.04,0.19,-0.04
7457,37.28,37.28,37.396744,0.003058,0,0,-0.6,-10.8,-3.9,1.04,0.2,-0.05
7458,37.285,37.285002,37.401587,0.002898,1.99999999495049e-06,0,-0.4,-10.6,-3.6,1.04,0.19,-0.04
7459,37.29,37.29,37.405124,0.001436,0,0,-0.4,-10.7,-3.9,1.04,0.2,-0.04
7460,37.295,37.295,37.410063,0.001376,0,0,-0.4,-10.7,-3.8,1.04,0.19,-0.04
7461,37.3,37.300001,37.416108,0.00242,9.99999997475243e-07,0,-0.2,-10.7,-3.7,1.04,0.19,-0.04
7462,37.305,37.305,37.421066,0.002379,0,0,-0.2,-10.7,-3.5,1.04,0.19,-0.04
7463,37.31,37.310001,37.425227,0.001539,9.99999997475243e-07,0,-0.2,-10.8,-3.6,1.04,0.19,-0.04
7464,37.315,37.315,37.430334,0.001646,0,0,-0.4,-10.8,-3.6,1.04,0.2,-0.04
7465,37.32,37.32,37.436143,0.002456,0,0,-0.4,-10.8,-3.9,1.03,0.2,-0.05
7466,37.325,37.325,37.440034,0.001347,0,0,-0.4,-10.8,-4.2,1.03,0.2,-0.05
7467,37.33,37.33,37.44508,0.001393,0,0,-0.3,-10.7,-3.6,1.04,0.19,-0.04
7468,37.335,37.335,37.451048,0.002362,0,0,-0.2,-10.7,-3.1,1.04,0.17,-0.04
7469,37.34,37.34,37.455049,0.001362,0,0,-0.2,-10.7,-3.4,1.04,0.18,-0.04
7470,37.345,37.345,37.460058,0.00137,0,0,-0.3,-10.7,-3.4,1.04,0.18,-0.04
7471,37.35,37.35,37.466018,0.002331,0,0,-0.2,-10.8,-2.9,1.05,0.17,-0.04
7472,37.355,37.355001,37.471178,0.002489,9.99999997475243e-07,0,-0.4,-10.8,-3.8,1.04,0.19,-0.04
7473,37.36,37.36,37.475029,0.001342,0,0,-0.3,-10.7,-3.1,1.05,0.17,-0.04
7474,37.365,37.365,37.481178,0.002491,0,0,-0.3,-10.7,-3.2,1.04,0.17,-0.04
7475,37.37,37.37,37.48619,0.002503,0,0,-0.1,-10.7,-3.2,1.04,0.17,-0.04
7476,37.375,37.375,37.490211,0.001524,0,0,-0.2,-10.7,-3.7,1.04,0.18,-0.04
7477,37.38,37.38,37.496168,0.002482,0,0,-0.3,-10.8,-3.5,1.04,0.18,-0.04
7478,37.385,37.385,37.501309,0.002621,0,0,-0.2,-10.8,-3.5,1.04,0.18,-0.04
7479,37.39,37.39,37.505141,0.001454,0,0,-0.2,-10.7,-3.5,1.04,0.18,-0.04
7480,37.395,37.395,37.511114,0.002427,0,0,-0.3,-10.7,-3.5,1.04,0.19,-0.04
7481,37.4,37.4,37.515061,0.001374,0,0,-0.3,-10.7,-3.4,1.04,0.19,-0.04
7482,37.405,37.405,37.52005,0.001363,0,0,-0.5,-10.8,-3.2,1.04,0.2,-0.04
7483,37.41,37.410001,37.526171,0.002483,9.99999997475243e-07,0,-0.3,-10.7,-3.2,1.03,0.19,-0.04
7484,37.415,37.415,37.531194,0.002506,0,0,-0.3,-10.7,-3.7,1.03,0.19,-0.05
7485,37.42,37.42,37.535102,0.001415,0,0,-0.3,-10.7,-3.7,1.03,0.19,-0.05
7486,37.425,37.425001,37.541116,0.002427,9.99999997475243e-07,0,-0.4,-10.7,-3.8,1.03,0.19,-0.05
7487,37.43,37.43,37.546059,0.002372,0,0,-0.2,-10.7,-3.5,1.03,0.19,-0.04
7488,37.435,37.435,37.550031,0.001344,0,0,-0.2,-10.7,-3.5,1.03,0.19,-0.04
7489,37.44,37.44,37.556074,0.002387,0,0,-0.2,-10.8,-3.5,1.03,0.19,-0.04
7490,37.445,37.445,37.561059,0.002372,0,0,-0.4,-10.8,-3.5,1.03,0.2,-0.04
7491,37.45,37.45,37.565053,0.001366,0,0,-0.3,-10.7,-3.4,1.04,0.19,-0.04
7492,37.455,37.455,37.570311,0.001625,0,0,-0.3,-10.7,-3.2,1.04,0.18,-0.04
7493,37.46,37.46,37.576114,0.002427,0,0,-0.2,-10.7,-3.8,1.03,0.18,-0.05
7494,37.465,37.465,37.580128,0.001442,0,0,-0.1,-10.7,-3.3,1.04,0.17,-0.04
7495,37.47,37.47,37.585247,0.001561,0,0,-0.3,-10.7,-3.6,1.03,0.18,-0.04
7496,37.475,37.475,37.591136,0.002448,0,0,-0.2,-10.8,-3.8,1.03,0.18,-0.04
7497,37.48,37.480001,37.595041,0.001354,9.99999997475243e-07,0,-0.3,-10.8,-4.1,1.04,0.2,-0.05
7498,37.485,37.485,37.600182,0.001494,0,0,-0.3,-10.9,-3.8,1.04,0.19,-0.04
7499,37.49,37.49,37.606106,0.002419,0,0,-0.1,-10.8,-2.9,1.04,0.17,-0.04
7500,37.495,37.495001,37.610169,0.001482,1.00000000458067e-06,0,0,-10.8,-3.2,1.04,0.17,-0.04
7501,37.5,37.5,37.615171,0.001485,0,0,-0.1,-10.8,-3.2,1.04,0.17,-0.04
7502,37.505,37.505,37.621091,0.002404,0,0,-0.2,-10.8,-3,1.04,0.18,-0.04
7503,37.51,37.51,37.625124,0.001437,0,0,-0.4,-10.8,-3.1,1.04,0.19,-0.04
7504,37.515,37.515,37.630043,0.001355,0,0,-0.3,-10.8,-2.5,1.04,0.18,-0.04
7505,37.52,37.52,37.636031,0.002344,0,0,-0.3,-10.8,-2.9,1.04,0.19,-0.04
7506,37.525,37.525,37.640013,0.001326,0,0,-0.3,-10.7,-3.3,1.04,0.19,-0.04
7507,37.53,37.53,37.645031,0.001344,0,0,-0.3,-10.7,-2.8,1.04,0.18,-0.03
7508,37.535,37.535001,37.65102,0.002332,9.99999997475243e-07,0,-0.4,-10.8,-2.8,1.04,0.19,-0.04
7509,37.54,37.54,37.656094,0.002408,0,0,-0.4,-10.7,-3,1.04,0.19,-0.04
7510,37.545,37.545,37.660032,0.001345,0,0,-0.4,-10.7,-3.3,1.04,0.18,-0.04
7511,37.55,37.550001,37.666054,0.002365,9.99999997475243e-07,0,-0.3,-10.7,-3.9,1.03,0.19,-0.04
7512,37.555,37.555,37.671041,0.002353,0,0,-0.3,-10.7,-4,1.03,0.2,-0.04
7513,37.56,37.56,37.675014,0.001326,0,0,-0.3,-10.8,-3.7,1.03,0.19,-0.04
7514,37.565,37.565,37.680119,0.001431,0,0,-0.4,-10.8,-3,1.04,0.18,-0.04
7515,37.57,37.57,37.686077,0.00239,0,0,-0.4,-10.7,-3.1,1.04,0.19,-0.04
7516,37.575,37.575,37.690123,0.001436,0,0,-0.4,-10.7,-3.2,1.04,0.19,-0.04
7517,37.58,37.58,37.695236,0.001548,0,0,-0.3,-10.7,-3.3,1.04,0.19,-0.04
7518,37.585,37.585,37.70137,0.002683,0,0,-0.3,-10.7,-3.4,1.04,0.19,-0.04
7519,37.59,37.59,37.706347,0.002659,0,0,-0.3,-10.8,-3.1,1.04,0.19,-0.04
7520,37.595,37.595001,37.710257,0.00157,1.00000000458067e-06,0,-0.4,-10.7,-3.2,1.04,0.19,-0.04
7521,37.6,37.600001,37.716695,0.003007,9.99999997475243e-07,0,-0.2,-10.6,-2.8,1.04,0.17,-0.04
7522,37.605,37.605002,37.720342,0.001654,1.99999999495049e-06,0,-0.2,-10.7,-3,1.04,0.17,-0.04
7523,37.61,37.610001,37.725396,0.001709,9.99999997475243e-07,0,-0.1,-10.6,-2.7,1.05,0.16,-0.04
7524,37.615,37.615001,37.73141,0.002723,9.99999997475243e-07,0,-0.1,-10.7,-3.4,1.04,0.17,-0.04
7525,37.62,37.620002,37.735469,0.001781,2.00000000205591e-06,0,-0.2,-10.6,-3.4,1.04,0.17,-0.04
7526,37.625,37.625001,37.740608,0.001921,9.99999997475243e-07,0,-0.3,-10.7,-3.2,1.04,0.18,-0.04
7527,37.63,37.63,37.746259,0.002572,0,0,-0.3,-10.7,-3.4,1.04,0.18,-0.04
7528,37.635,37.635,37.750045,0.001357,0,0,-0.3,-10.7,-3.3,1.04,0.18,-0.04
7529,37.64,37.64,37.756063,0.002376,0,0,-0.3,-10.8,-3.2,1.04,0.19,-0.04
7530,37.645,37.645,37.76104,0.002352,0,0,-0.3,-10.7,-3,1.04,0.18,-0.04
7531,37.65,37.65,37.765094,0.001406,0,0,-0.2,-10.7,-3,1.04,0.18,-0.04
7532,37.655,37.655,37.770228,0.00154,0,0,-0.4,-10.7,-3,1.04,0.19,-0.03
7533,37.66,37.660001,37.776104,0.002416,9.99999997475243e-07,0,-0.4,-10.7,-3.7,1.03,0.19,-0.04
7534,37.665,37.665,37.780008,0.001321,0,0,-0.3,-10.6,-4.1,1.03,0.19,-0.04
7535,37.67,37.67,37.78513,0.001443,0,0,-0.3,-10.7,-4,1.03,0.19,-0.04
7536,37.675,37.675001,37.791133,0.002444,9.99999997475243e-07,0,-0.2,-10.6,-3.3,1.04,0.18,-0.04
7537,37.68,37.68,37.795031,0.001344,0,0,-0.3,-10.7,-3.5,1.04,0.18,-0.04
7538,37.685,37.685,37.80015,0.001463,0,0,-0.3,-10.7,-4.1,1.03,0.19,-0.05
7539,37.69,37.69,37.806048,0.002361,0,0,-0.3,-10.7,-4.5,1.03,0.2,-0.05
7540,37.695,37.695,37.810016,0.001329,0,0,-0.2,-10.8,-3.9,1.03,0.19,-0.04
7541,37.7,37.7,37.815079,0.001392,0,0,-0.2,-10.8,-4.3,1.03,0.19,-0.05
7542,37.705,37.705,37.821096,0.002408,0,0,-0.4,-10.7,-4,1.04,0.19,-0.05
7543,37.71,37.71,37.825061,0.001374,0,0,-0.5,-10.8,-4.2,1.03,0.2,-0.05
7544,37.715,37.715,37.830042,0.001354,0,0,-0.4,-10.7,-4,1.03,0.2,-0.04
7545,37.72,37.72,37.836036,0.002348,0,0,-0.4,-10.8,-3.2,1.04,0.19,-0.04
7546,37.725,37.725,37.84007,0.001383,0,0,-0.2,-10.6,-3.6,1.04,0.18,-0.04
7547,37.73,37.730001,37.845056,0.001368,9.99999997475243e-07,0,-0.4,-10.7,-3.2,1.04,0.18,-0.04
7548,37.735,37.735,37.851033,0.002346,0,0,-0.1,-10.7,-3.5,1.03,0.18,-0.04
7549,37.74,37.74,37.856035,0.002348,0,0,-0.2,-10.7,-3.6,1.04,0.19,-0.04
7550,37.745,37.745,37.860014,0.001327,0,0,-0.2,-10.8,-3.3,1.04,0.18,-0.04
7551,37.75,37.75,37.866047,0.00236,0,0,0,-10.7,-3.2,1.04,0.17,-0.04
7552,37.755,37.755,37.871024,0.002337,0,0,-0.1,-10.7,-3.3,1.04,0.17,-0.04
7553,37.76,37.76,37.874998,0.001311,0,0,-0.3,-10.8,-3.2,1.04,0.18,-0.04
7554,37.765,37.765,37.881077,0.00239,0,0,-0.3,-10.8,-3.2,1.04,0.18,-0.04
7555,37.77,37.77,37.88606,0.002373,0,0,-0.3,-10.8,-3.2,1.04,0.18,-0.04
7556,37.775,37.775,37.890216,0.001528,0,0,-0.4,-10.8,-3.7,1.03,0.2,-0.04
7557,37.78,37.78,37.896108,0.002419,0,0,-0.3,-10.7,-3.4,1.03,0.18,-0.04
7558,37.785,37.785001,37.901064,0.002376,9.99999997475243e-07,0,-0.1,-10.7,-3.4,1.03,0.17,-0.04
7559,37.79,37.79,37.90503,0.001343,0,0,-0.2,-10.7,-3.4,1.04,0.18,-0.04
7560,37.795,37.795,37.911134,0.002446,0,0,-0.3,-10.7,-3.3,1.04,0.18,-0.04
7561,37.8,37.800001,37.915046,0.001358,9.99999997475243e-07,0,-0.3,-10.7,-3.2,1.04,0.18,-0.04
7562,37.805,37.805,37.920093,0.001405,0,0,-0.4,-10.7,-3.2,1.04,0.18,-0.04
7563,37.81,37.810001,37.926203,0.002515,9.99999997475243e-07,0,-0.3,-10.6,-3.5,1.03,0.18,-0.04
7564,37.815,37.815,37.930047,0.001361,0,0,-0.2,-10.7,-3.1,1.04,0.17,-0.04
7565,37.82,37.82,37.935155,0.001468,0,0,-0.2,-10.7,-3.5,1.04,0.18,-0.04
7566,37.825,37.825001,37.941474,0.002787,9.99999997475243e-07,0,-0.2,-10.7,-3.9,1.03,0.19,-0.04
7567,37.83,37.83,37.946489,0.002802,0,0,-0.2,-10.6,-4,1.03,0.19,-0.04
7568,37.835,37.835001,37.950147,0.001459,9.99999997475243e-07,0,-0.1,-10.6,-3.2,1.04,0.18,-0.03
7569,37.84,37.84,37.956193,0.002506,0,0,-0.2,-10.6,-3.6,1.04,0.18,-0.04
7570,37.845,37.845,37.96023,0.001543,0,0,-0.4,-10.7,-3.5,1.04,0.19,-0.04
7571,37.85,37.85,37.96508,0.001393,0,0,-0.4,-10.7,-2.9,1.05,0.18,-0.04
7572,37.855,37.855001,37.97108,0.002392,9.99999997475243e-07,0,-0.4,-10.7,-2.7,1.05,0.18,-0.04
7573,37.86,37.860001,37.976165,0.002477,9.99999997475243e-07,0,-0.3,-10.7,-2.8,1.05,0.18,-0.04
7574,37.865,37.865,37.980027,0.00134,0,0,-0.4,-10.7,-3.4,1.04,0.19,-0.05
7575,37.87,37.87,37.986032,0.002346,0,0,-0.4,-10.6,-3.3,1.04,0.19,-0.05
7576,37.875,37.875,37.991084,0.002397,0,0,-0.3,-10.7,-3.3,1.04,0.19,-0.05
7577,37.88,37.88,37.995144,0.001456,0,0,-0.2,-10.7,-3,1.05,0.17,-0.05
7578,37.885,37.885,38.001058,0.002371,0,0,-0.3,-10.8,-3.1,1.05,0.18,-0.04
7579,37.89,37.89,38.006025,0.002339,0,0,-0.2,-10.7,-2.9,1.05,0.18,-0.04
7580,37.895,37.895,38.010077,0.00139,0,0,-0.3,-10.7,-3.1,1.04,0.18,-0.04
7581,37.9,37.9,38.015109,0.001421,0,0,-0.5,-10.7,-3.9,1.05,0.19,-0.05
7582,37.905,37.905,38.021138,0.002451,0,0,-0.4,-10.7,-3.5,1.04,0.18,-0.04
7583,37.91,37.910003,38.025093,0.001403,2.99999999953116e-06,0,-0.5,-10.7,-3.8,1.04,0.2,-0.04
7584,37.915,37.915,38.030116,0.001429,0,0,-0.4,-10.7,-3.2,1.04,0.19,-0.04
7585,37.92,37.92,38.03619,0.002502,0,0,-0.3,-10.7,-2.6,1.04,0.18,-0.04
7586,37.925,37.925001,38.041064,0.002376,9.99999997475243e-07,0,-0.3,-10.7,-2.3,1.05,0.17,-0.03
7587,37.93,37.93,38.045098,0.00141,0,0,-0.4,-10.8,-1.9,1.05,0.18,-0.03
7588,37.935,37.935,38.051143,0.002456,0,0,-0.3,-10.8,-3,1.04,0.19,-0.04
7589,37.94,37.94,38.056525,0.00284,0,0,-0.2,-10.7,-3.5,1.03,0.19,-0.04
7590,37.945,37.945,38.060491,0.001805,0,0,-0.3,-10.8,-3.4,1.04,0.19,-0.04
7591,37.95,37.950001,38.066002,0.002316,9.99999997475243e-07,0,-0.3,-10.8,-3.7,1.03,0.19,-0.04
7592,37.955,37.955002,38.072093,0.003406,2.00000000205591e-06,0,-0.3,-10.9,-3.5,1.03,0.2,-0.04
7593,37.96,37.960002,38.075529,0.001841,2.00000000205591e-06,0,-0.2,-10.8,-3.3,1.04,0.19,-0.04
7594,37.965,37.965002,38.080338,0.001648,1.99999999495049e-06,0,-0.4,-10.8,-3.3,1.04,0.2,-0.04
7595,37.97,37.97,38.086203,0.002516,0,0,-0.3,-10.8,-3.2,1.04,0.19,-0.04
7596,37.975,37.975,38.090426,0.001739,0,0,-0.5,-10.8,-3.1,1.04,0.19,-0.04
7597,37.98,37.980002,38.095546,0.001858,1.99999999495049e-06,0,-0.5,-10.8,-3.1,1.04,0.19,-0.04
7598,37.985,37.985001,38.101288,0.002601,9.99999997475243e-07,0,-0.4,-10.7,-2.9,1.04,0.18,-0.03
7599,37.99,37.99,38.105113,0.001427,0,0,-0.3,-10.7,-3.1,1.04,0.19,-0.04
7600,37.995,37.995,38.111075,0.002388,0,0,-0.3,-10.7,-3,1.04,0.18,-0.03
7601,38,38,38.116049,0.002362,0,0,-0.3,-10.8,-3.1,1.04,0.19,-0.04
7602,38.005,38.005,38.120072,0.001384,0,0,-0.1,-10.7,-2.9,1.04,0.18,-0.04
7603,38.01,38.01,38.125378,0.00169,0,0,-0.3,-10.7,-2.6,1.05,0.18,-0.04
7604,38.015,38.015,38.131049,0.002362,0,0,-0.2,-10.8,-2.1,1.05,0.17,-0.04
7605,38.02,38.02,38.135055,0.001368,0,0,-0.2,-10.8,-2.9,1.05,0.18,-0.04
7606,38.025,38.025,38.140377,0.001689,0,0,-0.2,-10.7,-3.1,1.05,0.18,-0.04
7607,38.03,38.03,38.14611,0.002423,0,0,-0.2,-10.7,-3.3,1.04,0.18,-0.04
7608,38.035,38.035001,38.150022,0.001333,9.99999997475243e-07,0,-0.2,-10.7,-3.5,1.04,0.18,-0.04
7609,38.04,38.04,38.156089,0.002402,0,0,-0.4,-10.7,-3.7,1.04,0.2,-0.04
7610,38.045,38.045,38.161069,0.002381,0,0,-0.4,-10.8,-4.2,1.03,0.2,-0.04
7611,38.05,38.050001,38.165035,0.001347,9.99999997475243e-07,0,-0.4,-10.8,-4,1.02,0.2,-0.04
7612,38.055,38.055,38.170195,0.001507,0,0,-0.4,-10.8,-4.3,1.03,0.21,-0.04
7613,38.06,38.06,38.176107,0.002421,0,0,-0.5,-10.8,-3.7,1.03,0.2,-0.04
7614,38.065,38.065,38.181034,0.002347,0,0,-0.4,-10.7,-2.8,1.04,0.18,-0.04
7615,38.07,38.07,38.185067,0.001381,0,0,-0.5,-10.7,-3.3,1.04,0.19,-0.04
7616,38.075,38.075,38.190224,0.001538,0,0,-0.4,-10.7,-3.6,1.04,0.2,-0.04
7617,38.08,38.08,38.196145,0.002458,0,0,-0.5,-10.7,-3.8,1.04,0.2,-0.04
7618,38.085,38.085,38.200104,0.001417,0,0,-0.3,-10.6,-3.4,1.04,0.19,-0.04
7619,38.09,38.09,38.205084,0.001397,0,0,-0.2,-10.6,-3.6,1.04,0.18,-0.04
7620,38.095,38.095,38.211233,0.002546,0,0,-0.1,-10.6,-3.7,1.04,0.18,-0.04
7621,38.1,38.1,38.216068,0.002382,0,0,0,-10.6,-3.3,1.04,0.16,-0.04
7622,38.105,38.105001,38.220006,0.001318,9.99999997475243e-07,0,0,-10.7,-2.9,1.04,0.16,-0.04
7623,38.11,38.11,38.22523,0.001543,0,0,0,-10.7,-2.9,1.04,0.16,-0.04
7624,38.115,38.115,38.231095,0.002408,0,0,-0.1,-10.7,-2.9,1.04,0.17,-0.03
7625,38.12,38.12,38.235246,0.001559,0,0,-0.2,-10.6,-3.1,1.05,0.18,-0.04
7626,38.125,38.125,38.240143,0.001455,0,0,-0.2,-10.7,-3.3,1.04,0.18,-0.04
7627,38.13,38.13,38.246088,0.0024,0,0,0,-10.7,-3.6,1.04,0.18,-0.04
7628,38.135,38.135,38.251149,0.002463,0,0,-0.2,-10.8,-3.7,1.04,0.19,-0.05
7629,38.14,38.14,38.255066,0.001378,0,0,-0.3,-10.8,-3.6,1.04,0.19,-0.05
7630,38.145,38.145,38.260268,0.00158,0,0,-0.2,-10.8,-3.6,1.04,0.19,-0.04
7631,38.15,38.15,38.266121,0.002435,0,0,-0.2,-10.8,-2.8,1.05,0.18,-0.04
7632,38.155,38.155,38.270005,0.001318,0,0,-0.2,-10.7,-2.8,1.05,0.18,-0.04
7633,38.16,38.160001,38.275103,0.001416,9.99999997475243e-07,0,-0.4,-10.8,-3,1.04,0.19,-0.04
7634,38.165,38.165,38.281055,0.002368,0,0,-0.5,-10.8,-3.2,1.04,0.2,-0.04
7635,38.17,38.17,38.286136,0.002449,0,0,-0.2,-10.8,-3,1.04,0.19,-0.04
7636,38.175,38.175001,38.290081,0.001393,9.99999997475243e-07,0,-0.2,-10.9,-3,1.05,0.18,-0.04
7637,38.18,38.18,38.296065,0.002378,0,0,-0.3,-10.8,-3.5,1.05,0.19,-0.05
7638,38.185,38.185,38.301073,0.002386,0,0,-0.4,-10.8,-3.7,1.04,0.2,-0.05
7639,38.19,38.19,38.305031,0.001345,0,0,-0.5,-10.8,-3.9,1.04,0.2,-0.05
7640,38.195,38.195,38.311042,0.002356,0,0,-0.5,-10.9,-3.8,1.04,0.2,-0.05
7641,38.2,38.2,38.316037,0.00235,0,0,-0.5,-10.9,-3.5,1.04,0.2,-0.04
7642,38.205,38.205,38.320173,0.001487,0,0,-0.5,-10.8,-3.7,1.04,0.19,-0.05
7643,38.21,38.21,38.325204,0.001516,0,0,-0.4,-10.8,-4,1.04,0.19,-0.04
7644,38.215,38.215,38.331079,0.002392,0,0,-0.2,-10.7,-3.6,1.04,0.18,-0.04
7645,38.22,38.22,38.335147,0.00146,0,0,-0.1,-10.7,-3.5,1.04,0.18,-0.04
7646,38.225,38.225,38.340365,0.001677,0,0,-0.4,-10.8,-3.5,1.04,0.19,-0.04
7647,38.23,38.230002,38.346526,0.002837,1.99999999495049e-06,0,-0.3,-10.7,-3.4,1.04,0.19,-0.04
7648,38.235,38.235001,38.351556,0.002868,9.99999997475243e-07,0,-0.5,-10.7,-4,1.04,0.2,-0.05
7649,38.24,38.24,38.355336,0.001649,0,0,-0.5,-10.7,-4.3,1.04,0.2,-0.05
7650,38.245,38.245,38.361193,0.002506,0,0,-0.4,-10.8,-3.8,1.03,0.2,-0.05
7651,38.25,38.25,38.365158,0.001471,0,0,-0.3,-10.8,-3.3,1.04,0.19,-0.04
7652,38.255,38.255,38.370254,0.001566,0,0,-0.3,-10.7,-3,1.04,0.19,-0.04
7653,38.26,38.26,38.376234,0.002546,0,0,-0.4,-10.7,-3.2,1.04,0.19,-0.04
7654,38.265,38.265001,38.380379,0.001692,9.99999997475243e-07,0,-0.5,-10.7,-3.4,1.04,0.19,-0.04
7655,38.27,38.270001,38.38567,0.001982,9.99999997475243e-07,0,-0.4,-10.7,-3,1.04,0.18,-0.04
7656,38.275,38.275001,38.391364,0.002676,1.00000000458067e-06,0,-0.2,-10.7,-2.6,1.05,0.17,-0.04
7657,38.28,38.28,38.395102,0.001414,0,0,-0.3,-10.7,-2.7,1.04,0.17,-0.04
7658,38.285,38.285001,38.40107,0.002382,9.99999997475243e-07,0,-0.5,-10.7,-3.1,1.04,0.19,-0.04
7659,38.29,38.29,38.406056,0.002369,0,0,-0.2,-10.7,-2.6,1.04,0.17,-0.04
7660,38.295,38.295,38.410012,0.001325,0,0,-0.1,-10.7,-2.7,1.04,0.17,-0.04
7661,38.3,38.300001,38.4151,0.001412,9.99999997475243e-07,0,-0.3,-10.9,-3.4,1.04,0.19,-0.04
7662,38.305,38.305,38.421088,0.002402,0,0,-0.2,-10.8,-2.9,1.04,0.18,-0.04
7663,38.31,38.31,38.42504,0.001352,0,0,-0.3,-10.8,-2.4,1.04,0.17,-0.04
7664,38.315,38.315001,38.430378,0.001689,1.00000000458067e-06,0,-0.3,-10.7,-3,1.04,0.18,-0.04
7665,38.32,38.32,38.43615,0.002463,0,0,-0.2,-10.6,-3.1,1.04,0.18,-0.04
7666,38.325,38.325,38.441146,0.002459,0,0,-0.1,-10.7,-3.1,1.04,0.17,-0.04
7667,38.33,38.33,38.445151,0.001463,0,0,-0.1,-10.7,-3.2,1.04,0.17,-0.04
7668,38.335,38.335,38.451132,0.002445,0,0,-0.2,-10.7,-3.7,1.04,0.19,-0.05
7669,38.34,38.34,38.45607,0.002383,0,0,-0.3,-10.8,-4.2,1.04,0.19,-0.05
7670,38.345,38.345,38.46002,0.001333,0,0,-0.3,-10.8,-3.9,1.03,0.19,-0.04
7671,38.35,38.35,38.465269,0.001582,0,0,-0.4,-10.8,-3.7,1.03,0.2,-0.04
7672,38.355,38.355001,38.471121,0.002433,9.99999997475243e-07,0,-0.3,-10.8,-3.4,1.03,0.19,-0.04
7673,38.36,38.36,38.475178,0.001491,0,0,-0.2,-10.8,-3.8,1.03,0.2,-0.04
7674,38.365,38.365,38.480081,0.001394,0,0,-0.2,-10.8,-3.5,1.03,0.19,-0.04
7675,38.37,38.37,38.486063,0.002376,0,0,-0.3,-10.9,-3.7,1.03,0.19,-0.04
7676,38.375,38.375,38.491169,0.002481,0,0,-0.5,-10.9,-3.6,1.04,0.2,-0.04
7677,38.38,38.38,38.495036,0.001349,0,0,-0.4,-10.8,-4,1.04,0.2,-0.04
7678,38.385,38.385,38.50103,0.002343,0,0,-0.2,-10.7,-3.5,1.04,0.19,-0.04
7679,38.39,38.39,38.506062,0.002374,0,0,-0.2,-10.7,-3.4,1.04,0.19,-0.04
7680,38.395,38.395,38.510006,0.001319,0,0,-0.4,-10.8,-3.4,1.04,0.19,-0.04
7681,38.4,38.4,38.516042,0.002355,0,0,-0.4,-10.8,-3.3,1.05,0.19,-0.04
7682,38.405,38.405,38.521098,0.002411,0,0,-0.3,-10.7,-2.9,1.04,0.18,-0.04
7683,38.41,38.410001,38.525037,0.001349,9.99999997475243e-07,0,-0.3,-10.8,-2.5,1.04,0.18,-0.04
7684,38.415,38.415,38.530224,0.001536,0,0,-0.2,-10.7,-2.7,1.04,0.18,-0.03
7685,38.42,38.42,38.536064,0.002377,0,0,-0.1,-10.6,-2.9,1.04,0.17,-0.04
7686,38.425,38.425001,38.540013,0.001324,9.99999997475243e-07,0,-0.1,-10.7,-3.7,1.03,0.18,-0.05
7687,38.43,38.43,38.545012,0.001325,0,0,-0.1,-10.8,-3.7,1.03,0.18,-0.04
7688,38.435,38.435,38.551023,0.002336,0,0,-0.2,-10.8,-4,1.03,0.19,-0.05
7689,38.44,38.44,38.556029,0.002342,0,0,-0.4,-10.8,-4.7,1.03,0.21,-0.05
7690,38.445,38.445,38.560002,0.001315,0,0,-0.3,-10.8,-3.5,1.04,0.2,-0.04
7691,38.45,38.45,38.566016,0.002329,0,0,-0.3,-10.8,-3.8,1.04,0.19,-0.04
7692,38.455,38.455,38.571019,0.002332,0,0,-0.4,-10.8,-3.7,1.04,0.2,-0.04
7693,38.46,38.46,38.57512,0.001433,0,0,-0.4,-10.9,-3.5,1.04,0.19,-0.05
7694,38.465,38.465,38.580077,0.001389,0,0,-0.3,-10.8,-3.6,1.03,0.19,-0.04
7695,38.47,38.47,38.58607,0.002383,0,0,-0.4,-10.8,-3.7,1.03,0.2,-0.04
7696,38.475,38.475,38.591083,0.002396,0,0,-0.3,-10.8,-3.8,1.03,0.2,-0.05
7697,38.48,38.480001,38.595039,0.001351,9.99999997475243e-07,0,-0.3,-10.8,-3.5,1.03,0.2,-0.04
7698,38.485,38.485,38.60101,0.002322,0,0,-0.3,-10.8,-3.2,1.04,0.19,-0.04
7699,38.49,38.49,38.606023,0.002336,0,0,-0.1,-10.8,-3.3,1.03,0.18,-0.04
7700,38.495,38.495,38.610026,0.001339,0,0,-0.2,-10.8,-2.9,1.04,0.18,-0.04
7701,38.5,38.5,38.615147,0.00146,0,0,-0.2,-10.7,-2.6,1.04,0.17,-0.04
7702,38.505,38.505,38.621089,0.002402,0,0,-0.2,-10.7,-2.7,1.05,0.17,-0.04
7703,38.51,38.51,38.625054,0.001368,0,0,-0.3,-10.7,-3.2,1.04,0.19,-0.04
7704,38.515,38.515,38.630021,0.001333,0,0,-0.4,-10.7,-3,1.04,0.19,-0.04
7705,38.52,38.52,38.636123,0.00243,0,0,-0.3,-10.6,-3.8,1.03,0.19,-0.04
7706,38.525,38.525,38.640011,0.001325,0,0,-0.2,-10.7,-3.5,1.04,0.19,-0.04
7707,38.53,38.53,38.645003,0.001315,0,0,-0.3,-10.7,-4,1.04,0.19,-0.05
7708,38.535,38.535001,38.651017,0.00233,9.99999997475243e-07,0,-0.5,-10.7,-3.7,1.04,0.2,-0.05
7709,38.54,38.54,38.656178,0.002491,0,0,-0.5,-10.8,-3.9,1.04,0.2,-0.05
7710,38.545,38.545,38.660014,0.001327,0,0,-0.3,-10.8,-3.7,1.04,0.19,-0.05
7711,38.55,38.550001,38.665176,0.001487,9.99999997475243e-07,0,-0.4,-10.7,-3.5,1.04,0.19,-0.05
7712,38.555,38.555,38.671081,0.002394,0,0,-0.2,-10.7,-3.4,1.04,0.19,-0.04
7713,38.56,38.56,38.675053,0.001366,0,0,-0.2,-10.7,-3,1.04,0.18,-0.04
7714,38.565,38.565,38.680074,0.001386,0,0,-0.2,-10.8,-3.1,1.04,0.18,-0.04
7715,38.57,38.57,38.686034,0.002347,0,0,-0.2,-10.8,-2.9,1.04,0.18,-0.04
7716,38.575,38.575,38.691041,0.002354,0,0,-0.2,-10.8,-3.6,1.04,0.19,-0.04
7717,38.58,38.58,38.695005,0.001318,0,0,-0.2,-10.9,-3.9,1.04,0.19,-0.05
7718,38.585,38.585,38.70105,0.002363,0,0,-0.4,-10.8,-3,1.05,0.18,-0.04
7719,38.59,38.59,38.706015,0.002328,0,0,-0.3,-10.8,-3.2,1.05,0.18,-0.04
7720,38.595,38.595,38.710008,0.001321,0,0,-0.3,-10.8,-2.9,1.05,0.18,-0.04
7721,38.6,38.6,38.716016,0.002329,0,0,-0.2,-10.7,-3,1.04,0.18,-0.03
7722,38.605,38.605001,38.721032,0.002344,9.99999997475243e-07,0,-0.4,-10.7,-3.1,1.04,0.19,-0.04
7723,38.61,38.61,38.725037,0.001349,0,0,-0.5,-10.7,-3.5,1.04,0.2,-0.04
7724,38.615,38.615,38.730143,0.001456,0,0,-0.3,-10.7,-2.9,1.05,0.18,-0.03
7725,38.62,38.62,38.736096,0.002409,0,0,-0.2,-10.7,-2.6,1.04,0.17,-0.03
7726,38.625,38.625,38.740034,0.001347,0,0,-0.1,-10.7,-1.9,1.05,0.17,-0.03
7727,38.63,38.63,38.745069,0.001381,0,0,-0.1,-10.7,-2.7,1.05,0.17,-0.03
7728,38.635,38.635,38.751028,0.002341,0,0,-0.3,-10.7,-3.5,1.04,0.18,-0.04
7729,38.64,38.64,38.756139,0.002452,0,0,-0.4,-10.7,-3.8,1.04,0.19,-0.04
7730,38.645,38.645,38.760077,0.00139,0,0,-0.4,-10.7,-4.3,1.03,0.19,-0.05
7731,38.65,38.65,38.766044,0.002357,0,0,-0.4,-10.7,-4.3,1.03,0.2,-0.05
7732,38.655,38.655,38.771047,0.002359,0,0,-0.5,-10.7,-4.2,1.04,0.2,-0.05
7733,38.66,38.660001,38.775024,0.001336,9.99999997475243e-07,0,-0.4,-10.7,-3.7,1.04,0.19,-0.04
7734,38.665,38.665,38.780046,0.001359,0,0,-0.4,-10.8,-3.6,1.04,0.19,-0.04
7735,38.67,38.67,38.786129,0.002442,0,0,-0.2,-10.7,-3.6,1.03,0.18,-0.04
7736,38.675,38.675001,38.790103,0.001414,9.99999997475243e-07,0,-0.3,-10.8,-3.4,1.04,0.18,-0.04
7737,38.68,38.68,38.795129,0.001443,0,0,-0.2,-10.7,-3,1.05,0.18,-0.04
7738,38.685,38.685,38.801087,0.002399,0,0,-0.3,-10.7,-3.3,1.05,0.18,-0.04
7739,38.69,38.69,38.806042,0.002355,0,0,-0.3,-10.7,-3.4,1.04,0.18,-0.04
7740,38.695,38.695,38.810063,0.001376,0,0,-0.3,-10.7,-3.9,1.04,0.18,-0.04
7741,38.7,38.7,38.816069,0.002382,0,0,-0.4,-10.8,-3.7,1.04,0.19,-0.04
7742,38.705,38.705,38.821116,0.00243,0,0,-0.4,-10.8,-4.2,1.03,0.19,-0.05
7743,38.71,38.71,38.825059,0.001372,0,0,-0.3,-10.8,-3.7,1.03,0.19,-0.04
7744,38.715,38.715,38.830124,0.001437,0,0,-0.1,-10.8,-3,1.04,0.17,-0.04
7745,38.72,38.72,38.836099,0.002412,0,0,-0.2,-10.8,-3.2,1.04,0.17,-0.04
7746,38.725,38.725,38.840063,0.001376,0,0,-0.2,-10.8,-3.6,1.04,0.18,-0.05
7747,38.73,38.730001,38.845033,0.001345,9.99999997475243e-07,0,-0.3,-10.8,-3.7,1.04,0.19,-0.04
7748,38.735,38.735,38.851034,0.002347,0,0,-0.2,-10.8,-3.2,1.04,0.18,-0.04
7749,38.74,38.74,38.856035,0.002348,0,0,-0.2,-10.8,-3.8,1.04,0.19,-0.04
7750,38.745,38.745,38.860016,0.001329,0,0,-0.1,-10.7,-3.4,1.04,0.18,-0.04
7751,38.75,38.75,38.866041,0.002354,0,0,-0.2,-10.7,-3.2,1.04,0.18,-0.04
7752,38.755,38.755,38.871028,0.002341,0,0,-0.2,-10.7,-3.1,1.04,0.17,-0.04
7753,38.76,38.76,38.875006,0.001318,0,0,-0.3,-10.7,-3.4,1.04,0.18,-0.04
7754,38.765,38.765,38.880114,0.001427,0,0,-0.2,-10.8,-3.1,1.05,0.17,-0.04
7755,38.77,38.77,38.886055,0.002368,0,0,-0.2,-10.8,-3.3,1.04,0.18,-0.04
7756,38.775,38.775,38.891068,0.00238,0,0,-0.2,-10.7,-3.8,1.04,0.18,-0.04
7757,38.78,38.78,38.89503,0.001343,0,0,-0.2,-10.7,-3.9,1.03,0.18,-0.04
7758,38.785,38.785001,38.901076,0.002389,9.99999997475243e-07,0,-0.3,-10.8,-3.7,1.04,0.19,-0.04
7759,38.79,38.79,38.906054,0.002366,0,0,-0.3,-10.7,-4,1.03,0.19,-0.04
7760,38.795,38.795,38.910026,0.00134,0,0,-0.4,-10.8,-4.4,1.03,0.21,-0.04
7761,38.8,38.800001,38.916037,0.002349,9.99999997475243e-07,0,-0.3,-10.7,-4.1,1.03,0.2,-0.04
7762,38.805,38.805,38.921045,0.002359,0,0,-0.4,-10.7,-4.4,1.03,0.2,-0.04
7763,38.81,38.81,38.925127,0.00144,0,0,-0.3,-10.6,-4.2,1.03,0.2,-0.04
7764,38.815,38.815,38.931052,0.002365,0,0,-0.3,-10.7,-3.7,1.04,0.19,-0.05
7765,38.82,38.82,38.936116,0.002429,0,0,-0.4,-10.8,-4.2,1.04,0.2,-0.05
7766,38.825,38.825001,38.940048,0.00136,9.99999997475243e-07,0,-0.2,-10.7,-3.6,1.04,0.19,-0.04
7767,38.83,38.83,38.945012,0.001325,0,0,-0.2,-10.7,-3.6,1.04,0.18,-0.05
7768,38.835,38.835,38.951171,0.002485,0,0,-0.3,-10.7,-3.9,1.04,0.19,-0.05
7769,38.84,38.84,38.956067,0.002381,0,0,-0.3,-10.7,-4.5,1.04,0.19,-0.05
7770,38.845,38.845,38.960037,0.00135,0,0,-0.5,-10.8,-4.1,1.04,0.21,-0.05
7771,38.85,38.85,38.966109,0.002422,0,0,-0.4,-10.8,-4.2,1.04,0.2,-0.05
7772,38.855,38.855001,38.97103,0.002343,9.99999997475243e-07,0,-0.3,-10.8,-3,1.05,0.18,-0.04
7773,38.86,38.86,38.975078,0.001392,0,0,-0.3,-10.9,-3.1,1.05,0.18,-0.04
7774,38.865,38.865,38.980117,0.001431,0,0,-0.4,-10.8,-3.1,1.04,0.19,-0.04
7775,38.87,38.87,38.986119,0.002432,0,0,-0.3,-10.8,-2.8,1.05,0.18,-0.04
7776,38.875,38.875,38.99005,0.001363,0,0,-0.3,-10.8,-3.3,1.04,0.19,-0.04
7777,38.88,38.88,38.995136,0.001449,0,0,-0.3,-10.8,-3.1,1.04,0.19,-0.04
7778,38.885,38.885,39.001242,0.002555,0,0,-0.3,-10.8,-2.9,1.04,0.18,-0.04
7779,38.89,38.89,39.005127,0.00144,0,0,-0.3,-10.7,-3,1.04,0.18,-0.04
7780,38.895,38.895,39.010087,0.0014,0,0,-0.3,-10.7,-3.2,1.04,0.18,-0.04
7781,38.9,38.9,39.016121,0.002434,0,0,-0.3,-10.7,-3.6,1.04,0.19,-0.04
7782,38.905,38.905,39.021061,0.002374,0,0,-0.3,-10.7,-3.9,1.04,0.2,-0.04
7783,38.91,38.910001,39.025059,0.00137,9.99999997475243e-07,0,-0.3,-10.7,-3.8,1.04,0.19,-0.04
7784,38.915,38.915,39.030251,0.001563,0,0,-0.3,-10.7,-3.9,1.03,0.2,-0.05
7785,38.92,38.92,39.036092,0.002405,0,0,-0.4,-10.7,-3.8,1.03,0.2,-0.05
7786,38.925,38.925001,39.040082,0.001394,9.99999997475243e-07,0,-0.3,-10.7,-4,1.04,0.19,-0.05
7787,38.93,38.93,39.04508,0.001393,0,0,-0.2,-10.7,-3.7,1.04,0.19,-0.05
7788,38.935,38.935,39.051062,0.002374,0,0,-0.3,-10.7,-3.9,1.03,0.19,-0.05
7789,38.94,38.94,39.055252,0.001565,0,0,-0.3,-10.7,-3.4,1.04,0.19,-0.04
7790,38.945,38.945,39.060157,0.001469,0,0,-0.3,-10.7,-3.1,1.04,0.18,-0.04
7791,38.95,38.95,39.066052,0.002365,0,0,-0.2,-10.7,-3,1.04,0.18,-0.04
7792,38.955,38.955,39.071035,0.002348,0,0,-0.2,-10.7,-3.1,1.04,0.18,-0.04
7793,38.96,38.96,39.075006,0.001319,0,0,-0.2,-10.8,-3.2,1.04,0.18,-0.04
7794,38.965,38.965002,39.080723,0.002036,1.99999999495049e-06,0,-0.3,-10.7,-3.7,1.03,0.19,-0.04
7795,38.97,38.97,39.085114,0.001426,0,0,-0.2,-10.8,-3.6,1.03,0.19,-0.04
7796,38.975,38.975001,39.090244,0.001557,9.99999997475243e-07,0,-0.4,-10.7,-4.4,1.03,0.2,-0.04
7797,38.98,38.980001,39.096107,0.002419,9.99999997475243e-07,0,-0.5,-10.7,-4.5,1.03,0.2,-0.05
7798,38.985,38.985,39.10004,0.001353,0,0,-0.5,-10.8,-4.1,1.03,0.2,-0.05
7799,38.99,38.99,39.105054,0.001367,0,0,-0.3,-10.7,-3.3,1.04,0.19,-0.04
7800,38.995,38.995,39.111071,0.002384,0,0,-0.3,-10.8,-3.3,1.04,0.18,-0.04
7801,39,39,39.11606,0.002373,0,0,-0.2,-10.7,-3.2,1.05,0.18,-0.04
7802,39.005,39.005,39.120037,0.00135,0,0,-0.1,-10.7,-3.2,1.04,0.17,-0.04
7803,39.01,39.01,39.125193,0.001505,0,0,-0.3,-10.7,-2.7,1.04,0.17,-0.04
7804,39.015,39.015,39.131029,0.002342,0,0,-0.3,-10.8,-3.3,1.04,0.19,-0.04
7805,39.02,39.02,39.135002,0.001315,0,0,-0.3,-10.7,-3.8,1.04,0.19,-0.04
7806,39.025,39.025,39.140013,0.001326,0,0,-0.3,-10.8,-3.8,1.03,0.19,-0.04
7807,39.03,39.03,39.146014,0.002327,0,0,-0.3,-10.9,-3.1,1.04,0.19,-0.04
7808,39.035,39.035001,39.151057,0.00237,9.99999997475243e-07,0,-0.3,-10.8,-3.2,1.05,0.19,-0.05
7809,39.04,39.04,39.155059,0.001372,0,0,-0.2,-10.8,-3.5,1.04,0.19,-0.04
7810,39.045,39.045,39.160199,0.001511,0,0,-0.3,-10.7,-3.4,1.04,0.18,-0.04
7811,39.05,39.050001,39.166074,0.002386,9.99999997475243e-07,0,-0.3,-10.7,-3.7,1.04,0.19,-0.05
7812,39.055,39.055,39.171086,0.002399,0,0,-0.3,-10.8,-3.2,1.05,0.18,-0.05
7813,39.06,39.060001,39.175062,0.001374,9.99999997475243e-07,0,-0.4,-10.7,-3.7,1.04,0.19,-0.04
7814,39.065,39.065,39.181091,0.002403,0,0,-0.2,-10.7,-3.1,1.04,0.18,-0.04
7815,39.07,39.07,39.186101,0.002414,0,0,-0.3,-10.7,-4,1.03,0.19,-0.04
7816,39.075,39.075,39.19004,0.001354,0,0,-0.3,-10.7,-3.5,1.04,0.19,-0.04
7817,39.08,39.08,39.195152,0.001465,0,0,-0.3,-10.7,-3.7,1.03,0.19,-0.04
7818,39.085,39.085,39.201027,0.00234,0,0,-0.3,-10.8,-3.9,1.03,0.19,-0.04
7819,39.09,39.09,39.20503,0.001343,0,0,-0.3,-10.8,-4.2,1.03,0.19,-0.04
7820,39.095,39.095,39.210056,0.001369,0,0,-0.4,-10.8,-4.3,1.03,0.2,-0.04
7821,39.1,39.1,39.216032,0.002345,0,0,-0.2,-10.7,-3.7,1.04,0.18,-0.04
7822,39.105,39.105001,39.221109,0.002421,9.99999997475243e-07,0,-0.1,-10.8,-2.9,1.05,0.17,-0.04
7823,39.11,39.11,39.225089,0.001402,0,0,-0.3,-10.8,-3,1.05,0.19,-0.04
7824,39.115,39.115,39.230162,0.001474,0,0,-0.3,-10.7,-3.6,1.04,0.19,-0.04
7825,39.12,39.12,39.236032,0.002345,0,0,-0.3,-10.8,-3,1.05,0.18,-0.04
7826,39.125,39.125,39.241033,0.002346,0,0,-0.2,-10.7,-3.3,1.04,0.18,-0.04
7827,39.13,39.13,39.245065,0.001378,0,0,-0.2,-10.7,-3.5,1.04,0.17,-0.05
7828,39.135,39.135,39.251116,0.00243,0,0,-0.3,-10.7,-3.5,1.04,0.18,-0.05
7829,39.14,39.140001,39.256161,0.002474,9.99999997475243e-07,0,-0.3,-10.8,-3.1,1.04,0.18,-0.04
7830,39.145,39.145,39.260054,0.001367,0,0,-0.4,-10.8,-3.3,1.04,0.19,-0.05
7831,39.15,39.15,39.265117,0.001431,0,0,-0.3,-10.8,-2.9,1.04,0.18,-0.04
7832,39.155,39.155,39.27113,0.002442,0,0,-0.3,-10.8,-3,1.05,0.17,-0.04
7833,39.16,39.160001,39.275046,0.001358,9.99999997475243e-07,0,-0.3,-10.8,-2.8,1.04,0.17,-0.04
7834,39.165,39.165,39.28009,0.001403,0,0,-0.2,-10.8,-3.2,1.04,0.18,-0.04
7835,39.17,39.17,39.286177,0.002489,0,0,-0.2,-10.8,-3.2,1.04,0.17,-0.04
7836,39.175,39.175001,39.291093,0.002405,9.99999997475243e-07,0,-0.1,-10.8,-3.2,1.04,0.18,-0.04
7837,39.18,39.18,39.29509,0.001404,0,0,-0.3,-10.9,-3.8,1.03,0.19,-0.04
7838,39.185,39.185,39.301057,0.00237,0,0,-0.2,-10.8,-3.3,1.04,0.18,-0.04
7839,39.19,39.19,39.30629,0.002603,0,0,-0.4,-10.8,-3.4,1.04,0.19,-0.04
7840,39.195,39.195,39.31008,0.001392,0,0,-0.3,-10.7,-3.3,1.04,0.18,-0.04
7841,39.2,39.2,39.31611,0.002423,0,0,-0.2,-10.8,-2.7,1.04,0.17,-0.04
7842,39.205,39.205,39.321131,0.002444,0,0,-0.3,-10.8,-3.1,1.04,0.18,-0.04
7843,39.21,39.21,39.32503,0.001343,0,0,-0.3,-10.8,-3.1,1.04,0.18,-0.04
7844,39.215,39.215,39.330137,0.00145,0,0,-0.3,-10.9,-3.8,1.03,0.18,-0.05
7845,39.22,39.22,39.336082,0.002394,0,0,-0.2,-10.9,-3.5,1.04,0.17,-0.04
7846,39.225,39.225,39.340009,0.001322,0,0,-0.2,-10.8,-3.3,1.05,0.18,-0.04
7847,39.23,39.230001,39.345084,0.001397,9.99999997475243e-07,0,-0.3,-10.9,-3.2,1.05,0.18,-0.04
7848,39.235,39.235,39.35107,0.002383,0,0,-0.2,-10.9,-4,1.04,0.18,-0.04
7849,39.24,39.24,39.355056,0.001369,0,0,-0.2,-10.9,-4.4,1.03,0.19,-0.04
7850,39.245,39.245,39.360038,0.001351,0,0,-0.4,-10.9,-3.6,1.04,0.19,-0.04
7851,39.25,39.25,39.366031,0.002345,0,0,-0.3,-10.8,-3.2,1.04,0.18,-0.04
7852,39.255,39.255,39.370002,0.001315,0,0,-0.3,-10.8,-3.5,1.04,0.19,-0.04
7853,39.26,39.26,39.375074,0.001387,0,0,-0.3,-10.9,-3.5,1.03,0.18,-0.04
7854,39.265,39.265,39.381096,0.002409,0,0,-0.3,-10.8,-3.6,1.03,0.19,-0.04
7855,39.27,39.27,39.386155,0.002469,0,0,-0.2,-10.8,-3.3,1.03,0.18,-0.04
7856,39.275,39.275,39.390077,0.001389,0,0,-0.1,-10.8,-3.5,1.03,0.18,-0.03
7857,39.28,39.28,39.395181,0.001494,0,0,-0.3,-10.8,-3.3,1.04,0.18,-0.04
7858,39.285,39.285001,39.401074,0.002386,9.99999997475243e-07,0,-0.2,-10.8,-2.9,1.04,0.18,-0.04
7859,39.29,39.29,39.405037,0.00135,0,0,-0.3,-10.8,-3.2,1.04,0.18,-0.04
7860,39.295,39.295,39.410103,0.001415,0,0,-0.2,-10.8,-2.9,1.04,0.17,-0.04
7861,39.3,39.300001,39.41609,0.002402,9.99999997475243e-07,0,-0.2,-10.7,-3.3,1.04,0.18,-0.04
7862,39.305,39.305,39.421059,0.002372,0,0,-0.3,-10.9,-2.8,1.04,0.18,-0.04
7863,39.31,39.31,39.425041,0.001354,0,0,-0.1,-10.8,-3.3,1.04,0.17,-0.04
7864,39.315,39.315,39.431086,0.002399,0,0,0,-10.8,-3.1,1.04,0.16,-0.04
7865,39.32,39.32,39.436211,0.002524,0,0,-0.1,-10.7,-4,1.04,0.19,-0.05
7866,39.325,39.325,39.440053,0.001366,0,0,-0.1,-10.7,-3.4,1.04,0.18,-0.04
7867,39.33,39.33,39.445166,0.001479,0,0,-0.2,-10.7,-3.2,1.04,0.18,-0.04
7868,39.335,39.335,39.451103,0.002417,0,0,-0.2,-10.6,-3.4,1.04,0.18,-0.04
7869,39.34,39.34,39.455038,0.001351,0,0,-0.5,-10.8,-3.4,1.04,0.2,-0.04
7870,39.345,39.345,39.460109,0.001422,0,0,-0.5,-10.8,-3.6,1.04,0.2,-0.04
7871,39.35,39.350003,39.465494,0.001803,2.99999999953116e-06,0,-0.5,-10.8,-3.4,1.05,0.19,-0.04
7872,39.355,39.355001,39.471194,0.002505,9.99999997475243e-07,0,-0.6,-10.8,-3.7,1.05,0.2,-0.04
7873,39.36,39.36,39.475105,0.001418,0,0,-0.2,-10.7,-3.3,1.04,0.19,-0.04
7874,39.365,39.365,39.480219,0.001532,0,0,-0.1,-10.7,-3.8,1.04,0.19,-0.04
7875,39.37,39.37,39.486087,0.0024,0,0,-0.2,-10.7,-3.8,1.04,0.19,-0.04
7876,39.375,39.375,39.490081,0.001395,0,0,-0.4,-10.8,-4.5,1.03,0.21,-0.05
7877,39.38,39.380001,39.495095,0.001407,9.99999997475243e-07,0,-0.4,-10.8,-4.1,1.04,0.2,-0.04
7878,39.385,39.385,39.501039,0.002351,0,0,-0.3,-10.7,-4.4,1.04,0.2,-0.04
7879,39.39,39.39,39.505016,0.001329,0,0,-0.3,-10.8,-4.7,1.03,0.21,-0.05
7880,39.395,39.395,39.510086,0.001398,0,0,-0.3,-10.7,-4.9,1.03,0.21,-0.05
7881,39.4,39.4,39.516043,0.002356,0,0,-0.2,-10.7,-4.4,1.03,0.2,-0.05
7882,39.405,39.405,39.520222,0.001535,0,0,-0.2,-10.8,-4.2,1.03,0.2,-0.04
7883,39.41,39.410001,39.525129,0.001441,9.99999997475243e-07,0,-0.4,-10.8,-4.1,1.04,0.21,-0.05
7884,39.415,39.415,39.531075,0.002388,0,0,-0.4,-10.8,-3.8,1.04,0.2,-0.04
7885,39.42,39.42,39.536062,0.002375,0,0,-0.6,-10.8,-4.4,1.03,0.22,-0.05
7886,39.425,39.425001,39.540041,0.001353,9.99999997475243e-07,0,-0.4,-10.7,-4.1,1.03,0.2,-0.05
7887,39.43,39.43,39.545036,0.001349,0,0,-0.4,-10.8,-3.8,1.03,0.2,-0.04
7888,39.435,39.435,39.551026,0.002339,0,0,-0.3,-10.8,-3.5,1.03,0.2,-0.04
7889,39.44,39.44,39.555079,0.001393,0,0,-0.4,-10.7,-3.5,1.04,0.2,-0.04
7890,39.445,39.445,39.560064,0.001377,0,0,-0.3,-10.8,-3.4,1.04,0.2,-0.04
7891,39.45,39.45,39.566032,0.002345,0,0,-0.5,-10.7,-3.6,1.04,0.21,-0.05
7892,39.455,39.455,39.571049,0.002362,0,0,-0.5,-10.8,-3.7,1.04,0.21,-0.05
7893,39.46,39.46,39.575015,0.001328,0,0,-0.6,-10.8,-3.8,1.04,0.21,-0.05
7894,39.465,39.465,39.580104,0.001417,0,0,-0.4,-10.7,-3.2,1.04,0.2,-0.05
7895,39.47,39.47,39.586076,0.00239,0,0,-0.3,-10.7,-3.2,1.04,0.19,-0.05
7896,39.475,39.475,39.590119,0.001431,0,0,-0.4,-10.7,-3.4,1.04,0.19,-0.05
7897,39.48,39.480001,39.595025,0.001336,9.99999997475243e-07,0,-0.3,-10.6,-3.9,1.03,0.2,-0.04
7898,39.485,39.485,39.60106,0.002373,0,0,-0.2,-10.6,-3.3,1.04,0.18,-0.04
7899,39.49,39.49,39.606053,0.002365,0,0,-0.3,-10.7,-3.7,1.04,0.19,-0.04
7900,39.495,39.495,39.610063,0.001377,0,0,-0.4,-10.7,-3.8,1.03,0.2,-0.04
7901,39.5,39.5,39.616062,0.002375,0,0,-0.5,-10.8,-4,1.04,0.21,-0.05
7902,39.505,39.505,39.621069,0.002382,0,0,-0.4,-10.9,-4.8,1.03,0.22,-0.05
7903,39.51,39.51,39.625038,0.001351,0,0,-0.3,-10.8,-4.4,1.03,0.21,-0.05
7904,39.515,39.515,39.631048,0.00236,0,0,-0.1,-10.7,-4.1,1.03,0.2,-0.04
7905,39.52,39.52,39.636043,0.002356,0,0,-0.2,-10.7,-3.4,1.03,0.19,-0.03
7906,39.525,39.525,39.640016,0.001329,0,0,-0.2,-10.7,-3.3,1.03,0.19,-0.04
7907,39.53,39.53,39.645225,0.001538,0,0,0,-10.7,-3.3,1.04,0.18,-0.04
7908,39.535,39.535001,39.651072,0.002385,9.99999997475243e-07,0,-0.1,-10.6,-3.7,1.04,0.19,-0.04
7909,39.54,39.54,39.655053,0.001367,0,0,-0.1,-10.6,-3.6,1.04,0.18,-0.04
7910,39.545,39.545,39.660102,0.001415,0,0,-0.3,-10.7,-2.7,1.04,0.19,-0.04
7911,39.55,39.550001,39.666064,0.002375,9.99999997475243e-07,0,-0.2,-10.8,-3.1,1.04,0.18,-0.04
7912,39.555,39.555,39.670037,0.001349,0,0,-0.2,-10.7,-3.1,1.04,0.18,-0.04
7913,39.56,39.56,39.675014,0.001327,0,0,-0.3,-10.7,-3.6,1.04,0.18,-0.04
7914,39.565,39.565,39.681015,0.002328,0,0,-0.4,-10.7,-4.3,1.03,0.2,-0.05
7915,39.57,39.57,39.686025,0.002338,0,0,-0.5,-10.8,-4.1,1.03,0.2,-0.05
7916,39.575,39.575,39.690041,0.001354,0,0,-0.5,-10.8,-3.8,1.04,0.2,-0.05
7917,39.58,39.58,39.69604,0.002353,0,0,-0.5,-10.9,-4.2,1.03,0.21,-0.05
7918,39.585,39.585,39.700015,0.001328,0,0,-0.3,-10.8,-4.1,1.03,0.2,-0.05
7919,39.59,39.59,39.705101,0.001414,0,0,-0.3,-10.8,-4.2,1.03,0.2,-0.05
7920,39.595,39.595,39.711096,0.002409,0,0,-0.3,-10.7,-3.8,1.03,0.19,-0.05
7921,39.6,39.6,39.716032,0.002345,0,0,-0.3,-10.7,-4.2,1.03,0.2,-0.04
7922,39.605,39.605001,39.72003,0.001342,9.99999997475243e-07,0,-0.4,-10.7,-3.9,1.03,0.2,-0.04
7923,39.61,39.61,39.725209,0.001521,0,0,-0.3,-10.7,-3.4,1.03,0.19,-0.04
7924,39.615,39.615,39.731089,0.002401,0,0,-0.4,-10.9,-3,1.04,0.19,-0.04
7925,39.62,39.62,39.735071,0.001384,0,0,-0.4,-10.9,-2.8,1.04,0.18,-0.04
7926,39.625,39.625,39.741119,0.002432,0,0,-0.3,-10.8,-2.8,1.04,0.18,-0.04
7927,39.63,39.63,39.74608,0.002393,0,0,-0.3,-10.7,-2.9,1.04,0.18,-0.03
7928,39.635,39.635,39.750054,0.001366,0,0,-0.2,-10.7,-3.1,1.04,0.18,-0.04
7929,39.64,39.64,39.755157,0.00147,0,0,-0.2,-10.7,-3,1.04,0.18,-0.03
7930,39.645,39.645,39.761162,0.002474,0,0,-0.2,-10.7,-3,1.04,0.18,-0.04
7931,39.65,39.65,39.765119,0.001432,0,0,-0.4,-10.7,-3.7,1.04,0.2,-0.04
7932,39.655,39.655,39.770104,0.001416,0,0,-0.4,-10.7,-3.8,1.04,0.2,-0.04
7933,39.66,39.660001,39.776115,0.002426,9.99999997475243e-07,0,-0.5,-10.8,-4.1,1.04,0.21,-0.05
7934,39.665,39.665,39.781116,0.002429,0,0,-0.4,-10.7,-3.1,1.05,0.2,-0.04
7935,39.67,39.67,39.785055,0.001368,0,0,-0.4,-10.8,-3,1.05,0.2,-0.04
7936,39.675,39.675001,39.790323,0.001634,9.99999997475243e-07,0,-0.2,-10.8,-3.5,1.04,0.19,-0.04
7937,39.68,39.68,39.796079,0.002391,0,0,-0.2,-10.7,-4,1.04,0.19,-0.04
7938,39.685,39.685,39.800027,0.00134,0,0,-0.2,-10.6,-3.9,1.04,0.19,-0.04
7939,39.69,39.69,39.805083,0.001396,0,0,-0.2,-10.6,-3.9,1.03,0.19,-0.04
7940,39.695,39.695,39.811172,0.002484,0,0,-0.3,-10.7,-3.8,1.03,0.2,-0.04
7941,39.7,39.7,39.816064,0.002377,0,0,0,-10.6,-4,1.03,0.18,-0.04
7942,39.705,39.705,39.820023,0.001336,0,0,-0.1,-10.7,-3.9,1.03,0.19,-0.04
7943,39.71,39.71,39.82541,0.001722,0,0,-0.2,-10.7,-3.6,1.03,0.18,-0.04
7944,39.715,39.715,39.8311,0.002413,0,0,-0.2,-10.7,-4,1.03,0.18,-0.04
7945,39.72,39.72,39.835144,0.001457,0,0,-0.3,-10.7,-4,1.03,0.2,-0.04
7946,39.725,39.725,39.840176,0.00149,0,0,-0.2,-10.7,-3.6,1.03,0.18,-0.04
7947,39.73,39.730001,39.846107,0.002419,9.99999997475243e-07,0,-0.1,-10.6,-3.1,1.04,0.17,-0.04
7948,39.735,39.735,39.850142,0.001455,0,0,-0.1,-10.7,-2.3,1.04,0.16,-0.03
7949,39.74,39.74,39.855165,0.001478,0,0,-0.1,-10.6,-2.6,1.04,0.17,-0.03
7950,39.745,39.745,39.860109,0.001421,0,0,-0.2,-10.6,-2.6,1.04,0.17,-0.04
7951,39.75,39.75,39.866174,0.002488,0,0,-0.1,-10.7,-3.2,1.03,0.18,-0.03
7952,39.755,39.755,39.870125,0.001438,0,0,-0.1,-10.7,-3.1,1.03,0.18,-0.04
7953,39.76,39.760001,39.875276,0.001589,1.00000000458067e-06,0,-0.3,-10.7,-3.2,1.04,0.18,-0.04
7954,39.765,39.765,39.881256,0.002568,0,0,-0.3,-10.7,-3,1.04,0.19,-0.04
7955,39.77,39.77,39.885207,0.001519,0,0,-0.3,-10.7,-2.9,1.04,0.18,-0.04
7956,39.775,39.775,39.890559,0.001872,0,0,-0.3,-10.7,-3.1,1.04,0.18,-0.05
7957,39.78,39.780001,39.896448,0.00276,9.99999997475243e-07,0,-0.4,-10.7,-3.7,1.03,0.19,-0.05
7958,39.785,39.785001,39.90113,0.002442,9.99999997475243e-07,0,-0.4,-10.7,-3.7,1.04,0.19,-0.05
7959,39.79,39.79,39.905004,0.001317,0,0,-0.5,-10.8,-3.8,1.03,0.2,-0.04
7960,39.795,39.795,39.911082,0.002395,0,0,-0.5,-10.8,-3.6,1.04,0.2,-0.04
7961,39.8,39.800001,39.916024,0.002336,9.99999997475243e-07,0,-0.4,-10.8,-3.5,1.04,0.2,-0.04
7962,39.805,39.805,39.919995,0.001308,0,0,-0.3,-10.8,-3.4,1.04,0.2,-0.04
7963,39.81,39.81,39.925461,0.001773,0,0,-0.3,-10.7,-3.4,1.04,0.19,-0.04
7964,39.815,39.815,39.931037,0.00235,0,0,-0.3,-10.7,-3.3,1.04,0.19,-0.04
7965,39.82,39.82,39.935018,0.001331,0,0,-0.2,-10.8,-2.8,1.04,0.18,-0.04
7966,39.825,39.825,39.940079,0.001392,0,0,-0.1,-10.8,-2.6,1.04,0.17,-0.04
7967,39.83,39.83,39.946059,0.002372,0,0,-0.2,-10.7,-2.8,1.04,0.18,-0.04
7968,39.835,39.835,39.950102,0.001416,0,0,-0.2,-10.8,-2.9,1.05,0.17,-0.04
7969,39.84,39.84,39.955034,0.001347,0,0,-0.2,-10.7,-3.1,1.04,0.18,-0.04
7970,39.845,39.845,39.961082,0.002395,0,0,-0.3,-10.8,-3.1,1.04,0.18,-0.04
7971,39.85,39.85,39.966015,0.002328,0,0,-0.4,-10.8,-3.2,1.04,0.19,-0.04
7972,39.855,39.855001,39.970003,0.001315,9.99999997475243e-07,0,-0.3,-10.7,-3.1,1.04,0.19,-0.04
7973,39.86,39.86,39.976055,0.002368,0,0,-0.3,-10.8,-2.8,1.04,0.19,-0.04
7974,39.865,39.865,39.981016,0.002329,0,0,-0.3,-10.8,-2.9,1.05,0.19,-0.04
7975,39.87,39.87,39.984997,0.00131,0,0,-0.3,-10.9,-3.6,1.04,0.19,-0.04
7976,39.875,39.875002,39.990608,0.001919,2.00000000205591e-06,0,-0.3,-10.8,-3.1,1.04,0.19,-0.05
7977,39.88,39.88,39.996117,0.002429,0,0,-0.2,-10.8,-2.7,1.05,0.18,-0.04
7978,39.885,39.885,40.000018,0.001331,0,0,-0.2,-10.8,-3.2,1.04,0.18,-0.04
7979,39.89,39.89,40.005153,0.001465,0,0,-0.3,-10.9,-3.4,1.04,0.18,-0.04
7980,39.895,39.895,40.011058,0.002372,0,0,-0.2,-10.8,-3.5,1.04,0.19,-0.04
7981,39.9,39.9,40.015062,0.001374,0,0,-0.3,-10.8,-3.3,1.04,0.19,-0.04
7982,39.905,39.905,40.02004,0.001352,0,0,-0.3,-10.9,-3.3,1.04,0.19,-0.04
7983,39.91,39.910001,40.026204,0.002515,9.99999997475243e-07,0,-0.4,-10.9,-2.9,1.05,0.19,-0.04
7984,39.915,39.915001,40.030048,0.00136,9.99999997475243e-07,0,-0.5,-10.8,-3,1.04,0.19,-0.04
7985,39.92,39.92,40.035028,0.00134,0,0,-0.3,-10.6,-3.7,1.03,0.19,-0.04
7986,39.925,39.925001,40.041126,0.002438,9.99999997475243e-07,0,-0.3,-10.7,-3.6,1.03,0.19,-0.04
7987,39.93,39.93,40.045042,0.001355,0,0,-0.3,-10.8,-3.4,1.04,0.19,-0.04
7988,39.935,39.935,40.050026,0.001339,0,0,-0.5,-10.8,-3,1.04,0.2,-0.04
7989,39.94,39.94,40.055228,0.001541,0,0,-0.4,-10.8,-3.6,1.03,0.2,-0.04
7990,39.945,39.945,40.061097,0.002409,0,0,-0.3,-10.8,-3.1,1.04,0.19,-0.04
7991,39.95,39.95,40.065031,0.001344,0,0,-0.5,-10.7,-3.6,1.03,0.19,-0.05
7992,39.955,39.955,40.070084,0.001397,0,0,-0.4,-10.6,-3.7,1.04,0.19,-0.04
7993,39.96,39.96,40.076069,0.002381,0,0,-0.4,-10.7,-3.5,1.04,0.19,-0.04
7994,39.965,39.965,40.080024,0.001337,0,0,-0.4,-10.7,-3.2,1.05,0.19,-0.04
7995,39.97,39.97,40.085022,0.001335,0,0,-0.4,-10.7,-2.8,1.04,0.18,-0.04
7996,39.975,39.975,40.091137,0.00245,0,0,-0.4,-10.7,-2.8,1.04,0.18,-0.04
7997,39.98,39.980001,40.096031,0.002343,9.99999997475243e-07,0,-0.4,-10.8,-2.4,1.05,0.18,-0.04
7998,39.985,39.985,40.100005,0.001318,0,0,-0.3,-10.8,-2.5,1.04,0.19,-0.04
7999,39.99,39.99,40.10602,0.002333,0,0,-0.3,-10.8,-2.6,1.05,0.18,-0.04
8000,39.995,39.995,40.11101,0.002323,0,0,-0.3,-10.7,-3.4,1.04,0.19,-0.04
8001,40,40,40.115017,0.00133,0,0,-0.3,-10.6,-3.6,1.03,0.2,-0.04
8002,40.005,40.005,40.120052,0.001365,0,0,-0.2,-10.6,-3.3,1.03,0.18,-0.04
8003,40.01,40.01,40.126118,0.00243,0,0,-0.4,-10.7,-3.8,1.03,0.2,-0.04
8004,40.015,40.015,40.13001,0.001323,0,0,-0.4,-10.7,-3.9,1.03,0.19,-0.04
8005,40.02,40.02,40.135041,0.001353,0,0,-0.5,-10.8,-3.6,1.04,0.19,-0.04
8006,40.025,40.025,40.141024,0.002337,0,0,-0.3,-10.8,-3.3,1.04,0.18,-0.04
8007,40.03,40.03,40.146004,0.002317,0,0,-0.3,-10.7,-3.3,1.04,0.18,-0.04
8008,40.035,40.035001,40.150097,0.001409,9.99999997475243e-07,0,-0.4,-10.7,-4,1.03,0.19,-0.04
8009,40.04,40.04,40.156068,0.00238,0,0,-0.4,-10.7,-3.8,1.04,0.19,-0.04
8010,40.045,40.045,40.161099,0.002411,0,0,-0.3,-10.7,-3.2,1.05,0.18,-0.04
8011,40.05,40.050001,40.165048,0.00136,9.99999997475243e-07,0,-0.4,-10.8,-2.7,1.05,0.18,-0.04
8012,40.055,40.055,40.170129,0.001441,0,0,-0.2,-10.8,-2.6,1.04,0.18,-0.04
8013,40.06,40.06,40.176024,0.002337,0,0,-0.1,-10.7,-3.2,1.03,0.18,-0.04
8014,40.065,40.065,40.180014,0.001327,0,0,-0.2,-10.7,-3,1.03,0.18,-0.04
8015,40.07,40.07,40.185005,0.001318,0,0,-0.3,-10.8,-3.2,1.04,0.18,-0.04
8016,40.075,40.075,40.191401,0.002715,0,0,-0.3,-10.8,-3.8,1.03,0.19,-0.05
8017,40.08,40.080002,40.196586,0.002898,2.00000000205591e-06,0,-0.5,-10.9,-3.8,1.03,0.2,-0.05
8018,40.085,40.085002,40.200458,0.001771,2.00000000205591e-06,0,-0.5,-10.8,-3.9,1.04,0.2,-0.05
8019,40.09,40.090002,40.205878,0.00219,1.99999999495049e-06,0,-0.4,-10.8,-3.7,1.04,0.2,-0.04
8020,40.095,40.095002,40.211589,0.0029,2.00000000205591e-06,0,-0.3,-10.8,-4.1,1.03,0.2,-0.05
8021,40.1,40.1,40.215158,0.00147,0,0,-0.3,-10.7,-3.6,1.03,0.18,-0.04
8022,40.105,40.105001,40.220352,0.001664,9.99999997475243e-07,0,-0.1,-10.7,-3.5,1.03,0.17,-0.04
8023,40.11,40.11,40.226346,0.00266,0,0,-0.1,-10.7,-3.6,1.03,0.18,-0.05
8024,40.115,40.115001,40.230161,0.001473,9.99999997475243e-07,0,-0.2,-10.5,-3.8,1.03,0.18,-0.04
8025,40.12,40.12,40.236087,0.002399,0,0,-0.1,-10.6,-3.2,1.03,0.17,-0.04
8026,40.125,40.125,40.241062,0.002375,0,0,-0.1,-10.7,-3.3,1.03,0.18,-0.04
8027,40.13,40.13,40.245058,0.001371,0,0,-0.2,-10.8,-3.5,1.03,0.18,-0.04
8028,40.135,40.135,40.250072,0.001385,0,0,-0.2,-10.8,-3.5,1.03,0.19,-0.04
8029,40.14,40.14,40.256245,0.002558,0,0,-0.3,-10.6,-2.9,1.04,0.18,-0.03
8030,40.145,40.145,40.261095,0.002407,0,0,-0.3,-10.7,-2.9,1.04,0.19,-0.04
8031,40.15,40.15,40.265015,0.001328,0,0,-0.4,-10.7,-2.8,1.04,0.19,-0.04
8032,40.155,40.155,40.271115,0.002428,0,0,-0.3,-10.8,-2.8,1.04,0.18,-0.04
8033,40.16,40.160001,40.276039,0.002351,9.99999997475243e-07,0,-0.3,-10.9,-2.6,1.04,0.18,-0.04
8034,40.165,40.165,40.280026,0.001339,0,0,-0.3,-10.8,-3.2,1.04,0.18,-0.04
8035,40.17,40.17,40.286124,0.002438,0,0,-0.4,-10.8,-3.4,1.04,0.19,-0.05
8036,40.175,40.175001,40.29117,0.002483,9.99999997475243e-07,0,-0.4,-10.8,-3.4,1.04,0.19,-0.05
8037,40.18,40.18,40.295043,0.001356,0,0,-0.4,-10.8,-3.7,1.04,0.2,-0.05
8038,40.185,40.185,40.300442,0.001755,0,0,-0.3,-10.7,-3.5,1.04,0.19,-0.04
8039,40.19,40.19,40.306264,0.002577,0,0,-0.3,-10.8,-3.5,1.05,0.19,-0.04
8040,40.195,40.195,40.310051,0.001364,0,0,-0.2,-10.8,-3.6,1.04,0.19,-0.04
8041,40.2,40.2,40.315076,0.001389,0,0,-0.3,-10.8,-3.5,1.04,0.19,-0.04
8042,40.205,40.205,40.321099,0.002412,0,0,-0.4,-10.7,-3.4,1.04,0.19,-0.04
8043,40.21,40.21,40.325043,0.001356,0,0,-0.6,-10.8,-3,1.04,0.19,-0.04
8044,40.215,40.215,40.330162,0.001475,0,0,-0.6,-10.9,-3.2,1.04,0.2,-0.04
8045,40.22,40.22,40.336066,0.002378,0,0,-0.4,-10.8,-2.5,1.04,0.18,-0.03
8046,40.225,40.225,40.341093,0.002406,0,0,-0.4,-10.8,-3.1,1.04,0.19,-0.04
8047,40.23,40.230001,40.345058,0.001371,9.99999997475243e-07,0,-0.3,-10.8,-3,1.04,0.18,-0.04
8048,40.235,40.235,40.350105,0.001419,0,0,-0.2,-10.8,-3.1,1.04,0.18,-0.04
8049,40.24,40.24,40.356156,0.002468,0,0,-0.2,-10.8,-2.8,1.04,0.17,-0.04
8050,40.245,40.245,40.360072,0.001384,0,0,-0.1,-10.7,-3.2,1.04,0.18,-0.04
8051,40.25,40.25,40.365033,0.001345,0,0,-0.1,-10.7,-2.9,1.04,0.17,-0.04
8052,40.255,40.255,40.371062,0.002375,0,0,-0.1,-10.7,-3,1.04,0.17,-0.04
8053,40.26,40.26,40.376024,0.002337,0,0,-0.1,-10.7,-3.1,1.04,0.18,-0.04
8054,40.265,40.265,40.380005,0.001318,0,0,-0.2,-10.8,-2.9,1.04,0.18,-0.04
8055,40.27,40.27,40.385241,0.001554,0,0,-0.2,-10.8,-3.4,1.04,0.18,-0.05
8056,40.275,40.275,40.391093,0.002407,0,0,-0.3,-10.8,-3.5,1.04,0.2,-0.04
8057,40.28,40.28,40.395035,0.001348,0,0,-0.3,-10.7,-3.3,1.03,0.19,-0.04
8058,40.285,40.285001,40.400095,0.001407,9.99999997475243e-07,0,-0.3,-10.8,-2.6,1.04,0.19,-0.04
8059,40.29,40.29,40.406072,0.002384,0,0,-0.3,-10.7,-2.4,1.05,0.18,-0.04
8060,40.295,40.295,40.410041,0.001354,0,0,-0.3,-10.7,-2.8,1.04,0.19,-0.04
8061,40.3,40.300001,40.415095,0.001407,9.99999997475243e-07,0,-0.3,-10.7,-2.5,1.04,0.18,-0.04
8062,40.305,40.305,40.421071,0.002384,0,0,-0.4,-10.7,-3.1,1.04,0.19,-0.04
8063,40.31,40.31,40.426055,0.002367,0,0,-0.3,-10.8,-2.7,1.04,0.18,-0.03
8064,40.315,40.315,40.430013,0.001326,0,0,-0.2,-10.8,-3.2,1.05,0.19,-0.04
8065,40.32,40.32,40.436199,0.002513,0,0,-0.3,-10.9,-3.4,1.04,0.19,-0.04
8066,40.325,40.325,40.440033,0.001346,0,0,-0.3,-10.7,-3.5,1.03,0.19,-0.04
8067,40.33,40.33,40.445077,0.001389,0,0,-0.2,-10.8,-3.8,1.03,0.19,-0.04
8068,40.335,40.335,40.450319,0.001632,0,0,-0.2,-10.7,-3.7,1.03,0.19,-0.04
8069,40.34,40.34,40.456165,0.002478,0,0,-0.3,-10.8,-3.7,1.03,0.19,-0.04
8070,40.345,40.345,40.460048,0.00136,0,0,-0.2,-10.8,-2.9,1.04,0.18,-0.04
8071,40.35,40.35,40.465077,0.001389,0,0,-0.4,-10.8,-3.1,1.04,0.19,-0.04
8072,40.355,40.355001,40.471069,0.002381,9.99999997475243e-07,0,-0.3,-10.7,-3.3,1.05,0.19,-0.04
8073,40.36,40.36,40.475044,0.001356,0,0,-0.2,-10.7,-3.4,1.04,0.18,-0.04
8074,40.365,40.365,40.480023,0.001337,0,0,-0.3,-10.7,-3.9,1.04,0.19,-0.04
8075,40.37,40.37,40.486045,0.002357,0,0,-0.2,-10.7,-3.6,1.04,0.18,-0.05
8076,40.375,40.375,40.491053,0.002366,0,0,-0.4,-10.7,-3.9,1.03,0.2,-0.05
8077,40.38,40.38,40.495019,0.001332,0,0,-0.2,-10.7,-3.6,1.04,0.19,-0.05
8078,40.385,40.385,40.500077,0.00139,0,0,-0.2,-10.6,-3.3,1.03,0.19,-0.04
8079,40.39,40.39,40.5061,0.002413,0,0,-0.2,-10.7,-3.4,1.03,0.19,-0.05
8080,40.395,40.395,40.511158,0.002471,0,0,-0.3,-10.7,-3.7,1.03,0.2,-0.05
8081,40.4,40.4,40.51501,0.001323,0,0,-0.2,-10.8,-3.2,1.04,0.19,-0.04
8082,40.405,40.405,40.520261,0.001574,0,0,-0.4,-10.8,-3.4,1.04,0.2,-0.04
8083,40.41,40.410002,40.526317,0.002627,1.99999999495049e-06,0,-0.4,-10.7,-3.9,1.03,0.2,-0.05
8084,40.415,40.415,40.530336,0.001649,0,0,-0.3,-10.7,-3.9,1.03,0.2,-0.05
8085,40.42,40.420001,40.535674,0.001987,9.99999997475243e-07,0,-0.4,-10.8,-3.6,1.03,0.2,-0.04
8086,40.425,40.425001,40.541481,0.002793,9.99999997475243e-07,0,-0.3,-10.8,-3.5,1.03,0.2,-0.04
8087,40.43,40.43,40.546196,0.002508,0,0,-0.3,-10.8,-3,1.03,0.19,-0.04
8088,40.435,40.435,40.550036,0.001349,0,0,-0.3,-10.7,-2.6,1.04,0.19,-0.04
8089,40.44,40.44,40.556107,0.00242,0,0,-0.3,-10.7,-2.9,1.04,0.18,-0.04
8090,40.445,40.445,40.560035,0.001347,0,0,-0.3,-10.8,-2.9,1.04,0.19,-0.04
8091,40.45,40.45,40.565087,0.0014,0,0,-0.2,-10.8,-3,1.04,0.18,-0.04
8092,40.455,40.455,40.571042,0.002355,0,0,-0.2,-10.7,-3,1.04,0.17,-0.04
8093,40.46,40.46,40.575029,0.001342,0,0,-0.2,-10.7,-3.1,1.04,0.18,-0.04
8094,40.465,40.465,40.580095,0.001408,0,0,-0.2,-10.8,-3.1,1.04,0.19,-0.04
8095,40.47,40.47,40.58607,0.002383,0,0,-0.2,-10.6,-2.7,1.04,0.18,-0.03
8096,40.475,40.475,40.590021,0.001334,0,0,-0.3,-10.6,-3.1,1.04,0.18,-0.04
8097,40.48,40.480001,40.595029,0.001341,9.99999997475243e-07,0,-0.3,-10.6,-2.6,1.04,0.18,-0.04
8098,40.485,40.485,40.601052,0.002365,0,0,-0.3,-10.6,-3.2,1.04,0.19,-0.04
8099,40.49,40.49,40.606067,0.002379,0,0,-0.3,-10.7,-2.9,1.04,0.18,-0.04
8100,40.495,40.495,40.610045,0.001358,0,0,-0.2,-10.7,-3.1,1.04,0.19,-0.04
8101,40.5,40.5,40.616073,0.002386,0,0,-0.3,-10.7,-2.8,1.05,0.18,-0.04
8102,40.505,40.505,40.621085,0.002398,0,0,-0.3,-10.7,-3.2,1.04,0.19,-0.04
8103,40.51,40.51,40.625111,0.001423,0,0,-0.3,-10.7,-2.8,1.04,0.18,-0.04
8104,40.515,40.515,40.631178,0.00249,0,0,-0.2,-10.7,-2.5,1.04,0.18,-0.03
8105,40.52,40.52,40.636056,0.002369,0,0,-0.2,-10.7,-2.8,1.04,0.17,-0.04
8106,40.525,40.525,40.640109,0.001422,0,0,-0.2,-10.7,-2.7,1.04,0.18,-0.04
8107,40.53,40.53,40.646042,0.002355,0,0,-0.3,-10.7,-2.9,1.04,0.18,-0.04
8108,40.535,40.535001,40.651013,0.002325,9.99999997475243e-07,0,-0.4,-10.7,-3.2,1.03,0.19,-0.04
8109,40.54,40.54,40.655012,0.001325,0,0,-0.3,-10.7,-3,1.04,0.18,-0.04
8110,40.545,40.545,40.66113,0.002443,0,0,-0.2,-10.6,-3.5,1.04,0.18,-0.04
8111,40.55,40.550001,40.666175,0.002487,9.99999997475243e-07,0,-0.2,-10.6,-3.9,1.03,0.18,-0.05
8112,40.555,40.555,40.670032,0.001345,0,0,-0.1,-10.7,-3.4,1.04,0.18,-0.04
8113,40.56,40.56,40.675133,0.001446,0,0,-0.2,-10.7,-2.9,1.04,0.17,-0.04
8114,40.565,40.565,40.681042,0.002355,0,0,-0.2,-10.7,-2.4,1.04,0.17,-0.04
8115,40.57,40.57,40.685015,0.001328,0,0,-0.3,-10.6,-2.5,1.04,0.17,-0.04
8116,40.575,40.575,40.690055,0.001368,0,0,-0.1,-10.6,-2.5,1.04,0.16,-0.04
8117,40.58,40.58,40.696031,0.002344,0,0,-0.2,-10.7,-2.7,1.04,0.18,-0.04
8118,40.585,40.585,40.700083,0.001397,0,0,-0.5,-10.7,-3.4,1.03,0.19,-0.04
8119,40.59,40.59,40.705034,0.001347,0,0,-0.4,-10.8,-3.4,1.03,0.19,-0.04
8120,40.595,40.595,40.711032,0.002345,0,0,-0.3,-10.8,-2.8,1.03,0.19,-0.04
8121,40.6,40.6,40.716027,0.00234,0,0,-0.3,-10.7,-2.7,1.04,0.18,-0.03
8122,40.605,40.605001,40.72,0.001312,9.99999997475243e-07,0,-0.3,-10.8,-2.9,1.04,0.18,-0.04
8123,40.61,40.61,40.725264,0.001576,0,0,-0.3,-10.8,-3,1.04,0.18,-0.04
8124,40.615,40.615,40.73111,0.002423,0,0,-0.3,-10.8,-4,1.03,0.2,-0.05
8125,40.62,40.62,40.73504,0.001353,0,0,-0.4,-10.8,-3.5,1.04,0.2,-0.04
8126,40.625,40.625,40.740229,0.001541,0,0,-0.4,-10.8,-3.4,1.04,0.2,-0.04
8127,40.63,40.63,40.746095,0.002407,0,0,-0.3,-10.9,-3.2,1.03,0.2,-0.04
8128,40.635,40.635,40.750038,0.001351,0,0,-0.3,-10.8,-3.4,1.04,0.19,-0.04
8129,40.64,40.64,40.755164,0.001477,0,0,-0.5,-10.9,-3.3,1.04,0.19,-0.04
8130,40.645,40.645,40.761055,0.002368,0,0,-0.6,-10.9,-3.3,1.05,0.2,-0.04
8131,40.65,40.65,40.766033,0.002346,0,0,-0.5,-10.9,-3.4,1.04,0.2,-0.04
8132,40.655,40.655,40.769997,0.00131,0,0,-0.4,-10.9,-3.2,1.04,0.19,-0.04
8133,40.66,40.660001,40.776128,0.00244,9.99999997475243e-07,0,-0.4,-10.9,-3.2,1.04,0.19,-0.04
8134,40.665,40.665,40.78105,0.002363,0,0,-0.2,-10.8,-3.3,1.04,0.19,-0.04
8135,40.67,40.67,40.785053,0.001365,0,0,-0.3,-10.9,-3.1,1.05,0.19,-0.04
8136,40.675,40.675001,40.790112,0.001424,9.99999997475243e-07,0,-0.3,-10.9,-3.1,1.03,0.19,-0.04
8137,40.68,40.68,40.79604,0.002353,0,0,-0.3,-10.7,-3.2,1.03,0.19,-0.04
8138,40.685,40.685,40.800012,0.001325,0,0,-0.4,-10.7,-3.1,1.04,0.19,-0.05
8139,40.69,40.69,40.805172,0.001485,0,0,-0.5,-10.8,-3.3,1.04,0.2,-0.05
8140,40.695,40.695,40.811021,0.002334,0,0,-0.5,-10.8,-3.2,1.04,0.2,-0.05
8141,40.7,40.7,40.815006,0.001318,0,0,-0.4,-10.7,-3.6,1.03,0.2,-0.04
8142,40.705,40.705,40.820049,0.001362,0,0,-0.3,-10.7,-3.3,1.03,0.19,-0.04
8143,40.71,40.71,40.826064,0.002377,0,0,-0.3,-10.8,-3.1,1.04,0.19,-0.04
8144,40.715,40.715,40.831011,0.002324,0,0,-0.3,-10.8,-3.4,1.03,0.19,-0.04
8145,40.72,40.72,40.835,0.001313,0,0,-0.2,-10.8,-3.2,1.03,0.17,-0.04
8146,40.725,40.725,40.840114,0.001426,0,0,-0.1,-10.7,-2.7,1.03,0.17,-0.04
8147,40.73,40.730001,40.846027,0.002339,9.99999997475243e-07,0,-0.2,-10.8,-2.5,1.04,0.17,-0.04
8148,40.735,40.735,40.849995,0.001307,0,0,-0.4,-10.8,-3.2,1.04,0.19,-0.04
8149,40.74,40.74,40.855073,0.001386,0,0,-0.6,-11,-3.7,1.04,0.21,-0.04
8150,40.745,40.745,40.861049,0.002362,0,0,-0.6,-10.9,-4,1.03,0.23,-0.04
8151,40.75,40.75,40.866009,0.002322,0,0,-0.5,-10.7,-3.4,1.04,0.21,-0.04
8152,40.755,40.755,40.870064,0.001377,0,0,-0.4,-10.7,-3,1.04,0.2,-0.04
8153,40.76,40.76,40.875411,0.001723,0,0,-0.6,-10.9,-2.8,1.04,0.2,-0.04
8154,40.765,40.765,40.88112,0.002432,0,0,-0.4,-10.8,-3,1.04,0.2,-0.04
8155,40.77,40.77,40.885032,0.001346,0,0,-0.5,-10.9,-2.9,1.04,0.2,-0.04
8156,40.775,40.775,40.890299,0.001612,0,0,-0.5,-10.8,-3.2,1.04,0.2,-0.05
8157,40.78,40.780003,40.896243,0.002552,2.99999999953116e-06,0,-0.4,-10.7,-3.8,1.04,0.2,-0.05
8158,40.785,40.785001,40.900227,0.001539,9.99999997475243e-07,0,-0.4,-10.8,-3.4,1.04,0.2,-0.05
8159,40.79,40.79,40.90528,0.001593,0,0,-0.2,-10.7,-3.4,1.04,0.19,-0.05
8160,40.795,40.795001,40.911326,0.002637,9.99999997475243e-07,0,-0.2,-10.8,-3.5,1.03,0.19,-0.05
8161,40.8,40.800001,40.915167,0.001479,9.99999997475243e-07,0,-0.3,-10.8,-3.8,1.03,0.19,-0.05
8162,40.805,40.805,40.921065,0.002377,0,0,-0.3,-10.8,-3.5,1.03,0.18,-0.05
8163,40.81,40.81,40.926052,0.002365,0,0,-0.4,-10.7,-3.3,1.04,0.18,-0.04
8164,40.815,40.815,40.930026,0.001339,0,0,-0.4,-10.8,-3.9,1.03,0.19,-0.04
8165,40.82,40.82,40.935083,0.001396,0,0,-0.4,-10.7,-3.9,1.03,0.19,-0.04
8166,40.825,40.825002,40.941253,0.002564,1.99999999495049e-06,0,-0.2,-10.6,-3.1,1.04,0.17,-0.04
8167,40.83,40.830002,40.946968,0.00328,2.00000000205591e-06,0,-0.2,-10.6,-2.9,1.04,0.17,-0.04
8168,40.835,40.835002,40.950892,0.002204,2.00000000205591e-06,0,-0.2,-10.7,-2.7,1.04,0.17,-0.04
8169,40.84,40.840001,40.956524,0.002838,9.99999997475243e-07,0,-0.3,-10.7,-3,1.04,0.18,-0.04
8170,40.845,40.845003,40.960877,0.002188,2.99999999953116e-06,0,-0.2,-10.7,-3.2,1.04,0.18,-0.04
8171,40.85,40.850002,40.966319,0.002631,2.00000000205591e-06,0,-0.3,-10.7,-3.2,1.04,0.19,-0.04
8172,40.855,40.855002,40.971307,0.002618,1.99999999495049e-06,0,-0.3,-10.6,-3.5,1.03,0.19,-0.04
8173,40.86,40.86,40.975547,0.001861,0,0,-0.3,-10.6,-4.1,1.02,0.19,-0.04
8174,40.865,40.865001,40.980969,0.002281,9.99999997475243e-07,0,-0.3,-10.7,-3.9,1.03,0.19,-0.04
8175,40.87,40.87,40.986209,0.002521,0,0,-0.1,-10.7,-3.4,1.03,0.18,-0.04
8176,40.875,40.875,40.9902,0.001512,0,0,-0.3,-10.6,-4.5,1.03,0.2,-0.05
8177,40.88,40.88,40.996141,0.002453,0,0,-0.3,-10.7,-4.2,1.03,0.2,-0.05
8178,40.885,40.885,41.000047,0.001361,0,0,-0.3,-10.7,-4.1,1.03,0.19,-0.04
8179,40.89,40.89,41.005111,0.001424,0,0,-0.3,-10.7,-3.9,1.03,0.2,-0.04
8180,40.895,40.895,41.01104,0.002354,0,0,-0.4,-10.8,-3.6,1.03,0.2,-0.05
8181,40.9,40.9,41.016027,0.00234,0,0,-0.4,-11,-3.7,1.03,0.2,-0.05
8182,40.905,40.905,41.020179,0.001493,0,0,-0.4,-10.8,-3.7,1.03,0.2,-0.05
8183,40.91,40.910001,41.02585,0.002163,9.99999997475243e-07,0,-0.5,-10.8,-4.2,1.03,0.21,-0.05
8184,40.915,40.915002,41.031584,0.002896,2.00000000205591e-06,0,-0.7,-10.9,-3.9,1.03,0.21,-0.05
8185,40.92,40.92,41.035158,0.00147,0,0,-0.7,-10.9,-4,1.03,0.21,-0.05
8186,40.925,40.925001,41.04044,0.001753,9.99999997475243e-07,0,-0.3,-10.7,-3.3,1.04,0.19,-0.04
8187,40.93,40.93,41.046341,0.002654,0,0,-0.3,-10.7,-3.5,1.03,0.19,-0.04
8188,40.935,40.935,41.050107,0.00142,0,0,-0.4,-10.6,-3.9,1.04,0.2,-0.05
8189,40.94,40.940001,41.056112,0.002424,1.00000000458067e-06,0,-0.5,-10.7,-3.2,1.04,0.19,-0.04
8190,40.945,40.945,41.061044,0.002357,0,0,-0.6,-10.7,-3.7,1.04,0.2,-0.04
8191,40.95,40.95,41.065008,0.001321,0,0,-0.7,-10.8,-3.8,1.03,0.2,-0.04
8192,40.955,40.955,41.070259,0.001572,0,0,-0.5,-10.8,-3.5,1.03,0.19,-0.04
8193,40.96,40.960001,41.076211,0.002523,9.99999997475243e-07,0,-0.6,-10.8,-3.8,1.03,0.2,-0.04
8194,40.965,40.965,41.080035,0.001348,0,0,-0.5,-10.9,-3.8,1.03,0.2,-0.04
8195,40.97,40.97,41.086057,0.00237,0,0,-0.5,-10.9,-3.6,1.04,0.21,-0.04
8196,40.975,40.975,41.091098,0.00241,0,0,-0.4,-10.8,-3.8,1.03,0.2,-0.04
8197,40.98,40.980001,41.09502,0.001331,9.99999997475243e-07,0,-0.4,-10.7,-3.9,1.03,0.2,-0.04
8198,40.985,40.985,41.10104,0.002353,0,0,-0.2,-10.7,-2.8,1.04,0.18,-0.03
8199,40.99,40.99,41.106058,0.00237,0,0,-0.2,-10.7,-2.6,1.03,0.18,-0.03
8200,40.995,40.995,41.110031,0.001344,0,0,-0.2,-10.7,-3,1.03,0.18,-0.04
8201,41,41,41.115187,0.0015,0,0,-0.2,-10.8,-2.2,1.04,0.17,-0.03
8202,41.005,41.005,41.121033,0.002346,0,0,-0.3,-10.8,-3.1,1.03,0.19,-0.04
8203,41.01,41.01,41.125103,0.001416,0,0,-0.3,-10.8,-3.1,1.03,0.19,-0.04
8204,41.015,41.015,41.130072,0.001384,0,0,-0.3,-10.8,-3.1,1.04,0.19,-0.04
8205,41.02,41.02,41.136048,0.00236,0,0,-0.4,-10.8,-3.4,1.04,0.18,-0.04
8206,41.025,41.025,41.141016,0.002329,0,0,-0.3,-10.7,-3.6,1.03,0.19,-0.04
8207,41.03,41.03,41.144995,0.001308,0,0,-0.3,-10.8,-3.4,1.03,0.19,-0.04
8208,41.035,41.035001,41.151086,0.002397,9.99999997475243e-07,0,-0.4,-10.8,-3.7,1.04,0.19,-0.04
8209,41.04,41.04,41.15608,0.002393,0,0,-0.2,-10.8,-2.8,1.05,0.18,-0.04
8210,41.045,41.045,41.160057,0.00137,0,0,-0.2,-10.8,-2.9,1.05,0.18,-0.04
8211,41.05,41.050001,41.165233,0.001544,9.99999997475243e-07,0,-0.2,-10.8,-2.8,1.05,0.18,-0.04
8212,41.055,41.055,41.171093,0.002406,0,0,-0.2,-10.8,-2.6,1.04,0.18,-0.04
8213,41.06,41.06,41.175031,0.001343,0,0,-0.2,-10.8,-2.8,1.04,0.18,-0.04
8214,41.065,41.065,41.180177,0.00149,0,0,-0.1,-10.7,-2.7,1.04,0.17,-0.04
8215,41.07,41.07,41.186088,0.002401,0,0,0,-10.8,-2.5,1.04,0.17,-0.04
8216,41.075,41.075,41.190115,0.001427,0,0,-0.2,-10.7,-2.8,1.04,0.18,-0.04
8217,41.08,41.08,41.195132,0.001441,0,0,-0.3,-10.7,-2.2,1.05,0.17,-0.04
8218,41.085,41.085,41.201085,0.002398,0,0,-0.2,-10.8,-2.3,1.05,0.17,-0.03
8219,41.09,41.09,41.205041,0.001354,0,0,-0.3,-10.8,-3.1,1.04,0.18,-0.04
8220,41.095,41.095,41.210062,0.001374,0,0,-0.3,-10.8,-4.1,1.04,0.19,-0.04
8221,41.1,41.1,41.216155,0.002467,0,0,-0.2,-10.8,-3.8,1.04,0.19,-0.04
8222,41.105,41.105001,41.2211,0.002411,9.99999997475243e-07,0,-0.2,-10.6,-3.5,1.04,0.17,-0.04
8223,41.11,41.11,41.225045,0.001358,0,0,-0.2,-10.6,-3.6,1.04,0.17,-0.05
8224,41.115,41.115,41.231107,0.002419,0,0,-0.2,-10.6,-4.1,1.03,0.18,-0.05
8225,41.12,41.12,41.235028,0.00134,0,0,-0.2,-10.7,-3.7,1.04,0.18,-0.04
8226,41.125,41.125,41.240018,0.001331,0,0,-0.3,-10.7,-3.4,1.04,0.18,-0.04
8227,41.13,41.13,41.246036,0.002349,0,0,-0.3,-10.7,-3.6,1.03,0.19,-0.04
8228,41.135,41.135,41.251084,0.002397,0,0,-0.2,-10.8,-3.7,1.03,0.19,-0.04
8229,41.14,41.14,41.255121,0.001435,0,0,-0.2,-10.7,-3.4,1.03,0.18,-0.04
8230,41.145,41.145,41.261085,0.002398,0,0,-0.2,-10.7,-3.5,1.03,0.18,-0.04
8231,41.15,41.15,41.266052,0.002365,0,0,-0.3,-10.7,-3.8,1.03,0.19,-0.04
8232,41.155,41.155,41.270019,0.001332,0,0,-0.2,-10.7,-3,1.04,0.18,-0.04
8233,41.16,41.160001,41.276056,0.002367,9.99999997475243e-07,0,-0.2,-10.7,-3.2,1.03,0.18,-0.04
8234,41.165,41.165,41.28103,0.002343,0,0,-0.1,-10.7,-3.5,1.03,0.18,-0.04
8235,41.17,41.17,41.285012,0.001324,0,0,0,-10.6,-3.1,1.04,0.17,-0.04
8236,41.175,41.175001,41.291158,0.00247,9.99999997475243e-07,0,-0.2,-10.7,-3.3,1.04,0.18,-0.04
8237,41.18,41.18,41.296146,0.002459,0,0,-0.2,-10.8,-3.2,1.04,0.18,-0.04
8238,41.185,41.185,41.300008,0.001321,0,0,-0.4,-10.8,-2.8,1.04,0.18,-0.04
8239,41.19,41.19,41.305144,0.001457,0,0,-0.2,-10.7,-2.6,1.04,0.17,-0.04
8240,41.195,41.195,41.311122,0.002435,0,0,-0.3,-10.8,-3.5,1.04,0.2,-0.04
8241,41.2,41.2,41.316083,0.002397,0,0,-0.3,-10.8,-3.2,1.04,0.19,-0.04
8242,41.205,41.205,41.320118,0.001431,0,0,-0.3,-10.9,-3.3,1.04,0.19,-0.04
8243,41.21,41.21,41.325574,0.001887,0,0,-0.3,-10.9,-2.8,1.04,0.18,-0.04
8244,41.215,41.215,41.331133,0.002446,0,0,-0.4,-10.9,-3,1.03,0.18,-0.04
8245,41.22,41.22,41.335085,0.001398,0,0,-0.2,-10.8,-2.9,1.04,0.17,-0.04
8246,41.225,41.225,41.340111,0.001424,0,0,-0.3,-10.8,-2.9,1.03,0.18,-0.04
8247,41.23,41.230001,41.346118,0.002431,9.99999997475243e-07,0,-0.3,-10.8,-3,1.03,0.19,-0.04
8248,41.235,41.235,41.351148,0.002461,0,0,-0.4,-10.9,-3.3,1.04,0.19,-0.04
8249,41.24,41.24,41.355105,0.001417,0,0,-0.4,-10.8,-3.2,1.04,0.19,-0.04
8250,41.245,41.245,41.361169,0.002482,0,0,-0.2,-10.7,-3.7,1.03,0.19,-0.05
8251,41.25,41.25,41.366051,0.002364,0,0,-0.3,-10.8,-3.3,1.04,0.19,-0.05
8252,41.255,41.255,41.370028,0.001341,0,0,-0.1,-10.7,-3.7,1.03,0.19,-0.04
8253,41.26,41.26,41.375216,0.001528,0,0,0,-10.7,-3,1.04,0.17,-0.04
8254,41.265,41.265,41.381223,0.002536,0,0,-0.1,-10.8,-2.5,1.04,0.18,-0.04
8255,41.27,41.27,41.385068,0.001381,0,0,-0.1,-10.8,-2.3,1.04,0.18,-0.03
8256,41.275,41.275,41.390093,0.001406,0,0,-0.3,-10.9,-2.7,1.04,0.18,-0.04
8257,41.28,41.28,41.396045,0.002358,0,0,-0.3,-10.9,-3.1,1.04,0.19,-0.04
8258,41.285,41.285001,41.401026,0.002337,9.99999997475243e-07,0,-0.3,-10.8,-3,1.04,0.19,-0.04
8259,41.29,41.29,41.405009,0.001322,0,0,-0.3,-10.9,-3,1.04,0.19,-0.04
8260,41.295,41.295,41.411075,0.002388,0,0,-0.5,-10.7,-3.4,1.04,0.2,-0.04
8261,41.3,41.300001,41.416155,0.002466,9.99999997475243e-07,0,-0.4,-10.7,-3.7,1.03,0.21,-0.05
8262,41.305,41.305,41.420018,0.001331,0,0,-0.4,-10.6,-3.6,1.03,0.2,-0.05
8263,41.31,41.31,41.425356,0.001669,0,0,-0.4,-10.6,-3.3,1.03,0.19,-0.04
8264,41.315,41.315,41.431078,0.00239,0,0,-0.3,-10.6,-2.8,1.04,0.18,-0.04
8265,41.32,41.32,41.435095,0.001408,0,0,-0.1,-10.6,-3.2,1.03,0.18,-0.04
8266,41.325,41.325,41.440234,0.001546,0,0,-0.2,-10.6,-3.1,1.03,0.18,-0.04
8267,41.33,41.33,41.446077,0.00239,0,0,-0.2,-10.6,-3.1,1.03,0.18,-0.04
8268,41.335,41.335,41.45004,0.001353,0,0,-0.2,-10.6,-3,1.03,0.18,-0.04
8269,41.34,41.34,41.455569,0.001884,0,0,-0.2,-10.6,-3.1,1.03,0.18,-0.04
8270,41.345,41.345001,41.460872,0.002184,1.00000000458067e-06,0,-0.1,-10.7,-2.9,1.04,0.17,-0.04
8271,41.35,41.350001,41.466365,0.002676,9.99999997475243e-07,0,-0.4,-10.7,-3.4,1.03,0.19,-0.05
8272,41.355,41.355001,41.470114,0.001427,9.99999997475243e-07,0,-0.4,-10.7,-3.6,1.03,0.2,-0.04
8273,41.36,41.36,41.476038,0.002351,0,0,-0.3,-10.8,-3.3,1.03,0.19,-0.04
8274,41.365,41.365,41.480023,0.001336,0,0,-0.2,-10.8,-3.7,1.03,0.2,-0.05
8275,41.37,41.37,41.48503,0.001343,0,0,-0.3,-10.7,-3.7,1.03,0.2,-0.05
8276,41.375,41.375,41.490319,0.001631,0,0,-0.4,-10.8,-3.8,1.03,0.2,-0.04
8277,41.38,41.38,41.496129,0.002442,0,0,-0.5,-10.8,-3.5,1.03,0.2,-0.04
8278,41.385,41.385,41.500023,0.001336,0,0,-0.5,-10.8,-4.3,1.02,0.21,-0.05
8279,41.39,41.39,41.505214,0.001527,0,0,-0.4,-10.8,-4.5,1.02,0.21,-0.04
8280,41.395,41.395,41.511075,0.002388,0,0,-0.4,-10.8,-4.3,1.02,0.2,-0.05
8281,41.4,41.4,41.51502,0.001333,0,0,-0.5,-10.9,-4.3,1.03,0.21,-0.05
8282,41.405,41.405,41.520168,0.001481,0,0,-0.3,-10.8,-3.4,1.04,0.19,-0.05
8283,41.41,41.410001,41.526201,0.002513,9.99999997475243e-07,0,-0.3,-10.7,-3.2,1.04,0.19,-0.04
8284,41.415,41.415,41.530026,0.001339,0,0,-0.3,-10.7,-3,1.04,0.19,-0.04
8285,41.42,41.42,41.535303,0.001615,0,0,-0.1,-10.7,-3.2,1.03,0.19,-0.04
8286,41.425,41.425002,41.541235,0.002546,1.99999999495049e-06,0,-0.2,-10.7,-2.9,1.04,0.18,-0.04
8287,41.43,41.43,41.545049,0.001361,0,0,-0.2,-10.7,-3.3,1.04,0.19,-0.04
8288,41.435,41.435,41.55005,0.001363,0,0,-0.3,-10.7,-3.3,1.04,0.19,-0.04
8289,41.44,41.44,41.556117,0.00243,0,0,-0.4,-10.8,-3.4,1.04,0.19,-0.04
8290,41.445,41.445,41.560048,0.001361,0,0,-0.3,-10.7,-3.2,1.04,0.19,-0.04
8291,41.45,41.45,41.565044,0.001357,0,0,-0.3,-10.7,-2.4,1.04,0.17,-0.04
8292,41.455,41.455,41.571289,0.002602,0,0,-0.3,-10.8,-2.9,1.04,0.18,-0.04
8293,41.46,41.46,41.57613,0.002442,0,0,-0.3,-10.7,-2.5,1.05,0.17,-0.04
8294,41.465,41.465,41.580038,0.001351,0,0,-0.3,-10.7,-3.1,1.04,0.18,-0.04
8295,41.47,41.47,41.586081,0.002394,0,0,-0.2,-10.7,-3.1,1.04,0.17,-0.04
8296,41.475,41.475,41.59112,0.002433,0,0,-0.2,-10.8,-3.1,1.04,0.17,-0.04
8297,41.48,41.480001,41.595037,0.00135,9.99999997475243e-07,0,-0.1,-10.8,-2.6,1.04,0.17,-0.04
8298,41.485,41.485,41.601143,0.002457,0,0,-0.2,-10.8,-2.5,1.04,0.17,-0.04
8299,41.49,41.49,41.606046,0.00236,0,0,-0.1,-10.8,-3.4,1.03,0.18,-0.04
8300,41.495,41.495,41.610041,0.001354,0,0,-0.2,-10.8,-3.9,1.03,0.19,-0.04
8301,41.5,41.5,41.615225,0.001538,0,0,-0.3,-10.8,-3.4,1.03,0.2,-0.04
8302,41.505,41.505,41.621174,0.002488,0,0,-0.6,-10.9,-3.3,1.03,0.21,-0.04
8303,41.51,41.51,41.625083,0.001396,0,0,-0.5,-10.9,-3.2,1.03,0.2,-0.04
8304,41.515,41.515,41.630092,0.001404,0,0,-0.6,-10.9,-3.7,1.03,0.21,-0.04
8305,41.52,41.52,41.636086,0.002398,0,0,-0.6,-10.9,-3.8,1.03,0.21,-0.05
8306,41.525,41.525,41.640072,0.001385,0,0,-0.5,-10.8,-3.8,1.04,0.2,-0.05
8307,41.53,41.53,41.64508,0.001393,0,0,-0.4,-10.8,-3.9,1.03,0.2,-0.05
8308,41.535,41.535001,41.651097,0.002409,9.99999997475243e-07,0,-0.2,-10.8,-4.4,1.03,0.21,-0.05
8309,41.54,41.54,41.656132,0.002446,0,0,-0.3,-10.7,-4.8,1.03,0.21,-0.05
8310,41.545,41.545,41.660101,0.001414,0,0,-0.3,-10.8,-4.7,1.03,0.2,-0.05
8311,41.55,41.550001,41.666161,0.002472,9.99999997475243e-07,0,-0.4,-10.8,-4.2,1.03,0.2,-0.05
8312,41.555,41.555,41.671047,0.00236,0,0,-0.3,-10.9,-4,1.04,0.2,-0.05
8313,41.56,41.56,41.675014,0.001327,0,0,-0.2,-10.7,-4.2,1.03,0.19,-0.05
8314,41.565,41.565,41.681098,0.002412,0,0,-0.3,-10.7,-3.5,1.04,0.19,-0.05
8315,41.57,41.57,41.685021,0.001334,0,0,-0.4,-10.7,-2.8,1.04,0.18,-0.04
8316,41.575,41.575,41.690197,0.001511,0,0,-0.3,-10.6,-2.7,1.04,0.17,-0.04
8317,41.58,41.580001,41.69616,0.002472,1.00000000458067e-06,0,-0.3,-10.7,-2.5,1.04,0.17,-0.04
8318,41.585,41.585,41.701021,0.002333,0,0,-0.2,-10.7,-2.2,1.05,0.17,-0.04
8319,41.59,41.59,41.705094,0.001407,0,0,-0.3,-10.8,-2.2,1.04,0.18,-0.04
8320,41.595,41.595,41.711063,0.002376,0,0,-0.4,-10.8,-2.2,1.04,0.18,-0.03
8321,41.6,41.6,41.716088,0.002401,0,0,-0.4,-10.7,-2.3,1.04,0.18,-0.03
8322,41.605,41.605001,41.720056,0.001368,9.99999997475243e-07,0,-0.3,-10.7,-2.3,1.04,0.18,-0.03
8323,41.61,41.61,41.725306,0.001618,0,0,-0.3,-10.7,-3.4,1.03,0.19,-0.04
8324,41.615,41.615,41.731062,0.002375,0,0,-0.3,-10.6,-3.2,1.04,0.19,-0.04
8325,41.62,41.62,41.735106,0.00142,0,0,-0.4,-10.8,-3.2,1.04,0.2,-0.04
8326,41.625,41.625,41.740085,0.001397,0,0,-0.3,-10.8,-2.4,1.04,0.18,-0.04
8327,41.63,41.63,41.746016,0.002329,0,0,-0.2,-10.8,-2.5,1.03,0.18,-0.03
8328,41.635,41.635,41.750131,0.001444,0,0,-0.3,-10.8,-2.5,1.04,0.18,-0.03
8329,41.64,41.64,41.755225,0.001537,0,0,-0.4,-10.8,-3,1.04,0.19,-0.04
8330,41.645,41.645,41.761114,0.002427,0,0,-0.5,-10.8,-3.3,1.04,0.19,-0.04
8331,41.65,41.65,41.766061,0.002374,0,0,-0.5,-10.9,-3.4,1.04,0.19,-0.04
8332,41.655,41.655,41.77001,0.001323,0,0,-0.3,-10.8,-3.1,1.04,0.19,-0.04
8333,41.66,41.660001,41.775255,0.001567,9.99999997475243e-07,0,-0.3,-10.7,-2.9,1.04,0.17,-0.04
8334,41.665,41.665,41.781059,0.002372,0,0,-0.3,-10.7,-3.1,1.04,0.18,-0.04
8335,41.67,41.67,41.785006,0.001319,0,0,-0.3,-10.7,-2.9,1.04,0.18,-0.04
8336,41.675,41.675001,41.791061,0.002373,9.99999997475243e-07,0,-0.2,-10.8,-2.8,1.04,0.18,-0.04
8337,41.68,41.68,41.796026,0.002339,0,0,-0.1,-10.7,-3.2,1.03,0.17,-0.04
8338,41.685,41.685,41.800133,0.001446,0,0,-0.2,-10.7,-3.2,1.03,0.18,-0.04
8339,41.69,41.69,41.805081,0.001394,0,0,-0.4,-10.9,-3,1.03,0.19,-0.05
8340,41.695,41.695,41.811024,0.002337,0,0,-0.4,-10.8,-3.1,1.04,0.19,-0.05
8341,41.7,41.7,41.814988,0.001301,0,0,-0.4,-10.7,-3.3,1.04,0.2,-0.05
8342,41.705,41.705,41.820079,0.001392,0,0,-0.4,-10.7,-3.6,1.03,0.2,-0.04
8343,41.71,41.71,41.82535,0.001662,0,0,-0.3,-10.6,-3.6,1.03,0.2,-0.04
8344,41.715,41.715,41.831069,0.002382,0,0,-0.2,-10.7,-3.7,1.03,0.2,-0.04
8345,41.72,41.72,41.835036,0.001349,0,0,-0.1,-10.7,-3.8,1.02,0.18,-0.04
8346,41.725,41.725,41.841023,0.002336,0,0,-0.1,-10.8,-3.9,1.03,0.18,-0.04
8347,41.73,41.730001,41.846021,0.002333,9.99999997475243e-07,0,-0.4,-10.8,-4,1.03,0.2,-0.05
8348,41.735,41.735,41.850003,0.001316,0,0,-0.4,-10.8,-3.6,1.03,0.2,-0.05
8349,41.74,41.74,41.855191,0.001504,0,0,-0.6,-10.8,-3.5,1.04,0.2,-0.04
8350,41.745,41.745,41.861022,0.002334,0,0,-0.5,-10.8,-3.4,1.04,0.2,-0.04
8351,41.75,41.75,41.866055,0.002368,0,0,-0.6,-10.8,-3.8,1.04,0.21,-0.04
8352,41.755,41.755,41.870038,0.001351,0,0,-0.4,-10.8,-3.7,1.03,0.2,-0.04
8353,41.76,41.76,41.875463,0.001775,0,0,-0.3,-10.8,-3.7,1.03,0.19,-0.04
8354,41.765,41.765,41.881124,0.002437,0,0,-0.4,-10.8,-4.1,1.03,0.2,-0.04
8355,41.77,41.77,41.885189,0.001502,0,0,-0.3,-10.7,-2.9,1.04,0.18,-0.04
8356,41.775,41.775,41.890198,0.00151,0,0,-0.4,-10.9,-3.6,1.03,0.2,-0.04
8357,41.78,41.78,41.896053,0.002366,0,0,-0.1,-10.7,-3.3,1.03,0.18,-0.04
8358,41.785,41.785001,41.900015,0.001327,9.99999997475243e-07,0,-0.2,-10.8,-3,1.03,0.18,-0.04
8359,41.79,41.79,41.905083,0.001396,0,0,-0.1,-10.7,-2.6,1.04,0.17,-0.04
8360,41.795,41.795,41.910187,0.0015,0,0,-0.2,-10.7,-2.9,1.04,0.18,-0.04
8361,41.8,41.800001,41.916048,0.00236,9.99999997475243e-07,0,-0.2,-10.8,-3.5,1.04,0.18,-0.05
8362,41.805,41.805,41.920076,0.001389,0,0,-0.3,-10.8,-3.4,1.04,0.18,-0.05
8363,41.81,41.81,41.925262,0.001575,0,0,-0.3,-10.8,-3.1,1.04,0.18,-0.05
8364,41.815,41.815001,41.931599,0.002912,1.00000000458067e-06,0,-0.2,-10.8,-3.5,1.03,0.18,-0.04
8365,41.82,41.820001,41.936312,0.002624,9.99999997475243e-07,0,-0.2,-10.9,-4,1.03,0.19,-0.04
8366,41.825,41.825,41.940108,0.001421,0,0,-0.3,-10.8,-3.5,1.03,0.19,-0.04
8367,41.83,41.83,41.946056,0.002369,0,0,-0.4,-10.8,-4.1,1.03,0.2,-0.05
8368,41.835,41.835,41.951058,0.002371,0,0,-0.5,-10.8,-3.8,1.03,0.2,-0.05
8369,41.84,41.84,41.955111,0.001425,0,0,-0.4,-10.7,-4.2,1.03,0.19,-0.05
8370,41.845,41.845,41.961136,0.002448,0,0,-0.2,-10.6,-4.1,1.04,0.18,-0.05
8371,41.85,41.85,41.966128,0.002441,0,0,-0.2,-10.8,-3.4,1.04,0.18,-0.04
8372,41.855,41.855001,41.970038,0.00135,9.99999997475243e-07,0,0,-10.8,-3.3,1.03,0.18,-0.04
8373,41.86,41.86,41.976118,0.002431,0,0,-0.3,-10.8,-3,1.04,0.18,-0.03
8374,41.865,41.865,41.981021,0.002334,0,0,-0.3,-10.8,-3.1,1.04,0.18,-0.04
8375,41.87,41.87,41.985001,0.001313,0,0,-0.4,-10.7,-4,1.03,0.2,-0.04
8376,41.875,41.875,41.990292,0.001605,0,0,-0.4,-10.8,-3.7,1.04,0.19,-0.04
8377,41.88,41.88,41.996036,0.002349,0,0,-0.3,-10.9,-3.4,1.04,0.18,-0.04
8378,41.885,41.885,41.999997,0.00131,0,0,-0.2,-11,-3,1.04,0.18,-0.04
8379,41.89,41.89,42.005027,0.00134,0,0,-0.2,-10.9,-3.7,1.03,0.19,-0.04
8380,41.895,41.895,42.011018,0.002331,0,0,-0.2,-10.8,-3.4,1.03,0.18,-0.04
8381,41.9,41.9,42.016014,0.002327,0,0,-0.3,-10.8,-3.4,1.03,0.18,-0.04
8382,41.905,41.905,42.019989,0.001302,0,0,-0.3,-10.7,-3.3,1.03,0.18,-0.04
8383,41.91,41.910001,42.025644,0.001956,9.99999997475243e-07,0,-0.4,-10.7,-3.7,1.03,0.2,-0.04
8384,41.915,41.915001,42.031518,0.00283,9.99999997475243e-07,0,-0.5,-10.7,-3.8,1.03,0.2,-0.04
8385,41.92,41.92,42.03512,0.001432,0,0,-0.3,-10.8,-3.4,1.03,0.2,-0.04
8386,41.925,41.925001,42.040252,0.001564,9.99999997475243e-07,0,-0.2,-10.7,-3.6,1.03,0.19,-0.04
8387,41.93,41.93,42.046349,0.002661,0,0,-0.3,-10.8,-4,1.03,0.2,-0.04
8388,41.935,41.935,42.050085,0.001397,0,0,-0.2,-10.8,-3.5,1.04,0.18,-0.04
8389,41.94,41.94,42.055115,0.001428,0,0,-0.3,-10.7,-3.6,1.03,0.18,-0.05
8390,41.945,41.945,42.061185,0.002497,0,0,-0.2,-10.8,-3.4,1.04,0.18,-0.04
8391,41.95,41.95,42.065032,0.001345,0,0,-0.2,-10.7,-3.2,1.04,0.18,-0.04
8392,41.955,41.955,42.070105,0.001418,0,0,-0.2,-10.8,-3,1.04,0.18,-0.04
8393,41.96,41.96,42.076149,0.002462,0,0,-0.3,-10.8,-3,1.04,0.18,-0.04
8394,41.965,41.965,42.081139,0.002452,0,0,-0.2,-10.8,-3.1,1.04,0.18,-0.04
8395,41.97,41.97,42.08509,0.001403,0,0,-0.2,-10.7,-3.4,1.04,0.18,-0.04
8396,41.975,41.975,42.090309,0.001621,0,0,-0.1,-10.7,-3.3,1.04,0.18,-0.04
8397,41.98,41.980001,42.096078,0.00239,9.99999997475243e-07,0,-0.2,-10.7,-3.4,1.03,0.18,-0.04
8398,41.985,41.985,42.100025,0.001338,0,0,-0.1,-10.7,-3.7,1.03,0.19,-0.04
8399,41.99,41.99,42.105237,0.00155,0,0,-0.1,-10.8,-2.7,1.04,0.17,-0.04
8400,41.995,41.995,42.111125,0.002437,0,0,-0.2,-10.9,-2.7,1.04,0.17,-0.04
8401,42,42,42.115023,0.001336,0,0,-0.2,-10.8,-3.2,1.04,0.18,-0.04
8402,42.005,42.005,42.120023,0.001336,0,0,-0.3,-10.9,-3.1,1.04,0.19,-0.04
8403,42.01,42.01,42.126148,0.002461,0,0,-0.2,-10.9,-3.3,1.04,0.18,-0.04
8404,42.015,42.015,42.131061,0.002373,0,0,-0.3,-10.8,-3.2,1.04,0.19,-0.04
8405,42.02,42.02,42.135014,0.001326,0,0,-0.2,-10.8,-3.5,1.03,0.19,-0.04
8406,42.025,42.025,42.141073,0.002385,0,0,-0.3,-10.8,-3.3,1.03,0.19,-0.04
8407,42.03,42.03,42.14604,0.002353,0,0,-0.2,-10.7,-3.4,1.03,0.19,-0.04
8408,42.035,42.035001,42.150021,0.001333,9.99999997475243e-07,0,-0.2,-10.7,-3.4,1.03,0.19,-0.04
8409,42.04,42.04,42.156053,0.002366,0,0,-0.4,-10.8,-3.8,1.03,0.19,-0.04
8410,42.045,42.045,42.161067,0.002381,0,0,-0.4,-10.8,-3.3,1.03,0.19,-0.04
8411,42.05,42.050001,42.165031,0.001343,9.99999997475243e-07,0,-0.4,-10.7,-3,1.04,0.19,-0.04
8412,42.055,42.055,42.171036,0.002349,0,0,-0.2,-10.7,-2.8,1.04,0.18,-0.04
8413,42.06,42.06,42.176008,0.002321,0,0,-0.2,-10.7,-2.7,1.04,0.18,-0.04
8414,42.065,42.065,42.180014,0.001327,0,0,-0.5,-10.8,-3,1.04,0.2,-0.04
8415,42.07,42.07,42.185124,0.001437,0,0,-0.5,-10.8,-2.9,1.04,0.19,-0.04
8416,42.075,42.075,42.191079,0.002391,0,0,-0.5,-10.9,-2.5,1.04,0.19,-0.04
8417,42.08,42.08,42.19502,0.001333,0,0,-0.3,-10.8,-3,1.04,0.18,-0.04
8418,42.085,42.085,42.20001,0.001323,0,0,-0.2,-10.9,-3,1.04,0.18,-0.04
8419,42.09,42.09,42.206101,0.002414,0,0,-0.1,-10.8,-2.5,1.04,0.17,-0.04
8420,42.095,42.095,42.210023,0.001336,0,0,-0.1,-10.7,-3.1,1.04,0.17,-0.04
8421,42.1,42.1,42.215103,0.001415,0,0,-0.3,-10.8,-3.4,1.04,0.19,-0.04
8422,42.105,42.105001,42.221079,0.002391,9.99999997475243e-07,0,-0.3,-10.8,-3.4,1.04,0.19,-0.04
8423,42.11,42.11,42.226073,0.002386,0,0,-0.4,-10.7,-3.4,1.04,0.2,-0.05
8424,42.115,42.115,42.230023,0.001336,0,0,-0.3,-10.8,-3.2,1.03,0.19,-0.04
8425,42.12,42.12,42.235316,0.001629,0,0,-0.1,-10.8,-3.1,1.03,0.19,-0.04
8426,42.125,42.125001,42.241602,0.002915,9.99999997475243e-07,0,-0.1,-10.7,-3.4,1.03,0.19,-0.04
8427,42.13,42.13,42.245548,0.001862,0,0,-0.1,-10.7,-2.5,1.04,0.17,-0.03
8428,42.135,42.135001,42.251173,0.002486,1.00000000458067e-06,0,-0.1,-10.7,-2.6,1.04,0.17,-0.04
8429,42.14,42.140001,42.255818,0.002132,9.99999997475243e-07,0,-0.3,-10.8,-3,1.04,0.18,-0.04
8430,42.145,42.145002,42.260558,0.001869,1.99999999495049e-06,0,-0.3,-10.8,-2.9,1.04,0.18,-0.04
8431,42.15,42.15,42.265117,0.001429,0,0,-0.3,-10.8,-3.1,1.04,0.19,-0.04
8432,42.155,42.155,42.271059,0.002371,0,0,-0.3,-10.7,-2.7,1.04,0.18,-0.04
8433,42.16,42.160001,42.27517,0.001483,9.99999997475243e-07,0,-0.5,-10.8,-3.6,1.04,0.2,-0.04
8434,42.165,42.165001,42.280393,0.001706,9.99999997475243e-07,0,-0.6,-10.8,-3.5,1.04,0.21,-0.05
8435,42.17,42.170001,42.285747,0.002059,9.99999997475243e-07,0,-0.3,-10.8,-3.5,1.03,0.19,-0.04
8436,42.175,42.175001,42.291278,0.00259,9.99999997475243e-07,0,-0.3,-10.8,-3.4,1.03,0.19,-0.04
8437,42.18,42.18,42.295066,0.00138,0,0,-0.3,-10.7,-3.3,1.03,0.18,-0.05
8438,42.185,42.185,42.301138,0.002452,0,0,-0.1,-10.6,-3.2,1.03,0.17,-0.04
8439,42.19,42.19,42.30605,0.002363,0,0,-0.1,-10.7,-2.9,1.03,0.17,-0.04
8440,42.195,42.195,42.310011,0.001324,0,0,-0.4,-10.8,-4,1.03,0.2,-0.04
8441,42.2,42.2,42.316034,0.002347,0,0,-0.5,-10.8,-4.1,1.03,0.2,-0.05
8442,42.205,42.205,42.321069,0.002382,0,0,-0.5,-10.9,-4.1,1.03,0.21,-0.05
8443,42.21,42.21,42.326049,0.002362,0,0,-0.3,-10.9,-3.4,1.04,0.19,-0.04
8444,42.215,42.215,42.330154,0.001467,0,0,-0.5,-10.8,-3.4,1.03,0.2,-0.04
8445,42.22,42.22,42.336039,0.002352,0,0,-0.3,-10.9,-3,1.04,0.2,-0.04
8446,42.225,42.225,42.340027,0.00134,0,0,-0.2,-10.8,-2.6,1.04,0.18,-0.04
8447,42.23,42.230001,42.346074,0.002385,9.99999997475243e-07,0,-0.3,-10.8,-2.8,1.03,0.19,-0.03
8448,42.235,42.235,42.351045,0.002358,0,0,-0.2,-10.7,-2.7,1.04,0.19,-0.03
8449,42.24,42.24,42.355035,0.001348,0,0,-0.1,-10.8,-2.6,1.04,0.18,-0.03
8450,42.245,42.245,42.360069,0.001382,0,0,-0.2,-10.9,-2.7,1.04,0.19,-0.04
8451,42.25,42.25,42.366056,0.002369,0,0,-0.3,-10.8,-4,1.03,0.2,-0.04
8452,42.255,42.255,42.370004,0.001317,0,0,-0.4,-10.8,-4.2,1.03,0.2,-0.05
8453,42.26,42.26,42.375037,0.00135,0,0,-0.2,-10.8,-3.9,1.03,0.2,-0.04
8454,42.265,42.265,42.381043,0.002356,0,0,-0.3,-10.9,-3.7,1.03,0.2,-0.04
8455,42.27,42.27,42.386392,0.002707,0,0,-0.4,-10.9,-3.5,1.03,0.2,-0.04
8456,42.275,42.275002,42.390353,0.001663,2.00000000205591e-06,0,-0.4,-10.8,-3.5,1.03,0.19,-0.04
8457,42.28,42.28,42.39606,0.002373,0,0,-0.2,-10.7,-2.8,1.03,0.17,-0.04
8458,42.285,42.285001,42.401163,0.002474,9.99999997475243e-07,0,-0.2,-10.7,-2.8,1.04,0.18,-0.04
8459,42.29,42.29,42.405059,0.001371,0,0,-0.3,-10.7,-2.8,1.04,0.18,-0.04
8460,42.295,42.295,42.410154,0.001466,0,0,-0.6,-10.8,-2.8,1.04,0.19,-0.04
8461,42.3,42.300001,42.416054,0.002366,9.99999997475243e-07,0,-0.5,-10.8,-2.5,1.04,0.19,-0.04
8462,42.305,42.305,42.420027,0.00134,0,0,-0.5,-10.8,-2.6,1.04,0.19,-0.04
8463,42.31,42.31,42.425107,0.00142,0,0,-0.5,-10.8,-3.9,1.02,0.21,-0.05
8464,42.315,42.315,42.431063,0.002375,0,0,-0.5,-10.7,-3.8,1.02,0.21,-0.04
8465,42.32,42.32,42.435019,0.001332,0,0,-0.4,-10.8,-3.3,1.03,0.19,-0.04
8466,42.325,42.325,42.440056,0.001369,0,0,-0.5,-10.8,-3,1.03,0.19,-0.04
8467,42.33,42.33,42.446054,0.002366,0,0,-0.3,-10.6,-3.3,1.03,0.19,-0.04
8468,42.335,42.335001,42.451053,0.002364,9.99999997475243e-07,0,-0.2,-10.6,-3.4,1.03,0.18,-0.04
8469,42.34,42.34,42.455108,0.001421,0,0,-0.3,-10.6,-3.8,1.02,0.19,-0.04
8470,42.345,42.345,42.460236,0.001549,0,0,-0.2,-10.8,-3.3,1.03,0.19,-0.04
8471,42.35,42.35,42.466084,0.002397,0,0,-0.2,-10.9,-2.8,1.04,0.18,-0.04
8472,42.355,42.355001,42.470107,0.00142,9.99999997475243e-07,0,-0.3,-10.8,-3.5,1.04,0.19,-0.04
8473,42.36,42.360001,42.475191,0.001504,9.99999997475243e-07,0,-0.2,-10.9,-2.4,1.04,0.17,-0.04
8474,42.365,42.365,42.481129,0.002443,0,0,-0.1,-10.7,-2.5,1.04,0.17,-0.04
8475,42.37,42.37,42.485031,0.001344,0,0,-0.2,-10.7,-2.3,1.04,0.17,-0.04
8476,42.375,42.375,42.490123,0.001435,0,0,-0.3,-10.8,-2.4,1.04,0.18,-0.04
8477,42.38,42.38,42.49528,0.001592,0,0,-0.3,-10.7,-2.9,1.04,0.18,-0.04
8478,42.385,42.385,42.501129,0.002442,0,0,-0.2,-10.8,-2.7,1.04,0.17,-0.04
8479,42.39,42.39,42.505102,0.001415,0,0,-0.3,-10.7,-2.6,1.04,0.18,-0.04
8480,42.395,42.395,42.510052,0.001365,0,0,-0.1,-10.7,-3,1.03,0.18,-0.04
8481,42.4,42.4,42.516065,0.002378,0,0,-0.1,-10.7,-3.5,1.03,0.18,-0.04
8482,42.405,42.405,42.520024,0.001337,0,0,-0.2,-10.7,-3.3,1.03,0.19,-0.04
8483,42.41,42.410001,42.525117,0.001428,9.99999997475243e-07,0,-0.5,-10.9,-3.4,1.03,0.2,-0.04
8484,42.415,42.415,42.53104,0.002353,0,0,-0.5,-10.9,-3.6,1.03,0.2,-0.04
8485,42.42,42.42,42.536045,0.002359,0,0,-0.5,-10.9,-3.2,1.04,0.2,-0.04
8486,42.425,42.425001,42.540017,0.001329,9.99999997475243e-07,0,-0.5,-10.9,-2.8,1.04,0.19,-0.03
8487,42.43,42.430001,42.546047,0.002359,9.99999997475243e-07,0,-0.4,-10.8,-3.2,1.04,0.19,-0.04
8488,42.435,42.435,42.551129,0.002443,0,0,-0.3,-10.9,-3.3,1.04,0.19,-0.04
8489,42.44,42.44,42.555083,0.001395,0,0,-0.2,-10.8,-3.1,1.04,0.19,-0.04
8490,42.445,42.445,42.560085,0.001398,0,0,-0.2,-10.7,-3.6,1.03,0.19,-0.04
8491,42.45,42.45,42.566051,0.002364,0,0,-0.3,-10.7,-4,1.03,0.2,-0.04
8492,42.455,42.455,42.57002,0.001333,0,0,-0.4,-10.7,-3.6,1.04,0.2,-0.04
8493,42.46,42.46,42.5751,0.001413,0,0,-0.3,-10.8,-2.9,1.04,0.19,-0.04
8494,42.465,42.465,42.581069,0.002382,0,0,-0.2,-10.7,-3.6,1.03,0.19,-0.05
8495,42.47,42.47,42.58506,0.001373,0,0,-0.3,-10.7,-3.2,1.03,0.19,-0.05
8496,42.475,42.475,42.590074,0.001387,0,0,-0.3,-10.8,-3.8,1.03,0.19,-0.05
8497,42.48,42.480001,42.596142,0.002454,9.99999997475243e-07,0,-0.3,-10.9,-3.5,1.04,0.19,-0.04
8498,42.485,42.485,42.601026,0.002339,0,0,-0.1,-10.8,-3.3,1.04,0.18,-0.05
8499,42.49,42.49,42.605014,0.001327,0,0,-0.3,-10.8,-4,1.03,0.2,-0.05
8500,42.495,42.495,42.61103,0.002343,0,0,-0.3,-10.8,-3.6,1.03,0.2,-0.05
8501,42.5,42.5,42.616079,0.002392,0,0,-0.5,-10.9,-3.3,1.04,0.2,-0.05
8502,42.505,42.505,42.620051,0.001364,0,0,-0.4,-10.8,-3.1,1.04,0.19,-0.05
8503,42.51,42.510001,42.625307,0.001619,1.00000000458067e-06,0,-0.4,-10.8,-3.1,1.03,0.19,-0.04
8504,42.515,42.515,42.631089,0.002403,0,0,-0.4,-10.8,-3.4,1.03,0.19,-0.04
8505,42.52,42.52,42.635106,0.00142,0,0,-0.3,-10.8,-3.2,1.03,0.19,-0.04
8506,42.525,42.525,42.641166,0.00248,0,0,-0.4,-10.8,-2.6,1.04,0.19,-0.04
8507,42.53,42.53,42.64605,0.002363,0,0,-0.4,-10.8,-3.6,1.03,0.2,-0.04
8508,42.535,42.535001,42.650076,0.001387,9.99999997475243e-07,0,-0.4,-10.7,-3.7,1.03,0.21,-0.04
8509,42.54,42.54,42.656136,0.00245,0,0,-0.4,-10.8,-3.2,1.03,0.2,-0.04
8510,42.545,42.545,42.6611,0.002412,0,0,-0.5,-10.7,-2.8,1.04,0.2,-0.04
8511,42.55,42.550001,42.665083,0.001394,9.99999997475243e-07,0,-0.3,-10.7,-2.7,1.04,0.19,-0.04
8512,42.555,42.555,42.670427,0.00174,0,0,-0.3,-10.7,-3.5,1.03,0.19,-0.04
8513,42.56,42.56,42.676108,0.002422,0,0,-0.4,-10.7,-3.4,1.04,0.2,-0.04
8514,42.565,42.565,42.680035,0.001349,0,0,-0.4,-10.8,-3.5,1.04,0.2,-0.04
8515,42.57,42.57,42.685022,0.001335,0,0,-0.4,-10.8,-4.2,1.03,0.21,-0.05
8516,42.575,42.575,42.691115,0.002427,0,0,-0.2,-10.7,-3.9,1.03,0.2,-0.04
8517,42.58,42.58,42.695045,0.001358,0,0,-0.4,-10.7,-3.4,1.03,0.2,-0.04
8518,42.585,42.585,42.700044,0.001357,0,0,-0.3,-10.7,-3.4,1.03,0.2,-0.04
8519,42.59,42.59,42.706051,0.002365,0,0,-0.3,-10.7,-3.5,1.03,0.19,-0.04
8520,42.595,42.595,42.711032,0.002345,0,0,-0.4,-10.7,-3.4,1.04,0.19,-0.04
8521,42.6,42.6,42.715087,0.001399,0,0,-0.4,-10.6,-4.3,1.03,0.21,-0.04
8522,42.605,42.605001,42.720114,0.001426,9.99999997475243e-07,0,-0.3,-10.6,-3.9,1.03,0.19,-0.04
8523,42.61,42.61,42.726088,0.002401,0,0,-0.4,-10.7,-3.5,1.03,0.19,-0.04
8524,42.615,42.615,42.731063,0.002376,0,0,-0.4,-10.6,-3.8,1.03,0.19,-0.05
8525,42.62,42.62,42.735024,0.001337,0,0,-0.3,-10.7,-3.2,1.03,0.18,-0.04
8526,42.625,42.625,42.741161,0.002473,0,0,-0.3,-10.8,-3.6,1.03,0.19,-0.04
8527,42.63,42.63,42.746076,0.002389,0,0,-0.4,-10.8,-3.3,1.03,0.19,-0.04
8528,42.635,42.635,42.750034,0.001347,0,0,-0.3,-10.8,-3.6,1.03,0.2,-0.05
8529,42.64,42.64,42.756084,0.002397,0,0,-0.5,-10.9,-3.5,1.03,0.19,-0.04
8530,42.645,42.645,42.761045,0.002359,0,0,-0.4,-10.9,-3.3,1.03,0.19,-0.04
8531,42.65,42.65,42.765013,0.001326,0,0,-0.3,-10.7,-3.8,1.03,0.19,-0.04
8532,42.655,42.655,42.771068,0.002381,0,0,-0.2,-10.7,-4.2,1.02,0.19,-0.04
8533,42.66,42.660001,42.776025,0.002337,9.99999997475243e-07,0,-0.1,-10.7,-3.9,1.03,0.19,-0.04
8534,42.665,42.665,42.780031,0.001344,0,0,-0.1,-10.8,-2.9,1.04,0.18,-0.04
8535,42.67,42.67,42.785142,0.001456,0,0,-0.2,-10.8,-3,1.04,0.18,-0.04
8536,42.675,42.675001,42.791188,0.002499,9.99999997475243e-07,0,-0.1,-10.8,-3.3,1.03,0.18,-0.04
8537,42.68,42.68,42.795052,0.001365,0,0,-0.2,-10.7,-3.6,1.03,0.18,-0.04
8538,42.685,42.685,42.800061,0.001374,0,0,-0.3,-10.8,-3.3,1.04,0.19,-0.04
8539,42.69,42.69,42.80604,0.002353,0,0,-0.2,-10.8,-3.2,1.03,0.19,-0.04
8540,42.695,42.695,42.810027,0.00134,0,0,-0.1,-10.8,-3,1.04,0.18,-0.04
8541,42.7,42.7,42.815046,0.00136,0,0,-0.3,-10.7,-3.7,1.04,0.2,-0.05
8542,42.705,42.705,42.820241,0.001554,0,0,-0.4,-10.8,-3.5,1.03,0.2,-0.04
8543,42.71,42.71,42.826139,0.002451,0,0,-0.3,-10.8,-3.2,1.03,0.19,-0.03
8544,42.715,42.715,42.830044,0.001357,0,0,-0.2,-10.8,-3.2,1.03,0.18,-0.04
8545,42.72,42.72,42.835188,0.0015,0,0,-0.1,-10.7,-2.6,1.03,0.17,-0.03
8546,42.725,42.725,42.841212,0.002526,0,0,-0.2,-10.7,-2.5,1.03,0.17,-0.03
8547,42.73,42.730001,42.845032,0.001344,9.99999997475243e-07,0,-0.2,-10.7,-2.8,1.03,0.17,-0.04
8548,42.735,42.735,42.85011,0.001423,0,0,-0.3,-10.8,-2.9,1.03,0.18,-0.04
8549,42.74,42.74,42.855406,0.001718,0,0,-0.2,-10.7,-2.7,1.04,0.17,-0.04
8550,42.745,42.745,42.86116,0.002472,0,0,-0.2,-10.8,-3,1.04,0.18,-0.04
8551,42.75,42.75,42.865071,0.001384,0,0,-0.1,-10.7,-2.9,1.04,0.17,-0.04
8552,42.755,42.755,42.870161,0.001475,0,0,0,-10.8,-2.4,1.04,0.16,-0.04
8553,42.76,42.76,42.876163,0.002475,0,0,-0.1,-10.8,-2.5,1.04,0.17,-0.04
8554,42.765,42.765,42.880093,0.001406,0,0,-0.2,-10.8,-2.6,1.04,0.17,-0.04
8555,42.77,42.77,42.885038,0.001351,0,0,-0.3,-10.9,-2.6,1.05,0.17,-0.04
8556,42.775,42.775,42.891219,0.002531,0,0,-0.4,-11,-2.7,1.04,0.19,-0.04
8557,42.78,42.78,42.895246,0.001559,0,0,-0.4,-10.9,-3.1,1.04,0.19,-0.05
8558,42.785,42.785001,42.900047,0.001359,9.99999997475243e-07,0,-0.3,-10.8,-2.7,1.04,0.18,-0.04
8559,42.79,42.79,42.906074,0.002387,0,0,-0.3,-10.7,-2.4,1.04,0.17,-0.04
8560,42.795,42.795,42.911074,0.002387,0,0,-0.1,-10.7,-2.9,1.03,0.18,-0.03
8561,42.8,42.800001,42.915121,0.001434,9.99999997475243e-07,0,-0.2,-10.7,-3.3,1.03,0.19,-0.04
8562,42.805,42.805,42.920179,0.001492,0,0,-0.2,-10.7,-3.5,1.03,0.19,-0.04
8563,42.81,42.81,42.926085,0.002398,0,0,-0.1,-10.7,-3.3,1.04,0.18,-0.04
8564,42.815,42.815,42.930051,0.001364,0,0,-0.1,-10.8,-3.2,1.03,0.18,-0.04
8565,42.82,42.82,42.935174,0.001488,0,0,-0.2,-10.8,-3,1.03,0.18,-0.04
8566,42.825,42.825,42.941086,0.002399,0,0,-0.2,-10.8,-3,1.03,0.18,-0.04
8567,42.83,42.83,42.946037,0.00235,0,0,-0.1,-10.7,-2.8,1.04,0.18,-0.04
8568,42.835,42.835,42.950288,0.001601,0,0,-0.3,-10.8,-3.4,1.03,0.19,-0.04
8569,42.84,42.84,42.955369,0.001683,0,0,-0.3,-10.8,-3.2,1.04,0.18,-0.04
8570,42.845,42.845,42.961167,0.00248,0,0,-0.2,-10.8,-3.1,1.03,0.18,-0.04
8571,42.85,42.85,42.965042,0.001354,0,0,-0.2,-10.7,-2.9,1.03,0.18,-0.04
8572,42.855,42.855001,42.970109,0.001421,9.99999997475243e-07,0,-0.2,-10.7,-2.9,1.03,0.18,-0.03
8573,42.86,42.86,42.976119,0.002431,0,0,-0.3,-10.8,-2.7,1.04,0.18,-0.04
8574,42.865,42.865,42.98005,0.001363,0,0,-0.1,-10.7,-2.5,1.03,0.17,-0.04
8575,42.87,42.87,42.985281,0.001593,0,0,-0.1,-10.6,-2.8,1.03,0.17,-0.03
8576,42.875,42.875,42.991195,0.002508,0,0,-0.2,-10.7,-2.8,1.04,0.18,-0.03
8577,42.88,42.88,42.996104,0.002417,0,0,-0.2,-10.8,-2.4,1.04,0.18,-0.04
8578,42.885,42.885,43.000077,0.00139,0,0,-0.3,-10.8,-2.8,1.04,0.18,-0.04
8579,42.89,42.89,43.006117,0.00243,0,0,-0.2,-10.9,-3.2,1.03,0.19,-0.05
8580,42.895,42.895,43.011081,0.002393,0,0,-0.2,-10.8,-2.9,1.04,0.18,-0.04
8581,42.9,42.9,43.015264,0.001578,0,0,-0.2,-10.7,-2.7,1.04,0.17,-0.04
8582,42.905,42.905,43.020147,0.001459,0,0,-0.3,-10.9,-2.5,1.04,0.18,-0.03
8583,42.91,42.910001,43.026249,0.002561,9.99999997475243e-07,0,-0.3,-10.9,-1.9,1.05,0.17,-0.03
8584,42.915,42.915,43.030048,0.00136,0,0,-0.4,-10.9,-2.2,1.04,0.18,-0.04
8585,42.92,42.92,43.035114,0.001426,0,0,-0.4,-10.9,-2.6,1.04,0.18,-0.03
8586,42.925,42.925001,43.041077,0.002389,9.99999997475243e-07,0,-0.2,-10.8,-2.9,1.04,0.18,-0.04
8587,42.93,42.93,43.045017,0.00133,0,0,-0.4,-10.8,-3.1,1.03,0.19,-0.04
8588,42.935,42.935,43.051039,0.002352,0,0,-0.4,-10.8,-3.6,1.03,0.19,-0.05
8589,42.94,42.94,43.056056,0.002369,0,0,-0.5,-10.8,-3.4,1.04,0.19,-0.05
8590,42.945,42.945,43.060045,0.001358,0,0,-0.5,-10.7,-3,1.04,0.19,-0.04
8591,42.95,42.95,43.065081,0.001394,0,0,-0.5,-10.8,-2.8,1.03,0.19,-0.04
8592,42.955,42.955,43.071036,0.002349,0,0,-0.4,-10.7,-2.5,1.04,0.19,-0.04
8593,42.96,42.96,43.075051,0.001364,0,0,-0.5,-10.8,-2.9,1.04,0.2,-0.04
8594,42.965,42.965,43.080038,0.001351,0,0,-0.3,-10.7,-2.6,1.04,0.19,-0.04
8595,42.97,42.97,43.086018,0.002331,0,0,-0.4,-10.7,-2.6,1.04,0.18,-0.04
8596,42.975,42.975,43.091093,0.002405,0,0,-0.2,-10.7,-2.3,1.04,0.17,-0.04
8597,42.98,42.980001,43.095018,0.00133,9.99999997475243e-07,0,-0.2,-10.7,-2.2,1.04,0.16,-0.04
8598,42.985,42.985,43.101028,0.002341,0,0,-0.1,-10.7,-2.2,1.04,0.16,-0.03
8599,42.99,42.99,43.106059,0.002372,0,0,-0.1,-10.8,-2.2,1.04,0.16,-0.04
8600,42.995,42.995,43.110031,0.001344,0,0,-0.3,-10.6,-3.1,1.04,0.17,-0.04
8601,43,43,43.115136,0.001448,0,0,-0.3,-10.6,-2.9,1.04,0.17,-0.05
8602,43.005,43.005,43.121054,0.002367,0,0,-0.2,-10.6,-2.5,1.04,0.17,-0.04
8603,43.01,43.01,43.125076,0.001389,0,0,-0.2,-10.6,-2.2,1.04,0.17,-0.04
8604,43.015,43.015,43.130081,0.001394,0,0,-0.2,-10.6,-2.9,1.04,0.17,-0.04
8605,43.02,43.020001,43.136026,0.002338,9.99999997475243e-07,0,-0.1,-10.7,-2.3,1.05,0.17,-0.04
8606,43.025,43.025,43.140156,0.001468,0,0,-0.5,-10.7,-3.7,1.04,0.19,-0.05
8607,43.03,43.03,43.145071,0.001384,0,0,-0.4,-10.7,-3.3,1.04,0.19,-0.04
8608,43.035,43.035001,43.151028,0.00234,9.99999997475243e-07,0,-0.3,-10.7,-3,1.03,0.19,-0.04
8609,43.04,43.04,43.155052,0.001365,0,0,-0.2,-10.7,-2.7,1.04,0.18,-0.04
8610,43.045,43.045,43.160044,0.001357,0,0,-0.1,-10.7,-2.5,1.04,0.17,-0.04
8611,43.05,43.050001,43.166045,0.002357,9.99999997475243e-07,0,-0.2,-10.6,-2.7,1.04,0.18,-0.04
8612,43.055,43.055,43.170137,0.00145,0,0,-0.3,-10.7,-3.3,1.04,0.18,-0.04
8613,43.06,43.06,43.175235,0.001547,0,0,-0.3,-10.8,-3,1.03,0.18,-0.04
8614,43.065,43.065,43.181108,0.00242,0,0,-0.3,-10.7,-3,1.04,0.18,-0.04
8615,43.07,43.07,43.186055,0.002368,0,0,-0.3,-10.8,-2.9,1.04,0.19,-0.04
8616,43.075,43.075,43.190164,0.001477,0,0,-0.4,-10.9,-3,1.04,0.19,-0.04
8617,43.08,43.08,43.195235,0.001548,0,0,-0.3,-10.9,-2.4,1.04,0.18,-0.04
8618,43.085,43.085,43.201043,0.002356,0,0,-0.3,-10.8,-3,1.04,0.19,-0.04
8619,43.09,43.09,43.205034,0.001348,0,0,-0.2,-10.7,-3.3,1.03,0.18,-0.04
8620,43.095,43.095,43.21005,0.001363,0,0,-0.2,-10.7,-3.1,1.03,0.18,-0.04
8621,43.1,43.1,43.216014,0.002327,0,0,-0.4,-10.8,-3.1,1.03,0.19,-0.04
8622,43.105,43.105001,43.220015,0.001327,9.99999997475243e-07,0,-0.3,-10.7,-2.7,1.04,0.17,-0.04
8623,43.11,43.11,43.225083,0.001395,0,0,-0.3,-10.8,-3.4,1.03,0.19,-0.04
8624,43.115,43.115,43.231045,0.002358,0,0,-0.4,-10.8,-3.7,1.03,0.2,-0.04
8625,43.12,43.12,43.236123,0.002436,0,0,-0.4,-10.8,-3.8,1.03,0.19,-0.04
8626,43.125,43.125,43.240037,0.00135,0,0,-0.3,-10.7,-3.7,1.03,0.19,-0.04
8627,43.13,43.13,43.246098,0.002411,0,0,-0.4,-10.7,-3.6,1.03,0.2,-0.04
8628,43.135,43.135,43.251151,0.002464,0,0,-0.2,-10.7,-2.8,1.04,0.18,-0.04
8629,43.14,43.14,43.255142,0.001456,0,0,-0.2,-10.7,-3.1,1.03,0.19,-0.04
8630,43.145,43.145,43.260266,0.001578,0,0,-0.1,-10.7,-2.5,1.04,0.18,-0.04
8631,43.15,43.15,43.266096,0.002409,0,0,-0.2,-10.8,-2.8,1.04,0.19,-0.03
8632,43.155,43.155,43.270031,0.001344,0,0,-0.2,-10.8,-2.9,1.04,0.18,-0.04
8633,43.16,43.160001,43.275182,0.001493,9.99999997475243e-07,0,-0.1,-10.7,-2.6,1.04,0.17,-0.04
8634,43.165,43.165,43.281039,0.002353,0,0,-0.2,-10.7,-2.6,1.04,0.18,-0.04
8635,43.17,43.17,43.285017,0.00133,0,0,-0.2,-10.7,-2.8,1.03,0.18,-0.04
8636,43.175,43.175001,43.290067,0.001379,9.99999997475243e-07,0,-0.3,-10.7,-2.4,1.04,0.18,-0.04
8637,43.18,43.18,43.296067,0.00238,0,0,-0.2,-10.8,-2.5,1.04,0.17,-0.04
8638,43.185,43.185,43.30107,0.002383,0,0,-0.3,-10.7,-3,1.03,0.18,-0.04
8639,43.19,43.19,43.30504,0.001353,0,0,-0.3,-10.7,-3,1.03,0.18,-0.04
8640,43.195,43.195,43.310125,0.001439,0,0,-0.4,-10.7,-2.7,1.04,0.18,-0.04
8641,43.2,43.2,43.316139,0.002452,0,0,-0.3,-10.8,-2.9,1.04,0.18,-0.04
8642,43.205,43.205,43.321219,0.002532,0,0,-0.3,-10.7,-2.9,1.03,0.17,-0.04
8643,43.21,43.21,43.325129,0.001441,0,0,-0.2,-10.8,-3.2,1.03,0.17,-0.05
8644,43.215,43.215,43.331024,0.002337,0,0,-0.3,-10.8,-3.1,1.03,0.18,-0.05
8645,43.22,43.22,43.335141,0.001453,0,0,-0.3,-10.9,-3.2,1.03,0.19,-0.04
8646,43.225,43.225,43.340208,0.00152,0,0,-0.2,-10.8,-3.5,1.03,0.18,-0.05
8647,43.23,43.230001,43.346036,0.002348,9.99999997475243e-07,0,-0.1,-10.8,-3.1,1.04,0.17,-0.04
8648,43.235,43.235,43.351219,0.002532,0,0,-0.2,-10.8,-3.4,1.03,0.18,-0.04
8649,43.24,43.24,43.355167,0.001479,0,0,-0.3,-10.7,-2.9,1.04,0.18,-0.04
8650,43.245,43.245,43.360082,0.001395,0,0,-0.2,-10.8,-3.6,1.03,0.19,-0.05
8651,43.25,43.25,43.36613,0.002442,0,0,-0.2,-10.8,-2.9,1.04,0.18,-0.04
8652,43.255,43.255,43.371185,0.002499,0,0,-0.2,-10.8,-3.4,1.04,0.19,-0.04
8653,43.26,43.26,43.375024,0.001337,0,0,-0.1,-10.8,-2.9,1.04,0.18,-0.04
8654,43.265,43.265,43.380131,0.001444,0,0,-0.1,-10.8,-2.8,1.04,0.18,-0.04
8655,43.27,43.27,43.386096,0.00241,0,0,-0.3,-10.8,-3,1.04,0.18,-0.04
8656,43.275,43.275,43.391324,0.002637,0,0,-0.3,-10.7,-3.3,1.03,0.19,-0.05
8657,43.28,43.28,43.395057,0.00137,0,0,-0.3,-10.8,-3.6,1.03,0.19,-0.05
8658,43.285,43.285001,43.401088,0.0024,9.99999997475243e-07,0,-0.4,-10.8,-3.4,1.03,0.19,-0.04
8659,43.29,43.29,43.406035,0.002348,0,0,-0.3,-10.7,-2.9,1.03,0.17,-0.04
8660,43.295,43.295,43.410026,0.001338,0,0,-0.3,-10.8,-3.1,1.04,0.18,-0.04
8661,43.3,43.300001,43.416088,0.0024,9.99999997475243e-07,0,-0.3,-10.8,-3.2,1.04,0.18,-0.04
8662,43.305,43.305,43.421049,0.002362,0,0,-0.4,-10.9,-3.3,1.04,0.19,-0.05
8663,43.31,43.31,43.425121,0.001433,0,0,-0.4,-10.9,-3.6,1.04,0.19,-0.05
8664,43.315,43.315,43.430363,0.001677,0,0,-0.3,-10.8,-3.7,1.03,0.19,-0.04
8665,43.32,43.32,43.436148,0.00246,0,0,-0.2,-10.8,-3.9,1.03,0.19,-0.04
8666,43.325,43.325,43.441088,0.0024,0,0,-0.3,-10.8,-3.6,1.04,0.19,-0.05
8667,43.33,43.33,43.445101,0.001414,0,0,-0.3,-10.9,-2.9,1.04,0.18,-0.04
8668,43.335,43.335,43.451223,0.002536,0,0,-0.3,-10.9,-2.7,1.04,0.18,-0.04
8669,43.34,43.34,43.455218,0.001531,0,0,-0.6,-10.9,-3.4,1.03,0.2,-0.05
8670,43.345,43.345,43.4601,0.001413,0,0,-0.7,-10.9,-4.5,1.03,0.22,-0.05
8671,43.35,43.35,43.46615,0.002463,0,0,-0.6,-10.9,-4.3,1.03,0.22,-0.05
8672,43.355,43.355001,43.471291,0.002604,9.99999997475243e-07,0,-0.5,-10.9,-3.3,1.04,0.2,-0.05
8673,43.36,43.36,43.47506,0.001373,0,0,-0.5,-10.9,-4.3,1.03,0.21,-0.05
8674,43.365,43.365,43.480231,0.001544,0,0,-0.4,-10.8,-3,1.04,0.19,-0.04
8675,43.37,43.37,43.486139,0.002451,0,0,-0.4,-10.8,-3,1.04,0.2,-0.04
8676,43.375,43.375,43.490078,0.001391,0,0,-0.3,-10.8,-3.7,1.03,0.2,-0.04
8677,43.38,43.38,43.495037,0.00135,0,0,-0.5,-10.8,-4.1,1.03,0.21,-0.05
8678,43.385,43.385,43.501043,0.002356,0,0,-0.5,-10.9,-3.8,1.04,0.21,-0.04
8679,43.39,43.39,43.505038,0.001351,0,0,-0.4,-10.8,-3.2,1.04,0.2,-0.04
8680,43.395,43.395,43.510113,0.001426,0,0,-0.2,-10.7,-3.1,1.04,0.18,-0.04
8681,43.4,43.4,43.516042,0.002355,0,0,-0.3,-10.8,-3.2,1.03,0.19,-0.04
8682,43.405,43.405,43.520017,0.00133,0,0,-0.4,-10.8,-3.1,1.04,0.2,-0.04
8683,43.41,43.410001,43.525157,0.001469,9.99999997475243e-07,0,-0.4,-10.8,-3,1.04,0.19,-0.04
8684,43.415,43.415,43.531096,0.002409,0,0,-0.4,-10.8,-3.5,1.04,0.19,-0.05
8685,43.42,43.42,43.536111,0.002424,0,0,-0.4,-10.8,-3.3,1.04,0.19,-0.05
8686,43.425,43.425001,43.540046,0.001357,9.99999997475243e-07,0,-0.2,-10.8,-2.9,1.03,0.18,-0.04
8687,43.43,43.43,43.546034,0.002347,0,0,-0.2,-10.7,-3,1.03,0.18,-0.04
8688,43.435,43.435,43.551038,0.002351,0,0,-0.1,-10.7,-3.3,1.03,0.18,-0.04
8689,43.44,43.44,43.555086,0.001399,0,0,-0.1,-10.7,-2.9,1.04,0.17,-0.04
8690,43.445,43.445,43.560176,0.001488,0,0,-0.3,-10.8,-3,1.04,0.18,-0.04
8691,43.45,43.45,43.566066,0.002379,0,0,-0.3,-10.8,-3.5,1.03,0.19,-0.05
8692,43.455,43.455,43.570029,0.001342,0,0,-0.4,-10.8,-3.5,1.03,0.19,-0.04
8693,43.46,43.46,43.575095,0.001407,0,0,-0.4,-10.8,-3.7,1.02,0.19,-0.04
8694,43.465,43.465,43.581033,0.002346,0,0,-0.4,-10.9,-3.1,1.03,0.19,-0.04
8695,43.47,43.47,43.585044,0.001358,0,0,-0.3,-10.8,-2.8,1.04,0.18,-0.04
8696,43.475,43.475,43.590069,0.001382,0,0,-0.2,-10.8,-3.3,1.03,0.19,-0.04
8697,43.48,43.480001,43.596036,0.002348,9.99999997475243e-07,0,-0.2,-10.8,-3.3,1.03,0.19,-0.04
8698,43.485,43.485,43.600011,0.001324,0,0,-0.4,-10.8,-3.5,1.02,0.2,-0.04
8699,43.49,43.49,43.605036,0.001349,0,0,-0.6,-10.9,-3.7,1.02,0.21,-0.05
8700,43.495,43.495,43.611196,0.00251,0,0,-0.5,-10.8,-3.6,1.03,0.21,-0.04
8701,43.5,43.5,43.616019,0.002332,0,0,-0.4,-10.8,-3.5,1.03,0.2,-0.05
8702,43.505,43.505,43.62006,0.001373,0,0,-0.3,-10.8,-3.4,1.03,0.2,-0.04
8703,43.51,43.51,43.626108,0.00242,0,0,-0.3,-10.7,-3.5,1.02,0.19,-0.04
8704,43.515,43.515,43.630018,0.001331,0,0,-0.4,-10.8,-3.2,1.03,0.2,-0.04
8705,43.52,43.52,43.635036,0.001349,0,0,-0.3,-10.8,-2.9,1.03,0.18,-0.04
8706,43.525,43.525,43.641059,0.002372,0,0,-0.4,-10.8,-2.7,1.04,0.18,-0.04
8707,43.53,43.53,43.646027,0.00234,0,0,-0.5,-10.8,-2.6,1.04,0.18,-0.04
8708,43.535,43.535001,43.650004,0.001316,9.99999997475243e-07,0,-0.4,-10.8,-2.8,1.04,0.19,-0.04
8709,43.54,43.54,43.655235,0.001548,0,0,-0.3,-10.8,-2.8,1.04,0.18,-0.04
8710,43.545,43.545,43.66105,0.002363,0,0,-0.2,-10.8,-3.3,1.03,0.19,-0.04
8711,43.55,43.550001,43.665013,0.001324,9.99999997475243e-07,0,-0.1,-10.7,-3.4,1.03,0.18,-0.04
8712,43.555,43.555,43.670104,0.001416,0,0,-0.2,-10.7,-3.1,1.03,0.19,-0.04
8713,43.56,43.56,43.676061,0.002374,0,0,-0.3,-10.8,-3.8,1.03,0.2,-0.04
8714,43.565,43.565,43.680063,0.001376,0,0,-0.3,-10.8,-3.7,1.03,0.19,-0.04
8715,43.57,43.57,43.685105,0.001417,0,0,-0.3,-10.8,-3.6,1.03,0.19,-0.04
8716,43.575,43.575002,43.69132,0.00263,1.99999999495049e-06,0,-0.4,-10.7,-3.7,1.03,0.19,-0.04
8717,43.58,43.58,43.69503,0.001342,0,0,-0.3,-10.7,-3.6,1.03,0.18,-0.04
8718,43.585,43.585,43.700101,0.001414,0,0,-0.3,-10.8,-3.5,1.03,0.19,-0.04
8719,43.59,43.59,43.706063,0.002375,0,0,-0.4,-10.9,-3.6,1.04,0.2,-0.04
8720,43.595,43.595,43.711141,0.002454,0,0,-0.5,-10.9,-3.4,1.03,0.2,-0.04
8721,43.6,43.6,43.71507,0.001383,0,0,-0.6,-11,-3.1,1.04,0.2,-0.04
8722,43.605,43.605001,43.721408,0.002722,9.99999997475243e-07,0,-0.4,-11,-2.7,1.04,0.19,-0.03
8723,43.61,43.61,43.726147,0.002459,0,0,-0.3,-10.8,-2,1.04,0.18,-0.03
8724,43.615,43.615,43.730043,0.001356,0,0,-0.5,-10.8,-2.2,1.04,0.18,-0.04
8725,43.62,43.62,43.736072,0.002384,0,0,-0.5,-10.8,-2.8,1.04,0.18,-0.03
8726,43.625,43.625,43.741066,0.002379,0,0,-0.5,-10.9,-3.3,1.03,0.2,-0.04
8727,43.63,43.63,43.745037,0.00135,0,0,-0.4,-11,-2.9,1.04,0.19,-0.04
8728,43.635,43.635,43.750114,0.001426,0,0,-0.6,-10.9,-4,1.03,0.22,-0.05
8729,43.64,43.64,43.756107,0.002415,0,0,-0.6,-10.9,-3.5,1.03,0.22,-0.04
8730,43.645,43.645,43.760057,0.00137,0,0,-0.6,-10.9,-3.7,1.04,0.22,-0.05
8731,43.65,43.65,43.765075,0.001388,0,0,-0.6,-10.9,-4.3,1.03,0.22,-0.05
8732,43.655,43.655,43.771113,0.002426,0,0,-0.6,-10.8,-4.3,1.02,0.22,-0.04
8733,43.66,43.660001,43.775064,0.001376,9.99999997475243e-07,0,-0.5,-10.8,-4.1,1.03,0.21,-0.04
8734,43.665,43.665,43.780053,0.001365,0,0,-0.3,-10.7,-4,1.02,0.2,-0.04
8735,43.67,43.67,43.786074,0.002387,0,0,-0.3,-10.8,-3.6,1.03,0.2,-0.04
8736,43.675,43.675001,43.790104,0.001415,9.99999997475243e-07,0,-0.3,-10.9,-3.3,1.03,0.2,-0.04
8737,43.68,43.68,43.795054,0.001366,0,0,-0.3,-10.8,-2.7,1.02,0.19,-0.04
8738,43.685,43.685,43.801054,0.002367,0,0,-0.3,-10.8,-2.8,1.03,0.19,-0.04
8739,43.69,43.69,43.806061,0.002374,0,0,-0.4,-10.8,-2.8,1.03,0.19,-0.04
8740,43.695,43.695,43.810042,0.001356,0,0,-0.3,-10.7,-3.1,1.03,0.19,-0.04
8741,43.7,43.7,43.816044,0.002356,0,0,-0.3,-10.6,-3.4,1.03,0.2,-0.04
8742,43.705,43.705,43.821368,0.002683,0,0,-0.3,-10.7,-3.8,1.03,0.19,-0.04
8743,43.71,43.710002,43.826648,0.00296,2.00000000205591e-06,0,-0.2,-10.6,-3.5,1.03,0.18,-0.04
8744,43.715,43.715002,43.830546,0.001859,1.99999999495049e-06,0,-0.4,-10.7,-4.1,1.03,0.2,-0.04
8745,43.72,43.720002,43.836563,0.002875,2.00000000205591e-06,0,-0.5,-10.7,-3.7,1.03,0.2,-0.04
8746,43.725,43.725002,43.84056,0.001872,2.00000000205591e-06,0,-0.3,-10.7,-2.8,1.04,0.18,-0.04
8747,43.73,43.730001,43.845148,0.001459,9.99999997475243e-07,0,-0.2,-10.6,-2.7,1.04,0.18,-0.04
8748,43.735,43.735,43.851182,0.002495,0,0,-0.2,-10.7,-3,1.03,0.18,-0.03
8749,43.74,43.74,43.855286,0.001599,0,0,-0.2,-10.7,-3.1,1.03,0.18,-0.04
8750,43.745,43.745,43.860782,0.002096,0,0,-0.1,-10.8,-2.7,1.03,0.18,-0.03
8751,43.75,43.750001,43.86652,0.002833,9.99999997475243e-07,0,-0.1,-10.8,-2.9,1.03,0.19,-0.04
8752,43.755,43.755,43.87015,0.001462,0,0,-0.3,-10.9,-3.5,1.03,0.2,-0.04
8753,43.76,43.76,43.876176,0.002488,0,0,-0.4,-10.8,-3.3,1.04,0.2,-0.04
8754,43.765,43.765,43.880032,0.001345,0,0,-0.3,-10.9,-2.6,1.04,0.18,-0.03
8755,43.77,43.77,43.88501,0.001323,0,0,-0.3,-10.9,-1.9,1.05,0.17,-0.03
8756,43.775,43.775,43.890339,0.001651,0,0,-0.5,-10.9,-2.7,1.04,0.19,-0.04
8757,43.78,43.78,43.896101,0.002414,0,0,-0.6,-10.9,-2.7,1.04,0.2,-0.04
8758,43.785,43.785001,43.900134,0.001446,9.99999997475243e-07,0,-0.6,-10.8,-2.8,1.04,0.2,-0.04
8759,43.79,43.79,43.905282,0.001595,0,0,-0.6,-10.8,-3,1.04,0.2,-0.04
8760,43.795,43.795,43.911078,0.002391,0,0,-0.3,-10.9,-3,1.04,0.19,-0.04
8761,43.8,43.800001,43.915006,0.001319,9.99999997475243e-07,0,-0.4,-10.8,-2.7,1.04,0.19,-0.03
8762,43.805,43.805,43.920537,0.001851,0,0,-0.3,-10.8,-3.3,1.03,0.19,-0.04
8763,43.81,43.81,43.926259,0.002571,0,0,-0.2,-10.8,-3.2,1.03,0.19,-0.04
8764,43.815,43.815,43.931105,0.002418,0,0,-0.2,-10.7,-3.3,1.03,0.19,-0.04
8765,43.82,43.82,43.935075,0.001389,0,0,-0.3,-10.8,-2.9,1.03,0.18,-0.04
8766,43.825,43.825002,43.940837,0.002149,1.99999999495049e-06,0,-0.3,-10.8,-2.7,1.04,0.18,-0.04
8767,43.83,43.83,43.946334,0.002647,0,0,-0.2,-10.7,-2.5,1.04,0.18,-0.04
8768,43.835,43.835001,43.950401,0.001714,9.99999997475243e-07,0,-0.3,-10.7,-3.5,1.03,0.18,-0.04
8769,43.84,43.84,43.956331,0.002644,0,0,-0.5,-10.8,-3.4,1.03,0.19,-0.04
8770,43.845,43.845001,43.960153,0.001465,1.00000000458067e-06,0,-0.5,-10.8,-3.5,1.03,0.2,-0.04
8771,43.85,43.85,43.965054,0.001366,0,0,-0.4,-10.8,-3.5,1.03,0.2,-0.04
8772,43.855,43.855001,43.971068,0.00238,9.99999997475243e-07,0,-0.6,-10.8,-3.6,1.03,0.2,-0.05
8773,43.86,43.86,43.976044,0.002356,0,0,-0.4,-10.7,-2.8,1.03,0.19,-0.04
8774,43.865,43.865,43.980014,0.001327,0,0,-0.3,-10.8,-2.6,1.04,0.18,-0.04
8775,43.87,43.87,43.985206,0.001519,0,0,-0.2,-10.8,-2.3,1.04,0.17,-0.03
8776,43.875,43.875,43.991279,0.002592,0,0,-0.4,-10.8,-2.5,1.04,0.18,-0.04
8777,43.88,43.88,43.995062,0.001375,0,0,-0.3,-10.8,-2.6,1.04,0.18,-0.04
8778,43.885,43.885,44.001077,0.002391,0,0,-0.2,-10.7,-3.3,1.03,0.19,-0.04
8779,43.89,43.89,44.006028,0.002341,0,0,-0.1,-10.7,-3.2,1.03,0.18,-0.04
8780,43.895,43.895,44.010114,0.001426,0,0,-0.3,-10.8,-3.3,1.04,0.18,-0.04
8781,43.9,43.9,44.015062,0.001376,0,0,-0.4,-10.7,-3.2,1.04,0.18,-0.04
8782,43.905,43.905,44.021032,0.002345,0,0,-0.2,-10.7,-3.1,1.03,0.18,-0.04
8783,43.91,43.910001,44.025034,0.001346,9.99999997475243e-07,0,-0.2,-10.7,-2.4,1.04,0.17,-0.04
8784,43.915,43.915,44.030052,0.001365,0,0,-0.2,-10.7,-3,1.03,0.18,-0.04
8785,43.92,43.92,44.036041,0.002354,0,0,-0.3,-10.7,-3.7,1.03,0.19,-0.04
8786,43.925,43.925001,44.041076,0.002388,9.99999997475243e-07,0,-0.3,-10.8,-3.4,1.03,0.19,-0.04
8787,43.93,43.93,44.045034,0.001347,0,0,-0.3,-10.7,-3.3,1.03,0.19,-0.04
8788,43.935,43.935,44.051128,0.002441,0,0,-0.3,-10.8,-3.8,1.03,0.2,-0.04
8789,43.94,43.94,44.056151,0.002464,0,0,-0.4,-10.8,-2.9,1.04,0.2,-0.04
8790,43.945,43.945,44.060096,0.001408,0,0,-0.3,-10.8,-2.8,1.04,0.18,-0.04
8791,43.95,43.95,44.066152,0.002464,0,0,-0.2,-10.8,-3.2,1.03,0.18,-0.04
8792,43.955,43.955001,44.071211,0.002523,1.00000000458067e-06,0,-0.2,-10.8,-3.3,1.03,0.19,-0.04
8793,43.96,43.96,44.076736,0.00305,0,0,-0.3,-10.9,-3,1.03,0.19,-0.04
8794,43.965,43.965001,44.080785,0.002098,9.99999997475243e-07,0,-0.5,-10.8,-2.8,1.04,0.2,-0.04
8795,43.97,43.970002,44.08635,0.002661,2.00000000205591e-06,0,-0.4,-10.8,-3.3,1.03,0.2,-0.04
8796,43.975,43.975,44.090122,0.001434,0,0,-0.2,-10.6,-2.4,1.04,0.18,-0.04
8797,43.98,43.980001,44.09519,0.001501,9.99999997475243e-07,0,-0.2,-10.8,-2.4,1.03,0.18,-0.04
8798,43.985,43.985,44.101115,0.002428,0,0,-0.1,-10.8,-2.2,1.03,0.18,-0.03
8799,43.99,43.99,44.105104,0.001418,0,0,-0.2,-10.8,-2.9,1.03,0.18,-0.04
8800,43.995,43.995001,44.11023,0.001542,1.00000000458067e-06,0,-0.4,-10.8,-3.3,1.03,0.2,-0.04
8801,44,44,44.116155,0.002467,0,0,-0.4,-10.9,-3.3,1.03,0.2,-0.05
8802,44.005,44.005,44.120072,0.001385,0,0,-0.5,-10.8,-3.5,1.03,0.2,-0.05
8803,44.01,44.01,44.125132,0.001445,0,0,-0.4,-10.8,-3.5,1.04,0.2,-0.05
8804,44.015,44.015,44.13113,0.002443,0,0,-0.2,-10.8,-2.7,1.04,0.17,-0.04
8805,44.02,44.02,44.13508,0.001392,0,0,-0.1,-10.7,-3.2,1.03,0.17,-0.04
8806,44.025,44.025,44.14017,0.001482,0,0,-0.1,-10.7,-3.4,1.03,0.18,-0.04
8807,44.03,44.03,44.146089,0.002401,0,0,-0.1,-10.7,-3.1,1.03,0.17,-0.04
8808,44.035,44.035001,44.151055,0.002367,9.99999997475243e-07,0,-0.1,-10.7,-3.2,1.03,0.18,-0.04
8809,44.04,44.04,44.15503,0.001343,0,0,-0.1,-10.7,-3.1,1.03,0.18,-0.04
8810,44.045,44.045,44.161239,0.002551,0,0,-0.2,-10.8,-3.1,1.04,0.18,-0.04
8811,44.05,44.050001,44.166135,0.002446,9.99999997475243e-07,0,-0.2,-10.8,-3.4,1.04,0.18,-0.05
8812,44.055,44.055,44.170268,0.001581,0,0,-0.2,-10.8,-3.3,1.03,0.18,-0.04
8813,44.06,44.06,44.176287,0.002601,0,0,0,-10.6,-3.1,1.03,0.18,-0.04
8814,44.065,44.065002,44.182058,0.003369,2.00000000205591e-06,0,-0.1,-10.6,-3,1.04,0.18,-0.04
8815,44.07,44.070001,44.185697,0.002009,9.99999997475243e-07,0,-0.2,-10.7,-2.8,1.04,0.18,-0.04
8816,44.075,44.075001,44.191149,0.002463,9.99999997475243e-07,0,-0.3,-10.8,-2.7,1.05,0.18,-0.04
8817,44.08,44.080001,44.196751,0.003065,1.00000000458067e-06,0,-0.5,-10.7,-3.3,1.04,0.2,-0.04
8818,44.085,44.085001,44.200558,0.00187,9.99999997475243e-07,0,-0.5,-10.7,-3.5,1.04,0.19,-0.04
8819,44.09,44.09,44.206244,0.002557,0,0,-0.5,-10.8,-3.2,1.04,0.2,-0.04
8820,44.095,44.095,44.210104,0.001416,0,0,-0.3,-10.9,-3.4,1.03,0.19,-0.04
8821,44.1,44.1,44.216201,0.002513,0,0,-0.3,-10.7,-3.6,1.03,0.2,-0.04
8822,44.105,44.105002,44.221365,0.002676,1.99999999495049e-06,0,-0.4,-10.7,-4,1.02,0.2,-0.04
8823,44.11,44.110001,44.225191,0.001504,9.99999997475243e-07,0,-0.4,-10.8,-3.2,1.04,0.2,-0.04
8824,44.115,44.115,44.230458,0.00177,0,0,-0.4,-10.7,-3.2,1.03,0.19,-0.04
8825,44.12,44.12,44.236267,0.002579,0,0,-0.4,-10.7,-2.7,1.04,0.19,-0.04
8826,44.125,44.125001,44.240203,0.001516,9.99999997475243e-07,0,-0.4,-10.7,-2.8,1.04,0.19,-0.04
8827,44.13,44.13,44.246194,0.002507,0,0,-0.4,-10.8,-2.8,1.04,0.18,-0.04
8828,44.135,44.135,44.250111,0.001425,0,0,-0.3,-10.8,-3.2,1.03,0.18,-0.04
8829,44.14,44.14,44.255245,0.001557,0,0,-0.3,-10.7,-3.6,1.03,0.19,-0.04
8830,44.145,44.145,44.261212,0.002525,0,0,-0.2,-10.7,-3.9,1.02,0.19,-0.04
8831,44.15,44.15,44.26608,0.002392,0,0,-0.2,-10.6,-3.4,1.03,0.18,-0.04
8832,44.155,44.155,44.270049,0.001361,0,0,-0.2,-10.6,-3,1.03,0.18,-0.04
8833,44.16,44.160001,44.27549,0.001801,9.99999997475243e-07,0,-0.1,-10.7,-2.2,1.04,0.17,-0.04
8834,44.165,44.165002,44.281657,0.00297,2.00000000205591e-06,0,-0.4,-10.7,-3.1,1.03,0.19,-0.04
8835,44.17,44.170002,44.285303,0.001613,1.99999999495049e-06,0,-0.5,-10.8,-3.2,1.03,0.19,-0.04
8836,44.175,44.175001,44.290279,0.001591,9.99999997475243e-07,0,-0.5,-10.7,-3.1,1.04,0.19,-0.04
8837,44.18,44.18,44.296164,0.002476,0,0,-0.3,-10.7,-2.8,1.04,0.18,-0.04
8838,44.185,44.185,44.300109,0.001422,0,0,-0.3,-10.8,-3.2,1.03,0.19,-0.05
8839,44.19,44.19,44.30526,0.001573,0,0,-0.4,-10.8,-3.4,1.04,0.19,-0.05
8840,44.195,44.195,44.31113,0.002443,0,0,-0.3,-10.9,-3.2,1.03,0.19,-0.04
8841,44.2,44.2,44.315029,0.001342,0,0,-0.2,-10.8,-3.2,1.03,0.18,-0.04
8842,44.205,44.205,44.320177,0.00149,0,0,-0.3,-10.8,-4,1.03,0.2,-0.05
8843,44.21,44.210001,44.326304,0.002617,9.99999997475243e-07,0,-0.2,-10.7,-3.3,1.03,0.18,-0.05
8844,44.215,44.215,44.330075,0.001388,0,0,-0.1,-10.7,-3.3,1.03,0.18,-0.04
8845,44.22,44.22,44.335295,0.001608,0,0,-0.3,-10.9,-3.5,1.03,0.19,-0.04
8846,44.225,44.225,44.341202,0.002514,0,0,-0.2,-10.8,-3,1.04,0.18,-0.04
8847,44.23,44.230001,44.345084,0.001395,9.99999997475243e-07,0,-0.4,-10.8,-3.9,1.03,0.2,-0.04
8848,44.235,44.235,44.351134,0.002447,0,0,-0.3,-10.9,-3.7,1.03,0.2,-0.04
8849,44.24,44.24,44.356138,0.002451,0,0,-0.4,-10.8,-3.2,1.03,0.2,-0.04
8850,44.245,44.245001,44.360122,0.001434,1.00000000458067e-06,0,-0.2,-10.8,-2.5,1.04,0.18,-0.03
8851,44.25,44.25,44.366149,0.002461,0,0,-0.2,-10.8,-2.7,1.03,0.18,-0.03
8852,44.255,44.255,44.370057,0.00137,0,0,-0.2,-10.8,-3,1.03,0.18,-0.04
8853,44.26,44.26,44.375202,0.001516,0,0,-0.4,-10.8,-3.3,1.03,0.19,-0.04
8854,44.265,44.265001,44.381232,0.002544,9.99999997475243e-07,0,-0.2,-10.7,-3.1,1.03,0.18,-0.04
8855,44.27,44.27,44.385049,0.001362,0,0,-0.2,-10.8,-3,1.04,0.18,-0.04
8856,44.275,44.275,44.390128,0.00144,0,0,-0.2,-10.7,-3.7,1.03,0.18,-0.04
8857,44.28,44.28,44.396209,0.002522,0,0,0,-10.7,-3.5,1.03,0.17,-0.04
8858,44.285,44.285001,44.401113,0.002425,9.99999997475243e-07,0,0,-10.6,-3,1.04,0.16,-0.04
8859,44.29,44.29,44.405129,0.001441,0,0,-0.3,-10.7,-3.4,1.04,0.19,-0.04
8860,44.295,44.295,44.411106,0.002418,0,0,-0.1,-10.7,-3.7,1.03,0.19,-0.04
8861,44.3,44.300001,44.416057,0.002369,9.99999997475243e-07,0,-0.2,-10.7,-3.4,1.03,0.18,-0.04
8862,44.305,44.305,44.419991,0.001304,0,0,-0.2,-10.7,-3.1,1.03,0.17,-0.04
8863,44.31,44.31,44.426266,0.002578,0,0,-0.2,-10.6,-3.1,1.03,0.18,-0.04
8864,44.315,44.315,44.430048,0.001361,0,0,-0.2,-10.7,-3.6,1.03,0.19,-0.04
8865,44.32,44.32,44.436059,0.002373,0,0,-0.1,-10.7,-3.2,1.03,0.18,-0.04
8866,44.325,44.325,44.441201,0.002513,0,0,-0.2,-10.7,-2.8,1.04,0.17,-0.04
8867,44.33,44.33,44.445087,0.001399,0,0,-0.3,-10.8,-3.8,1.03,0.19,-0.05
8868,44.335,44.335,44.450243,0.001557,0,0,-0.2,-10.8,-3.5,1.03,0.18,-0.04
8869,44.34,44.34,44.456083,0.002397,0,0,-0.1,-10.7,-2.6,1.04,0.17,-0.04
8870,44.345,44.345,44.46003,0.001343,0,0,-0.1,-10.8,-2.5,1.04,0.17,-0.04
8871,44.35,44.35,44.465244,0.001558,0,0,0,-10.7,-2.7,1.04,0.16,-0.04
8872,44.355,44.355001,44.471133,0.002445,9.99999997475243e-07,0,0,-10.6,-3.1,1.03,0.16,-0.04
8873,44.36,44.36,44.475134,0.001446,0,0,-0.3,-10.7,-3.2,1.04,0.18,-0.04
8874,44.365,44.365,44.480274,0.001587,0,0,-0.3,-10.7,-3.3,1.04,0.18,-0.04
8875,44.37,44.37,44.486075,0.002388,0,0,-0.3,-10.8,-3.2,1.04,0.19,-0.05
8876,44.375,44.375,44.49027,0.001582,0,0,-0.4,-10.8,-3,1.04,0.18,-0.04
8877,44.38,44.38,44.496152,0.002464,0,0,-0.5,-10.9,-3.4,1.04,0.2,-0.05
8878,44.385,44.385,44.501061,0.002374,0,0,-0.5,-10.9,-3.3,1.04,0.19,-0.04
8879,44.39,44.39,44.505052,0.001364,0,0,-0.5,-10.8,-4.2,1.03,0.2,-0.05
8880,44.395,44.395,44.510131,0.001444,0,0,-0.4,-10.8,-4.8,1.02,0.2,-0.05
8881,44.4,44.4,44.516042,0.002355,0,0,-0.4,-10.8,-4.3,1.02,0.2,-0.05
8882,44.405,44.405,44.520002,0.001314,0,0,-0.4,-10.8,-4.3,1.03,0.21,-0.05
8883,44.41,44.410001,44.525063,0.001375,9.99999997475243e-07,0,-0.6,-10.8,-3.9,1.04,0.21,-0.05
8884,44.415,44.415,44.530228,0.00154,0,0,-0.6,-10.8,-3.7,1.04,0.21,-0.05
8885,44.42,44.42,44.536027,0.00234,0,0,-0.5,-10.8,-3.2,1.04,0.2,-0.04
8886,44.425,44.425001,44.540084,0.001395,9.99999997475243e-07,0,-0.5,-10.8,-2.7,1.04,0.19,-0.04
8887,44.43,44.43,44.545154,0.001467,0,0,-0.5,-10.8,-2.7,1.04,0.19,-0.04
8888,44.435,44.435,44.551038,0.002351,0,0,-0.4,-10.8,-2.7,1.04,0.19,-0.04
8889,44.44,44.44,44.555021,0.001334,0,0,-0.3,-10.7,-3.1,1.03,0.19,-0.04
8890,44.445,44.445,44.560029,0.001342,0,0,-0.4,-10.8,-3.1,1.03,0.19,-0.05
8891,44.45,44.45,44.566046,0.002358,0,0,-0.2,-10.7,-3.4,1.03,0.19,-0.04
8892,44.455,44.455,44.57103,0.002343,0,0,-0.2,-10.7,-2.8,1.04,0.18,-0.04
8893,44.46,44.46,44.575032,0.001345,0,0,-0.2,-10.7,-2.8,1.04,0.18,-0.03
8894,44.465,44.465,44.581119,0.002431,0,0,-0.2,-10.7,-2.6,1.04,0.18,-0.04
8895,44.47,44.47,44.585071,0.001385,0,0,-0.2,-10.7,-3.3,1.03,0.19,-0.04
8896,44.475,44.475,44.590177,0.001491,0,0,-0.4,-10.9,-3,1.03,0.19,-0.04
8897,44.48,44.480001,44.59612,0.002433,9.99999997475243e-07,0,-0.4,-10.9,-3.3,1.03,0.2,-0.04
8898,44.485,44.485,44.601033,0.002347,0,0,-0.3,-10.8,-2.5,1.04,0.19,-0.04
8899,44.49,44.49,44.605027,0.001341,0,0,-0.2,-10.7,-2.6,1.04,0.18,-0.04
8900,44.495,44.495,44.610481,0.001795,0,0,-0.1,-10.8,-2.6,1.04,0.18,-0.04
8901,44.5,44.500002,44.616698,0.00301,2.00000000205591e-06,0,-0.2,-10.9,-2.7,1.04,0.19,-0.04
8902,44.505,44.505,44.620504,0.001817,0,0,-0.2,-10.9,-2.5,1.04,0.18,-0.04
8903,44.51,44.510002,44.625675,0.001987,2.00000000205591e-06,0,-0.1,-10.7,-2.5,1.04,0.17,-0.04
8904,44.515,44.515001,44.63057,0.001881,9.99999997475243e-07,0,-0.1,-10.7,-2.4,1.03,0.16,-0.04
8905,44.52,44.52,44.63515,0.001464,0,0,-0.1,-10.8,-1.8,1.04,0.16,-0.03
8906,44.525,44.525001,44.640545,0.001857,1.00000000458067e-06,0,-0.3,-10.8,-2,1.04,0.17,-0.04
8907,44.53,44.530001,44.646902,0.003217,9.99999997475243e-07,0,-0.5,-10.9,-2.1,1.05,0.18,-0.04
8908,44.535,44.535006,44.652228,0.003538,5.99999999906231e-06,0,-0.4,-10.8,-2.1,1.05,0.18,-0.04
8909,44.54,44.540001,44.655488,0.001799,9.99999997475243e-07,0,-0.6,-10.8,-2.4,1.04,0.19,-0.04
8910,44.545,44.545001,44.66136,0.002673,9.99999997475243e-07,0,-0.6,-10.8,-2.6,1.04,0.19,-0.04
8911,44.55,44.550003,44.667165,0.003476,2.99999999242573e-06,0,-0.5,-10.7,-2.3,1.04,0.19,-0.04
8912,44.555,44.555001,44.670854,0.002167,9.99999997475243e-07,0,-0.5,-10.7,-3,1.03,0.2,-0.04
8913,44.56,44.560001,44.676576,0.002888,9.99999997475243e-07,0,-0.5,-10.8,-3.4,1.03,0.2,-0.04
8914,44.565,44.565004,44.682254,0.003566,4.00000000411183e-06,0,-0.4,-10.7,-3.1,1.03,0.19,-0.04
8915,44.57,44.570003,44.686449,0.002759,2.99999999953116e-06,0,-0.4,-10.7,-3.3,1.03,0.2,-0.04
8916,44.575,44.575001,44.691645,0.002958,9.99999997475243e-07,0,-0.3,-10.7,-2.9,1.04,0.18,-0.04
8917,44.58,44.58,44.696835,0.003149,0,0,-0.4,-10.8,-2.7,1.04,0.19,-0.04
8918,44.585,44.585001,44.70055,0.001862,9.99999997475243e-07,0,-0.3,-10.8,-2.1,1.05,0.18,-0.04
8919,44.59,44.590004,44.706554,0.002863,3.9999999970064e-06,0,-0.4,-10.9,-2.5,1.05,0.18,-0.04
8920,44.595,44.595002,44.71178,0.003092,2.00000000205591e-06,0,-0.4,-10.8,-3,1.04,0.19,-0.04
8921,44.6,44.600002,44.716147,0.002459,2.00000000205591e-06,0,-0.5,-10.8,-3.2,1.04,0.19,-0.04
8922,44.605,44.605002,44.721572,0.002884,1.99999999495049e-06,0,-0.4,-10.7,-2.6,1.04,0.18,-0.04
8923,44.61,44.61,44.725246,0.001559,0,0,-0.3,-10.8,-3,1.03,0.19,-0.04
8924,44.615,44.615,44.731233,0.002547,0,0,-0.3,-10.8,-3.2,1.03,0.19,-0.04
8925,44.62,44.62,44.735023,0.001336,0,0,-0.3,-10.8,-3.6,1.03,0.19,-0.04
8926,44.625,44.625,44.740085,0.001398,0,0,-0.2,-10.8,-3.6,1.03,0.18,-0.04
8927,44.63,44.63,44.74612,0.002433,0,0,-0.3,-10.7,-3.5,1.03,0.19,-0.04
8928,44.635,44.635,44.750013,0.001326,0,0,-0.3,-10.7,-3.5,1.04,0.18,-0.04
8929,44.64,44.64,44.755138,0.00145,0,0,-0.4,-10.8,-2.9,1.05,0.18,-0.04
8930,44.645,44.645,44.761122,0.002434,0,0,-0.3,-10.7,-2.1,1.05,0.17,-0.04
8931,44.65,44.65,44.766032,0.002345,0,0,-0.5,-10.8,-2.7,1.04,0.19,-0.04
8932,44.655,44.655,44.770032,0.001345,0,0,-0.5,-10.6,-3,1.04,0.19,-0.04
8933,44.66,44.660001,44.775354,0.001666,9.99999997475243e-07,0,-0.5,-10.6,-2.9,1.04,0.19,-0.04
8934,44.665,44.665,44.781069,0.002382,0,0,-0.5,-10.7,-3,1.04,0.2,-0.04
8935,44.67,44.67,44.785025,0.001338,0,0,-0.3,-10.7,-4,1.03,0.2,-0.05
8936,44.675,44.675001,44.791063,0.002375,9.99999997475243e-07,0,-0.5,-10.7,-3.6,1.03,0.2,-0.04
8937,44.68,44.68,44.796038,0.002351,0,0,-0.3,-10.7,-3.7,1.03,0.19,-0.04
8938,44.685,44.685,44.800015,0.001328,0,0,-0.3,-10.7,-3.4,1.04,0.19,-0.04
8939,44.69,44.69,44.805159,0.001473,0,0,-0.3,-10.7,-2.7,1.04,0.19,-0.04
8940,44.695,44.695,44.811073,0.002386,0,0,-0.1,-10.6,-2.8,1.04,0.18,-0.04
8941,44.7,44.7,44.815026,0.001339,0,0,-0.3,-10.7,-3.1,1.03,0.19,-0.04
8942,44.705,44.705,44.820048,0.00136,0,0,-0.4,-10.7,-3,1.04,0.19,-0.04
8943,44.71,44.71,44.82608,0.002393,0,0,-0.2,-10.6,-3,1.04,0.18,-0.04
8944,44.715,44.715,44.831026,0.002338,0,0,-0.1,-10.6,-2.9,1.04,0.17,-0.04
8945,44.72,44.72,44.835098,0.001412,0,0,-0.3,-10.6,-4.2,1.03,0.19,-0.05
8946,44.725,44.725,44.841077,0.00239,0,0,-0.4,-10.7,-4,1.04,0.2,-0.05
8947,44.73,44.730001,44.84604,0.002352,9.99999997475243e-07,0,-0.6,-10.9,-4.1,1.03,0.21,-0.05
8948,44.735,44.735,44.850045,0.001358,0,0,-0.4,-10.8,-3.9,1.03,0.2,-0.05
8949,44.74,44.74,44.855266,0.001579,0,0,-0.4,-10.9,-4,1.03,0.2,-0.05
8950,44.745,44.745,44.861042,0.002355,0,0,-0.4,-10.8,-3.9,1.03,0.21,-0.05
8951,44.75,44.75,44.865021,0.001334,0,0,-0.4,-10.7,-4,1.03,0.2,-0.05
8952,44.755,44.755,44.87003,0.001343,0,0,-0.3,-10.7,-2.8,1.04,0.18,-0.04
8953,44.76,44.76,44.87616,0.002472,0,0,-0.3,-10.8,-3.5,1.03,0.18,-0.04
8954,44.765,44.765,44.880022,0.001335,0,0,-0.3,-10.8,-3.5,1.03,0.19,-0.04
8955,44.77,44.77,44.885069,0.001381,0,0,-0.2,-10.9,-3,1.03,0.18,-0.04
8956,44.775,44.775,44.891169,0.002482,0,0,-0.1,-10.8,-3.3,1.03,0.18,-0.04
8957,44.78,44.78,44.896077,0.00239,0,0,-0.1,-10.8,-2.9,1.04,0.18,-0.04
8958,44.785,44.785001,44.900022,0.001334,9.99999997475243e-07,0,-0.1,-10.8,-3.2,1.04,0.19,-0.04
8959,44.79,44.79,44.906141,0.002454,0,0,-0.3,-10.8,-2.7,1.04,0.18,-0.04
8960,44.795,44.795,44.910035,0.001348,0,0,-0.2,-10.7,-2.6,1.03,0.18,-0.04
8961,44.8,44.800001,44.915028,0.001339,9.99999997475243e-07,0,-0.2,-10.7,-3,1.04,0.18,-0.04
8962,44.805,44.805,44.921152,0.002466,0,0,-0.3,-10.7,-3.7,1.03,0.2,-0.04
8963,44.81,44.81,44.926177,0.002489,0,0,-0.4,-10.9,-3.7,1.03,0.2,-0.04
8964,44.815,44.815,44.930089,0.001402,0,0,-0.3,-10.8,-2.9,1.04,0.18,-0.04
8965,44.82,44.82,44.935311,0.001623,0,0,-0.3,-10.7,-3,1.03,0.18,-0.04
8966,44.825,44.825,44.941165,0.002478,0,0,-0.3,-10.7,-2.6,1.03,0.18,-0.03
8967,44.83,44.83,44.945066,0.00138,0,0,-0.4,-10.7,-2.7,1.04,0.19,-0.04
8968,44.835,44.835001,44.951076,0.002388,9.99999997475243e-07,0,-0.4,-10.7,-2.9,1.04,0.19,-0.04
8969,44.84,44.84,44.956056,0.002368,0,0,-0.4,-10.7,-3.1,1.03,0.19,-0.04
8970,44.845,44.845,44.960024,0.001337,0,0,-0.4,-10.8,-3.2,1.03,0.19,-0.04
8971,44.85,44.85,44.966085,0.002398,0,0,-0.3,-10.7,-3,1.03,0.19,-0.04
8972,44.855,44.855001,44.971098,0.002409,9.99999997475243e-07,0,-0.4,-10.7,-3.6,1.03,0.19,-0.04
8973,44.86,44.86,44.975047,0.001359,0,0,-0.3,-10.7,-3.1,1.03,0.19,-0.04
8974,44.865,44.865002,44.980643,0.001955,1.99999999495049e-06,0,-0.4,-10.8,-2.8,1.04,0.19,-0.04
8975,44.87,44.87,44.986221,0.002534,0,0,-0.2,-10.8,-3.4,1.03,0.19,-0.04
8976,44.875,44.875,44.990151,0.001463,0,0,-0.3,-10.8,-3.4,1.03,0.19,-0.04
8977,44.88,44.88,44.996083,0.002395,0,0,-0.2,-10.8,-2.9,1.03,0.18,-0.04
8978,44.885,44.885,45.001161,0.002474,0,0,-0.3,-10.8,-2.5,1.03,0.18,-0.03
8979,44.89,44.89,45.006112,0.002426,0,0,-0.2,-10.7,-2.7,1.04,0.18,-0.03
8980,44.895,44.895,45.011118,0.00243,0,0,-0.4,-10.7,-3.1,1.03,0.19,-0.04
8981,44.9,44.9,45.016048,0.002361,0,0,-0.3,-10.7,-2.7,1.03,0.18,-0.04
8982,44.905,44.905,45.020098,0.00141,0,0,-0.3,-10.8,-2.5,1.04,0.18,-0.04
8983,44.91,44.910001,45.02609,0.002401,9.99999997475243e-07,0,-0.4,-10.8,-3.3,1.03,0.19,-0.04
8984,44.915,44.915,45.031112,0.002426,0,0,-0.4,-10.8,-3.6,1.03,0.19,-0.04
8985,44.92,44.92,45.035105,0.001418,0,0,-0.3,-10.7,-2.9,1.04,0.17,-0.04
8986,44.925,44.925001,45.040265,0.001577,9.99999997475243e-07,0,-0.2,-10.7,-2.6,1.03,0.17,-0.03
8987,44.93,44.93,45.046028,0.00234,0,0,-0.2,-10.7,-2.5,1.04,0.17,-0.04
8988,44.935,44.935,45.050115,0.001429,0,0,-0.3,-10.6,-3.1,1.04,0.18,-0.04
8989,44.94,44.94,45.055104,0.001417,0,0,-0.3,-10.6,-3.8,1.03,0.19,-0.04
8990,44.945,44.945,45.061023,0.002336,0,0,-0.3,-10.6,-3.3,1.03,0.18,-0.04
8991,44.95,44.95,45.064994,0.001307,0,0,-0.3,-10.7,-3.4,1.03,0.19,-0.04
8992,44.955,44.955,45.070177,0.001491,0,0,-0.2,-10.8,-2.8,1.04,0.18,-0.03
8993,44.96,44.96,45.07625,0.002563,0,0,-0.2,-10.8,-2.8,1.03,0.18,-0.04
8994,44.965,44.965,45.08004,0.001353,0,0,-0.1,-10.7,-3.1,1.03,0.18,-0.04
8995,44.97,44.97,45.085077,0.001389,0,0,0,-10.6,-2.9,1.03,0.16,-0.04
8996,44.975,44.975,45.09103,0.002343,0,0,-0.1,-10.7,-3.1,1.03,0.17,-0.03
8997,44.98,44.980001,45.095096,0.001408,9.99999997475243e-07,0,-0.1,-10.7,-2.4,1.04,0.17,-0.03
8998,44.985,44.985,45.100016,0.001329,0,0,-0.1,-10.7,-2.3,1.04,0.17,-0.03
8999,44.99,44.99,45.106103,0.002416,0,0,-0.2,-10.8,-2.1,1.04,0.17,-0.03
9000,44.995,44.995,45.110043,0.001356,0,0,-0.2,-10.8,-2.3,1.04,0.17,-0.03
9001,45,45,45.115177,0.001489,0,0,-0.1,-10.8,-2.4,1.04,0.16,-0.04
9002,45.005,45.005,45.121152,0.002464,0,0,-0.1,-10.8,-2.8,1.04,0.17,-0.04
9003,45.01,45.01,45.125084,0.001397,0,0,-0.2,-10.8,-3.1,1.03,0.18,-0.04
9004,45.015,45.015,45.130097,0.00141,0,0,-0.2,-10.8,-3.5,1.03,0.19,-0.04
9005,45.02,45.02,45.135643,0.001956,0,0,-0.3,-10.8,-2.8,1.04,0.17,-0.03
9006,45.025,45.025,45.141328,0.002642,0,0,-0.3,-10.7,-3,1.04,0.18,-0.04
9007,45.03,45.03,45.145107,0.001419,0,0,-0.4,-10.8,-3.2,1.04,0.19,-0.04
9008,45.035,45.035001,45.151129,0.002441,9.99999997475243e-07,0,-0.3,-10.7,-2.8,1.04,0.18,-0.04
9009,45.04,45.04,45.155095,0.001407,0,0,-0.3,-10.7,-3.6,1.04,0.19,-0.04
9010,45.045,45.045,45.160074,0.001387,0,0,-0.4,-10.8,-4.6,1.03,0.21,-0.05
9011,45.05,45.050001,45.16606,0.002373,9.99999997475243e-07,0,-0.4,-10.8,-4.3,1.03,0.21,-0.05
9012,45.055,45.055,45.171114,0.002427,0,0,-0.4,-10.8,-4.1,1.03,0.2,-0.04
9013,45.06,45.06,45.175067,0.001379,0,0,-0.3,-10.7,-4,1.03,0.19,-0.04
9014,45.065,45.065,45.181058,0.002371,0,0,-0.2,-10.7,-3.8,1.02,0.19,-0.04
9015,45.07,45.07,45.186076,0.002389,0,0,-0.2,-10.7,-4.1,1.01,0.19,-0.04
9016,45.075,45.075,45.190052,0.001365,0,0,-0.2,-10.7,-3.6,1.02,0.19,-0.04
9017,45.08,45.08,45.196124,0.002437,0,0,-0.1,-10.7,-3.9,1.02,0.19,-0.04
9018,45.085,45.085,45.200039,0.001352,0,0,-0.1,-10.8,-3.9,1.02,0.19,-0.04
9019,45.09,45.09,45.205089,0.001402,0,0,-0.2,-10.8,-3.4,1.03,0.19,-0.04
9020,45.095,45.095,45.211138,0.002451,0,0,-0.3,-10.8,-3.5,1.03,0.19,-0.04
9021,45.1,45.1,45.216089,0.002403,0,0,-0.4,-10.9,-2.6,1.04,0.18,-0.04
9022,45.105,45.105001,45.220017,0.001329,9.99999997475243e-07,0,-0.4,-10.9,-2.4,1.04,0.19,-0.03
9023,45.11,45.11,45.226121,0.002434,0,0,-0.3,-10.7,-2.9,1.03,0.18,-0.04
9024,45.115,45.115,45.23104,0.002353,0,0,-0.4,-10.8,-3.7,1.03,0.2,-0.04
9025,45.12,45.12,45.23511,0.001423,0,0,-0.4,-10.8,-3.3,1.04,0.19,-0.04
9026,45.125,45.125,45.241191,0.002505,0,0,-0.3,-10.8,-3,1.04,0.19,-0.04
9027,45.13,45.13,45.245039,0.001351,0,0,-0.3,-10.7,-3.5,1.03,0.19,-0.04
9028,45.135,45.135,45.250174,0.001488,0,0,-0.2,-10.7,-3.3,1.03,0.19,-0.04
9029,45.14,45.14,45.256108,0.002421,0,0,-0.2,-10.7,-3.1,1.03,0.19,-0.04
9030,45.145,45.145,45.260037,0.00135,0,0,-0.3,-10.8,-3.2,1.03,0.2,-0.04
9031,45.15,45.15,45.26501,0.001323,0,0,-0.3,-10.8,-3,1.04,0.18,-0.04
9032,45.155,45.155,45.271136,0.002449,0,0,-0.2,-10.8,-2.7,1.04,0.17,-0.04
9033,45.16,45.160001,45.27605,0.002362,9.99999997475243e-07,0,-0.3,-10.7,-2.6,1.04,0.18,-0.04
9034,45.165,45.165,45.280039,0.001352,0,0,-0.4,-10.8,-2.4,1.04,0.18,-0.04
9035,45.17,45.17,45.286155,0.002468,0,0,-0.5,-10.8,-2.6,1.04,0.19,-0.04
9036,45.175,45.175001,45.290044,0.001356,9.99999997475243e-07,0,-0.5,-10.8,-3.1,1.04,0.19,-0.05
9037,45.18,45.18,45.295092,0.001405,0,0,-0.4,-10.9,-3.2,1.04,0.19,-0.05
9038,45.185,45.185,45.301083,0.002397,0,0,-0.4,-10.8,-3.5,1.04,0.19,-0.05
9039,45.19,45.19,45.30504,0.001353,0,0,-0.3,-10.8,-4.1,1.03,0.2,-0.04
9040,45.195,45.195,45.310035,0.001348,0,0,-0.3,-10.7,-4,1.03,0.2,-0.04
9041,45.2,45.2,45.316048,0.002361,0,0,-0.3,-10.9,-3.2,1.03,0.19,-0.04
9042,45.205,45.205,45.320057,0.00137,0,0,-0.3,-10.8,-3.3,1.03,0.19,-0.04
9043,45.21,45.21,45.325059,0.001372,0,0,-0.4,-10.8,-2.6,1.04,0.19,-0.04
9044,45.215,45.215,45.331091,0.002404,0,0,-0.5,-10.9,-2.7,1.03,0.19,-0.04
9045,45.22,45.22,45.335037,0.001349,0,0,-0.6,-10.9,-3.2,1.03,0.2,-0.04
9046,45.225,45.225003,45.340704,0.002014,2.99999999953116e-06,0,-0.4,-10.7,-3.5,1.03,0.2,-0.04
9047,45.23,45.230001,45.345657,0.00197,9.99999997475243e-07,0,-0.1,-10.7,-3,1.04,0.18,-0.04
9048,45.235,45.235001,45.351725,0.003038,9.99999997475243e-07,0,-0.1,-10.8,-3,1.04,0.17,-0.04
9049,45.24,45.24,45.355133,0.001446,0,0,-0.1,-10.7,-2.6,1.04,0.16,-0.04
9050,45.245,45.245001,45.361154,0.002466,1.00000000458067e-06,0,-0.2,-10.6,-2.7,1.04,0.17,-0.04
9051,45.25,45.25,45.36611,0.002423,0,0,-0.2,-10.6,-3.2,1.03,0.18,-0.04
9052,45.255,45.255,45.370101,0.001414,0,0,-0.2,-10.8,-3.3,1.03,0.19,-0.04
9053,45.26,45.26,45.37521,0.001522,0,0,-0.2,-10.8,-2.6,1.04,0.18,-0.03
9054,45.265,45.265,45.381111,0.002424,0,0,-0.1,-10.8,-2.5,1.04,0.17,-0.03
9055,45.27,45.27,45.385078,0.001392,0,0,-0.2,-10.8,-3.2,1.03,0.18,-0.04
9056,45.275,45.275,45.390127,0.00144,0,0,-0.2,-10.8,-3.1,1.04,0.18,-0.04
9057,45.28,45.28,45.396093,0.002405,0,0,-0.4,-10.8,-2.4,1.05,0.18,-0.04
9058,45.285,45.285001,45.401031,0.002343,9.99999997475243e-07,0,-0.4,-10.7,-3,1.04,0.19,-0.04
9059,45.29,45.29,45.405039,0.001352,0,0,-0.3,-10.7,-3.1,1.04,0.19,-0.04
9060,45.295,45.295,45.41112,0.002433,0,0,-0.3,-10.7,-3.3,1.03,0.18,-0.04
9061,45.3,45.300001,45.416095,0.002407,9.99999997475243e-07,0,-0.4,-10.7,-3.3,1.04,0.19,-0.04
9062,45.305,45.305,45.420077,0.00139,0,0,-0.5,-10.7,-3.6,1.03,0.2,-0.04
9063,45.31,45.31,45.425148,0.001461,0,0,-0.5,-10.7,-3.6,1.03,0.2,-0.04
9064,45.315,45.315,45.431078,0.002391,0,0,-0.3,-10.7,-3.5,1.03,0.19,-0.04
9065,45.32,45.32,45.43609,0.002404,0,0,-0.3,-10.8,-3.6,1.03,0.19,-0.04
9066,45.325,45.325,45.440116,0.001429,0,0,-0.2,-10.7,-4.2,1.02,0.19,-0.05
9067,45.33,45.33,45.446111,0.002424,0,0,0,-10.7,-3.7,1.03,0.18,-0.05
9068,45.335,45.335,45.450028,0.001341,0,0,-0.1,-10.7,-3.4,1.03,0.18,-0.05
9069,45.34,45.34,45.455073,0.001386,0,0,-0.2,-10.8,-3.6,1.03,0.19,-0.04
9070,45.345,45.345,45.461074,0.002387,0,0,-0.2,-10.8,-3.7,1.03,0.19,-0.04
9071,45.35,45.35,45.466054,0.002367,0,0,-0.2,-10.9,-3.6,1.03,0.19,-0.04
9072,45.355,45.355001,45.470041,0.001353,9.99999997475243e-07,0,-0.4,-10.9,-3.6,1.03,0.2,-0.04
9073,45.36,45.36,45.476116,0.002428,0,0,-0.2,-10.9,-3.7,1.03,0.2,-0.04
9074,45.365,45.365,45.481039,0.002352,0,0,-0.3,-10.8,-3.2,1.03,0.18,-0.04
9075,45.37,45.37,45.485111,0.001424,0,0,-0.3,-10.8,-3.1,1.03,0.19,-0.03
9076,45.375,45.375,45.490208,0.00152,0,0,-0.4,-10.9,-3.7,1.03,0.19,-0.04
9077,45.38,45.38,45.496099,0.002412,0,0,-0.4,-11,-3.3,1.03,0.2,-0.04
9078,45.385,45.385,45.50012,0.001434,0,0,-0.3,-10.9,-2.8,1.04,0.18,-0.04
9079,45.39,45.39,45.506049,0.002363,0,0,-0.3,-10.9,-2.4,1.05,0.18,-0.04
9080,45.395,45.395,45.511037,0.002349,0,0,-0.2,-10.7,-2.4,1.04,0.17,-0.04
9081,45.4,45.4,45.51501,0.001322,0,0,-0.3,-10.6,-2.7,1.04,0.17,-0.04
9082,45.405,45.405,45.520279,0.001593,0,0,-0.3,-10.7,-3.2,1.04,0.18,-0.04
9083,45.41,45.410001,45.526065,0.002376,9.99999997475243e-07,0,-0.3,-10.8,-3,1.04,0.18,-0.04
9084,45.415,45.415,45.530071,0.001384,0,0,-0.2,-10.7,-3.4,1.02,0.18,-0.04
9085,45.42,45.42,45.535024,0.001337,0,0,-0.3,-10.7,-2.9,1.03,0.17,-0.03
9086,45.425,45.425001,45.541143,0.002455,9.99999997475243e-07,0,-0.2,-10.6,-3.4,1.03,0.18,-0.04
9087,45.43,45.43,45.546038,0.00235,0,0,-0.1,-10.7,-3.2,1.03,0.18,-0.04
9088,45.435,45.435,45.550165,0.001479,0,0,-0.1,-10.6,-3.2,1.03,0.19,-0.04
9089,45.44,45.44,45.55514,0.001453,0,0,-0.2,-10.7,-3.2,1.03,0.19,-0.04
9090,45.445,45.445,45.561044,0.002357,0,0,-0.3,-10.7,-2.8,1.04,0.18,-0.04
9091,45.45,45.45,45.565045,0.001357,0,0,-0.2,-10.7,-2.6,1.03,0.18,-0.03
9092,45.455,45.455,45.57009,0.001402,0,0,-0.2,-10.7,-3.7,1.03,0.19,-0.04
9093,45.46,45.46,45.576071,0.002384,0,0,-0.3,-10.7,-3.6,1.02,0.19,-0.04
9094,45.465,45.465,45.579998,0.001311,0,0,-0.3,-10.8,-3.4,1.03,0.2,-0.05
9095,45.47,45.47,45.585015,0.001328,0,0,-0.4,-10.7,-3.7,1.03,0.2,-0.05
9096,45.475,45.475,45.590226,0.001538,0,0,-0.3,-10.8,-3.6,1.03,0.19,-0.04
9097,45.48,45.480001,45.59614,0.002452,9.99999997475243e-07,0,-0.5,-10.8,-3.9,1.03,0.2,-0.05
9098,45.485,45.485,45.600079,0.001392,0,0,-0.5,-10.7,-3.9,1.03,0.2,-0.05
9099,45.49,45.49,45.605112,0.001425,0,0,-0.5,-10.8,-3.9,1.03,0.19,-0.05
9100,45.495,45.495,45.61111,0.002423,0,0,-0.5,-10.8,-3.6,1.03,0.19,-0.04
9101,45.5,45.5,45.615024,0.001337,0,0,-0.4,-10.8,-3.2,1.03,0.19,-0.04
9102,45.505,45.505,45.620034,0.001346,0,0,-0.3,-10.8,-2.7,1.04,0.19,-0.03
9103,45.51,45.51,45.626073,0.002386,0,0,-0.3,-10.7,-2.7,1.04,0.18,-0.04
9104,45.515,45.515,45.630007,0.00132,0,0,-0.4,-10.8,-3.6,1.03,0.2,-0.05
9105,45.52,45.52,45.63512,0.001434,0,0,-0.5,-10.7,-3.6,1.03,0.2,-0.05
9106,45.525,45.525002,45.640837,0.002149,2.00000000205591e-06,0,-0.4,-10.8,-3,1.04,0.19,-0.04
9107,45.53,45.530002,45.646569,0.002882,2.00000000205591e-06,0,-0.4,-10.8,-3,1.04,0.19,-0.04
9108,45.535,45.535001,45.650187,0.0015,9.99999997475243e-07,0,-0.5,-10.8,-3.2,1.04,0.2,-0.04
9109,45.54,45.54,45.655859,0.002173,0,0,-0.4,-10.8,-3.1,1.04,0.2,-0.04
9110,45.545,45.545,45.66167,0.002983,0,0,-0.3,-10.8,-2.8,1.04,0.18,-0.04
9111,45.55,45.550002,45.665304,0.001616,1.99999999495049e-06,0,-0.3,-10.8,-3.3,1.03,0.19,-0.05
9112,45.555,45.555,45.670168,0.001481,0,0,-0.4,-10.8,-2.7,1.04,0.18,-0.04
9113,45.56,45.56,45.676211,0.002524,0,0,-0.3,-10.8,-2.5,1.04,0.18,-0.04
9114,45.565,45.565,45.680067,0.001379,0,0,-0.2,-10.7,-2.9,1.03,0.18,-0.04
9115,45.57,45.57,45.68522,0.001532,0,0,-0.4,-10.8,-3.2,1.03,0.2,-0.05
9116,45.575,45.575,45.691241,0.002554,0,0,-0.3,-10.8,-3.7,1.03,0.19,-0.05
9117,45.58,45.58,45.695094,0.001406,0,0,-0.2,-10.7,-3,1.04,0.18,-0.04
9118,45.585,45.585,45.70022,0.001532,0,0,-0.2,-10.7,-2.6,1.04,0.18,-0.04
9119,45.59,45.59,45.706168,0.00248,0,0,-0.2,-10.8,-1.9,1.05,0.18,-0.04
9120,45.595,45.595,45.711119,0.002432,0,0,-0.2,-10.7,-2.7,1.04,0.18,-0.04
9121,45.6,45.6,45.715047,0.00136,0,0,-0.2,-10.8,-2.7,1.03,0.18,-0.04
9122,45.605,45.605001,45.720125,0.001437,9.99999997475243e-07,0,-0.3,-10.7,-3.4,1.03,0.19,-0.04
9123,45.61,45.61,45.726084,0.002396,0,0,-0.2,-10.7,-3.6,1.03,0.19,-0.04
9124,45.615,45.615,45.730025,0.001339,0,0,-0.4,-10.7,-3.2,1.03,0.19,-0.04
9125,45.62,45.62,45.735184,0.001497,0,0,-0.4,-10.7,-3.4,1.03,0.2,-0.04
9126,45.625,45.625,45.741163,0.002475,0,0,-0.5,-10.8,-3.3,1.03,0.19,-0.04
9127,45.63,45.63,45.746077,0.002389,0,0,-0.5,-10.8,-3.5,1.03,0.2,-0.04
9128,45.635,45.635,45.750035,0.001348,0,0,-0.3,-10.7,-3.3,1.03,0.19,-0.04
9129,45.64,45.64,45.756101,0.002414,0,0,-0.2,-10.7,-2.9,1.03,0.18,-0.03
9130,45.645,45.645,45.761069,0.002382,0,0,-0.1,-10.7,-3.1,1.04,0.18,-0.04
9131,45.65,45.65,45.765021,0.001334,0,0,-0.1,-10.7,-2.9,1.04,0.17,-0.04
9132,45.655,45.655,45.771075,0.002388,0,0,-0.2,-10.7,-2.8,1.04,0.17,-0.04
9133,45.66,45.660001,45.776141,0.002454,9.99999997475243e-07,0,-0.2,-10.7,-2.6,1.04,0.17,-0.03
9134,45.665,45.665,45.780041,0.001354,0,0,-0.2,-10.7,-2.8,1.04,0.17,-0.04
9135,45.67,45.67,45.785128,0.00144,0,0,-0.2,-10.8,-3.2,1.03,0.18,-0.04
9136,45.675,45.675001,45.791139,0.002451,9.99999997475243e-07,0,-0.2,-10.6,-3.1,1.03,0.18,-0.04
9137,45.68,45.68,45.795055,0.001369,0,0,-0.3,-10.7,-2.3,1.04,0.17,-0.04
9138,45.685,45.685,45.800119,0.001432,0,0,-0.2,-10.7,-2.4,1.04,0.17,-0.04
9139,45.69,45.69,45.806167,0.00248,0,0,-0.2,-10.7,-3.2,1.03,0.18,-0.04
9140,45.695,45.695,45.810083,0.001395,0,0,-0.1,-10.6,-3.1,1.03,0.18,-0.04
9141,45.7,45.7,45.815086,0.001398,0,0,-0.1,-10.7,-2.4,1.03,0.17,-0.03
9142,45.705,45.705,45.821154,0.002468,0,0,-0.2,-10.6,-2.3,1.04,0.17,-0.04
9143,45.71,45.71,45.82509,0.001403,0,0,-0.3,-10.6,-2.6,1.03,0.18,-0.03
9144,45.715,45.715,45.830149,0.001463,0,0,-0.3,-10.6,-2.8,1.03,0.17,-0.04
9145,45.72,45.720002,45.835802,0.002114,2.00000000205591e-06,0,-0.3,-10.6,-3.4,1.03,0.18,-0.04
9146,45.725,45.725003,45.841637,0.002949,2.99999999953116e-06,0,-0.3,-10.7,-3.4,1.03,0.19,-0.04
9147,45.73,45.730003,45.845519,0.00183,2.99999999953116e-06,0,-0.3,-10.7,-3.6,1.03,0.2,-0.04
9148,45.735,45.735001,45.850398,0.001709,9.99999997475243e-07,0,-0.4,-10.8,-2.7,1.04,0.19,-0.04
9149,45.74,45.74,45.856179,0.002491,0,0,-0.4,-10.7,-3.2,1.03,0.19,-0.04
9150,45.745,45.745,45.860124,0.001437,0,0,-0.3,-10.6,-2.6,1.04,0.18,-0.04
9151,45.75,45.75,45.86523,0.001542,0,0,-0.2,-10.7,-2.3,1.05,0.17,-0.04
9152,45.755,45.755,45.871193,0.002507,0,0,-0.3,-10.7,-2.8,1.04,0.18,-0.04
9153,45.76,45.76,45.875202,0.001514,0,0,-0.4,-10.8,-2.5,1.04,0.19,-0.04
9154,45.765,45.765,45.881144,0.002456,0,0,-0.3,-10.8,-2.3,1.04,0.18,-0.04
9155,45.77,45.77,45.885044,0.001358,0,0,-0.4,-10.7,-2.6,1.04,0.19,-0.04
9156,45.775,45.775,45.890155,0.001467,0,0,-0.5,-10.8,-1.9,1.05,0.19,-0.04
9157,45.78,45.78,45.896099,0.002412,0,0,-0.6,-10.9,-2.5,1.04,0.2,-0.04
9158,45.785,45.785001,45.900034,0.001345,9.99999997475243e-07,0,-0.4,-10.7,-3.3,1.03,0.2,-0.04
9159,45.79,45.79,45.905156,0.001469,0,0,-0.6,-10.8,-2.9,1.04,0.2,-0.04
9160,45.795,45.795,45.911083,0.002395,0,0,-0.4,-10.8,-2.2,1.04,0.18,-0.04
9161,45.8,45.800001,45.915041,0.001352,9.99999997475243e-07,0,-0.3,-10.8,-2.6,1.04,0.18,-0.04
9162,45.805,45.805,45.92013,0.001442,0,0,-0.3,-10.7,-2.7,1.04,0.18,-0.04
9163,45.81,45.81,45.926109,0.002421,0,0,-0.3,-10.8,-2.9,1.03,0.18,-0.04
9164,45.815,45.815,45.930038,0.001351,0,0,-0.2,-10.8,-2.6,1.03,0.18,-0.03
9165,45.82,45.82,45.935035,0.001348,0,0,-0.4,-10.8,-2.8,1.03,0.19,-0.04
9166,45.825,45.825,45.941266,0.002579,0,0,-0.5,-10.8,-3.2,1.03,0.2,-0.04
9167,45.83,45.83,45.946202,0.002515,0,0,-0.4,-10.8,-3.4,1.03,0.2,-0.04
9168,45.835,45.835001,45.950153,0.001465,9.99999997475243e-07,0,-0.3,-10.7,-3.2,1.04,0.19,-0.04
9169,45.84,45.84,45.956216,0.002528,0,0,-0.4,-10.8,-3.6,1.03,0.2,-0.05
9170,45.845,45.845,45.961137,0.00245,0,0,-0.4,-10.8,-3.3,1.03,0.19,-0.05
9171,45.85,45.85,45.965052,0.001365,0,0,-0.5,-10.7,-3.2,1.03,0.2,-0.04
9172,45.855,45.855001,45.970825,0.002136,9.99999997475243e-07,0,-0.3,-10.7,-2.7,1.03,0.18,-0.04
9173,45.86,45.860001,45.976216,0.002529,9.99999997475243e-07,0,-0.4,-10.8,-2.3,1.04,0.18,-0.04
9174,45.865,45.865,45.980096,0.001409,0,0,-0.3,-10.8,-2.8,1.03,0.18,-0.04
9175,45.87,45.87,45.986151,0.002464,0,0,-0.4,-10.8,-2.5,1.04,0.18,-0.03
9176,45.875,45.875,45.991105,0.002418,0,0,-0.2,-10.8,-2.3,1.04,0.17,-0.03
9177,45.88,45.88,45.995046,0.001358,0,0,-0.3,-10.9,-2.6,1.04,0.18,-0.03
9178,45.885,45.885,46.000285,0.001598,0,0,-0.1,-10.6,-2.9,1.03,0.18,-0.03
9179,45.89,45.89,46.006258,0.002571,0,0,0,-10.7,-2.5,1.04,0.16,-0.03
9180,45.895,45.895,46.010076,0.00139,0,0,0,-10.6,-2.2,1.04,0.16,-0.03
9181,45.9,45.9,46.015232,0.001545,0,0,-0.2,-10.6,-2.7,1.04,0.17,-0.04
9182,45.905,45.905,46.021249,0.002562,0,0,-0.3,-10.6,-2.7,1.04,0.17,-0.04
9183,45.91,45.910001,46.026122,0.002434,9.99999997475243e-07,0,-0.3,-10.7,-3,1.04,0.19,-0.04
9184,45.915,45.915,46.030071,0.001384,0,0,-0.5,-10.8,-3.1,1.04,0.2,-0.04
9185,45.92,45.92,46.036163,0.002477,0,0,-0.3,-10.7,-2.7,1.04,0.19,-0.04
9186,45.925,45.925001,46.041124,0.002437,9.99999997475243e-07,0,-0.4,-10.8,-2.9,1.04,0.19,-0.04
9187,45.93,45.93,46.045054,0.001367,0,0,-0.2,-10.8,-3.6,1.02,0.19,-0.04
9188,45.935,45.935,46.050292,0.001604,0,0,-0.2,-10.8,-3.7,1.02,0.19,-0.04
9189,45.94,45.94,46.056168,0.002482,0,0,-0.3,-10.8,-3.5,1.03,0.19,-0.04
9190,45.945,45.945,46.060407,0.001722,0,0,-0.3,-10.8,-3.3,1.03,0.19,-0.04
9191,45.95,45.950001,46.065546,0.001858,9.99999997475243e-07,0,-0.4,-10.8,-3.2,1.03,0.19,-0.05
9192,45.955,45.955002,46.071653,0.002966,2.00000000205591e-06,0,-0.6,-10.7,-3.5,1.03,0.2,-0.05
9193,45.96,45.960001,46.076454,0.002765,9.99999997475243e-07,0,-0.5,-10.8,-3.7,1.03,0.19,-0.05
9194,45.965,45.965,46.080075,0.001388,0,0,-0.5,-10.8,-3.9,1.03,0.2,-0.05
9195,45.97,45.97,46.086139,0.002451,0,0,-0.4,-10.7,-3.5,1.03,0.19,-0.04
9196,45.975,45.975,46.091202,0.002515,0,0,-0.4,-10.8,-3.7,1.03,0.19,-0.04
9197,45.98,45.980001,46.095076,0.001387,9.99999997475243e-07,0,-0.3,-10.8,-3.5,1.03,0.19,-0.04
9198,45.985,45.985,46.101109,0.002421,0,0,-0.3,-10.8,-2.7,1.04,0.18,-0.04
9199,45.99,45.99,46.106634,0.002948,0,0,-0.2,-10.8,-3.4,1.03,0.19,-0.04
9200,45.995,45.995,46.110196,0.001508,0,0,-0.3,-10.8,-3.3,1.03,0.19,-0.04
9201,46,46,46.115245,0.001557,0,0,-0.4,-10.8,-3.9,1.03,0.21,-0.05
9202,46.005,46.005,46.121242,0.002554,0,0,-0.4,-10.7,-3.2,1.03,0.19,-0.04
9203,46.01,46.01,46.125067,0.00138,0,0,-0.1,-10.6,-3.1,1.04,0.17,-0.04
9204,46.015,46.015,46.130078,0.001391,0,0,-0.3,-10.6,-3,1.03,0.18,-0.04
9205,46.02,46.02,46.13614,0.002452,0,0,-0.3,-10.7,-3.5,1.04,0.19,-0.05
9206,46.025,46.025,46.141189,0.002501,0,0,-0.2,-10.7,-3.2,1.03,0.19,-0.04
9207,46.03,46.03,46.145096,0.001408,0,0,-0.2,-10.7,-3.3,1.03,0.18,-0.04
9208,46.035,46.035001,46.151204,0.002516,9.99999997475243e-07,0,-0.3,-10.7,-2.6,1.03,0.18,-0.04
9209,46.04,46.04,46.155154,0.001467,0,0,-0.3,-10.7,-3.2,1.03,0.19,-0.04
9210,46.045,46.045,46.16014,0.001454,0,0,-0.4,-10.7,-3.7,1.03,0.2,-0.04
9211,46.05,46.050001,46.166076,0.002388,9.99999997475243e-07,0,-0.4,-10.7,-3.8,1.02,0.2,-0.04
9212,46.055,46.055,46.17113,0.002443,0,0,-0.5,-10.8,-4.2,1.02,0.21,-0.04
9213,46.06,46.06,46.175083,0.001396,0,0,-0.5,-10.9,-3.7,1.03,0.2,-0.04
9214,46.065,46.065,46.180176,0.001488,0,0,-0.5,-10.8,-3.6,1.04,0.2,-0.04
9215,46.07,46.07,46.186078,0.002391,0,0,-0.4,-10.8,-3.3,1.04,0.19,-0.04
9216,46.075,46.075,46.190024,0.001338,0,0,-0.3,-10.7,-3.7,1.03,0.19,-0.04
9217,46.08,46.08,46.195061,0.001373,0,0,-0.3,-10.8,-2.9,1.04,0.18,-0.04
9218,46.085,46.085,46.201026,0.002339,0,0,-0.2,-10.8,-3.1,1.04,0.18,-0.04
9219,46.09,46.09,46.205032,0.001344,0,0,-0.2,-10.8,-3.1,1.03,0.18,-0.04
9220,46.095,46.095,46.210063,0.001375,0,0,-0.1,-10.8,-3.7,1.03,0.18,-0.05
9221,46.1,46.1,46.216033,0.002346,0,0,0,-10.8,-3.3,1.03,0.17,-0.05
9222,46.105,46.105001,46.221063,0.002375,9.99999997475243e-07,0,-0.2,-10.8,-3.3,1.03,0.19,-0.05
9223,46.11,46.11,46.225023,0.001336,0,0,-0.3,-10.7,-3.4,1.03,0.19,-0.04
9224,46.115,46.115,46.230171,0.001483,0,0,-0.4,-10.7,-3.4,1.04,0.19,-0.04
9225,46.12,46.12,46.23613,0.002442,0,0,-0.3,-10.7,-3.3,1.04,0.19,-0.04
9226,46.125,46.125,46.24115,0.002462,0,0,-0.3,-10.7,-3.3,1.03,0.19,-0.04
9227,46.13,46.13,46.245055,0.001367,0,0,-0.4,-10.7,-3.5,1.03,0.2,-0.04
9228,46.135,46.135,46.251251,0.002563,0,0,-0.3,-10.7,-3,1.04,0.18,-0.04
9229,46.14,46.14,46.255085,0.001399,0,0,-0.3,-10.7,-2.5,1.04,0.18,-0.04
9230,46.145,46.145,46.26015,0.001464,0,0,-0.4,-10.7,-2.6,1.04,0.18,-0.04
9231,46.15,46.15,46.266242,0.002555,0,0,-0.3,-10.7,-2.3,1.04,0.17,-0.03
9232,46.155,46.155,46.27126,0.002573,0,0,-0.3,-10.7,-2.5,1.03,0.18,-0.04
9233,46.16,46.160001,46.275173,0.001484,9.99999997475243e-07,0,-0.2,-10.7,-2.6,1.04,0.18,-0.04
9234,46.165,46.165,46.281174,0.002486,0,0,-0.2,-10.7,-2.6,1.04,0.17,-0.04
9235,46.17,46.17,46.285109,0.001422,0,0,-0.2,-10.7,-2.3,1.04,0.18,-0.04
9236,46.175,46.175001,46.290218,0.00153,9.99999997475243e-07,0,-0.2,-10.7,-2.6,1.04,0.17,-0.04
9237,46.18,46.18,46.296133,0.002445,0,0,-0.2,-10.7,-3.2,1.04,0.19,-0.04
9238,46.185,46.185,46.300111,0.001425,0,0,0,-10.6,-3,1.03,0.16,-0.04
9239,46.19,46.19,46.305226,0.001539,0,0,-0.1,-10.6,-3.1,1.03,0.17,-0.04
9240,46.195,46.195,46.311233,0.002546,0,0,0,-10.7,-2.7,1.03,0.16,-0.04
9241,46.2,46.2,46.316215,0.002523,0,0,-0.2,-10.7,-2.6,1.04,0.18,-0.04
9242,46.205,46.205,46.320088,0.001401,0,0,-0.1,-10.7,-2.7,1.04,0.17,-0.04
9243,46.21,46.21,46.326316,0.002628,0,0,-0.1,-10.8,-3.3,1.03,0.18,-0.04
9244,46.215,46.215,46.331141,0.002453,0,0,-0.1,-10.7,-3.8,1.02,0.19,-0.04
9245,46.22,46.22,46.335083,0.001395,0,0,-0.1,-10.7,-3.3,1.03,0.18,-0.04
9246,46.225,46.225,46.341193,0.002507,0,0,-0.3,-10.8,-2.8,1.04,0.19,-0.04
9247,46.23,46.230001,46.346106,0.002418,9.99999997475243e-07,0,-0.2,-10.8,-2.8,1.04,0.18,-0.04
9248,46.235,46.235,46.350072,0.001384,0,0,-0.3,-10.8,-3.7,1.03,0.19,-0.05
9249,46.24,46.24,46.356179,0.002492,0,0,-0.3,-10.7,-3.5,1.03,0.19,-0.05
9250,46.245,46.245,46.360083,0.001395,0,0,-0.2,-10.7,-3.5,1.03,0.19,-0.05
9251,46.25,46.25,46.365137,0.00145,0,0,-0.3,-10.9,-3.4,1.03,0.19,-0.05
9252,46.255,46.255,46.371252,0.002564,0,0,-0.5,-10.9,-3.4,1.04,0.2,-0.04
9253,46.26,46.26,46.376236,0.002549,0,0,-0.4,-10.9,-3.8,1.03,0.2,-0.05
9254,46.265,46.265,46.380112,0.001425,0,0,-0.4,-10.8,-3.4,1.03,0.19,-0.04
9255,46.27,46.27,46.386269,0.002582,0,0,-0.4,-10.8,-3.3,1.03,0.19,-0.05
9256,46.275,46.275,46.391265,0.002578,0,0,-0.4,-10.8,-2.6,1.04,0.18,-0.04
9257,46.28,46.28,46.39521,0.001522,0,0,-0.4,-10.7,-2.8,1.04,0.18,-0.04
9258,46.285,46.285001,46.401175,0.002488,9.99999997475243e-07,0,-0.4,-10.8,-3.1,1.04,0.19,-0.04
9259,46.29,46.290001,46.406173,0.002486,9.99999997475243e-07,0,-0.2,-10.8,-2.8,1.04,0.18,-0.04
9260,46.295,46.295,46.410109,0.001422,0,0,-0.2,-10.7,-2.1,1.04,0.17,-0.03
9261,46.3,46.300002,46.416063,0.002375,1.99999999495049e-06,0,-0.1,-10.7,-2.2,1.04,0.17,-0.03
9262,46.305,46.305001,46.42165,0.002964,9.99999997475243e-07,0,-0.1,-10.7,-2.2,1.04,0.17,-0.03
9263,46.31,46.31,46.425258,0.00157,0,0,-0.2,-10.7,-2.4,1.04,0.18,-0.04
9264,46.315,46.315001,46.431561,0.002873,1.00000000458067e-06,0,-0.3,-10.7,-3.6,1.03,0.2,-0.04
9265,46.32,46.32,46.435368,0.00168,0,0,-0.3,-10.7,-3.8,1.03,0.19,-0.04
9266,46.325,46.325,46.440485,0.001797,0,0,-0.4,-10.7,-3.7,1.03,0.19,-0.04
9267,46.33,46.33,46.446507,0.002819,0,0,-0.3,-10.8,-3.4,1.04,0.19,-0.04
9268,46.335,46.335,46.450305,0.001618,0,0,-0.4,-10.8,-3.3,1.04,0.2,-0.05
9269,46.34,46.340001,46.455878,0.002189,9.99999997475243e-07,0,-0.4,-10.9,-3.3,1.03,0.19,-0.05
9270,46.345,46.345,46.461513,0.002826,0,0,-0.4,-10.7,-3.3,1.04,0.19,-0.04
9271,46.35,46.350001,46.465494,0.001807,9.99999997475243e-07,0,-0.3,-10.7,-3,1.04,0.18,-0.04
9272,46.355,46.355003,46.471391,0.002701,2.99999999953116e-06,0,-0.4,-10.8,-3.7,1.03,0.2,-0.04
9273,46.36,46.360002,46.477107,0.00342,2.00000000205591e-06,0,-0.4,-10.8,-2.6,1.04,0.19,-0.04
9274,46.365,46.365002,46.481297,0.00261,1.99999999495049e-06,0,-0.3,-10.8,-2.7,1.04,0.18,-0.04
9275,46.37,46.370002,46.487019,0.00333,2.00000000205591e-06,0,-0.3,-10.8,-2.9,1.04,0.19,-0.04
9276,46.375,46.375,46.490662,0.001975,0,0,-0.4,-10.8,-2.6,1.04,0.18,-0.04
9277,46.38,46.380002,46.496256,0.002568,1.99999999495049e-06,0,-0.4,-10.8,-3.3,1.03,0.19,-0.04
9278,46.385,46.385,46.501844,0.003158,0,0,-0.2,-10.9,-3.2,1.03,0.18,-0.04
9279,46.39,46.390002,46.505836,0.002149,2.00000000205591e-06,0,-0.3,-10.9,-3.1,1.04,0.18,-0.04
9280,46.395,46.395001,46.511843,0.003156,9.99999997475243e-07,0,-0.3,-10.8,-2.8,1.04,0.18,-0.04
9281,46.4,46.400002,46.515689,0.002001,2.00000000205591e-06,0,-0.3,-10.8,-3.3,1.03,0.19,-0.04
9282,46.405,46.405002,46.52097,0.002281,2.00000000205591e-06,0,-0.3,-10.8,-2.8,1.04,0.18,-0.04
9283,46.41,46.410002,46.52582,0.002132,1.99999999495049e-06,0,-0.3,-10.8,-3.4,1.03,0.2,-0.04
9284,46.415,46.415001,46.530538,0.00185,9.99999997475243e-07,0,-0.5,-10.9,-3.5,1.03,0.2,-0.05
9285,46.42,46.420002,46.535566,0.001877,1.99999999495049e-06,0,-0.5,-10.9,-2.9,1.04,0.2,-0.04
9286,46.425,46.425001,46.541173,0.002484,9.99999997475243e-07,0,-0.3,-10.7,-3.3,1.03,0.19,-0.04
9287,46.43,46.43,46.545086,0.001398,0,0,-0.4,-10.8,-3.6,1.03,0.2,-0.05
9288,46.435,46.435,46.55007,0.001383,0,0,-0.3,-10.8,-3.3,1.03,0.19,-0.04
9289,46.44,46.44,46.556107,0.002419,0,0,-0.4,-10.8,-3.4,1.04,0.19,-0.04
9290,46.445,46.445,46.560027,0.00134,0,0,-0.4,-10.9,-3.4,1.04,0.2,-0.04
9291,46.45,46.45,46.56504,0.001353,0,0,-0.4,-10.8,-3.3,1.04,0.19,-0.04
9292,46.455,46.455,46.571079,0.002391,0,0,-0.2,-10.8,-2.5,1.05,0.18,-0.04
9293,46.46,46.460001,46.576114,0.002426,9.99999997475243e-07,0,-0.2,-10.8,-2.9,1.04,0.18,-0.04
9294,46.465,46.465,46.580066,0.001378,0,0,-0.2,-10.9,-3,1.04,0.19,-0.04
9295,46.47,46.47,46.586104,0.002416,0,0,-0.3,-10.9,-3.8,1.03,0.2,-0.04
9296,46.475,46.475,46.591085,0.002397,0,0,-0.2,-10.7,-3.8,1.03,0.2,-0.04
9297,46.48,46.480001,46.595064,0.001375,9.99999997475243e-07,0,-0.2,-10.7,-3.1,1.03,0.18,-0.04
9298,46.485,46.485,46.601183,0.002495,0,0,-0.2,-10.8,-2.8,1.04,0.18,-0.04
9299,46.49,46.49,46.605071,0.001384,0,0,-0.1,-10.7,-2.8,1.04,0.18,-0.04
9300,46.495,46.495,46.610167,0.001479,0,0,-0.2,-10.8,-2.6,1.04,0.17,-0.04
9301,46.5,46.5,46.61617,0.002483,0,0,-0.2,-10.7,-3.2,1.03,0.18,-0.04
9302,46.505,46.505,46.621161,0.002474,0,0,-0.3,-10.8,-2.9,1.03,0.18,-0.04
9303,46.51,46.51,46.625269,0.001581,0,0,-0.2,-10.8,-2.9,1.03,0.18,-0.04
9304,46.515,46.515,46.631156,0.002468,0,0,-0.2,-10.8,-2.9,1.03,0.17,-0.04
9305,46.52,46.52,46.636141,0.002454,0,0,-0.1,-10.8,-3.1,1.03,0.17,-0.04
9306,46.525,46.525,46.640058,0.001372,0,0,-0.2,-10.9,-2.4,1.04,0.17,-0.04
9307,46.53,46.530002,46.64595,0.002262,2.00000000205591e-06,0,-0.2,-10.8,-2.9,1.03,0.17,-0.04
9308,46.535,46.535001,46.651548,0.002861,9.99999997475243e-07,0,-0.2,-10.8,-3,1.03,0.17,-0.04
9309,46.54,46.54,46.655183,0.001496,0,0,-0.4,-10.8,-3.6,1.03,0.19,-0.05
9310,46.545,46.545,46.661164,0.002476,0,0,-0.3,-10.8,-3.3,1.04,0.19,-0.04
9311,46.55,46.550001,46.665069,0.001381,9.99999997475243e-07,0,-0.4,-10.8,-3.4,1.04,0.2,-0.04
9312,46.555,46.555,46.670101,0.001413,0,0,-0.5,-10.9,-4,1.03,0.21,-0.05
9313,46.56,46.56,46.676264,0.002577,0,0,-0.5,-10.9,-3.7,1.03,0.21,-0.05
9314,46.565,46.565,46.680071,0.001384,0,0,-0.4,-10.8,-3.6,1.03,0.2,-0.05
9315,46.57,46.57,46.685089,0.001403,0,0,-0.4,-10.8,-3.5,1.03,0.2,-0.04
9316,46.575,46.575,46.691196,0.002508,0,0,-0.5,-10.8,-4.1,1.02,0.21,-0.05
9317,46.58,46.58,46.695044,0.001357,0,0,-0.5,-10.8,-4.5,1.02,0.21,-0.05
9318,46.585,46.585,46.700059,0.001372,0,0,-0.3,-10.8,-3.1,1.03,0.19,-0.04
9319,46.59,46.59,46.706064,0.002376,0,0,-0.4,-10.7,-3.2,1.03,0.19,-0.04
9320,46.595,46.595,46.710032,0.001345,0,0,-0.4,-10.7,-3,1.03,0.18,-0.04
9321,46.6,46.6,46.715108,0.001421,0,0,-0.3,-10.6,-2.4,1.04,0.17,-0.04
9322,46.605,46.605001,46.721089,0.002401,9.99999997475243e-07,0,-0.1,-10.6,-2.9,1.03,0.18,-0.04
9323,46.61,46.61,46.725068,0.00138,0,0,-0.3,-10.7,-2.8,1.03,0.18,-0.04
9324,46.615,46.615002,46.730545,0.001858,1.99999999495049e-06,0,-0.2,-10.8,-2.7,1.04,0.18,-0.03
9325,46.62,46.620002,46.735982,0.002294,2.00000000205591e-06,0,-0.2,-10.7,-2.2,1.04,0.16,-0.03
9326,46.625,46.625001,46.741758,0.003071,9.99999997475243e-07,0,-0.2,-10.7,-2.2,1.04,0.17,-0.03
9327,46.63,46.630002,46.745572,0.001885,1.99999999495049e-06,0,-0.3,-10.7,-2.6,1.03,0.18,-0.04
9328,46.635,46.635,46.751167,0.002481,0,0,-0.2,-10.7,-2.8,1.03,0.18,-0.04
9329,46.64,46.64,46.756316,0.002629,0,0,-0.2,-10.8,-3,1.03,0.18,-0.04
9330,46.645,46.645,46.760111,0.001425,0,0,-0.2,-10.8,-3.2,1.03,0.19,-0.04
9331,46.65,46.650001,46.766081,0.002393,1.00000000458067e-06,0,-0.2,-10.7,-2.9,1.03,0.18,-0.04
9332,46.655,46.655,46.771071,0.002384,0,0,-0.2,-10.7,-3.2,1.03,0.18,-0.04
9333,46.66,46.660001,46.775041,0.001353,9.99999997475243e-07,0,-0.3,-10.8,-2.9,1.03,0.19,-0.04
9334,46.665,46.665,46.780379,0.001692,0,0,-0.5,-10.9,-3.3,1.03,0.2,-0.04
9335,46.67,46.67,46.786103,0.002416,0,0,-0.4,-10.8,-3.3,1.03,0.19,-0.04
9336,46.675,46.675001,46.790087,0.001398,9.99999997475243e-07,0,-0.4,-10.8,-3.1,1.03,0.19,-0.04
9337,46.68,46.68,46.795095,0.001407,0,0,-0.3,-10.8,-3.1,1.03,0.19,-0.04
9338,46.685,46.685,46.801058,0.002371,0,0,-0.3,-10.8,-3.2,1.02,0.19,-0.04
9339,46.69,46.69,46.805094,0.001407,0,0,-0.3,-10.8,-3.3,1.03,0.19,-0.04
9340,46.695,46.695,46.81019,0.001502,0,0,-0.4,-10.8,-3.3,1.03,0.2,-0.04
9341,46.7,46.7,46.816054,0.002366,0,0,-0.3,-10.8,-3.5,1.03,0.19,-0.04
9342,46.705,46.705,46.821056,0.002369,0,0,-0.3,-10.8,-2.9,1.04,0.18,-0.04
9343,46.71,46.71,46.825082,0.001395,0,0,-0.2,-10.8,-2.8,1.04,0.18,-0.04
9344,46.715,46.715001,46.830709,0.002021,9.99999997475243e-07,0,-0.3,-10.8,-2.6,1.04,0.18,-0.04
9345,46.72,46.720002,46.835559,0.00187,2.00000000205591e-06,0,-0.4,-10.7,-3.3,1.04,0.19,-0.05
9346,46.725,46.725001,46.841606,0.002919,9.99999997475243e-07,0,-0.4,-10.8,-4.1,1.03,0.2,-0.05
9347,46.73,46.730003,46.845543,0.001853,2.99999999953116e-06,0,-0.3,-10.8,-3.9,1.03,0.19,-0.04
9348,46.735,46.735001,46.850768,0.002082,9.99999997475243e-07,0,-0.3,-10.8,-3.8,1.04,0.2,-0.05
9349,46.74,46.740001,46.856669,0.002982,9.99999997475243e-07,0,-0.2,-10.8,-3.1,1.04,0.18,-0.04
9350,46.745,46.745001,46.860527,0.001841,1.00000000458067e-06,0,-0.1,-10.7,-2.8,1.04,0.17,-0.04
9351,46.75,46.750001,46.866134,0.002447,9.99999997475243e-07,0,-0.3,-10.7,-3.3,1.03,0.18,-0.04
9352,46.755,46.755002,46.871795,0.003107,1.99999999495049e-06,0,-0.3,-10.7,-4.1,1.02,0.19,-0.04
9353,46.76,46.760001,46.875607,0.00192,1.00000000458067e-06,0,-0.2,-10.7,-3.7,1.02,0.19,-0.04
9354,46.765,46.765002,46.880588,0.0019,2.00000000205591e-06,0,-0.1,-10.7,-2.9,1.03,0.17,-0.04
9355,46.77,46.770002,46.886573,0.002884,1.99999999495049e-06,0,-0.3,-10.8,-3.1,1.04,0.19,-0.04
9356,46.775,46.775002,46.891625,0.002936,2.00000000205591e-06,0,-0.4,-10.8,-3.7,1.03,0.19,-0.04
9357,46.78,46.780001,46.89529,0.001601,9.99999997475243e-07,0,-0.4,-10.9,-3.2,1.03,0.19,-0.04
9358,46.785,46.785002,46.901089,0.002399,1.99999999495049e-06,0,-0.3,-10.8,-3.3,1.03,0.19,-0.05
9359,46.79,46.79,46.905078,0.00139,0,0,-0.3,-10.9,-3.1,1.04,0.19,-0.05
9360,46.795,46.795,46.910511,0.001824,0,0,-0.2,-10.8,-3,1.04,0.18,-0.05
9361,46.8,46.800001,46.916121,0.002433,9.99999997475243e-07,0,-0.2,-10.8,-3.1,1.03,0.18,-0.04
9362,46.805,46.805,46.920086,0.001399,0,0,-0.1,-10.7,-3.2,1.03,0.18,-0.04
9363,46.81,46.81,46.925118,0.00143,0,0,-0.2,-10.7,-3.5,1.03,0.19,-0.04
9364,46.815,46.815,46.931191,0.002504,0,0,-0.2,-10.8,-3.2,1.03,0.18,-0.04
9365,46.82,46.82,46.93509,0.001403,0,0,-0.2,-10.8,-3.3,1.03,0.18,-0.04
9366,46.825,46.825001,46.940041,0.001353,9.99999997475243e-07,0,-0.2,-10.8,-3.5,1.03,0.19,-0.05
9367,46.83,46.830001,46.945329,0.001641,1.00000000458067e-06,0,-0.4,-10.7,-3.8,1.04,0.18,-0.05
9368,46.835,46.835,46.951158,0.00247,0,0,-0.3,-10.7,-3.4,1.04,0.19,-0.05
9369,46.84,46.84,46.955097,0.00141,0,0,-0.4,-10.8,-3.3,1.04,0.19,-0.04
9370,46.845,46.845,46.960289,0.001601,0,0,-0.4,-10.7,-3.2,1.03,0.19,-0.04
9371,46.85,46.85,46.966116,0.002429,0,0,-0.3,-10.7,-3.4,1.03,0.18,-0.04
9372,46.855,46.855001,46.970097,0.001409,9.99999997475243e-07,0,-0.4,-10.8,-3.7,1.03,0.2,-0.04
9373,46.86,46.86,46.975136,0.001448,0,0,-0.4,-10.7,-3.7,1.03,0.19,-0.05
9374,46.865,46.865,46.981044,0.002356,0,0,-0.3,-10.7,-3.4,1.03,0.19,-0.04
9375,46.87,46.87,46.985091,0.001404,0,0,-0.2,-10.8,-2.4,1.05,0.17,-0.04
9376,46.875,46.875,46.990242,0.001555,0,0,-0.2,-10.8,-3,1.04,0.18,-0.04
9377,46.88,46.88,46.996081,0.002394,0,0,-0.3,-10.8,-3.2,1.04,0.18,-0.04
9378,46.885,46.885,47.001173,0.002486,0,0,-0.3,-10.7,-3.1,1.04,0.18,-0.04
9379,46.89,46.89,47.005158,0.001471,0,0,-0.4,-10.8,-3.2,1.04,0.19,-0.04
9380,46.895,46.895,47.011065,0.002377,0,0,-0.4,-10.8,-2.9,1.04,0.19,-0.05
9381,46.9,46.900001,47.016627,0.002939,1.00000000458067e-06,0,-0.5,-10.8,-3.4,1.03,0.2,-0.04
9382,46.905,46.905,47.020549,0.001862,0,0,-0.4,-10.8,-2.8,1.03,0.19,-0.04
9383,46.91,46.910004,47.025535,0.001844,3.9999999970064e-06,0,-0.4,-10.8,-3.2,1.03,0.19,-0.04
9384,46.915,46.915,47.031372,0.002685,0,0,-0.3,-10.8,-3.4,1.04,0.19,-0.04
9385,46.92,46.92,47.035457,0.00177,0,0,-0.2,-10.8,-3,1.03,0.18,-0.04
9386,46.925,46.925002,47.040785,0.002096,1.99999999495049e-06,0,-0.2,-10.8,-2.3,1.04,0.17,-0.04
9387,46.93,46.930001,47.046227,0.00254,9.99999997475243e-07,0,-0.1,-10.7,-2.5,1.04,0.17,-0.04
9388,46.935,46.935,47.050041,0.001354,0,0,-0.1,-10.7,-3.2,1.03,0.18,-0.04
9389,46.94,46.94,47.056112,0.002425,0,0,-0.1,-10.8,-3.3,1.03,0.19,-0.04
9390,46.945,46.945,47.061071,0.002384,0,0,-0.1,-10.7,-3.1,1.03,0.19,-0.04
9391,46.95,46.95,47.065031,0.001344,0,0,0,-10.7,-2.6,1.03,0.17,-0.04
9392,46.955,46.955,47.071125,0.002437,0,0,-0.1,-10.8,-3.4,1.02,0.18,-0.04
9393,46.96,46.96,47.076068,0.002381,0,0,-0.1,-10.8,-3.4,1.03,0.18,-0.04
9394,46.965,46.965,47.08006,0.001372,0,0,-0.1,-10.8,-3.3,1.03,0.18,-0.04
9395,46.97,46.97,47.085209,0.001523,0,0,-0.2,-10.8,-2.4,1.04,0.18,-0.04
9396,46.975,46.975,47.091216,0.002529,0,0,-0.2,-10.8,-2.7,1.03,0.18,-0.04
9397,46.98,46.980001,47.095069,0.00138,9.99999997475243e-07,0,-0.1,-10.7,-2.8,1.04,0.18,-0.04
9398,46.985,46.985,47.100032,0.001345,0,0,-0.1,-10.8,-2.4,1.04,0.17,-0.04
9399,46.99,46.99,47.10613,0.002443,0,0,-0.3,-10.8,-3.3,1.03,0.19,-0.04
9400,46.995,46.995,47.110031,0.001343,0,0,-0.1,-10.8,-3.1,1.03,0.18,-0.04
9401,47,47,47.115051,0.001364,0,0,-0.1,-10.9,-3.3,1.03,0.18,-0.04
9402,47.005,47.005,47.121264,0.002578,0,0,-0.2,-10.9,-2.5,1.03,0.17,-0.04
9403,47.01,47.01,47.126112,0.002424,0,0,-0.2,-10.8,-2.9,1.03,0.18,-0.04
9404,47.015,47.015,47.130043,0.001356,0,0,-0.4,-10.8,-3.6,1.03,0.2,-0.04
9405,47.02,47.02,47.135123,0.001436,0,0,-0.3,-10.8,-2.7,1.04,0.18,-0.04
9406,47.025,47.025,47.140242,0.001554,0,0,-0.4,-10.8,-3.6,1.03,0.2,-0.05
9407,47.03,47.03,47.146111,0.002424,0,0,-0.4,-10.8,-3.3,1.03,0.19,-0.04
9408,47.035,47.035001,47.150106,0.001418,9.99999997475243e-07,0,-0.4,-10.9,-3.9,1.03,0.2,-0.05
9409,47.04,47.04,47.155358,0.00167,0,0,-0.3,-10.8,-3.2,1.03,0.19,-0.04
9410,47.045,47.045,47.161118,0.002431,0,0,-0.3,-10.7,-3,1.03,0.18,-0.04
9411,47.05,47.050001,47.165089,0.001401,9.99999997475243e-07,0,-0.3,-10.9,-3,1.03,0.19,-0.04
9412,47.055,47.055001,47.170393,0.001706,9.99999997475243e-07,0,-0.3,-10.9,-3,1.03,0.19,-0.04
9413,47.06,47.060001,47.176231,0.002543,9.99999997475243e-07,0,-0.4,-10.9,-2.9,1.04,0.19,-0.04
9414,47.065,47.065,47.180028,0.00134,0,0,-0.4,-10.8,-3.7,1.03,0.2,-0.05
9415,47.07,47.07,47.18512,0.001433,0,0,-0.5,-10.8,-3.4,1.04,0.19,-0.05
9416,47.075,47.075001,47.190907,0.00222,9.99999997475243e-07,0,-0.3,-10.7,-2.8,1.04,0.18,-0.04
9417,47.08,47.080003,47.196636,0.002947,2.99999999953116e-06,0,-0.4,-10.7,-3.1,1.04,0.19,-0.04
9418,47.085,47.085002,47.200438,0.00175,2.00000000205591e-06,0,-0.4,-10.7,-2.9,1.04,0.19,-0.04
9419,47.09,47.09,47.20621,0.002523,0,0,-0.5,-10.7,-3.2,1.04,0.19,-0.04
9420,47.095,47.095,47.210223,0.001537,0,0,-0.5,-10.7,-2.9,1.04,0.19,-0.04
9421,47.1,47.100001,47.215581,0.001897,9.99999997475243e-07,0,-0.3,-10.8,-2.5,1.04,0.19,-0.04
9422,47.105,47.105001,47.221363,0.002674,9.99999997475243e-07,0,-0.5,-10.8,-2.5,1.04,0.19,-0.04
9423,47.11,47.11,47.225106,0.001419,0,0,-0.4,-10.7,-3,1.04,0.19,-0.04
9424,47.115,47.115,47.23113,0.002442,0,0,-0.2,-10.7,-3.4,1.04,0.19,-0.05
9425,47.12,47.12,47.236046,0.002359,0,0,-0.2,-10.7,-3.3,1.04,0.19,-0.05
9426,47.125,47.125,47.240065,0.001378,0,0,-0.1,-10.7,-2.2,1.04,0.17,-0.04
9427,47.13,47.13,47.245098,0.00141,0,0,-0.3,-10.7,-2.8,1.03,0.18,-0.04
9428,47.135,47.135,47.251109,0.002422,0,0,-0.4,-10.7,-3.2,1.03,0.19,-0.04
9429,47.14,47.14,47.255119,0.001432,0,0,-0.3,-10.8,-3.1,1.03,0.19,-0.04
9430,47.145,47.145,47.260114,0.001426,0,0,-0.5,-10.7,-3.6,1.03,0.2,-0.05
9431,47.15,47.15,47.266131,0.002444,0,0,-0.5,-10.9,-3.2,1.04,0.2,-0.04
9432,47.155,47.155,47.270042,0.001355,0,0,-0.4,-10.8,-3.5,1.04,0.19,-0.05
9433,47.16,47.160001,47.275108,0.00142,9.99999997475243e-07,0,-0.3,-10.7,-3,1.04,0.18,-0.04
9434,47.165,47.165,47.281114,0.002427,0,0,-0.2,-10.7,-2.9,1.04,0.17,-0.04
9435,47.17,47.17,47.286051,0.002364,0,0,-0.1,-10.7,-2.6,1.04,0.16,-0.04
9436,47.175,47.175001,47.290065,0.001377,9.99999997475243e-07,0,-0.1,-10.8,-2.4,1.04,0.17,-0.04
9437,47.18,47.18,47.296136,0.002448,0,0,0,-10.8,-2.7,1.04,0.17,-0.04
9438,47.185,47.185,47.301047,0.00236,0,0,0,-10.7,-2.5,1.04,0.17,-0.04
9439,47.19,47.19,47.305012,0.001325,0,0,-0.3,-10.8,-2.6,1.04,0.18,-0.04
9440,47.195,47.195,47.31111,0.002423,0,0,-0.2,-10.8,-2.9,1.04,0.18,-0.04
9441,47.2,47.2,47.316068,0.002382,0,0,-0.3,-10.9,-2.8,1.04,0.18,-0.04
9442,47.205,47.205,47.320017,0.00133,0,0,-0.4,-10.8,-3.4,1.04,0.19,-0.05
9443,47.21,47.21,47.325348,0.00166,0,0,-0.3,-10.8,-3,1.04,0.19,-0.04
9444,47.215,47.215,47.331121,0.002435,0,0,-0.3,-10.8,-3,1.04,0.19,-0.04
9445,47.22,47.22,47.335012,0.001325,0,0,-0.4,-10.8,-3.5,1.03,0.2,-0.05
9446,47.225,47.225,47.340449,0.001761,0,0,-0.5,-10.9,-3.5,1.04,0.2,-0.05
9447,47.23,47.230001,47.346124,0.002435,9.99999997475243e-07,0,-0.4,-10.8,-3.3,1.03,0.19,-0.04
9448,47.235,47.235,47.350202,0.001516,0,0,-0.3,-10.7,-2.6,1.04,0.18,-0.04
9449,47.24,47.24,47.355292,0.001605,0,0,-0.2,-10.7,-2.8,1.03,0.18,-0.04
9450,47.245,47.245,47.361066,0.002379,0,0,0,-10.7,-2.5,1.04,0.17,-0.04
9451,47.25,47.25,47.365016,0.001329,0,0,-0.1,-10.6,-3.5,1.02,0.18,-0.04
9452,47.255,47.255,47.370233,0.001546,0,0,-0.3,-10.7,-3.3,1.03,0.19,-0.04
9453,47.26,47.26,47.376052,0.002364,0,0,-0.5,-10.9,-3.6,1.04,0.2,-0.05
9454,47.265,47.265,47.380112,0.001425,0,0,-0.5,-10.8,-2.9,1.04,0.19,-0.04
9455,47.27,47.27,47.385062,0.001375,0,0,-0.4,-10.8,-3.1,1.03,0.19,-0.04
9456,47.275,47.275,47.39108,0.002392,0,0,-0.3,-10.8,-2.3,1.04,0.18,-0.04
9457,47.28,47.28,47.396125,0.002438,0,0,-0.4,-10.8,-2.9,1.03,0.19,-0.04
9458,47.285,47.285001,47.400041,0.001352,9.99999997475243e-07,0,-0.4,-10.8,-2.8,1.04,0.18,-0.04
9459,47.29,47.29,47.406049,0.002362,0,0,-0.4,-10.8,-3.1,1.04,0.19,-0.04
9460,47.295,47.295,47.411084,0.002396,0,0,-0.2,-10.7,-3.1,1.03,0.18,-0.05
9461,47.3,47.300001,47.416252,0.002564,9.99999997475243e-07,0,-0.2,-10.7,-3.3,1.03,0.18,-0.04
9462,47.305,47.305,47.421181,0.002494,0,0,-0.2,-10.7,-2.9,1.03,0.18,-0.04
9463,47.31,47.31,47.425073,0.001386,0,0,-0.2,-10.7,-2.7,1.04,0.18,-0.04
9464,47.315,47.315,47.430159,0.001471,0,0,-0.3,-10.7,-2.6,1.04,0.17,-0.04
9465,47.32,47.32,47.436094,0.002407,0,0,-0.4,-10.8,-2.8,1.04,0.18,-0.05
9466,47.325,47.325,47.440057,0.001369,0,0,-0.3,-10.8,-2.5,1.04,0.18,-0.04
9467,47.33,47.33,47.445038,0.00135,0,0,-0.2,-10.9,-2.9,1.04,0.18,-0.04
9468,47.335,47.335,47.451225,0.002539,0,0,-0.2,-10.9,-3.8,1.03,0.2,-0.05
9469,47.34,47.34,47.456099,0.002411,0,0,-0.1,-10.8,-3.5,1.03,0.19,-0.05
9470,47.345,47.345,47.460051,0.001364,0,0,-0.3,-10.8,-3.8,1.03,0.19,-0.05
9471,47.35,47.35,47.466134,0.002448,0,0,-0.4,-10.8,-3.9,1.03,0.2,-0.04
9472,47.355,47.355001,47.471095,0.002407,9.99999997475243e-07,0,-0.4,-10.8,-3.4,1.04,0.2,-0.04
9473,47.36,47.36,47.475041,0.001355,0,0,-0.3,-10.7,-2.7,1.04,0.18,-0.04
9474,47.365,47.365,47.480123,0.001436,0,0,-0.2,-10.8,-2.7,1.04,0.18,-0.04
9475,47.37,47.37,47.486189,0.0025,0,0,-0.4,-10.8,-2.7,1.03,0.19,-0.03
9476,47.375,47.375,47.490098,0.001411,0,0,-0.3,-10.7,-2.8,1.03,0.18,-0.04
9477,47.38,47.38,47.495054,0.001367,0,0,-0.4,-10.8,-3.2,1.04,0.19,-0.04
9478,47.385,47.385,47.501112,0.002425,0,0,-0.3,-10.7,-3.9,1.03,0.19,-0.04
9479,47.39,47.39,47.506099,0.002412,0,0,-0.3,-10.7,-3.6,1.03,0.18,-0.04
9480,47.395,47.395,47.510182,0.001494,0,0,-0.4,-10.7,-4,1.03,0.2,-0.04
9481,47.4,47.4,47.516093,0.002406,0,0,-0.3,-10.6,-3.3,1.03,0.19,-0.04
9482,47.405,47.405,47.521155,0.002468,0,0,-0.2,-10.7,-2.9,1.04,0.18,-0.04
9483,47.41,47.410001,47.525088,0.0014,9.99999997475243e-07,0,-0.3,-10.7,-2.8,1.04,0.19,-0.04
9484,47.415,47.415,47.530284,0.001596,0,0,-0.3,-10.6,-3.1,1.03,0.19,-0.04
9485,47.42,47.42,47.536129,0.002442,0,0,-0.5,-10.6,-3.1,1.04,0.2,-0.04
9486,47.425,47.425001,47.540048,0.00136,9.99999997475243e-07,0,-0.4,-10.7,-3,1.04,0.19,-0.04
9487,47.43,47.43,47.545039,0.001352,0,0,-0.3,-10.6,-2.3,1.04,0.17,-0.04
9488,47.435,47.435,47.551036,0.002349,0,0,-0.3,-10.6,-2.2,1.04,0.17,-0.04
9489,47.44,47.44,47.556174,0.002487,0,0,-0.2,-10.5,-2.4,1.04,0.17,-0.04
9490,47.445,47.445,47.560084,0.001397,0,0,-0.2,-10.5,-2.5,1.04,0.17,-0.04
9491,47.45,47.45,47.565219,0.001531,0,0,-0.3,-10.7,-2.8,1.04,0.18,-0.04
9492,47.455,47.455,47.571062,0.002375,0,0,-0.3,-10.7,-2.7,1.04,0.18,-0.04
9493,47.46,47.46,47.575081,0.001394,0,0,-0.3,-10.7,-3,1.03,0.18,-0.04
9494,47.465,47.465,47.580144,0.001458,0,0,-0.2,-10.7,-2.6,1.04,0.17,-0.04
9495,47.47,47.47,47.586043,0.002356,0,0,-0.2,-10.7,-3.4,1.03,0.19,-0.04
9496,47.475,47.475,47.590054,0.001366,0,0,-0.3,-10.7,-3.1,1.03,0.19,-0.04
9497,47.48,47.480001,47.595068,0.001379,9.99999997475243e-07,0,-0.2,-10.7,-2.8,1.03,0.19,-0.04
9498,47.485,47.485,47.601113,0.002426,0,0,-0.2,-10.8,-3,1.03,0.19,-0.04
9499,47.49,47.49,47.606106,0.002419,0,0,-0.2,-10.8,-2.9,1.03,0.19,-0.04
9500,47.495,47.495,47.610029,0.001342,0,0,-0.3,-10.8,-3.1,1.03,0.19,-0.04
9501,47.5,47.5,47.616095,0.002408,0,0,-0.4,-10.7,-2.9,1.03,0.19,-0.04
9502,47.505,47.505,47.621145,0.002459,0,0,-0.4,-10.7,-2.6,1.04,0.19,-0.04
9503,47.51,47.51,47.625119,0.001431,0,0,-0.2,-10.7,-2.4,1.04,0.18,-0.04
9504,47.515,47.515002,47.630605,0.001917,2.00000000205591e-06,0,-0.2,-10.8,-2.7,1.04,0.18,-0.04
9505,47.52,47.52,47.636106,0.002419,0,0,-0.1,-10.7,-2.4,1.04,0.17,-0.03
9506,47.525,47.525,47.640112,0.001424,0,0,-0.2,-10.7,-2.7,1.04,0.17,-0.04
9507,47.53,47.530001,47.645362,0.001679,9.99999997475243e-07,0,-0.3,-10.7,-2.7,1.04,0.18,-0.04
9508,47.535,47.535001,47.651188,0.002499,9.99999997475243e-07,0,-0.4,-10.8,-2.9,1.04,0.19,-0.04
9509,47.54,47.54,47.655062,0.001376,0,0,-0.5,-10.7,-3.2,1.03,0.2,-0.04
9510,47.545,47.545,47.660109,0.001422,0,0,-0.5,-10.8,-3.2,1.04,0.2,-0.04
9511,47.55,47.550001,47.66613,0.002441,9.99999997475243e-07,0,-0.4,-10.8,-3.3,1.03,0.2,-0.04
9512,47.555,47.555,47.671128,0.002441,0,0,-0.4,-10.7,-3,1.03,0.19,-0.04
9513,47.56,47.56,47.675298,0.00161,0,0,-0.2,-10.8,-3.4,1.03,0.19,-0.04
9514,47.565,47.565,47.680116,0.001429,0,0,-0.2,-10.7,-3.7,1.03,0.19,-0.05
9515,47.57,47.57,47.686105,0.002418,0,0,-0.3,-10.7,-3.1,1.03,0.19,-0.04
9516,47.575,47.575,47.691202,0.002514,0,0,-0.4,-10.9,-4.2,1.02,0.21,-0.04
9517,47.58,47.58,47.69507,0.001384,0,0,-0.2,-10.8,-3.6,1.03,0.2,-0.04
9518,47.585,47.585,47.70108,0.002394,0,0,-0.3,-10.8,-3.3,1.03,0.2,-0.04
9519,47.59,47.59,47.706127,0.00244,0,0,-0.4,-10.8,-3.5,1.03,0.21,-0.04
9520,47.595,47.595,47.710213,0.001527,0,0,-0.5,-10.8,-3.2,1.03,0.2,-0.04
9521,47.6,47.6,47.71605,0.002364,0,0,-0.4,-10.8,-2.5,1.04,0.19,-0.04
9522,47.605,47.605001,47.721075,0.002387,9.99999997475243e-07,0,-0.2,-10.7,-2.2,1.04,0.17,-0.04
9523,47.61,47.61,47.725102,0.001415,0,0,-0.5,-10.8,-3.6,1.03,0.2,-0.04
9524,47.615,47.615,47.730677,0.00199,0,0,-0.4,-10.8,-3.5,1.03,0.2,-0.04
9525,47.62,47.62,47.73612,0.002433,0,0,-0.3,-10.9,-3,1.04,0.19,-0.04
9526,47.625,47.625,47.740133,0.001447,0,0,-0.4,-10.8,-3.5,1.04,0.2,-0.04
9527,47.63,47.630001,47.74538,0.001692,9.99999997475243e-07,0,-0.4,-10.8,-3.5,1.03,0.2,-0.04
9528,47.635,47.635,47.751198,0.002511,0,0,-0.3,-10.7,-3.3,1.04,0.19,-0.04
9529,47.64,47.64,47.755209,0.001522,0,0,-0.5,-10.8,-3.3,1.04,0.2,-0.04
9530,47.645,47.645,47.760086,0.001399,0,0,-0.4,-10.8,-3.2,1.03,0.2,-0.04
9531,47.65,47.65,47.766062,0.002375,0,0,-0.4,-10.8,-3.5,1.03,0.2,-0.04
9532,47.655,47.655,47.770053,0.001365,0,0,-0.3,-10.7,-3.2,1.03,0.19,-0.04
9533,47.66,47.660001,47.775122,0.001434,9.99999997475243e-07,0,-0.3,-10.7,-2.9,1.04,0.19,-0.04
9534,47.665,47.665,47.781057,0.002369,0,0,-0.4,-10.8,-2.8,1.04,0.2,-0.04
9535,47.67,47.67,47.785045,0.001358,0,0,-0.4,-10.8,-3,1.04,0.2,-0.04
9536,47.675,47.675001,47.79019,0.001502,9.99999997475243e-07,0,-0.4,-10.7,-3.2,1.04,0.19,-0.04
9537,47.68,47.68,47.79615,0.002463,0,0,-0.4,-10.8,-3.4,1.03,0.19,-0.04
9538,47.685,47.685,47.80002,0.001333,0,0,-0.3,-10.7,-2.6,1.04,0.19,-0.03
9539,47.69,47.69,47.805079,0.001391,0,0,-0.3,-10.7,-2.1,1.04,0.18,-0.03
9540,47.695,47.695,47.811046,0.002359,0,0,-0.3,-10.7,-2.4,1.04,0.17,-0.04
9541,47.7,47.7,47.816191,0.002503,0,0,-0.5,-10.7,-2.7,1.04,0.19,-0.04
9542,47.705,47.705,47.82005,0.001363,0,0,-0.3,-10.7,-2.4,1.04,0.18,-0.03
9543,47.71,47.71,47.826245,0.002558,0,0,-0.4,-10.7,-2.8,1.03,0.19,-0.04
9544,47.715,47.715,47.830091,0.001403,0,0,-0.3,-10.7,-3,1.03,0.19,-0.04
9545,47.72,47.72,47.83507,0.001382,0,0,-0.4,-10.7,-3.4,1.03,0.2,-0.04
9546,47.725,47.725,47.841132,0.002444,0,0,-0.4,-10.7,-3.4,1.03,0.2,-0.04
9547,47.73,47.730001,47.846047,0.002359,9.99999997475243e-07,0,-0.5,-10.7,-3.6,1.04,0.2,-0.04
9548,47.735,47.735,47.850035,0.001348,0,0,-0.5,-10.7,-3.8,1.03,0.21,-0.04
9549,47.74,47.74,47.855431,0.001744,0,0,-0.6,-10.7,-3.9,1.03,0.21,-0.05
9550,47.745,47.745,47.861085,0.002398,0,0,-0.5,-10.8,-3.9,1.03,0.21,-0.05
9551,47.75,47.75,47.86502,0.001334,0,0,-0.4,-10.8,-2.9,1.04,0.19,-0.04
9552,47.755,47.755,47.870193,0.001506,0,0,-0.6,-10.8,-2.8,1.04,0.19,-0.04
9553,47.76,47.76,47.876125,0.002438,0,0,-0.4,-10.7,-2.6,1.04,0.19,-0.03
9554,47.765,47.765,47.88002,0.001333,0,0,-0.3,-10.8,-3,1.04,0.19,-0.04
9555,47.77,47.77,47.885029,0.001342,0,0,-0.3,-10.7,-3.1,1.03,0.19,-0.04
9556,47.775,47.775,47.891161,0.002473,0,0,-0.3,-10.8,-3.1,1.03,0.2,-0.04
9557,47.78,47.78,47.895033,0.001346,0,0,-0.2,-10.8,-2.4,1.03,0.18,-0.03
9558,47.785,47.785001,47.900047,0.001359,9.99999997475243e-07,0,-0.1,-10.8,-2.1,1.04,0.17,-0.03
9559,47.79,47.79,47.9062,0.002512,0,0,-0.2,-10.7,-2.7,1.03,0.18,-0.04
9560,47.795,47.795,47.91104,0.002352,0,0,-0.2,-10.8,-2.8,1.03,0.18,-0.03
9561,47.8,47.800001,47.915009,0.001321,9.99999997475243e-07,0,-0.1,-10.8,-2.2,1.04,0.17,-0.03
9562,47.805,47.805,47.921119,0.002431,0,0,-0.1,-10.8,-2.3,1.04,0.18,-0.03
9563,47.81,47.81,47.92615,0.002463,0,0,-0.2,-10.8,-2.3,1.04,0.17,-0.03
9564,47.815,47.815,47.930035,0.001347,0,0,-0.2,-10.7,-2.9,1.03,0.18,-0.04
9565,47.82,47.82,47.935002,0.001315,0,0,-0.1,-10.7,-2.8,1.04,0.17,-0.04
9566,47.825,47.825,47.941084,0.002397,0,0,-0.2,-10.7,-2.5,1.04,0.17,-0.04
9567,47.83,47.83,47.94502,0.001333,0,0,-0.2,-10.7,-2.4,1.04,0.17,-0.04
9568,47.835,47.835,47.950015,0.001327,0,0,0,-10.7,-2.4,1.03,0.16,-0.03
9569,47.84,47.840001,47.9559,0.002213,9.99999997475243e-07,0,-0.1,-10.8,-2.3,1.03,0.17,-0.03
9570,47.845,47.845,47.961125,0.002439,0,0,-0.1,-10.8,-2.4,1.03,0.17,-0.03
9571,47.85,47.85,47.965051,0.001364,0,0,-0.1,-10.8,-3,1.03,0.18,-0.04
9572,47.855,47.855001,47.971322,0.002634,9.99999997475243e-07,0,-0.2,-10.8,-2.4,1.04,0.18,-0.04
9573,47.86,47.860001,47.976128,0.00244,9.99999997475243e-07,0,-0.2,-10.8,-2.7,1.04,0.18,-0.04
9574,47.865,47.865,47.980103,0.001416,0,0,-0.3,-10.7,-3,1.03,0.19,-0.04
9575,47.87,47.870001,47.98524,0.001553,9.99999997475243e-07,0,-0.4,-10.7,-3.1,1.04,0.19,-0.04
9576,47.875,47.875,47.991253,0.002567,0,0,-0.4,-10.6,-3.1,1.04,0.19,-0.04
9577,47.88,47.88,47.995065,0.001379,0,0,-0.3,-10.7,-2.7,1.04,0.18,-0.03
9578,47.885,47.885,48.00018,0.001492,0,0,-0.4,-10.6,-2.4,1.05,0.18,-0.03
9579,47.89,47.89,48.006187,0.0025,0,0,-0.4,-10.7,-2.4,1.05,0.18,-0.03
9580,47.895,47.895,48.010065,0.001379,0,0,-0.3,-10.8,-2.8,1.04,0.19,-0.04
9581,47.9,47.9,48.015177,0.00149,0,0,-0.4,-10.8,-2.9,1.04,0.19,-0.03
9582,47.905,47.905,48.02119,0.002502,0,0,-0.4,-10.8,-3.6,1.03,0.21,-0.04
9583,47.91,47.910001,48.025081,0.001393,9.99999997475243e-07,0,-0.3,-10.7,-3.6,1.03,0.21,-0.04
9584,47.915,47.915,48.0303,0.001612,0,0,-0.3,-10.8,-3.4,1.03,0.21,-0.04
9585,47.92,47.92,48.036399,0.002712,0,0,-0.4,-10.7,-3.7,1.04,0.21,-0.04
9586,47.925,47.925001,48.04134,0.002651,9.99999997475243e-07,0,-0.3,-10.7,-3.7,1.03,0.21,-0.04
9587,47.93,47.93,48.045095,0.001408,0,0,-0.4,-10.7,-3.4,1.03,0.2,-0.04
9588,47.935,47.935,48.051052,0.002365,0,0,-0.5,-10.8,-3.2,1.04,0.2,-0.04
9589,47.94,47.94,48.056253,0.002566,0,0,-0.5,-10.8,-3.1,1.04,0.2,-0.04
9590,47.945,47.945,48.060076,0.00139,0,0,-0.5,-10.8,-3.3,1.04,0.2,-0.04
9591,47.95,47.95,48.065331,0.001645,0,0,-0.4,-10.8,-3.1,1.04,0.19,-0.04
9592,47.955,47.955,48.071128,0.00244,0,0,-0.3,-10.8,-3.2,1.04,0.19,-0.05
9593,47.96,47.96,48.076076,0.00239,0,0,-0.4,-10.8,-3.9,1.03,0.2,-0.04
9594,47.965,47.965,48.080026,0.001339,0,0,-0.3,-10.8,-3.2,1.03,0.19,-0.04
9595,47.97,47.97,48.086107,0.00242,0,0,-0.4,-10.8,-3.2,1.03,0.2,-0.04
9596,47.975,47.975,48.091132,0.002444,0,0,-0.2,-10.8,-3.4,1.03,0.2,-0.04
9597,47.98,47.980001,48.095041,0.001353,9.99999997475243e-07,0,-0.2,-10.9,-3.2,1.04,0.19,-0.04
9598,47.985,47.985,48.100432,0.001745,0,0,-0.2,-10.8,-2.9,1.04,0.19,-0.04
9599,47.99,47.99,48.10619,0.002502,0,0,-0.3,-10.7,-3.3,1.03,0.2,-0.04
9600,47.995,47.995001,48.111072,0.002383,9.99999997475243e-07,0,-0.3,-10.8,-2.6,1.04,0.19,-0.04
9601,48,48,48.115001,0.001314,0,0,-0.4,-10.7,-2.8,1.03,0.2,-0.03
9602,48.005,48.005,48.121116,0.002429,0,0,-0.4,-10.7,-2.6,1.03,0.19,-0.04
9603,48.01,48.01,48.126061,0.002374,0,0,-0.3,-10.7,-2.2,1.04,0.18,-0.04
9604,48.015,48.015,48.131035,0.002348,0,0,0,-10.7,-2.1,1.04,0.17,-0.03
9605,48.02,48.02,48.135167,0.001481,0,0,0,-10.6,-2.4,1.03,0.16,-0.04
9606,48.025,48.025,48.141115,0.002427,0,0,-0.1,-10.7,-2.8,1.03,0.18,-0.04
9607,48.03,48.03,48.14501,0.001323,0,0,-0.2,-10.8,-3.3,1.03,0.19,-0.04
9608,48.035,48.035001,48.150068,0.00138,9.99999997475243e-07,0,-0.2,-10.9,-3,1.04,0.19,-0.04
9609,48.04,48.04,48.156107,0.00242,0,0,-0.3,-10.8,-3,1.04,0.19,-0.04
9610,48.045,48.045,48.160045,0.001358,0,0,-0.4,-10.8,-2.5,1.05,0.19,-0.04
9611,48.05,48.050001,48.165067,0.00138,9.99999997475243e-07,0,-0.6,-10.8,-2.9,1.04,0.2,-0.04
9612,48.055,48.055,48.171134,0.002447,0,0,-0.5,-10.7,-2.7,1.04,0.19,-0.04
9613,48.06,48.06,48.176074,0.002387,0,0,-0.6,-10.7,-3.1,1.04,0.2,-0.04
9614,48.065,48.065,48.180043,0.001356,0,0,-0.4,-10.8,-2.8,1.04,0.19,-0.04
9615,48.07,48.07,48.185226,0.001539,0,0,-0.4,-10.8,-3,1.03,0.19,-0.04
9616,48.075,48.075,48.191297,0.00261,0,0,-0.4,-10.8,-3.6,1.03,0.21,-0.05
9617,48.08,48.08,48.195458,0.001773,0,0,-0.2,-10.7,-3.5,1.03,0.19,-0.04
9618,48.085,48.085001,48.200829,0.002143,9.99999997475243e-07,0,-0.3,-10.8,-3.1,1.03,0.19,-0.04
9619,48.09,48.090001,48.206995,0.003309,9.99999997475243e-07,0,-0.2,-10.8,-2.7,1.04,0.19,-0.03
9620,48.095,48.095002,48.210243,0.001554,2.00000000205591e-06,0,-0.2,-10.7,-2.6,1.04,0.19,-0.03
9621,48.1,48.1,48.216301,0.002614,0,0,-0.3,-10.8,-3,1.03,0.19,-0.03
9622,48.105,48.105001,48.221508,0.00282,9.99999997475243e-07,0,-0.4,-10.7,-3.3,1.03,0.19,-0.04
9623,48.11,48.11,48.225292,0.001604,0,0,-0.4,-10.8,-3.3,1.03,0.2,-0.04
9624,48.115,48.115,48.231179,0.002492,0,0,-0.4,-10.8,-3.5,1.03,0.21,-0.04
9625,48.12,48.120001,48.235185,0.001497,9.99999997475243e-07,0,-0.5,-10.8,-4.1,1.02,0.22,-0.05
9626,48.125,48.125001,48.240542,0.001854,9.99999997475243e-07,0,-0.4,-10.8,-4.1,1.03,0.22,-0.05
9627,48.13,48.130001,48.247121,0.003437,9.99999997475243e-07,0,-0.4,-10.9,-3.8,1.03,0.21,-0.04
9628,48.135,48.135003,48.253136,0.004451,2.99999999953116e-06,0,-0.4,-10.8,-3.2,1.04,0.2,-0.04
9629,48.14,48.140002,48.257187,0.003501,2.00000000205591e-06,0,-0.2,-10.7,-2.7,1.04,0.18,-0.04
9630,48.145,48.145004,48.261858,0.003167,3.9999999970064e-06,0,0,-10.7,-2.4,1.03,0.17,-0.03
9631,48.15,48.150002,48.265333,0.001644,2.00000000205591e-06,0,-0.2,-10.8,-3.1,1.03,0.19,-0.04
9632,48.155,48.155,48.271111,0.002424,0,0,-0.3,-10.7,-3.2,1.03,0.19,-0.04
9633,48.16,48.160001,48.276242,0.002554,9.99999997475243e-07,0,-0.3,-10.8,-3.6,1.03,0.2,-0.04
9634,48.165,48.165,48.280078,0.00139,0,0,-0.4,-10.7,-3.6,1.03,0.2,-0.04
9635,48.17,48.17,48.286172,0.002484,0,0,-0.3,-10.7,-3.2,1.03,0.19,-0.04
9636,48.175,48.175001,48.291129,0.00244,9.99999997475243e-07,0,-0.4,-10.7,-3.6,1.03,0.2,-0.04
9637,48.18,48.18,48.295016,0.001329,0,0,-0.4,-10.8,-2.9,1.03,0.19,-0.04
9638,48.185,48.185,48.300064,0.001377,0,0,-0.3,-10.7,-2.1,1.04,0.18,-0.04
9639,48.19,48.19,48.306178,0.002491,0,0,-0.3,-10.8,-2.5,1.04,0.19,-0.04
9640,48.195,48.195,48.310055,0.001367,0,0,-0.2,-10.8,-2.2,1.03,0.18,-0.03
9641,48.2,48.2,48.315133,0.001446,0,0,-0.1,-10.8,-2.2,1.03,0.17,-0.03
9642,48.205,48.205,48.321204,0.002517,0,0,-0.2,-10.8,-2,1.04,0.18,-0.04
9643,48.21,48.21,48.325082,0.001395,0,0,-0.3,-10.8,-2.2,1.04,0.19,-0.04
9644,48.215,48.215,48.330152,0.001464,0,0,-0.4,-10.8,-2.8,1.04,0.19,-0.04
9645,48.22,48.22,48.336064,0.002377,0,0,-0.3,-10.7,-2.7,1.04,0.19,-0.04
9646,48.225,48.225,48.341185,0.002497,0,0,-0.2,-10.8,-1.7,1.04,0.18,-0.03
9647,48.23,48.230001,48.345054,0.001365,9.99999997475243e-07,0,-0.3,-10.7,-2.2,1.04,0.18,-0.03
9648,48.235,48.235,48.351065,0.002378,0,0,-0.3,-10.8,-2.6,1.04,0.19,-0.04
9649,48.24,48.24,48.356154,0.002467,0,0,-0.4,-10.8,-2.9,1.04,0.19,-0.04
9650,48.245,48.245001,48.360052,0.001364,9.99999997475243e-07,0,-0.6,-10.8,-2.9,1.04,0.2,-0.04
9651,48.25,48.25,48.365129,0.001442,0,0,-0.4,-10.7,-2.6,1.04,0.19,-0.04
9652,48.255,48.255,48.371109,0.002421,0,0,-0.3,-10.7,-2.2,1.04,0.18,-0.04
9653,48.26,48.26,48.375038,0.00135,0,0,-0.3,-10.7,-2.1,1.04,0.18,-0.04
9654,48.265,48.265,48.380035,0.001348,0,0,-0.3,-10.8,-3,1.04,0.19,-0.04
9655,48.27,48.27,48.386115,0.002427,0,0,-0.3,-10.8,-2.8,1.04,0.18,-0.04
9656,48.275,48.275,48.391174,0.002486,0,0,-0.3,-10.7,-3.2,1.03,0.17,-0.04
9657,48.28,48.28,48.395067,0.00138,0,0,-0.3,-10.7,-3.6,1.03,0.19,-0.04
9658,48.285,48.285001,48.401398,0.00271,9.99999997475243e-07,0,-0.4,-10.8,-2.8,1.03,0.19,-0.04
9659,48.29,48.29,48.406545,0.002859,0,0,-0.2,-10.7,-2.6,1.03,0.18,-0.04
9660,48.295,48.295001,48.41054,0.001853,9.99999997475243e-07,0,-0.2,-10.7,-2.8,1.04,0.18,-0.04
9661,48.3,48.300002,48.41543,0.001741,1.99999999495049e-06,0,-0.4,-10.6,-3.2,1.03,0.19,-0.04
9662,48.305,48.305,48.421365,0.002679,0,0,-0.4,-10.8,-2.4,1.04,0.19,-0.04
9663,48.31,48.31,48.425397,0.00171,0,0,-0.3,-10.7,-2.3,1.04,0.18,-0.04
9664,48.315,48.315001,48.43089,0.002204,1.00000000458067e-06,0,-0.3,-10.7,-2.8,1.04,0.18,-0.04
9665,48.32,48.32,48.436321,0.002634,0,0,-0.3,-10.7,-3,1.03,0.19,-0.04
9666,48.325,48.325,48.440024,0.001337,0,0,-0.3,-10.8,-2.6,1.03,0.18,-0.04
9667,48.33,48.33,48.445136,0.00145,0,0,-0.3,-10.7,-2.5,1.04,0.18,-0.04
9668,48.335,48.335,48.451128,0.002442,0,0,-0.2,-10.8,-1.7,1.04,0.17,-0.03
9669,48.34,48.34,48.455089,0.001402,0,0,-0.3,-10.7,-2.4,1.03,0.18,-0.03
9670,48.345,48.345,48.460181,0.001493,0,0,-0.4,-10.7,-2.6,1.03,0.19,-0.04
9671,48.35,48.35,48.466137,0.00245,0,0,-0.4,-10.7,-3,1.03,0.19,-0.04
9672,48.355,48.355001,48.470191,0.001503,9.99999997475243e-07,0,-0.4,-10.6,-3.5,1.03,0.2,-0.05
9673,48.36,48.360001,48.47517,0.001482,9.99999997475243e-07,0,-0.4,-10.6,-2.9,1.03,0.2,-0.04
9674,48.365,48.365,48.481103,0.002416,0,0,-0.2,-10.6,-2.7,1.04,0.18,-0.04
9675,48.37,48.370001,48.486099,0.002412,9.99999997475243e-07,0,-0.2,-10.6,-2.7,1.04,0.18,-0.04
9676,48.375,48.375,48.490099,0.001411,0,0,-0.2,-10.7,-2.4,1.04,0.18,-0.03
9677,48.38,48.380001,48.49623,0.002542,9.99999997475243e-07,0,-0.2,-10.7,-2.1,1.05,0.18,-0.03
9678,48.385,48.385,48.500148,0.001461,0,0,-0.2,-10.7,-2,1.04,0.17,-0.03
9679,48.39,48.39,48.505118,0.00143,0,0,-0.3,-10.8,-2.6,1.04,0.19,-0.03
9680,48.395,48.395,48.511302,0.002615,0,0,-0.4,-10.8,-3.1,1.04,0.2,-0.04
9681,48.4,48.400001,48.516301,0.002614,1.00000000458067e-06,0,-0.3,-10.8,-2.7,1.04,0.19,-0.03
9682,48.405,48.405,48.520257,0.001571,0,0,-0.3,-10.8,-3,1.03,0.19,-0.04
9683,48.41,48.410002,48.526263,0.002574,1.99999999495049e-06,0,-0.3,-10.8,-2.8,1.04,0.19,-0.03
9684,48.415,48.415,48.530063,0.001376,0,0,-0.4,-10.8,-3.4,1.04,0.2,-0.04
9685,48.42,48.42,48.535163,0.001476,0,0,-0.4,-10.8,-3,1.03,0.19,-0.04
9686,48.425,48.425001,48.541103,0.002415,9.99999997475243e-07,0,-0.2,-10.8,-2.8,1.04,0.18,-0.04
9687,48.43,48.43,48.546079,0.002391,0,0,-0.2,-10.7,-2.9,1.03,0.18,-0.04
9688,48.435,48.435,48.550019,0.001332,0,0,-0.3,-10.7,-3.7,1.03,0.19,-0.05
9689,48.44,48.44,48.555476,0.001789,0,0,-0.4,-10.7,-3.7,1.03,0.2,-0.05
9690,48.445,48.445,48.561148,0.002461,0,0,-0.4,-10.8,-3.6,1.03,0.2,-0.04
9691,48.45,48.45,48.565062,0.001375,0,0,-0.4,-10.7,-3,1.03,0.19,-0.04
9692,48.455,48.455,48.570218,0.001532,0,0,-0.4,-10.8,-2.2,1.05,0.18,-0.04
9693,48.46,48.46,48.57617,0.002483,0,0,-0.4,-10.8,-2.4,1.05,0.18,-0.04
9694,48.465,48.465,48.580064,0.001377,0,0,-0.2,-10.8,-2.5,1.04,0.18,-0.04
9695,48.47,48.47,48.585102,0.001415,0,0,-0.3,-10.8,-2.7,1.04,0.18,-0.04
9696,48.475,48.475,48.591214,0.002528,0,0,-0.3,-10.8,-2.8,1.03,0.18,-0.04
9697,48.48,48.480001,48.596054,0.002366,9.99999997475243e-07,0,-0.3,-10.8,-2.5,1.03,0.19,-0.04
9698,48.485,48.485,48.600022,0.001335,0,0,-0.4,-10.8,-2.6,1.04,0.19,-0.04
9699,48.49,48.49,48.606105,0.002419,0,0,-0.5,-10.8,-2.9,1.04,0.19,-0.04
9700,48.495,48.495001,48.611064,0.002376,9.99999997475243e-07,0,-0.5,-10.8,-3.2,1.04,0.2,-0.04
9701,48.5,48.5,48.615014,0.001327,0,0,-0.3,-10.8,-2.7,1.04,0.19,-0.04
9702,48.505,48.505,48.621109,0.002423,0,0,-0.3,-10.6,-3,1.03,0.19,-0.04
9703,48.51,48.51,48.626055,0.002367,0,0,-0.3,-10.7,-3.2,1.04,0.19,-0.04
9704,48.515,48.515,48.63,0.001313,0,0,-0.2,-10.7,-2.7,1.04,0.18,-0.04
9705,48.52,48.52,48.636083,0.002395,0,0,-0.2,-10.7,-2.8,1.03,0.18,-0.04
9706,48.525,48.525,48.640033,0.001346,0,0,-0.2,-10.7,-2.5,1.04,0.18,-0.03
9707,48.53,48.53,48.645078,0.001391,0,0,-0.2,-10.7,-2.9,1.04,0.18,-0.04
9708,48.535,48.535001,48.650226,0.001538,9.99999997475243e-07,0,-0.3,-10.8,-3.2,1.04,0.2,-0.04
9709,48.54,48.54,48.656293,0.002605,0,0,-0.2,-10.6,-3,1.03,0.19,-0.04
9710,48.545,48.545,48.660035,0.001348,0,0,-0.2,-10.7,-3,1.04,0.19,-0.04
9711,48.55,48.550001,48.6652,0.001512,9.99999997475243e-07,0,-0.4,-10.7,-3.4,1.03,0.21,-0.05
9712,48.555,48.555,48.671319,0.002632,0,0,-0.3,-10.7,-3,1.03,0.19,-0.04
9713,48.56,48.56,48.675099,0.001411,0,0,-0.3,-10.7,-2.7,1.03,0.18,-0.04
9714,48.565,48.565,48.680334,0.001646,0,0,0,-10.6,-3,1.03,0.18,-0.04
9715,48.57,48.57,48.686078,0.002391,0,0,-0.2,-10.7,-3.1,1.03,0.18,-0.04
9716,48.575,48.575,48.691158,0.00247,0,0,-0.3,-10.7,-3.2,1.03,0.2,-0.04
9717,48.58,48.58,48.695117,0.001429,0,0,-0.2,-10.7,-3.3,1.03,0.19,-0.04
9718,48.585,48.585,48.701085,0.002398,0,0,-0.3,-10.7,-3.3,1.04,0.19,-0.04
9719,48.59,48.59,48.706072,0.002385,0,0,-0.3,-10.8,-3.1,1.04,0.19,-0.04
9720,48.595,48.595,48.710025,0.001338,0,0,-0.4,-10.8,-3.3,1.04,0.2,-0.04
9721,48.6,48.6,48.71521,0.001523,0,0,-0.4,-10.9,-3.3,1.03,0.2,-0.04
9722,48.605,48.605001,48.721109,0.002421,9.99999997475243e-07,0,-0.3,-10.8,-2.8,1.03,0.19,-0.04
9723,48.61,48.610001,48.726684,0.002997,9.99999997475243e-07,0,-0.2,-10.8,-2.9,1.04,0.19,-0.04
9724,48.615,48.615,48.730128,0.00144,0,0,-0.3,-10.7,-2.1,1.04,0.18,-0.03
9725,48.62,48.620001,48.736124,0.002436,9.99999997475243e-07,0,-0.3,-10.8,-2.3,1.05,0.19,-0.04
9726,48.625,48.625,48.741308,0.00262,0,0,-0.3,-10.8,-2.6,1.04,0.19,-0.04
9727,48.63,48.630001,48.745266,0.001578,9.99999997475243e-07,0,-0.3,-10.8,-2.5,1.04,0.18,-0.04
9728,48.635,48.635,48.750537,0.00185,0,0,-0.2,-10.9,-3.3,1.03,0.2,-0.04
9729,48.64,48.640001,48.756452,0.002764,9.99999997475243e-07,0,-0.1,-10.8,-2.8,1.04,0.18,-0.04
9730,48.645,48.645,48.761248,0.002561,0,0,-0.4,-10.8,-2.9,1.04,0.19,-0.04
9731,48.65,48.65,48.765023,0.001336,0,0,-0.4,-10.7,-3,1.04,0.19,-0.04
9732,48.655,48.655,48.771119,0.002432,0,0,-0.3,-10.9,-3,1.04,0.19,-0.04
9733,48.66,48.660001,48.775048,0.00136,9.99999997475243e-07,0,-0.3,-10.8,-3,1.04,0.18,-0.04
9734,48.665,48.665,48.780117,0.001429,0,0,-0.4,-10.8,-2.9,1.04,0.19,-0.04
9735,48.67,48.67,48.786069,0.002381,0,0,-0.3,-10.8,-3,1.04,0.18,-0.04
9736,48.675,48.675001,48.791093,0.002404,9.99999997475243e-07,0,-0.3,-10.7,-2.8,1.04,0.18,-0.04
9737,48.68,48.68,48.795049,0.001362,0,0,-0.2,-10.7,-2.8,1.04,0.18,-0.04
9738,48.685,48.685,48.801067,0.00238,0,0,-0.3,-10.7,-2.9,1.04,0.19,-0.04
9739,48.69,48.69,48.805048,0.001361,0,0,-0.1,-10.7,-3.7,1.03,0.18,-0.04
9740,48.695,48.695,48.810055,0.001367,0,0,-0.1,-10.7,-3.2,1.03,0.18,-0.04
9741,48.7,48.7,48.816042,0.002355,0,0,-0.1,-10.8,-2.9,1.04,0.17,-0.04
9742,48.705,48.705,48.821146,0.00246,0,0,-0.3,-10.8,-3.4,1.03,0.19,-0.04
9743,48.71,48.71,48.825142,0.001455,0,0,-0.3,-10.7,-3.1,1.03,0.18,-0.04
9744,48.715,48.715,48.83021,0.001522,0,0,-0.4,-10.7,-2.5,1.03,0.19,-0.04
9745,48.72,48.72,48.836042,0.002355,0,0,-0.5,-10.8,-2.8,1.03,0.2,-0.04
9746,48.725,48.725,48.840111,0.001423,0,0,-0.4,-10.8,-2.7,1.04,0.2,-0.04
9747,48.73,48.730001,48.84513,0.001442,9.99999997475243e-07,0,-0.3,-10.8,-3,1.03,0.2,-0.04
9748,48.735,48.735,48.85104,0.002353,0,0,-0.3,-10.7,-2.4,1.04,0.18,-0.03
9749,48.74,48.74,48.85506,0.001372,0,0,-0.3,-10.8,-1.7,1.04,0.17,-0.03
9750,48.745,48.745001,48.860167,0.00148,9.99999997475243e-07,0,-0.4,-10.7,-1.5,1.05,0.18,-0.03
9751,48.75,48.75,48.86612,0.002432,0,0,-0.3,-10.8,-1.9,1.04,0.18,-0.03
9752,48.755,48.755,48.87009,0.001403,0,0,-0.4,-10.8,-2.4,1.04,0.19,-0.04
9753,48.76,48.76,48.875173,0.001481,0,0,-0.3,-10.8,-2.8,1.03,0.19,-0.04
9754,48.765,48.765,48.8811,0.002413,0,0,-0.2,-10.8,-3,1.03,0.18,-0.04
9755,48.77,48.77,48.885024,0.001337,0,0,-0.4,-10.8,-3,1.03,0.19,-0.04
9756,48.775,48.775,48.890161,0.001473,0,0,-0.4,-10.8,-3.2,1.03,0.19,-0.04
9757,48.78,48.78,48.896043,0.002355,0,0,-0.3,-10.8,-3,1.03,0.19,-0.04
9758,48.785,48.785001,48.900024,0.001335,9.99999997475243e-07,0,-0.3,-10.8,-2.9,1.04,0.19,-0.04
9759,48.79,48.79,48.905061,0.001374,0,0,-0.3,-10.8,-2.6,1.04,0.19,-0.04
9760,48.795,48.795,48.911058,0.002371,0,0,-0.4,-10.8,-2.5,1.04,0.18,-0.04
9761,48.8,48.800001,48.916128,0.00244,9.99999997475243e-07,0,-0.3,-10.9,-3.1,1.04,0.19,-0.04
9762,48.805,48.805,48.920029,0.001342,0,0,-0.1,-10.8,-2.9,1.03,0.18,-0.03
9763,48.81,48.81,48.92607,0.002383,0,0,-0.3,-10.7,-3.2,1.03,0.19,-0.04
9764,48.815,48.815,48.930028,0.001341,0,0,-0.5,-10.8,-3.6,1.04,0.2,-0.05
9765,48.82,48.82,48.935088,0.001401,0,0,-0.4,-10.8,-2.8,1.04,0.19,-0.04
9766,48.825,48.825,48.941128,0.00244,0,0,-0.2,-10.7,-2.2,1.04,0.18,-0.04
9767,48.83,48.83,48.945035,0.001348,0,0,-0.3,-10.7,-2.9,1.04,0.19,-0.04
9768,48.835,48.835,48.950136,0.001449,0,0,-0.2,-10.6,-2.1,1.05,0.17,-0.04
9769,48.84,48.84,48.956079,0.002392,0,0,-0.2,-10.7,-2.1,1.04,0.17,-0.03
9770,48.845,48.845,48.960018,0.001331,0,0,-0.1,-10.7,-2.3,1.03,0.17,-0.04
9771,48.85,48.85,48.965083,0.001396,0,0,-0.2,-10.8,-2.5,1.03,0.18,-0.04
9772,48.855,48.855001,48.971068,0.00238,9.99999997475243e-07,0,-0.2,-10.8,-2.7,1.04,0.18,-0.04
9773,48.86,48.86,48.975029,0.001341,0,0,-0.3,-10.8,-2.7,1.04,0.19,-0.04
9774,48.865,48.865,48.980037,0.001349,0,0,-0.2,-10.6,-2.9,1.03,0.18,-0.03
9775,48.87,48.870001,48.9861,0.002412,9.99999997475243e-07,0,-0.3,-10.7,-2.7,1.03,0.18,-0.04
9776,48.875,48.875,48.991289,0.002602,0,0,-0.2,-10.8,-2.9,1.04,0.18,-0.04
9777,48.88,48.88,48.995077,0.001389,0,0,-0.4,-10.8,-3.3,1.03,0.19,-0.04
9778,48.885,48.885,49.001039,0.002351,0,0,-0.3,-10.8,-2.8,1.03,0.18,-0.04
9779,48.89,48.89,49.006104,0.002416,0,0,-0.4,-10.8,-3.5,1.03,0.2,-0.04
9780,48.895,48.895,49.010026,0.001339,0,0,-0.2,-10.8,-2.9,1.03,0.19,-0.04
9781,48.9,48.9,49.015208,0.00152,0,0,-0.3,-10.8,-3,1.03,0.19,-0.04
9782,48.905,48.905,49.021129,0.002442,0,0,-0.4,-10.9,-3,1.04,0.2,-0.04
9783,48.91,48.910001,49.025108,0.001421,9.99999997475243e-07,0,-0.5,-10.9,-3.3,1.04,0.2,-0.04
9784,48.915,48.915,49.030122,0.001435,0,0,-0.6,-11,-3.5,1.04,0.2,-0.05
9785,48.92,48.92,49.036046,0.002359,0,0,-0.5,-10.9,-3.4,1.04,0.2,-0.05
9786,48.925,48.925001,49.041114,0.002426,9.99999997475243e-07,0,-0.4,-10.8,-3.3,1.03,0.19,-0.04
9787,48.93,48.93,49.045044,0.001357,0,0,-0.4,-10.7,-3,1.03,0.19,-0.04
9788,48.935,48.935,49.051058,0.002371,0,0,-0.4,-10.7,-3.6,1.03,0.2,-0.04
9789,48.94,48.94,49.056147,0.002459,0,0,-0.3,-10.7,-3,1.03,0.19,-0.04
9790,48.945,48.945,49.060107,0.001421,0,0,-0.4,-10.8,-4.2,1.03,0.21,-0.05
9791,48.95,48.95,49.065148,0.001461,0,0,-0.5,-10.8,-3.8,1.03,0.2,-0.04
9792,48.955,48.955,49.071099,0.002412,0,0,-0.5,-10.9,-3.9,1.03,0.22,-0.04
9793,48.96,48.96,49.075056,0.001369,0,0,-0.4,-10.9,-3.1,1.04,0.2,-0.04
9794,48.965,48.965,49.080101,0.001414,0,0,-0.3,-10.8,-2.4,1.04,0.18,-0.03
9795,48.97,48.97,49.08609,0.002403,0,0,-0.3,-10.8,-2.4,1.04,0.18,-0.03
9796,48.975,48.975,49.091159,0.002471,0,0,-0.3,-10.6,-2.9,1.04,0.18,-0.04
9797,48.98,48.980001,49.095051,0.001363,9.99999997475243e-07,0,-0.4,-10.7,-2.6,1.04,0.19,-0.04
9798,48.985,48.985,49.101039,0.002352,0,0,-0.3,-10.6,-2.6,1.04,0.18,-0.04
9799,48.99,48.99,49.106062,0.002374,0,0,-0.3,-10.6,-3.3,1.04,0.19,-0.04
9800,48.995,48.995001,49.110017,0.001329,9.99999997475243e-07,0,-0.5,-10.6,-3.9,1.03,0.19,-0.05
9801,49,49,49.116102,0.002415,0,0,-0.3,-10.7,-3,1.04,0.18,-0.05
9802,49.005,49.005,49.121095,0.002408,0,0,-0.3,-10.7,-3.5,1.04,0.18,-0.05
9803,49.01,49.010001,49.125093,0.001405,1.00000000458067e-06,0,-0.4,-10.7,-4.2,1.03,0.2,-0.05
9804,49.015,49.015,49.130216,0.001529,0,0,-0.3,-10.7,-4,1.02,0.2,-0.05
9805,49.02,49.02,49.136125,0.002437,0,0,-0.4,-10.8,-3.7,1.02,0.2,-0.05
9806,49.025,49.025,49.141109,0.002422,0,0,-0.5,-10.8,-3.6,1.03,0.2,-0.04
9807,49.03,49.03,49.145022,0.001335,0,0,-0.5,-10.8,-4,1.03,0.21,-0.04
9808,49.035,49.035001,49.150151,0.001464,9.99999997475243e-07,0,-0.3,-10.8,-2.8,1.04,0.19,-0.04
9809,49.04,49.04,49.156232,0.002545,0,0,-0.4,-10.9,-2.9,1.04,0.19,-0.04
9810,49.045,49.045,49.160047,0.00136,0,0,-0.4,-10.8,-3.3,1.04,0.2,-0.04
9811,49.05,49.050001,49.165061,0.001373,9.99999997475243e-07,0,-0.4,-10.9,-3.2,1.03,0.2,-0.04
9812,49.055,49.055,49.171193,0.002506,0,0,-0.5,-10.8,-3.8,1.03,0.2,-0.04
9813,49.06,49.06,49.176081,0.002393,0,0,-0.4,-10.8,-3.1,1.03,0.19,-0.04
9814,49.065,49.065,49.180071,0.001383,0,0,-0.3,-10.7,-3.1,1.03,0.18,-0.04
9815,49.07,49.07,49.185272,0.001586,0,0,-0.2,-10.7,-3.7,1.03,0.19,-0.05
9816,49.075,49.075,49.191262,0.002574,0,0,-0.4,-10.7,-4,1.03,0.19,-0.05
9817,49.08,49.08,49.195059,0.001371,0,0,-0.4,-10.7,-3.8,1.03,0.2,-0.05
9818,49.085,49.085,49.200047,0.00136,0,0,-0.3,-10.7,-3.5,1.04,0.19,-0.04
9819,49.09,49.09,49.206145,0.002457,0,0,-0.4,-10.7,-2.8,1.04,0.18,-0.04
9820,49.095,49.095,49.211108,0.002421,0,0,-0.3,-10.8,-3,1.04,0.18,-0.04
9821,49.1,49.1,49.215049,0.001362,0,0,-0.2,-10.8,-2.8,1.04,0.18,-0.04
9822,49.105,49.105001,49.220212,0.001524,9.99999997475243e-07,0,-0.2,-10.8,-2.1,1.05,0.18,-0.04
9823,49.11,49.11,49.226088,0.002401,0,0,-0.2,-10.8,-2.5,1.04,0.19,-0.04
9824,49.115,49.115,49.230047,0.00136,0,0,-0.3,-10.8,-2.7,1.04,0.19,-0.04
9825,49.12,49.120001,49.235259,0.001571,9.99999997475243e-07,0,-0.3,-10.8,-2.7,1.04,0.19,-0.03
9826,49.125,49.125,49.24035,0.001664,0,0,-0.4,-10.8,-2.3,1.03,0.18,-0.04
9827,49.13,49.13,49.24604,0.002353,0,0,-0.5,-10.8,-2.6,1.04,0.19,-0.04
9828,49.135,49.135,49.250088,0.001401,0,0,-0.6,-10.8,-3.2,1.03,0.21,-0.04
9829,49.14,49.140001,49.255483,0.001795,9.99999997475243e-07,0,-0.4,-10.8,-3.4,1.03,0.2,-0.04
9830,49.145,49.145,49.261418,0.00273,0,0,-0.4,-10.7,-3.4,1.03,0.2,-0.04
9831,49.15,49.15,49.26613,0.002443,0,0,-0.3,-10.7,-3,1.03,0.18,-0.04
9832,49.155,49.155,49.270036,0.001349,0,0,-0.2,-10.8,-2.7,1.03,0.18,-0.04
9833,49.16,49.160001,49.275302,0.001614,9.99999997475243e-07,0,-0.3,-10.8,-2.7,1.04,0.18,-0.04
9834,49.165,49.165,49.28115,0.002463,0,0,-0.4,-10.9,-3.3,1.03,0.2,-0.04
9835,49.17,49.17,49.28508,0.001392,0,0,-0.2,-10.8,-2.8,1.03,0.18,-0.04
9836,49.175,49.175001,49.29023,0.001542,9.99999997475243e-07,0,-0.3,-10.9,-2.8,1.03,0.19,-0.04
9837,49.18,49.18,49.296042,0.002354,0,0,-0.3,-10.8,-3.2,1.03,0.19,-0.04
9838,49.185,49.185,49.300033,0.001346,0,0,-0.3,-10.8,-3.4,1.03,0.19,-0.04
9839,49.19,49.19,49.30504,0.001352,0,0,-0.2,-10.8,-3.5,1.04,0.18,-0.04
9840,49.195,49.195,49.31103,0.002343,0,0,-0.2,-10.7,-3.1,1.04,0.19,-0.04
9841,49.2,49.2,49.31602,0.002333,0,0,-0.4,-10.8,-3.1,1.03,0.19,-0.04
9842,49.205,49.205,49.320072,0.001385,0,0,-0.6,-10.8,-2.9,1.04,0.2,-0.04
9843,49.21,49.21,49.326122,0.002434,0,0,-0.5,-10.8,-3.2,1.04,0.2,-0.04
9844,49.215,49.215,49.331091,0.002404,0,0,-0.3,-10.8,-3.6,1.03,0.2,-0.05
9845,49.22,49.22,49.335024,0.001337,0,0,-0.3,-10.8,-3.4,1.04,0.2,-0.05
9846,49.225,49.225,49.341036,0.002349,0,0,-0.5,-10.9,-2.9,1.04,0.2,-0.04
9847,49.23,49.230001,49.346021,0.002333,9.99999997475243e-07,0,-0.4,-10.9,-3.1,1.04,0.2,-0.04
9848,49.235,49.235,49.350133,0.001446,0,0,-0.4,-10.9,-2.5,1.04,0.19,-0.04
9849,49.24,49.24,49.355439,0.001752,0,0,-0.4,-10.8,-3,1.04,0.19,-0.04
9850,49.245,49.245001,49.361125,0.002436,9.99999997475243e-07,0,-0.2,-10.8,-2.7,1.04,0.18,-0.04
9851,49.25,49.25,49.365059,0.001372,0,0,-0.3,-10.7,-2.2,1.04,0.17,-0.03
9852,49.255,49.255,49.370365,0.001679,0,0,-0.3,-10.7,-2.8,1.04,0.17,-0.04
9853,49.26,49.26,49.376178,0.00249,0,0,-0.4,-10.8,-3.1,1.04,0.18,-0.05
9854,49.265,49.265,49.381018,0.002331,0,0,-0.4,-10.7,-2.8,1.04,0.18,-0.05
9855,49.27,49.27,49.385276,0.00159,0,0,-0.5,-10.7,-2.7,1.04,0.19,-0.04
9856,49.275,49.275,49.390386,0.001699,0,0,-0.5,-10.8,-3,1.04,0.19,-0.04
9857,49.28,49.28,49.396077,0.00239,0,0,-0.3,-10.8,-3.6,1.04,0.19,-0.04
9858,49.285,49.285001,49.400063,0.001375,9.99999997475243e-07,0,-0.3,-10.8,-3.1,1.03,0.19,-0.04
9859,49.29,49.29,49.405479,0.001792,0,0,-0.2,-10.9,-3,1.03,0.18,-0.04
9860,49.295,49.295,49.411106,0.002419,0,0,-0.3,-10.8,-3.1,1.03,0.19,-0.04
9861,49.3,49.300001,49.415029,0.001341,9.99999997475243e-07,0,-0.3,-10.8,-2.8,1.04,0.19,-0.04
9862,49.305,49.305001,49.420135,0.001447,9.99999997475243e-07,0,-0.4,-10.8,-2.8,1.04,0.19,-0.04
9863,49.31,49.31,49.426346,0.002659,0,0,-0.4,-10.7,-1.8,1.05,0.18,-0.03
9864,49.315,49.315,49.430049,0.001361,0,0,-0.3,-10.8,-2.2,1.04,0.18,-0.04
9865,49.32,49.32,49.435109,0.001421,0,0,-0.2,-10.8,-2.8,1.04,0.19,-0.04
9866,49.325,49.325,49.44113,0.002444,0,0,-0.2,-10.7,-2.9,1.04,0.18,-0.04
9867,49.33,49.33,49.445027,0.001339,0,0,-0.1,-10.7,-3.1,1.03,0.18,-0.04
9868,49.335,49.335,49.450013,0.001326,0,0,-0.3,-10.7,-2.9,1.03,0.18,-0.04
9869,49.34,49.34,49.456074,0.002387,0,0,-0.3,-10.8,-3.3,1.03,0.19,-0.04
9870,49.345,49.345,49.461064,0.002377,0,0,-0.4,-10.9,-3.6,1.03,0.2,-0.04
9871,49.35,49.35,49.465056,0.001369,0,0,-0.3,-10.8,-3.6,1.04,0.19,-0.05
9872,49.355,49.355001,49.470045,0.001357,9.99999997475243e-07,0,-0.3,-10.8,-2.9,1.04,0.18,-0.04
9873,49.36,49.360001,49.476226,0.002538,9.99999997475243e-07,0,-0.4,-10.8,-2.6,1.04,0.18,-0.04
9874,49.365,49.365,49.480036,0.00135,0,0,-0.5,-10.9,-2.8,1.04,0.19,-0.04
9875,49.37,49.370001,49.485055,0.001367,9.99999997475243e-07,0,-0.5,-10.8,-3.2,1.04,0.19,-0.05
9876,49.375,49.375,49.491156,0.002468,0,0,-0.4,-10.8,-3.5,1.04,0.19,-0.05
9877,49.38,49.38,49.495025,0.001339,0,0,-0.3,-10.9,-3.2,1.04,0.18,-0.05
9878,49.385,49.385,49.500029,0.001342,0,0,-0.2,-10.8,-3,1.03,0.18,-0.04
9879,49.39,49.39,49.506089,0.002401,0,0,-0.2,-10.8,-2.6,1.03,0.17,-0.04
9880,49.395,49.395,49.511107,0.00242,0,0,-0.1,-10.9,-2.4,1.04,0.17,-0.04
9881,49.4,49.4,49.515059,0.001372,0,0,-0.2,-10.8,-2.3,1.04,0.17,-0.04
9882,49.405,49.405,49.520168,0.001481,0,0,-0.2,-10.8,-2.7,1.04,0.17,-0.04
9883,49.41,49.410001,49.526295,0.002606,9.99999997475243e-07,0,-0.2,-10.8,-2.6,1.03,0.18,-0.04
9884,49.415,49.415,49.530122,0.001435,0,0,-0.3,-10.8,-3.2,1.03,0.2,-0.04
9885,49.42,49.42,49.535117,0.00143,0,0,-0.2,-10.8,-3.6,1.02,0.19,-0.05
9886,49.425,49.425001,49.54119,0.002501,9.99999997475243e-07,0,-0.2,-10.8,-3.8,1.03,0.19,-0.05
9887,49.43,49.43,49.546082,0.002395,0,0,-0.2,-10.7,-4,1.03,0.19,-0.05
9888,49.435,49.435,49.550027,0.00134,0,0,-0.1,-10.7,-3.8,1.03,0.19,-0.04
9889,49.44,49.440001,49.556192,0.002504,1.00000000458067e-06,0,-0.3,-10.7,-3.5,1.03,0.19,-0.04
9890,49.445,49.445,49.561056,0.002369,0,0,-0.3,-10.7,-3.7,1.03,0.2,-0.04
9891,49.45,49.45,49.565157,0.00147,0,0,-0.4,-10.7,-3.7,1.03,0.2,-0.04
9892,49.455,49.455,49.571179,0.002493,0,0,-0.2,-10.7,-3.8,1.02,0.2,-0.04
9893,49.46,49.46,49.576139,0.002451,0,0,-0.1,-10.7,-2.7,1.03,0.17,-0.04
9894,49.465,49.465,49.580046,0.00136,0,0,-0.3,-10.7,-2.8,1.03,0.19,-0.04
9895,49.47,49.47,49.586036,0.002349,0,0,-0.3,-10.8,-3.2,1.03,0.18,-0.04
9896,49.475,49.475,49.591168,0.002481,0,0,-0.3,-10.8,-2.8,1.04,0.19,-0.04
9897,49.48,49.480001,49.595061,0.001374,9.99999997475243e-07,0,-0.4,-10.9,-2.8,1.03,0.18,-0.04
9898,49.485,49.485,49.601101,0.002414,0,0,-0.2,-10.8,-2.5,1.03,0.18,-0.04
9899,49.49,49.49,49.606118,0.002431,0,0,-0.3,-10.8,-2.6,1.03,0.18,-0.04
9900,49.495,49.495001,49.610079,0.001391,9.99999997475243e-07,0,-0.3,-10.8,-2.4,1.03,0.18,-0.04
9901,49.5,49.5,49.615111,0.001424,0,0,-0.5,-10.8,-3,1.04,0.2,-0.04
9902,49.505,49.505,49.62135,0.002664,0,0,-0.5,-10.8,-3.3,1.03,0.2,-0.04
9903,49.51,49.51,49.626218,0.002531,0,0,-0.5,-10.7,-3.4,1.03,0.2,-0.04
9904,49.515,49.515,49.630097,0.001411,0,0,-0.5,-10.7,-3.4,1.03,0.2,-0.04
9905,49.52,49.52,49.636106,0.002418,0,0,-0.4,-10.8,-2.9,1.04,0.18,-0.04
9906,49.525,49.525,49.641184,0.002498,0,0,-0.5,-10.8,-3.3,1.03,0.19,-0.04
9907,49.53,49.53,49.645083,0.001395,0,0,-0.3,-10.7,-3.2,1.03,0.18,-0.04
9908,49.535,49.535001,49.650296,0.001608,9.99999997475243e-07,0,-0.3,-10.7,-3.7,1.03,0.18,-0.04
9909,49.54,49.54,49.656221,0.002534,0,0,-0.3,-10.7,-3.4,1.04,0.18,-0.04
9910,49.545,49.545,49.660123,0.001436,0,0,-0.4,-10.8,-4,1.03,0.2,-0.05
9911,49.55,49.550001,49.665205,0.001517,9.99999997475243e-07,0,-0.2,-10.7,-3.4,1.03,0.19,-0.04
9912,49.555,49.555,49.671279,0.002592,0,0,-0.2,-10.8,-2.8,1.04,0.17,-0.04
9913,49.56,49.56,49.675075,0.001389,0,0,-0.1,-10.8,-3,1.04,0.18,-0.04
9914,49.565,49.565,49.680166,0.001478,0,0,-0.1,-10.8,-3.1,1.04,0.18,-0.04
9915,49.57,49.570001,49.686271,0.002584,9.99999997475243e-07,0,-0.2,-10.7,-3.4,1.03,0.18,-0.04
9916,49.575,49.575,49.691167,0.002479,0,0,-0.2,-10.7,-3,1.03,0.18,-0.04
9917,49.58,49.58,49.695039,0.001352,0,0,-0.3,-10.8,-2.9,1.03,0.19,-0.04
9918,49.585,49.585,49.701025,0.002338,0,0,-0.3,-10.8,-3.1,1.03,0.19,-0.04
9919,49.59,49.59,49.706029,0.002341,0,0,-0.4,-10.8,-3,1.04,0.18,-0.04
9920,49.595,49.595,49.710004,0.001317,0,0,-0.5,-10.8,-3.3,1.04,0.19,-0.04
9921,49.6,49.6,49.716051,0.002364,0,0,-0.4,-10.7,-3.3,1.03,0.18,-0.04
9922,49.605,49.605001,49.72113,0.002442,9.99999997475243e-07,0,-0.3,-10.7,-2.4,1.03,0.17,-0.04
9923,49.61,49.61,49.725055,0.001368,0,0,-0.2,-10.7,-3.1,1.03,0.18,-0.04
9924,49.615,49.615,49.731085,0.002398,0,0,-0.3,-10.7,-2.8,1.04,0.18,-0.04
9925,49.62,49.620001,49.735089,0.001401,9.99999997475243e-07,0,-0.3,-10.6,-3,1.04,0.18,-0.05
9926,49.625,49.625001,49.740179,0.001491,9.99999997475243e-07,0,-0.3,-10.7,-3.4,1.03,0.18,-0.05
9927,49.63,49.63,49.746088,0.002401,0,0,-0.2,-10.6,-3.5,1.03,0.18,-0.04
9928,49.635,49.635,49.75008,0.001393,0,0,-0.3,-10.6,-3.8,1.02,0.19,-0.05
9929,49.64,49.64,49.755309,0.001622,0,0,-0.6,-10.7,-3.6,1.03,0.2,-0.05
9930,49.645,49.645,49.761141,0.002453,0,0,-0.5,-10.7,-3.4,1.03,0.2,-0.04
9931,49.65,49.65,49.766052,0.002365,0,0,-0.5,-10.8,-3,1.03,0.19,-0.04
9932,49.655,49.655,49.770039,0.001352,0,0,-0.4,-10.8,-2.9,1.03,0.19,-0.04
9933,49.66,49.660001,49.775393,0.001705,9.99999997475243e-07,0,-0.3,-10.7,-2.7,1.04,0.18,-0.04
9934,49.665,49.665,49.781083,0.002395,0,0,-0.3,-10.7,-3.8,1.03,0.19,-0.05
9935,49.67,49.67,49.785062,0.001376,0,0,-0.2,-10.7,-3.6,1.03,0.18,-0.05
9936,49.675,49.675001,49.790403,0.001715,9.99999997475243e-07,0,-0.2,-10.8,-3.2,1.03,0.18,-0.04
9937,49.68,49.68,49.796098,0.002411,0,0,-0.3,-10.7,-2.4,1.04,0.17,-0.04
9938,49.685,49.685,49.80003,0.001344,0,0,-0.4,-10.7,-2.6,1.04,0.17,-0.04
9939,49.69,49.69,49.80506,0.001374,0,0,-0.3,-10.7,-3.2,1.03,0.18,-0.04
9940,49.695,49.695,49.811021,0.002334,0,0,-0.3,-10.8,-3.6,1.03,0.18,-0.04
9941,49.7,49.7,49.816006,0.002319,0,0,-0.3,-10.8,-3.7,1.03,0.19,-0.05
9942,49.705,49.705,49.819995,0.001308,0,0,-0.3,-10.8,-4.1,1.02,0.2,-0.05
9943,49.71,49.71,49.825501,0.001814,0,0,-0.3,-10.8,-3.7,1.03,0.19,-0.04
9944,49.715,49.715,49.831138,0.002451,0,0,-0.3,-10.6,-3.9,1.03,0.18,-0.05
9945,49.72,49.72,49.835107,0.001421,0,0,-0.3,-10.6,-3.1,1.03,0.18,-0.04
9946,49.725,49.725,49.840149,0.001461,0,0,-0.2,-10.7,-2.5,1.03,0.16,-0.03
9947,49.73,49.730001,49.846039,0.002351,9.99999997475243e-07,0,-0.2,-10.7,-2.7,1.04,0.16,-0.04
9948,49.735,49.735,49.850062,0.001375,0,0,-0.2,-10.7,-3.7,1.03,0.18,-0.04
9949,49.74,49.74,49.855306,0.001619,0,0,-0.5,-10.8,-3.3,1.04,0.19,-0.04
9950,49.745,49.745001,49.86109,0.002402,9.99999997475243e-07,0,-0.6,-10.7,-3.2,1.03,0.19,-0.04
9951,49.75,49.75,49.865181,0.001495,0,0,-0.5,-10.8,-3.4,1.03,0.2,-0.04
9952,49.755,49.755,49.870135,0.001448,0,0,-0.4,-10.9,-2.5,1.04,0.19,-0.04
9953,49.76,49.760001,49.875286,0.001599,1.00000000458067e-06,0,-0.4,-10.9,-2.7,1.04,0.18,-0.03
9954,49.765,49.765,49.881118,0.002431,0,0,-0.4,-10.8,-3.2,1.03,0.18,-0.04
9955,49.77,49.77,49.885073,0.001386,0,0,-0.4,-10.8,-4.2,1.03,0.2,-0.04
9956,49.775,49.775,49.890269,0.001581,0,0,-0.5,-10.8,-3.6,1.03,0.19,-0.04
9957,49.78,49.78,49.896037,0.00235,0,0,-0.3,-10.8,-3.4,1.04,0.18,-0.04
9958,49.785,49.785001,49.900154,0.001467,9.99999997475243e-07,0,-0.3,-10.6,-3.4,1.04,0.18,-0.04
9959,49.79,49.79,49.9051,0.001412,0,0,-0.3,-10.7,-3.3,1.03,0.18,-0.04
9960,49.795,49.795,49.911049,0.002361,0,0,-0.2,-10.7,-3.3,1.04,0.17,-0.04
9961,49.8,49.800001,49.91501,0.001322,9.99999997475243e-07,0,-0.3,-10.8,-3.4,1.03,0.18,-0.05
9962,49.805,49.805,49.920061,0.001374,0,0,-0.4,-10.7,-4.1,1.03,0.19,-0.06
9963,49.81,49.81,49.926093,0.002405,0,0,-0.4,-10.8,-4.3,1.03,0.19,-0.06
9964,49.815,49.815,49.930044,0.001356,0,0,-0.3,-10.8,-4.2,1.03,0.2,-0.05
9965,49.82,49.82,49.935017,0.00133,0,0,-0.5,-10.9,-3.8,1.03,0.2,-0.05
9966,49.825,49.825,49.941042,0.002355,0,0,-0.5,-10.9,-3.6,1.04,0.21,-0.04
9967,49.83,49.83,49.946019,0.002332,0,0,-0.5,-10.9,-3.1,1.05,0.2,-0.04
9968,49.835,49.835,49.950082,0.001395,0,0,-0.6,-10.9,-3.6,1.04,0.2,-0.05
9969,49.84,49.84,49.955312,0.001625,0,0,-0.6,-10.9,-3.5,1.03,0.21,-0.04
9970,49.845,49.845002,49.960913,0.002224,2.00000000205591e-06,0,-0.4,-10.8,-2.9,1.04,0.19,-0.04
9971,49.85,49.850001,49.966487,0.0028,9.99999997475243e-07,0,-0.4,-10.7,-3.7,1.03,0.19,-0.05
9972,49.855,49.855002,49.970634,0.001946,1.99999999495049e-06,0,-0.3,-10.7,-4.1,1.03,0.2,-0.05
9973,49.86,49.860001,49.97585,0.002163,9.99999997475243e-07,0,-0.2,-10.7,-3.5,1.02,0.18,-0.05
9974,49.865,49.865,49.981373,0.002685,0,0,-0.2,-10.7,-3.4,1.03,0.18,-0.05
9975,49.87,49.870001,49.985058,0.00137,9.99999997475243e-07,0,-0.2,-10.8,-3.2,1.03,0.19,-0.04
9976,49.875,49.875,49.991248,0.00256,0,0,-0.3,-10.9,-3.4,1.04,0.2,-0.04
9977,49.88,49.880002,49.996574,0.002884,1.99999999495049e-06,0,-0.3,-10.8,-3.2,1.03,0.19,-0.04
9978,49.885,49.885001,50.000216,0.001529,1.00000000458067e-06,0,-0.3,-10.8,-2.5,1.04,0.17,-0.04
9979,49.89,49.890001,50.006509,0.002822,9.99999997475243e-07,0,-0.3,-10.9,-3.1,1.04,0.18,-0.05
9980,49.895,49.895,50.011284,0.002596,0,0,-0.3,-10.9,-3.2,1.04,0.18,-0.05
9981,49.9,49.9,50.015059,0.001371,0,0,-0.5,-10.9,-3.6,1.04,0.2,-0.05
9982,49.905,49.905,50.021157,0.002471,0,0,-0.5,-10.8,-3.7,1.03,0.2,-0.04
9983,49.91,49.910001,50.026166,0.002477,9.99999997475243e-07,0,-0.4,-10.8,-3.8,1.03,0.2,-0.04
9984,49.915,49.915,50.030065,0.001378,0,0,-0.3,-10.7,-3.9,1.03,0.19,-0.04
9985,49.92,49.92,50.036065,0.002378,0,0,-0.3,-10.8,-3.1,1.04,0.19,-0.04
9986,49.925,49.925001,50.041084,0.002397,9.99999997475243e-07,0,-0.4,-10.9,-3.2,1.03,0.19,-0.04
9987,49.93,49.93,50.045056,0.001369,0,0,-0.4,-10.8,-3.1,1.03,0.19,-0.04
9988,49.935,49.935,50.051056,0.002369,0,0,-0.4,-10.8,-3.4,1.03,0.19,-0.04
9989,49.94,49.94,50.056087,0.002399,0,0,-0.4,-10.9,-3.1,1.03,0.19,-0.04
9990,49.945,49.945,50.060057,0.001369,0,0,-0.4,-10.9,-3.9,1.03,0.2,-0.05
9991,49.95,49.95,50.065296,0.001609,0,0,-0.4,-11,-3.8,1.03,0.2,-0.04
9992,49.955,49.955,50.071181,0.002493,0,0,-0.3,-10.9,-3.4,1.03,0.2,-0.04
9993,49.96,49.96,50.07505,0.001362,0,0,-0.3,-10.8,-3.6,1.03,0.19,-0.04
9994,49.965,49.965,50.080148,0.001461,0,0,-0.2,-10.7,-3.7,1.03,0.19,-0.05
9995,49.97,49.97,50.086057,0.00237,0,0,-0.4,-10.7,-3.8,1.03,0.2,-0.04
9996,49.975,49.975,50.09009,0.001402,0,0,-0.4,-10.7,-3.4,1.03,0.19,-0.04
9997,49.98,49.980001,50.095065,0.001376,9.99999997475243e-07,0,-0.4,-10.7,-2.8,1.04,0.18,-0.04
9998,49.985,49.985,50.101023,0.002336,0,0,-0.5,-10.8,-3,1.03,0.19,-0.04
9999,49.99,49.99,50.105031,0.001344,0,0,-0.5,-10.8,-3.7,1.03,0.2,-0.05
10000,49.995,49.995001,50.110024,0.001336,9.99999997475243e-07,0,-0.4,-10.8,-3.3,1.03,0.19,-0.04
10001,50,50,50.116025,0.002338,0,0,-0.3,-10.8,-2.7,1.04,0.18,-0.04
10002,50.005,50.005,50.121035,0.002348,0,0,-0.4,-10.8,-3.4,1.03,0.2,-0.04
10003,50.01,50.01,50.126067,0.00238,0,0,-0.4,-10.8,-3.3,1.03,0.19,-0.05
10004,50.015,50.015,50.131102,0.002415,0,0,-0.3,-10.8,-3.2,1.02,0.2,-0.05
10005,50.02,50.02,50.135011,0.001324,0,0,-0.3,-10.8,-3.2,1.02,0.19,-0.04
10006,50.025,50.025,50.140109,0.001421,0,0,-0.4,-10.8,-3.4,1.03,0.2,-0.04
10007,50.03,50.03,50.145415,0.001728,0,0,-0.4,-10.8,-3.9,1.03,0.2,-0.05
10008,50.035,50.035001,50.151148,0.00246,9.99999997475243e-07,0,-0.3,-10.8,-3.6,1.03,0.19,-0.05
10009,50.04,50.04,50.155075,0.001387,0,0,-0.4,-10.8,-3.7,1.02,0.2,-0.05
10010,50.045,50.045,50.161046,0.00236,0,0,-0.4,-10.7,-3.4,1.03,0.19,-0.05
10011,50.05,50.050001,50.166022,0.002333,9.99999997475243e-07,0,-0.4,-10.7,-3.1,1.03,0.19,-0.04
10012,50.055,50.055,50.170008,0.001321,0,0,-0.4,-10.7,-3.2,1.03,0.18,-0.04
10013,50.06,50.06,50.176107,0.002421,0,0,-0.4,-10.8,-3.2,1.03,0.19,-0.04
10014,50.065,50.065,50.181029,0.002343,0,0,-0.4,-10.7,-3.3,1.02,0.19,-0.05
10015,50.07,50.07,50.185007,0.00132,0,0,-0.4,-10.7,-3.1,1.03,0.18,-0.04
10016,50.075,50.075,50.190269,0.001581,0,0,-0.3,-10.8,-2.6,1.04,0.18,-0.04
10017,50.08,50.08,50.196148,0.002461,0,0,-0.2,-10.7,-2.4,1.04,0.18,-0.04
10018,50.085,50.085,50.200052,0.001365,0,0,-0.3,-10.7,-2.8,1.04,0.18,-0.04
10019,50.09,50.09,50.20512,0.001433,0,0,-0.3,-10.7,-3.3,1.03,0.2,-0.04
10020,50.095,50.095,50.211077,0.00239,0,0,-0.2,-10.8,-3.2,1.03,0.2,-0.04
10021,50.1,50.1,50.215061,0.001375,0,0,-0.5,-10.8,-3.5,1.03,0.2,-0.05
10022,50.105,50.105001,50.220069,0.001382,9.99999997475243e-07,0,-0.4,-10.8,-3,1.03,0.19,-0.04
10023,50.11,50.11,50.226165,0.002477,0,0,-0.2,-10.7,-2.2,1.04,0.17,-0.04
10024,50.115,50.115,50.230026,0.001339,0,0,-0.1,-10.7,-2.2,1.03,0.17,-0.04
10025,50.12,50.120001,50.235112,0.001424,9.99999997475243e-07,0,-0.3,-10.6,-2.5,1.03,0.18,-0.04
10026,50.125,50.125,50.24045,0.001762,0,0,-0.3,-10.6,-2.6,1.04,0.18,-0.04
10027,50.13,50.13,50.246116,0.002429,0,0,-0.2,-10.7,-3,1.03,0.18,-0.04
10028,50.135,50.135,50.250012,0.001325,0,0,-0.2,-10.7,-2.5,1.03,0.17,-0.04
10029,50.14,50.14,50.256193,0.002505,0,0,-0.4,-10.8,-2.6,1.04,0.18,-0.04
10030,50.145,50.145,50.261056,0.002369,0,0,-0.4,-10.8,-2.7,1.04,0.18,-0.04
10031,50.15,50.15,50.265147,0.001461,0,0,-0.3,-10.8,-2.9,1.04,0.18,-0.04
10032,50.155,50.155,50.271092,0.002404,0,0,-0.2,-10.7,-2.7,1.04,0.17,-0.03
10033,50.16,50.160001,50.27608,0.002392,9.99999997475243e-07,0,-0.2,-10.8,-2.1,1.04,0.16,-0.03
10034,50.165,50.165,50.280166,0.001479,0,0,-0.2,-10.7,-2.1,1.04,0.16,-0.04
10035,50.17,50.17,50.285174,0.001487,0,0,-0.3,-10.9,-3.2,1.04,0.18,-0.04
10036,50.175,50.175001,50.291149,0.00246,9.99999997475243e-07,0,-0.2,-10.8,-3.4,1.03,0.19,-0.04
10037,50.18,50.18,50.295025,0.001339,0,0,-0.4,-10.7,-3.6,1.03,0.2,-0.04
10038,50.185,50.185,50.300107,0.001421,0,0,-0.3,-10.7,-4,1.03,0.2,-0.04
10039,50.19,50.19,50.306086,0.002399,0,0,-0.4,-10.8,-3,1.03,0.19,-0.04
10040,50.195,50.195,50.310018,0.001331,0,0,-0.4,-10.9,-2.9,1.03,0.19,-0.04
10041,50.2,50.2,50.315115,0.001428,0,0,-0.4,-10.9,-3.3,1.03,0.19,-0.04
10042,50.205,50.205,50.321157,0.00247,0,0,-0.4,-10.9,-3.4,1.04,0.19,-0.05
10043,50.21,50.21,50.326086,0.002399,0,0,-0.3,-10.7,-3,1.04,0.18,-0.04
10044,50.215,50.215,50.330017,0.001329,0,0,-0.1,-10.7,-2.7,1.04,0.17,-0.04
10045,50.22,50.22,50.335222,0.001535,0,0,-0.1,-10.8,-3,1.03,0.17,-0.04
10046,50.225,50.225,50.341107,0.00242,0,0,-0.2,-10.8,-3.2,1.04,0.18,-0.04
10047,50.23,50.230001,50.345031,0.001343,9.99999997475243e-07,0,-0.3,-10.8,-3.4,1.03,0.18,-0.04
10048,50.235,50.235,50.350352,0.001665,0,0,-0.2,-10.9,-3.3,1.04,0.18,-0.04
10049,50.24,50.24,50.356086,0.002398,0,0,-0.1,-10.7,-3.1,1.03,0.17,-0.04
10050,50.245,50.245001,50.360016,0.001329,9.99999997475243e-07,0,-0.2,-10.8,-3.8,1.03,0.19,-0.04
10051,50.25,50.25,50.365136,0.00145,0,0,-0.2,-10.8,-3,1.03,0.17,-0.03
10052,50.255,50.255,50.371132,0.002445,0,0,-0.3,-10.8,-3.1,1.03,0.18,-0.04
10053,50.26,50.26,50.37504,0.001352,0,0,-0.4,-10.8,-3.7,1.03,0.2,-0.04
10054,50.265,50.265,50.380071,0.001384,0,0,-0.5,-10.8,-4.5,1.02,0.2,-0.05
10055,50.27,50.27,50.386083,0.002395,0,0,-0.3,-10.8,-3.9,1.03,0.19,-0.05
10056,50.275,50.275,50.390119,0.001432,0,0,-0.3,-10.8,-3.1,1.04,0.18,-0.05
10057,50.28,50.28,50.395228,0.00154,0,0,-0.3,-10.9,-3.1,1.04,0.18,-0.05
10058,50.285,50.285001,50.401087,0.002398,9.99999997475243e-07,0,-0.4,-10.8,-3.5,1.03,0.19,-0.05
10059,50.29,50.29,50.406023,0.002336,0,0,-0.4,-10.7,-3.7,1.03,0.19,-0.04
10060,50.295,50.295,50.410005,0.001318,0,0,-0.2,-10.6,-3,1.04,0.18,-0.04
10061,50.3,50.300001,50.415128,0.001439,9.99999997475243e-07,0,-0.3,-10.6,-2.6,1.04,0.18,-0.04
10062,50.305,50.305,50.421337,0.00265,0,0,-0.3,-10.6,-2.8,1.04,0.18,-0.04
10063,50.31,50.31,50.425092,0.001405,0,0,-0.3,-10.7,-3.2,1.04,0.19,-0.04
10064,50.315,50.315,50.430358,0.001671,0,0,-0.2,-10.7,-3.1,1.04,0.18,-0.05
10065,50.32,50.32,50.436104,0.002417,0,0,-0.2,-10.7,-2.8,1.04,0.18,-0.04
10066,50.325,50.325,50.440021,0.001334,0,0,-0.3,-10.7,-2.7,1.04,0.18,-0.04
10067,50.33,50.33,50.445071,0.001384,0,0,-0.3,-10.8,-2.8,1.04,0.18,-0.04
10068,50.335,50.335,50.451131,0.002444,0,0,-0.2,-10.8,-3.2,1.03,0.18,-0.05
10069,50.34,50.34,50.456319,0.002631,0,0,-0.2,-10.7,-3.9,1.03,0.19,-0.05
10070,50.345,50.345,50.460072,0.001384,0,0,-0.5,-10.8,-4.2,1.03,0.2,-0.05
10071,50.35,50.35,50.466121,0.002434,0,0,-0.6,-10.8,-4.1,1.03,0.21,-0.05
10072,50.355,50.355001,50.470046,0.001358,9.99999997475243e-07,0,-0.4,-10.8,-3.7,1.04,0.2,-0.05
10073,50.36,50.36,50.475094,0.001407,0,0,-0.5,-10.9,-3.2,1.04,0.19,-0.04
10074,50.365,50.365,50.481092,0.002405,0,0,-0.3,-10.7,-3.4,1.03,0.19,-0.04
10075,50.37,50.370001,50.485019,0.001332,9.99999997475243e-07,0,-0.5,-10.8,-4.2,1.03,0.21,-0.05
10076,50.375,50.375001,50.490434,0.001745,9.99999997475243e-07,0,-0.4,-10.8,-4.1,1.03,0.21,-0.05
10077,50.38,50.38,50.496105,0.002418,0,0,-0.2,-10.8,-3.8,1.03,0.19,-0.05
10078,50.385,50.385,50.500057,0.00137,0,0,-0.3,-10.7,-3.2,1.03,0.18,-0.04
10079,50.39,50.39,50.505218,0.001531,0,0,-0.1,-10.7,-3.2,1.03,0.18,-0.04
10080,50.395,50.395001,50.511263,0.002576,9.99999997475243e-07,0,-0.2,-10.7,-3.6,1.03,0.18,-0.04
10081,50.4,50.4,50.515032,0.001345,0,0,-0.3,-10.7,-3.3,1.03,0.18,-0.04
10082,50.405,50.405,50.52004,0.001352,0,0,-0.3,-10.8,-3.8,1.03,0.2,-0.04
10083,50.41,50.410001,50.526114,0.002425,9.99999997475243e-07,0,-0.2,-10.8,-4,1.02,0.19,-0.04
10084,50.415,50.415,50.531061,0.002374,0,0,-0.3,-10.7,-3.8,1.02,0.19,-0.04
10085,50.42,50.42,50.53504,0.001352,0,0,-0.3,-10.7,-3.9,1.02,0.2,-0.04
10086,50.425,50.425001,50.541146,0.002458,9.99999997475243e-07,0,-0.1,-10.7,-3.6,1.02,0.19,-0.04
10087,50.43,50.43,50.546082,0.002395,0,0,-0.2,-10.7,-3,1.03,0.18,-0.04
10088,50.435,50.435,50.550026,0.001339,0,0,0,-10.7,-3.4,1.03,0.17,-0.04
10089,50.44,50.44,50.556155,0.002468,0,0,-0.2,-10.8,-3.9,1.03,0.19,-0.04
10090,50.445,50.445,50.561133,0.002447,0,0,-0.2,-10.7,-3.5,1.03,0.19,-0.04
10091,50.45,50.45,50.565034,0.001346,0,0,-0.3,-10.7,-3.5,1.03,0.2,-0.04
10092,50.455,50.455,50.571151,0.002464,0,0,-0.4,-10.8,-4,1.03,0.2,-0.04
10093,50.46,50.46,50.576092,0.002405,0,0,-0.3,-10.8,-3.3,1.04,0.19,-0.04
10094,50.465,50.465,50.580058,0.00137,0,0,-0.2,-10.7,-3.8,1.02,0.19,-0.04
10095,50.47,50.47,50.586042,0.002354,0,0,-0.3,-10.7,-3.7,1.03,0.19,-0.04
10096,50.475,50.475,50.591172,0.002484,0,0,-0.3,-10.8,-3.4,1.03,0.19,-0.04
10097,50.48,50.480001,50.595054,0.001367,9.99999997475243e-07,0,-0.3,-10.8,-3.5,1.03,0.2,-0.04
10098,50.485,50.485,50.601013,0.002326,0,0,-0.3,-10.7,-3.2,1.03,0.19,-0.04
10099,50.49,50.49,50.606084,0.002398,0,0,-0.3,-10.7,-3.9,1.02,0.2,-0.04
10100,50.495,50.495001,50.611032,0.002344,9.99999997475243e-07,0,-0.2,-10.7,-3.5,1.03,0.19,-0.04
10101,50.5,50.5,50.616082,0.002395,0,0,-0.4,-10.8,-3.8,1.03,0.21,-0.04
10102,50.505,50.505,50.62136,0.002674,0,0,-0.3,-10.7,-3.5,1.02,0.2,-0.04
10103,50.51,50.51,50.62611,0.002423,0,0,-0.4,-10.7,-3.8,1.02,0.2,-0.05
10104,50.515,50.515,50.630182,0.001495,0,0,-0.3,-10.7,-3.6,1.03,0.19,-0.05
10105,50.52,50.52,50.636088,0.002401,0,0,-0.4,-10.7,-3,1.04,0.18,-0.04
10106,50.525,50.525,50.641109,0.002422,0,0,-0.4,-10.8,-2.9,1.04,0.19,-0.04
10107,50.53,50.53,50.645024,0.001337,0,0,-0.4,-10.8,-3,1.04,0.19,-0.05
10108,50.535,50.535001,50.651096,0.002407,9.99999997475243e-07,0,-0.3,-10.7,-3.3,1.04,0.19,-0.05
10109,50.54,50.54,50.656126,0.002439,0,0,-0.2,-10.7,-3.1,1.03,0.19,-0.04
10110,50.545,50.545,50.660033,0.001346,0,0,-0.4,-10.7,-2.8,1.04,0.19,-0.04
10111,50.55,50.550001,50.666123,0.002435,9.99999997475243e-07,0,-0.5,-10.7,-3.2,1.03,0.2,-0.05
10112,50.555,50.555,50.670071,0.001384,0,0,-0.4,-10.8,-3.9,1.03,0.2,-0.05
10113,50.56,50.56,50.675184,0.001497,0,0,-0.2,-10.7,-3.9,1.02,0.2,-0.05
10114,50.565,50.565,50.681115,0.002429,0,0,-0.3,-10.7,-3.7,1.03,0.19,-0.05
10115,50.57,50.57,50.686035,0.002348,0,0,-0.2,-10.8,-3.3,1.03,0.19,-0.04
10116,50.575,50.575,50.690048,0.001361,0,0,-0.3,-10.8,-3.4,1.03,0.19,-0.05
10117,50.58,50.58,50.695187,0.0015,0,0,-0.2,-10.8,-3.5,1.03,0.19,-0.05
10118,50.585,50.585,50.701247,0.002561,0,0,-0.3,-10.7,-3,1.03,0.18,-0.04
10119,50.59,50.59,50.705108,0.00142,0,0,-0.2,-10.7,-3.3,1.03,0.19,-0.04
10120,50.595,50.595,50.710095,0.001408,0,0,-0.4,-10.7,-4.3,1.02,0.2,-0.05
10121,50.6,50.6,50.716112,0.002425,0,0,-0.3,-10.7,-3.7,1.03,0.19,-0.04
10122,50.605,50.605001,50.720041,0.001353,9.99999997475243e-07,0,-0.4,-10.8,-3.2,1.03,0.2,-0.04
10123,50.61,50.61,50.725142,0.001456,0,0,-0.3,-10.8,-3,1.03,0.19,-0.04
10124,50.615,50.615001,50.731204,0.002517,9.99999997475243e-07,0,-0.3,-10.9,-2.3,1.04,0.18,-0.04
10125,50.62,50.620001,50.736056,0.002368,9.99999997475243e-07,0,-0.3,-10.8,-2.7,1.04,0.18,-0.04
10126,50.625,50.625,50.740043,0.001356,0,0,-0.3,-10.8,-3,1.04,0.18,-0.04
10127,50.63,50.63,50.745278,0.001591,0,0,-0.4,-10.7,-2.8,1.04,0.18,-0.05
10128,50.635,50.635,50.751143,0.002457,0,0,-0.3,-10.6,-2.2,1.05,0.17,-0.04
10129,50.64,50.640001,50.755348,0.001661,9.99999997475243e-07,0,-0.4,-10.7,-2.6,1.05,0.18,-0.04
10130,50.645,50.645001,50.760808,0.002121,9.99999997475243e-07,0,-0.4,-10.8,-2.7,1.04,0.18,-0.04
10131,50.65,50.650001,50.766425,0.002736,1.00000000458067e-06,0,-0.3,-10.7,-2.6,1.04,0.17,-0.04
10132,50.655,50.655,50.770125,0.001439,0,0,-0.2,-10.8,-2.3,1.03,0.17,-0.04
10133,50.66,50.660001,50.77607,0.002381,9.99999997475243e-07,0,-0.2,-10.8,-2.5,1.04,0.18,-0.04
10134,50.665,50.665,50.780047,0.001359,0,0,-0.3,-10.8,-2.9,1.04,0.18,-0.05
10135,50.67,50.67,50.78606,0.002372,0,0,-0.3,-10.8,-3.2,1.03,0.18,-0.05
10136,50.675,50.675001,50.791168,0.002479,9.99999997475243e-07,0,-0.2,-10.8,-2.6,1.03,0.18,-0.05
10137,50.68,50.68,50.795046,0.001359,0,0,-0.2,-10.7,-2.4,1.03,0.18,-0.04
10138,50.685,50.685,50.801038,0.002351,0,0,-0.2,-10.8,-3,1.03,0.18,-0.04
10139,50.69,50.69,50.806062,0.002375,0,0,-0.2,-10.8,-2.9,1.03,0.18,-0.04
10140,50.695,50.695,50.810019,0.001332,0,0,-0.2,-10.8,-2.8,1.04,0.18,-0.04
10141,50.7,50.7,50.815097,0.00141,0,0,-0.3,-10.8,-2.8,1.03,0.19,-0.04
10142,50.705,50.705,50.821087,0.0024,0,0,-0.5,-10.8,-2.6,1.04,0.19,-0.04
10143,50.71,50.71,50.826099,0.002413,0,0,-0.4,-10.8,-3.2,1.04,0.2,-0.04
10144,50.715,50.715,50.830031,0.001343,0,0,-0.4,-10.6,-2.9,1.04,0.19,-0.04
10145,50.72,50.72,50.836104,0.002417,0,0,-0.3,-10.7,-2.9,1.03,0.19,-0.05
10146,50.725,50.725,50.841058,0.002371,0,0,-0.3,-10.6,-3,1.04,0.18,-0.04
10147,50.73,50.730001,50.845024,0.001336,9.99999997475243e-07,0,-0.2,-10.6,-2.9,1.04,0.17,-0.04
10148,50.735,50.735,50.851113,0.002427,0,0,-0.2,-10.8,-2.9,1.04,0.17,-0.04
10149,50.74,50.74,50.855091,0.001405,0,0,-0.1,-10.8,-2.8,1.03,0.18,-0.04
10150,50.745,50.745001,50.8601,0.001413,9.99999997475243e-07,0,-0.1,-10.7,-3.4,1.03,0.18,-0.04
10151,50.75,50.75,50.865209,0.001522,0,0,-0.2,-10.7,-3,1.04,0.18,-0.04
10152,50.755,50.755,50.87116,0.002473,0,0,-0.1,-10.8,-3.1,1.03,0.17,-0.04
10153,50.76,50.76,50.87506,0.001373,0,0,-0.2,-10.6,-2.7,1.03,0.17,-0.04
10154,50.765,50.765,50.880125,0.001438,0,0,-0.3,-10.8,-2.9,1.03,0.19,-0.04
10155,50.77,50.77,50.886062,0.002376,0,0,-0.3,-10.8,-2.6,1.03,0.18,-0.04
10156,50.775,50.775,50.890131,0.001443,0,0,-0.4,-10.8,-2.8,1.03,0.19,-0.04
10157,50.78,50.78,50.895095,0.001408,0,0,-0.3,-10.8,-2.7,1.03,0.18,-0.04
10158,50.785,50.785001,50.90105,0.002362,9.99999997475243e-07,0,-0.2,-10.8,-3.7,1.03,0.19,-0.04
10159,50.79,50.79,50.906081,0.002394,0,0,-0.3,-10.8,-3.4,1.03,0.19,-0.04
10160,50.795,50.795,50.909999,0.001312,0,0,-0.4,-10.8,-3.2,1.03,0.2,-0.04
10161,50.8,50.800001,50.915144,0.001456,9.99999997475243e-07,0,-0.3,-10.8,-3.2,1.03,0.2,-0.04
10162,50.805,50.805,50.921268,0.00258,0,0,-0.3,-10.9,-3,1.03,0.19,-0.04
10163,50.81,50.81,50.925088,0.0014,0,0,-0.5,-10.9,-3.3,1.03,0.2,-0.05
10164,50.815,50.815001,50.930531,0.001845,1.00000000458067e-06,0,-0.4,-10.9,-3.6,1.03,0.2,-0.05
10165,50.82,50.820001,50.935643,0.001957,9.99999997475243e-07,0,-0.3,-10.8,-2.7,1.04,0.18,-0.04
10166,50.825,50.825002,50.941414,0.002725,1.99999999495049e-06,0,-0.4,-10.8,-2.1,1.04,0.17,-0.04
10167,50.83,50.830001,50.945285,0.001598,1.00000000458067e-06,0,-0.4,-10.8,-2.6,1.04,0.18,-0.04
10168,50.835,50.835001,50.950722,0.002035,9.99999997475243e-07,0,-0.4,-10.7,-3,1.04,0.18,-0.05
10169,50.84,50.84,50.95629,0.002602,0,0,-0.3,-10.7,-3.1,1.04,0.18,-0.05
10170,50.845,50.845,50.960056,0.001368,0,0,-0.1,-10.7,-3,1.03,0.18,-0.04
10171,50.85,50.85,50.966053,0.002366,0,0,-0.3,-10.7,-3.4,1.03,0.2,-0.04
10172,50.855,50.855001,50.971099,0.002412,9.99999997475243e-07,0,-0.2,-10.8,-3,1.04,0.18,-0.04
10173,50.86,50.86,50.975041,0.001354,0,0,-0.2,-10.8,-3.2,1.03,0.18,-0.05
10174,50.865,50.865,50.98013,0.001442,0,0,-0.3,-10.7,-3.3,1.03,0.18,-0.04
10175,50.87,50.870001,50.986064,0.002377,9.99999997475243e-07,0,-0.5,-10.8,-3.1,1.04,0.19,-0.05
10176,50.875,50.875,50.991105,0.002419,0,0,-0.5,-10.8,-3.2,1.04,0.2,-0.04
10177,50.88,50.88,50.995069,0.001381,0,0,-0.4,-10.7,-3.4,1.03,0.2,-0.04
10178,50.885,50.885,51.001085,0.002398,0,0,-0.3,-10.8,-3.3,1.03,0.19,-0.04
10179,50.89,50.89,51.006068,0.002381,0,0,-0.3,-10.8,-3.1,1.04,0.19,-0.04
10180,50.895,50.895,51.010041,0.001354,0,0,-0.3,-10.6,-2.9,1.04,0.18,-0.04
10181,50.9,50.9,51.016069,0.002382,0,0,-0.4,-10.8,-2.8,1.04,0.19,-0.04
10182,50.905,50.905,51.020062,0.001375,0,0,-0.4,-10.8,-3.3,1.03,0.19,-0.04
10183,50.91,50.910003,51.025605,0.001915,2.99999999953116e-06,0,-0.3,-10.8,-3.4,1.03,0.19,-0.04
10184,50.915,50.915001,51.030635,0.001949,9.99999997475243e-07,0,-0.4,-10.8,-3.2,1.04,0.19,-0.04
10185,50.92,50.920002,51.036607,0.00292,1.99999999495049e-06,0,-0.4,-10.7,-2.9,1.04,0.19,-0.04
10186,50.925,50.925002,51.040346,0.001656,1.99999999495049e-06,0,-0.3,-10.8,-3.1,1.04,0.19,-0.04
10187,50.93,50.930002,51.045653,0.001966,2.00000000205591e-06,0,-0.4,-10.8,-2.8,1.04,0.19,-0.04
10188,50.935,50.935002,51.051495,0.002806,1.99999999495049e-06,0,-0.4,-10.8,-3.1,1.04,0.19,-0.05
10189,50.94,50.94,51.055276,0.001589,0,0,-0.4,-10.9,-2.7,1.04,0.18,-0.04
10190,50.945,50.945,51.060171,0.001485,0,0,-0.4,-10.8,-3,1.04,0.19,-0.04
10191,50.95,50.95,51.066235,0.002548,0,0,-0.5,-10.9,-2.9,1.04,0.2,-0.04
10192,50.955,50.955,51.070179,0.001492,0,0,-0.6,-10.9,-3.4,1.03,0.21,-0.04
10193,50.96,50.960001,51.07528,0.001592,9.99999997475243e-07,0,-0.6,-10.9,-2.7,1.04,0.2,-0.04
10194,50.965,50.965,51.081064,0.002376,0,0,-0.4,-10.9,-3.1,1.04,0.2,-0.04
10195,50.97,50.97,51.085008,0.001321,0,0,-0.3,-10.9,-2.8,1.03,0.2,-0.04
10196,50.975,50.975,51.090269,0.001581,0,0,-0.4,-10.8,-3,1.03,0.19,-0.04
10197,50.98,50.980001,51.09605,0.002362,9.99999997475243e-07,0,-0.3,-10.8,-3.1,1.03,0.19,-0.04
10198,50.985,50.985,51.100092,0.001405,0,0,-0.3,-10.8,-3.3,1.03,0.18,-0.04
10199,50.99,50.99,51.105126,0.001438,0,0,-0.2,-10.8,-3,1.03,0.18,-0.04
10200,50.995,50.995001,51.11122,0.002532,9.99999997475243e-07,0,-0.2,-10.8,-3,1.03,0.19,-0.04
10201,51,51,51.11614,0.002453,0,0,-0.3,-10.8,-3,1.03,0.2,-0.04
10202,51.005,51.005,51.120041,0.001354,0,0,-0.2,-10.7,-3.2,1.03,0.19,-0.04
10203,51.01,51.01,51.126153,0.002466,0,0,-0.4,-10.7,-3.1,1.03,0.19,-0.04
10204,51.015,51.015,51.131042,0.002356,0,0,-0.4,-10.7,-3.7,1.03,0.21,-0.04
10205,51.02,51.02,51.135038,0.00135,0,0,-0.4,-10.7,-2.6,1.04,0.19,-0.03
10206,51.025,51.025,51.141101,0.002415,0,0,-0.3,-10.7,-2.3,1.04,0.18,-0.04
10207,51.03,51.03,51.146127,0.002441,0,0,-0.4,-10.7,-2.5,1.04,0.19,-0.04
10208,51.035,51.035001,51.150065,0.001377,9.99999997475243e-07,0,-0.5,-10.8,-2.1,1.05,0.19,-0.04
10209,51.04,51.04,51.155632,0.001944,0,0,-0.5,-10.8,-2.1,1.05,0.19,-0.04
10210,51.045,51.045,51.16117,0.002483,0,0,-0.4,-10.9,-2,1.04,0.18,-0.04
10211,51.05,51.050001,51.165071,0.001383,9.99999997475243e-07,0,-0.4,-10.8,-2.5,1.04,0.18,-0.04
10212,51.055,51.055,51.170073,0.001386,0,0,-0.3,-10.7,-3,1.03,0.18,-0.04
10213,51.06,51.06,51.176277,0.002589,0,0,-0.3,-10.8,-3.2,1.03,0.18,-0.05
10214,51.065,51.065,51.180076,0.001389,0,0,-0.5,-10.9,-3.5,1.03,0.19,-0.05
10215,51.07,51.07,51.185063,0.001376,0,0,-0.4,-10.9,-3,1.03,0.19,-0.05
10216,51.075,51.075,51.190337,0.001649,0,0,-0.6,-10.8,-3.2,1.04,0.2,-0.05
10217,51.08,51.08,51.196079,0.002392,0,0,-0.6,-10.9,-2.9,1.04,0.2,-0.05
10218,51.085,51.085,51.200084,0.001397,0,0,-0.4,-10.8,-2.8,1.04,0.19,-0.04
10219,51.09,51.09,51.205287,0.0016,0,0,-0.4,-10.8,-2.6,1.04,0.18,-0.04
10220,51.095,51.095,51.211083,0.002396,0,0,-0.4,-10.7,-1.9,1.04,0.17,-0.03
10221,51.1,51.1,51.215013,0.001325,0,0,-0.4,-10.8,-2.3,1.04,0.18,-0.04
10222,51.105,51.105001,51.220214,0.001525,9.99999997475243e-07,0,-0.5,-10.7,-2.7,1.04,0.19,-0.04
10223,51.11,51.110002,51.225883,0.002195,2.00000000205591e-06,0,-0.4,-10.7,-2.4,1.04,0.18,-0.03
10224,51.115,51.115,51.231431,0.002743,0,0,-0.3,-10.7,-3,1.03,0.19,-0.04
10225,51.12,51.120001,51.2352,0.001512,9.99999997475243e-07,0,-0.3,-10.7,-3,1.04,0.18,-0.04
10226,51.125,51.125,51.241273,0.002586,0,0,-0.4,-10.8,-2.7,1.04,0.19,-0.04
10227,51.13,51.130003,51.245113,0.001422,2.99999999953116e-06,0,-0.3,-10.8,-2.9,1.04,0.18,-0.04
10228,51.135,51.135,51.250092,0.001405,0,0,-0.4,-10.8,-3.1,1.04,0.2,-0.04
10229,51.14,51.14,51.256208,0.002521,0,0,-0.3,-10.7,-2.8,1.04,0.19,-0.04
10230,51.145,51.145,51.260029,0.001342,0,0,-0.3,-10.7,-3.1,1.04,0.19,-0.04
10231,51.15,51.15,51.26505,0.001363,0,0,-0.3,-10.7,-3,1.04,0.18,-0.05
10232,51.155,51.155,51.271079,0.002392,0,0,-0.3,-10.7,-3.3,1.04,0.19,-0.04
10233,51.16,51.160001,51.27605,0.002362,9.99999997475243e-07,0,-0.4,-10.8,-3.1,1.04,0.2,-0.04
10234,51.165,51.165,51.280041,0.001353,0,0,-0.2,-10.8,-3,1.03,0.18,-0.04
10235,51.17,51.17,51.286016,0.002329,0,0,-0.4,-10.8,-3.1,1.04,0.19,-0.04
10236,51.175,51.175001,51.291107,0.002419,9.99999997475243e-07,0,-0.4,-10.8,-3.2,1.04,0.19,-0.04
10237,51.18,51.18,51.295041,0.001354,0,0,-0.3,-10.8,-3.1,1.03,0.18,-0.04
10238,51.185,51.185,51.301092,0.002406,0,0,-0.3,-10.8,-3.7,1.03,0.2,-0.04
10239,51.19,51.19,51.305035,0.001348,0,0,-0.5,-10.8,-3.7,1.03,0.2,-0.04
10240,51.195,51.195,51.310086,0.001399,0,0,-0.4,-10.8,-3.1,1.03,0.19,-0.04
10241,51.2,51.2,51.315296,0.001609,0,0,-0.3,-10.8,-3.1,1.04,0.19,-0.04
10242,51.205,51.205,51.321177,0.002491,0,0,-0.2,-10.8,-2.3,1.04,0.17,-0.04
10243,51.21,51.21,51.325096,0.001409,0,0,-0.3,-10.8,-1.7,1.05,0.17,-0.04
10244,51.215,51.215,51.331031,0.002344,0,0,-0.4,-10.8,-2.1,1.05,0.18,-0.04
10245,51.22,51.22,51.336078,0.002391,0,0,-0.4,-10.8,-2.2,1.05,0.18,-0.04
10246,51.225,51.225,51.340106,0.001419,0,0,-0.3,-10.8,-2.8,1.04,0.18,-0.04
10247,51.23,51.230001,51.34513,0.001441,9.99999997475243e-07,0,-0.2,-10.8,-3.2,1.03,0.18,-0.05
10248,51.235,51.235,51.351093,0.002405,0,0,-0.4,-10.8,-3.4,1.04,0.19,-0.05
10249,51.24,51.24,51.356116,0.002429,0,0,-0.5,-10.8,-3.9,1.03,0.2,-0.05
10250,51.245,51.245001,51.360046,0.001358,9.99999997475243e-07,0,-0.3,-10.8,-3.5,1.02,0.19,-0.04
10251,51.25,51.25,51.366026,0.002339,0,0,-0.2,-10.8,-3.7,1.02,0.19,-0.04
10252,51.255,51.255,51.371177,0.00249,0,0,-0.2,-10.8,-3.9,1.02,0.19,-0.05
10253,51.26,51.26,51.37503,0.001342,0,0,-0.2,-10.8,-3.3,1.03,0.18,-0.05
10254,51.265,51.265,51.380075,0.001388,0,0,-0.2,-10.9,-2.8,1.03,0.18,-0.04
10255,51.27,51.27,51.38608,0.002392,0,0,-0.2,-10.8,-3.1,1.03,0.18,-0.04
10256,51.275,51.275,51.39108,0.002392,0,0,-0.2,-10.8,-3.2,1.03,0.18,-0.04
10257,51.28,51.28,51.395024,0.001337,0,0,-0.2,-10.7,-2.9,1.04,0.17,-0.04
10258,51.285,51.285001,51.400194,0.001506,9.99999997475243e-07,0,-0.1,-10.7,-2.2,1.04,0.16,-0.04
10259,51.29,51.29,51.406086,0.002399,0,0,-0.1,-10.7,-2.8,1.03,0.17,-0.04
10260,51.295,51.295,51.410031,0.001344,0,0,-0.2,-10.7,-3.2,1.03,0.18,-0.04
10261,51.3,51.300001,51.415083,0.001395,9.99999997475243e-07,0,-0.1,-10.8,-2.4,1.04,0.17,-0.04
10262,51.305,51.305,51.421218,0.002532,0,0,0,-10.8,-2,1.04,0.17,-0.03
10263,51.31,51.31,51.425086,0.0014,0,0,-0.1,-10.8,-2.8,1.04,0.17,-0.04
10264,51.315,51.315002,51.430533,0.001844,2.00000000205591e-06,0,-0.2,-10.8,-2.6,1.04,0.17,-0.04
10265,51.32,51.320002,51.435656,0.001962,2.00000000205591e-06,0,-0.3,-10.8,-2.6,1.04,0.18,-0.04
10266,51.325,51.325,51.441254,0.002568,0,0,-0.3,-10.8,-3.2,1.03,0.19,-0.05
10267,51.33,51.33,51.445076,0.001389,0,0,-0.3,-10.8,-3.4,1.03,0.19,-0.05
10268,51.335,51.335,51.45113,0.002443,0,0,-0.3,-10.8,-2.9,1.04,0.19,-0.04
10269,51.34,51.34,51.456174,0.002488,0,0,-0.4,-10.8,-3.3,1.03,0.19,-0.04
10270,51.345,51.345,51.460042,0.001355,0,0,-0.3,-10.8,-3,1.03,0.18,-0.04
10271,51.35,51.35,51.465131,0.001445,0,0,-0.3,-10.7,-2.9,1.03,0.18,-0.04
10272,51.355,51.355001,51.47112,0.002431,9.99999997475243e-07,0,-0.2,-10.8,-2,1.04,0.16,-0.04
10273,51.36,51.36,51.475044,0.001357,0,0,-0.2,-10.8,-2.3,1.04,0.17,-0.04
10274,51.365,51.365,51.480083,0.001397,0,0,-0.4,-10.8,-2.2,1.04,0.17,-0.04
10275,51.37,51.370001,51.486059,0.002371,9.99999997475243e-07,0,-0.2,-10.7,-2.2,1.04,0.16,-0.04
10276,51.375,51.375,51.491089,0.002402,0,0,-0.4,-10.8,-2.6,1.04,0.18,-0.04
10277,51.38,51.38,51.495222,0.001535,0,0,-0.4,-10.7,-2.8,1.04,0.18,-0.04
10278,51.385,51.385,51.501059,0.002372,0,0,-0.4,-10.7,-2.9,1.04,0.18,-0.04
10279,51.39,51.39,51.506095,0.002408,0,0,-0.4,-10.7,-2.8,1.04,0.18,-0.05
10280,51.395,51.395,51.51002,0.001333,0,0,-0.4,-10.8,-2.8,1.04,0.18,-0.05
10281,51.4,51.4,51.515346,0.001659,0,0,-0.2,-10.7,-2.6,1.04,0.17,-0.04
10282,51.405,51.405,51.521214,0.002527,0,0,0,-10.7,-2.5,1.03,0.17,-0.04
10283,51.41,51.410001,51.525095,0.001407,9.99999997475243e-07,0,-0.1,-10.7,-2.5,1.04,0.18,-0.04
10284,51.415,51.415,51.530091,0.001404,0,0,-0.2,-10.7,-2.9,1.04,0.19,-0.04
10285,51.42,51.42,51.53608,0.002393,0,0,-0.2,-10.7,-2.5,1.04,0.18,-0.04
10286,51.425,51.425001,51.541158,0.002471,9.99999997475243e-07,0,-0.1,-10.6,-2.5,1.04,0.17,-0.03
10287,51.43,51.43,51.545032,0.001345,0,0,-0.3,-10.7,-2.6,1.04,0.18,-0.03
10288,51.435,51.435,51.551097,0.00241,0,0,-0.3,-10.7,-2.7,1.05,0.18,-0.04
10289,51.44,51.44,51.556092,0.002405,0,0,-0.3,-10.8,-3.2,1.04,0.18,-0.05
10290,51.445,51.445,51.560079,0.001392,0,0,-0.3,-10.7,-2.7,1.04,0.17,-0.05
10291,51.45,51.45,51.565313,0.001626,0,0,-0.2,-10.7,-2.7,1.04,0.17,-0.04
10292,51.455,51.455,51.571135,0.002448,0,0,-0.4,-10.7,-3.1,1.04,0.18,-0.04
10293,51.46,51.46,51.575036,0.001348,0,0,-0.5,-10.8,-2.8,1.04,0.19,-0.04
10294,51.465,51.465,51.580099,0.001413,0,0,-0.4,-10.8,-3.4,1.04,0.19,-0.05
10295,51.47,51.47,51.586139,0.002452,0,0,-0.3,-10.8,-2.6,1.04,0.18,-0.04
10296,51.475,51.475,51.591072,0.002385,0,0,-0.4,-10.6,-3.3,1.03,0.18,-0.04
10297,51.48,51.480001,51.595038,0.00135,9.99999997475243e-07,0,-0.4,-10.6,-2.7,1.03,0.18,-0.04
10298,51.485,51.485001,51.601054,0.002366,9.99999997475243e-07,0,-0.4,-10.8,-2.9,1.03,0.19,-0.04
10299,51.49,51.49,51.606022,0.002335,0,0,-0.5,-10.9,-2.6,1.04,0.19,-0.04
10300,51.495,51.495001,51.610227,0.00154,9.99999997475243e-07,0,-0.6,-10.8,-2.6,1.04,0.2,-0.04
10301,51.5,51.5,51.615116,0.001429,0,0,-0.4,-10.8,-2.5,1.04,0.19,-0.04
10302,51.505,51.505,51.621053,0.002366,0,0,-0.3,-10.9,-2.6,1.04,0.19,-0.04
10303,51.51,51.51,51.625079,0.001392,0,0,-0.3,-10.9,-2.9,1.04,0.19,-0.04
10304,51.515,51.515,51.630085,0.001398,0,0,-0.3,-10.8,-3.1,1.03,0.19,-0.04
10305,51.52,51.52,51.636028,0.002341,0,0,-0.2,-10.8,-2.8,1.03,0.18,-0.04
10306,51.525,51.525,51.641096,0.002408,0,0,-0.1,-10.8,-3.4,1.03,0.18,-0.04
10307,51.53,51.53,51.645038,0.001351,0,0,-0.1,-10.7,-3.6,1.03,0.19,-0.04
10308,51.535,51.535001,51.650114,0.001427,9.99999997475243e-07,0,-0.1,-10.8,-2.3,1.05,0.17,-0.04
10309,51.54,51.54,51.656194,0.002507,0,0,-0.1,-10.8,-2.8,1.04,0.18,-0.04
10310,51.545,51.545,51.660077,0.00139,0,0,-0.3,-10.7,-2.7,1.04,0.18,-0.04
10311,51.55,51.550001,51.665085,0.001397,9.99999997475243e-07,0,-0.3,-10.7,-2.9,1.04,0.18,-0.04
10312,51.555,51.555,51.6711,0.002413,0,0,-0.3,-10.8,-3.3,1.04,0.19,-0.05
10313,51.56,51.56,51.676035,0.002348,0,0,-0.2,-10.7,-3.4,1.04,0.18,-0.05
10314,51.565,51.565,51.680125,0.001438,0,0,-0.1,-10.6,-3.1,1.03,0.18,-0.04
10315,51.57,51.57,51.685376,0.001689,0,0,-0.1,-10.6,-2.7,1.04,0.17,-0.04
10316,51.575,51.575,51.691267,0.002579,0,0,-0.3,-10.8,-2.6,1.04,0.18,-0.04
10317,51.58,51.58,51.695053,0.001366,0,0,-0.3,-10.8,-2.4,1.04,0.18,-0.04
10318,51.585,51.585,51.700138,0.001451,0,0,-0.4,-10.9,-2.6,1.04,0.19,-0.04
10319,51.59,51.59,51.705325,0.001638,0,0,-0.6,-10.8,-3.1,1.04,0.19,-0.04
10320,51.595,51.595,51.711054,0.002367,0,0,-0.6,-10.8,-3.5,1.04,0.21,-0.05
10321,51.6,51.6,51.715023,0.001336,0,0,-0.5,-10.9,-3.3,1.03,0.21,-0.05
10322,51.605,51.605001,51.720132,0.001444,9.99999997475243e-07,0,-0.4,-10.8,-2.9,1.03,0.19,-0.04
10323,51.61,51.61,51.726109,0.002422,0,0,-0.3,-10.8,-3.3,1.03,0.19,-0.04
10324,51.615,51.615,51.731048,0.002361,0,0,-0.3,-10.9,-3.1,1.03,0.19,-0.04
10325,51.62,51.620002,51.73553,0.001841,1.99999999495049e-06,0,-0.4,-10.8,-3.4,1.04,0.19,-0.04
10326,51.625,51.625001,51.740743,0.002056,9.99999997475243e-07,0,-0.2,-10.7,-3.1,1.04,0.18,-0.05
10327,51.63,51.63,51.746435,0.002747,0,0,-0.3,-10.7,-3.2,1.04,0.19,-0.04
10328,51.635,51.635,51.750019,0.001332,0,0,-0.4,-10.7,-2.9,1.04,0.19,-0.04
10329,51.64,51.64,51.75618,0.002494,0,0,-0.4,-10.8,-2.7,1.04,0.19,-0.04
10330,51.645,51.645,51.761101,0.002414,0,0,-0.3,-10.8,-2.2,1.05,0.18,-0.04
10331,51.65,51.65,51.765024,0.001337,0,0,-0.4,-10.9,-2.7,1.04,0.19,-0.04
10332,51.655,51.655,51.770281,0.001594,0,0,-0.5,-11,-2.7,1.05,0.19,-0.04
10333,51.66,51.660001,51.776129,0.002441,9.99999997475243e-07,0,-0.4,-10.9,-2.9,1.04,0.18,-0.05
10334,51.665,51.665,51.780021,0.001334,0,0,-0.3,-10.8,-3,1.04,0.18,-0.04
10335,51.67,51.67,51.785186,0.001499,0,0,-0.2,-10.8,-2.3,1.04,0.16,-0.04
10336,51.675,51.675001,51.791225,0.002536,9.99999997475243e-07,0,-0.3,-10.9,-2.8,1.04,0.18,-0.04
10337,51.68,51.68,51.796176,0.002488,0,0,-0.3,-10.9,-1.8,1.05,0.18,-0.04
10338,51.685,51.685,51.800002,0.001315,0,0,-0.3,-10.9,-1.7,1.05,0.17,-0.04
10339,51.69,51.69,51.806146,0.00246,0,0,-0.3,-10.9,-2.2,1.04,0.18,-0.04
10340,51.695,51.695,51.811044,0.002357,0,0,-0.3,-10.8,-2.2,1.04,0.18,-0.04
10341,51.7,51.7,51.815004,0.001317,0,0,-0.3,-10.8,-2.7,1.03,0.19,-0.04
10342,51.705,51.705,51.820166,0.001479,0,0,-0.3,-10.7,-2.8,1.03,0.18,-0.04
10343,51.71,51.71,51.826255,0.002567,0,0,-0.3,-10.8,-3.2,1.03,0.18,-0.04
10344,51.715,51.715,51.8301,0.001413,0,0,-0.3,-10.8,-2.7,1.04,0.18,-0.04
10345,51.72,51.72,51.835155,0.001468,0,0,-0.5,-10.8,-3.1,1.03,0.19,-0.04
10346,51.725,51.725,51.841137,0.00245,0,0,-0.4,-10.8,-3.1,1.03,0.19,-0.04
10347,51.73,51.730001,51.845076,0.001388,9.99999997475243e-07,0,-0.3,-10.6,-2.8,1.03,0.18,-0.04
10348,51.735,51.735,51.850105,0.001418,0,0,-0.5,-10.7,-2.6,1.03,0.18,-0.04
10349,51.74,51.74,51.855605,0.001918,0,0,-0.4,-10.8,-2.7,1.03,0.19,-0.04
10350,51.745,51.745001,51.86113,0.002442,9.99999997475243e-07,0,-0.5,-10.8,-2.8,1.04,0.19,-0.04
10351,51.75,51.75,51.865027,0.00134,0,0,-0.5,-10.8,-2.8,1.04,0.2,-0.04
10352,51.755,51.755,51.870468,0.001781,0,0,-0.5,-10.8,-3.1,1.03,0.19,-0.04
10353,51.76,51.760001,51.876353,0.002665,1.00000000458067e-06,0,-0.4,-10.7,-2.6,1.04,0.18,-0.04
10354,51.765,51.765,51.880107,0.00142,0,0,-0.3,-10.8,-3.2,1.04,0.19,-0.04
10355,51.77,51.77,51.885163,0.001476,0,0,-0.3,-10.8,-2.4,1.05,0.18,-0.04
10356,51.775,51.775,51.891262,0.002574,0,0,-0.4,-10.8,-2.9,1.04,0.18,-0.04
10357,51.78,51.78,51.895051,0.001365,0,0,-0.3,-10.8,-2.1,1.04,0.18,-0.04
10358,51.785,51.785001,51.900101,0.001414,9.99999997475243e-07,0,-0.1,-10.7,-2.3,1.04,0.17,-0.04
10359,51.79,51.79,51.906114,0.002427,0,0,-0.2,-10.7,-2.8,1.04,0.18,-0.04
10360,51.795,51.795,51.9112,0.002514,0,0,-0.2,-10.7,-2.7,1.04,0.18,-0.04
10361,51.8,51.800001,51.915052,0.001363,9.99999997475243e-07,0,-0.1,-10.7,-2.7,1.03,0.18,-0.04
10362,51.805,51.805,51.921191,0.002503,0,0,-0.2,-10.7,-2.9,1.04,0.18,-0.04
10363,51.81,51.81,51.926142,0.002455,0,0,-0.2,-10.7,-3.1,1.03,0.18,-0.04
10364,51.815,51.815,51.930036,0.001349,0,0,-0.3,-10.7,-3.2,1.03,0.19,-0.04
10365,51.82,51.82,51.935139,0.001452,0,0,-0.3,-10.7,-2.6,1.03,0.18,-0.04
10366,51.825,51.825,51.941156,0.002468,0,0,-0.3,-10.6,-2.7,1.03,0.18,-0.04
10367,51.83,51.83,51.945047,0.00136,0,0,-0.3,-10.7,-2.8,1.03,0.18,-0.04
10368,51.835,51.835,51.950167,0.001481,0,0,-0.4,-10.7,-3.2,1.03,0.2,-0.04
10369,51.84,51.84,51.9563,0.002613,0,0,-0.4,-10.8,-3.4,1.03,0.2,-0.04
10370,51.845,51.845,51.960045,0.001357,0,0,-0.4,-10.7,-3,1.03,0.19,-0.04
10371,51.85,51.85,51.965074,0.001387,0,0,-0.4,-10.7,-2.7,1.04,0.18,-0.04
10372,51.855,51.855001,51.971165,0.002477,9.99999997475243e-07,0,-0.5,-10.8,-3.5,1.04,0.2,-0.05
10373,51.86,51.86,51.975075,0.001387,0,0,-0.4,-10.9,-3.2,1.04,0.2,-0.04
10374,51.865,51.865,51.980071,0.001385,0,0,-0.3,-10.9,-2.6,1.03,0.19,-0.04
10375,51.87,51.870001,51.986116,0.002429,9.99999997475243e-07,0,-0.2,-10.8,-3,1.03,0.19,-0.04
10376,51.875,51.875,51.991102,0.002415,0,0,-0.3,-10.9,-3.2,1.03,0.19,-0.04
10377,51.88,51.88,51.995025,0.001338,0,0,-0.2,-10.8,-2.5,1.04,0.18,-0.04
10378,51.885,51.885,52.000328,0.001642,0,0,-0.3,-10.8,-2.1,1.04,0.18,-0.04
10379,51.89,51.89,52.006216,0.002528,0,0,-0.4,-10.8,-3.4,1.03,0.19,-0.04
10380,51.895,51.895,52.010038,0.001351,0,0,-0.3,-10.8,-3.2,1.03,0.19,-0.04
10381,51.9,51.9,52.016102,0.002415,0,0,-0.2,-10.9,-3.2,1.03,0.2,-0.04
10382,51.905,51.905,52.021095,0.002408,0,0,-0.2,-10.8,-3.6,1.03,0.2,-0.04
10383,51.91,51.910001,52.025069,0.001381,9.99999997475243e-07,0,-0.3,-10.9,-3.6,1.03,0.2,-0.04
10384,51.915,51.915,52.030156,0.001469,0,0,-0.2,-10.8,-3.7,1.03,0.19,-0.04
10385,51.92,51.92,52.036105,0.002418,0,0,-0.3,-10.9,-2.8,1.04,0.19,-0.04
10386,51.925,51.925001,52.040044,0.001355,9.99999997475243e-07,0,-0.3,-10.8,-3,1.03,0.18,-0.04
10387,51.93,51.93,52.045085,0.001398,0,0,-0.3,-10.8,-3.1,1.03,0.19,-0.04
10388,51.935,51.935,52.051015,0.002328,0,0,-0.3,-10.8,-3,1.03,0.19,-0.04
10389,51.94,51.94,52.055086,0.001399,0,0,-0.3,-10.8,-2.8,1.04,0.18,-0.04
10390,51.945,51.945,52.060171,0.001485,0,0,-0.4,-10.9,-2.7,1.04,0.18,-0.04
10391,51.95,51.95,52.06602,0.002333,0,0,-0.4,-10.8,-2.9,1.03,0.18,-0.04
10392,51.955,51.955,52.070008,0.001321,0,0,-0.4,-10.8,-3,1.03,0.18,-0.04
10393,51.96,51.96,52.075075,0.001388,0,0,-0.2,-10.7,-2.7,1.03,0.17,-0.04
10394,51.965,51.965,52.081065,0.002379,0,0,-0.2,-10.7,-3.2,1.04,0.17,-0.04
10395,51.97,51.97,52.084992,0.001305,0,0,-0.4,-10.7,-3.6,1.03,0.19,-0.04
10396,51.975,51.975,52.090091,0.001404,0,0,-0.3,-10.6,-3.4,1.03,0.19,-0.04
10397,51.98,51.980001,52.096041,0.002352,9.99999997475243e-07,0,-0.4,-10.7,-3.5,1.03,0.19,-0.05
10398,51.985,51.985,52.100125,0.001439,0,0,-0.3,-10.7,-3.1,1.03,0.18,-0.04
10399,51.99,51.99,52.105096,0.00141,0,0,-0.3,-10.7,-3,1.04,0.18,-0.04
10400,51.995,51.995001,52.111124,0.002436,9.99999997475243e-07,0,-0.2,-10.8,-2.7,1.04,0.17,-0.04
10401,52,52,52.115038,0.00135,0,0,-0.3,-10.8,-2.5,1.04,0.18,-0.04
10402,52.005,52.005,52.120037,0.00135,0,0,-0.3,-10.8,-2.8,1.03,0.19,-0.04
10403,52.01,52.01,52.126285,0.002598,0,0,-0.4,-10.8,-3.3,1.03,0.2,-0.04
10404,52.015,52.015001,52.131058,0.00237,9.99999997475243e-07,0,-0.5,-10.8,-2.8,1.04,0.19,-0.04
10405,52.02,52.02,52.135061,0.001375,0,0,-0.4,-10.7,-2.9,1.04,0.19,-0.04
10406,52.025,52.025,52.141346,0.002658,0,0,-0.4,-10.8,-2.5,1.04,0.18,-0.04
10407,52.03,52.03,52.14505,0.001363,0,0,-0.3,-10.8,-2.4,1.04,0.18,-0.04
10408,52.035,52.035001,52.150134,0.001447,9.99999997475243e-07,0,-0.5,-10.9,-2.9,1.04,0.19,-0.04
10409,52.04,52.04,52.156255,0.002568,0,0,-0.4,-10.8,-3.5,1.03,0.19,-0.05
10410,52.045,52.045,52.161086,0.002399,0,0,-0.6,-10.9,-4,1.03,0.21,-0.05
10411,52.05,52.050001,52.165052,0.001364,9.99999997475243e-07,0,-0.3,-10.7,-3,1.04,0.19,-0.04
10412,52.055,52.055,52.171113,0.002426,0,0,0,-10.7,-2.5,1.04,0.17,-0.03
10413,52.06,52.06,52.175095,0.001407,0,0,-0.2,-10.7,-2.6,1.04,0.18,-0.04
10414,52.065,52.065,52.180073,0.001386,0,0,-0.3,-10.6,-2.8,1.03,0.19,-0.04
10415,52.07,52.07,52.18603,0.002343,0,0,-0.3,-10.7,-3.1,1.03,0.19,-0.04
10416,52.075,52.075,52.191106,0.002418,0,0,-0.3,-10.7,-3,1.04,0.19,-0.04
10417,52.08,52.08,52.195031,0.001344,0,0,-0.2,-10.7,-2.7,1.04,0.18,-0.04
10418,52.085,52.085,52.201171,0.002483,0,0,-0.2,-10.7,-2.9,1.04,0.18,-0.04
10419,52.09,52.09,52.206096,0.002408,0,0,-0.2,-10.8,-2.8,1.03,0.18,-0.04
10420,52.095,52.095,52.210064,0.001377,0,0,-0.3,-10.7,-2.5,1.03,0.18,-0.04
10421,52.1,52.1,52.216094,0.002406,0,0,-0.3,-10.7,-2.4,1.04,0.18,-0.03
10422,52.105,52.105001,52.221128,0.002439,9.99999997475243e-07,0,-0.2,-10.8,-2.7,1.04,0.18,-0.04
10423,52.11,52.11,52.22507,0.001384,0,0,-0.3,-10.8,-3.1,1.03,0.18,-0.04
10424,52.115,52.115,52.231094,0.002407,0,0,-0.2,-10.8,-3.1,1.03,0.18,-0.04
10425,52.12,52.120001,52.236079,0.002391,9.99999997475243e-07,0,-0.1,-10.8,-3.5,1.03,0.19,-0.05
10426,52.125,52.125,52.24005,0.001363,0,0,-0.3,-10.8,-3.6,1.03,0.2,-0.04
10427,52.13,52.13,52.245113,0.001426,0,0,-0.2,-10.8,-3.4,1.03,0.18,-0.05
10428,52.135,52.135,52.251108,0.002421,0,0,-0.1,-10.8,-3,1.03,0.18,-0.04
10429,52.14,52.14,52.255153,0.001466,0,0,-0.2,-10.7,-3.5,1.03,0.19,-0.04
10430,52.145,52.145,52.260088,0.001401,0,0,-0.2,-10.7,-3.5,1.03,0.19,-0.04
10431,52.15,52.15,52.266405,0.00272,0,0,-0.4,-10.8,-3.4,1.03,0.19,-0.04
10432,52.155,52.155,52.271133,0.002447,0,0,-0.5,-10.8,-3.3,1.03,0.2,-0.04
10433,52.16,52.160001,52.275044,0.001356,9.99999997475243e-07,0,-0.4,-10.8,-3.3,1.02,0.19,-0.04
10434,52.165,52.165001,52.281228,0.002541,9.99999997475243e-07,0,-0.3,-10.8,-2.7,1.03,0.18,-0.04
10435,52.17,52.17,52.286046,0.002359,0,0,-0.4,-10.7,-3,1.03,0.19,-0.04
10436,52.175,52.175001,52.290097,0.001409,9.99999997475243e-07,0,-0.3,-10.7,-2.9,1.03,0.18,-0.04
10437,52.18,52.18,52.296292,0.002605,0,0,-0.2,-10.7,-2.4,1.04,0.17,-0.04
10438,52.185,52.185,52.300034,0.001347,0,0,-0.1,-10.7,-2.7,1.04,0.18,-0.04
10439,52.19,52.19,52.305076,0.001389,0,0,-0.2,-10.7,-3.8,1.03,0.19,-0.04
10440,52.195,52.195001,52.311151,0.002463,9.99999997475243e-07,0,-0.2,-10.8,-3.4,1.03,0.19,-0.04
10441,52.2,52.2,52.316259,0.002572,0,0,-0.2,-10.9,-3.2,1.03,0.18,-0.04
10442,52.205,52.205,52.320248,0.00156,0,0,-0.2,-10.9,-3.5,1.03,0.19,-0.04
10443,52.21,52.21,52.325388,0.0017,0,0,-0.3,-10.8,-3.5,1.03,0.19,-0.05
10444,52.215,52.215001,52.331161,0.002473,9.99999997475243e-07,0,-0.2,-10.7,-3.1,1.04,0.18,-0.05
10445,52.22,52.22,52.335029,0.001341,0,0,-0.2,-10.7,-2.8,1.04,0.17,-0.04
10446,52.225,52.225,52.34036,0.001673,0,0,-0.2,-10.8,-3.1,1.03,0.18,-0.04
10447,52.23,52.230001,52.346286,0.002596,9.99999997475243e-07,0,-0.2,-10.8,-3.1,1.03,0.18,-0.04
10448,52.235,52.235,52.350092,0.001406,0,0,-0.2,-10.8,-2.8,1.03,0.18,-0.04
10449,52.24,52.24,52.355152,0.001464,0,0,-0.2,-10.8,-2.6,1.04,0.18,-0.04
10450,52.245,52.245001,52.361093,0.002404,9.99999997475243e-07,0,-0.3,-10.8,-3.2,1.03,0.19,-0.04
10451,52.25,52.25,52.365013,0.001326,0,0,-0.3,-10.8,-2.7,1.04,0.18,-0.04
10452,52.255,52.255,52.370044,0.001357,0,0,-0.3,-10.9,-2.6,1.04,0.18,-0.03
10453,52.26,52.26,52.37605,0.002363,0,0,-0.4,-10.9,-2.9,1.04,0.19,-0.04
10454,52.265,52.265,52.381088,0.002401,0,0,-0.5,-10.9,-2.9,1.04,0.2,-0.05
10455,52.27,52.27,52.385266,0.001579,0,0,-0.5,-10.9,-3.4,1.04,0.2,-0.04
10456,52.275,52.275,52.39123,0.002542,0,0,-0.3,-10.8,-3.1,1.04,0.19,-0.05
10457,52.28,52.28,52.395037,0.00135,0,0,-0.1,-10.8,-3,1.03,0.18,-0.04
10458,52.285,52.285001,52.400048,0.00136,9.99999997475243e-07,0,-0.2,-10.8,-3,1.03,0.19,-0.04
10459,52.29,52.29,52.406052,0.002366,0,0,-0.1,-10.7,-2.7,1.03,0.18,-0.04
10460,52.295,52.295,52.411033,0.002345,0,0,-0.2,-10.7,-3.1,1.03,0.18,-0.04
10461,52.3,52.300001,52.415046,0.001358,9.99999997475243e-07,0,-0.4,-10.7,-2.9,1.03,0.19,-0.04
10462,52.305,52.305,52.421108,0.00242,0,0,-0.3,-10.7,-3.1,1.03,0.18,-0.04
10463,52.31,52.31,52.426113,0.002425,0,0,-0.1,-10.8,-3.3,1.03,0.18,-0.04
10464,52.315,52.315,52.430032,0.001345,0,0,-0.1,-10.8,-3.6,1.03,0.18,-0.04
10465,52.32,52.32,52.435232,0.001544,0,0,-0.2,-10.8,-3.5,1.03,0.19,-0.04
10466,52.325,52.325,52.441089,0.002402,0,0,-0.3,-10.9,-3.7,1.03,0.19,-0.04
10467,52.33,52.33,52.44505,0.001363,0,0,-0.2,-10.8,-3.1,1.03,0.18,-0.04
10468,52.335,52.335,52.45013,0.001444,0,0,-0.3,-10.8,-3.4,1.03,0.19,-0.04
10469,52.34,52.34,52.456181,0.002493,0,0,-0.2,-10.8,-3,1.03,0.18,-0.04
10470,52.345,52.345,52.461042,0.002354,0,0,-0.3,-10.7,-2.9,1.04,0.18,-0.04
10471,52.35,52.35,52.465016,0.001329,0,0,-0.3,-10.7,-2.5,1.04,0.17,-0.04
10472,52.355,52.355001,52.471076,0.002387,9.99999997475243e-07,0,-0.2,-10.8,-2,1.04,0.17,-0.04
10473,52.36,52.36,52.475022,0.001335,0,0,-0.3,-10.9,-2.2,1.04,0.18,-0.04
10474,52.365,52.365,52.480016,0.001329,0,0,-0.3,-10.9,-1.9,1.05,0.18,-0.04
10475,52.37,52.370001,52.486032,0.002344,9.99999997475243e-07,0,-0.2,-10.8,-2.5,1.04,0.18,-0.04
10476,52.375,52.375,52.491067,0.002379,0,0,-0.3,-10.9,-2.6,1.04,0.18,-0.04
10477,52.38,52.38,52.495007,0.00132,0,0,-0.2,-10.8,-2.9,1.04,0.18,-0.05
10478,52.385,52.385,52.501015,0.002328,0,0,-0.3,-10.8,-2.8,1.04,0.18,-0.05
10479,52.39,52.39,52.505011,0.001324,0,0,-0.3,-10.8,-2.5,1.04,0.18,-0.04
10480,52.395,52.395,52.510135,0.001447,0,0,-0.2,-10.7,-2.4,1.04,0.17,-0.04
10481,52.4,52.4,52.516042,0.002354,0,0,-0.1,-10.7,-2.4,1.04,0.17,-0.04
10482,52.405,52.405,52.520057,0.00137,0,0,-0.1,-10.6,-2.5,1.04,0.16,-0.04
10483,52.41,52.410002,52.525234,0.001544,1.99999999495049e-06,0,-0.3,-10.8,-2.9,1.04,0.18,-0.04
10484,52.415,52.415,52.531043,0.002356,0,0,-0.3,-10.7,-3,1.03,0.18,-0.04
10485,52.42,52.42,52.535007,0.00132,0,0,-0.2,-10.7,-3,1.04,0.17,-0.04
10486,52.425,52.425001,52.540139,0.00145,9.99999997475243e-07,0,-0.3,-10.7,-3.6,1.03,0.18,-0.05
10487,52.43,52.43,52.546095,0.002408,0,0,-0.3,-10.7,-3,1.04,0.18,-0.04
10488,52.435,52.435,52.551096,0.002409,0,0,-0.2,-10.8,-2.9,1.04,0.17,-0.04
10489,52.44,52.44,52.555594,0.001908,0,0,-0.1,-10.7,-2.5,1.04,0.17,-0.04
10490,52.445,52.445,52.561103,0.002415,0,0,-0.1,-10.7,-2.4,1.04,0.17,-0.04
10491,52.45,52.45,52.565038,0.001351,0,0,-0.2,-10.8,-2.2,1.04,0.18,-0.04
10492,52.455,52.455,52.570189,0.001501,0,0,0,-10.8,-2.4,1.04,0.17,-0.03
10493,52.46,52.46,52.5761,0.002414,0,0,-0.1,-10.8,-2.8,1.03,0.18,-0.04
10494,52.465,52.465,52.581077,0.00239,0,0,-0.2,-10.9,-2.7,1.04,0.19,-0.04
10495,52.47,52.47,52.585001,0.001314,0,0,-0.3,-10.9,-2.4,1.04,0.18,-0.04
10496,52.475,52.475,52.591125,0.002437,0,0,-0.2,-10.8,-2.5,1.03,0.18,-0.04
10497,52.48,52.480001,52.596031,0.002343,9.99999997475243e-07,0,-0.1,-10.8,-2.7,1.03,0.17,-0.04
10498,52.485,52.485,52.600017,0.00133,0,0,-0.3,-10.8,-2.7,1.03,0.18,-0.03
10499,52.49,52.49,52.606097,0.00241,0,0,-0.3,-10.8,-2.8,1.03,0.19,-0.04
10500,52.495,52.495001,52.611264,0.002577,9.99999997475243e-07,0,-0.3,-10.8,-2.8,1.03,0.18,-0.04
10501,52.5,52.5,52.615205,0.001517,0,0,-0.2,-10.8,-3.3,1.02,0.18,-0.04
10502,52.505,52.505,52.621329,0.002642,0,0,-0.2,-10.7,-2.9,1.03,0.18,-0.04
10503,52.51,52.51,52.625083,0.001395,0,0,-0.2,-10.7,-2.6,1.03,0.17,-0.04
10504,52.515,52.515,52.630195,0.001507,0,0,-0.2,-10.8,-2.4,1.04,0.17,-0.04
10505,52.52,52.52,52.636082,0.002395,0,0,-0.2,-10.8,-2.5,1.04,0.18,-0.04
10506,52.525,52.525,52.640037,0.001351,0,0,-0.3,-10.9,-2,1.04,0.17,-0.04
10507,52.53,52.53,52.645081,0.001394,0,0,-0.3,-10.9,-2.4,1.04,0.18,-0.04
10508,52.535,52.535001,52.651101,0.002413,9.99999997475243e-07,0,-0.3,-10.9,-2.4,1.04,0.17,-0.04
10509,52.54,52.54,52.655045,0.001358,0,0,-0.2,-10.8,-2.7,1.03,0.17,-0.04
10510,52.545,52.545,52.660068,0.001381,0,0,-0.3,-10.8,-2.6,1.04,0.18,-0.04
10511,52.55,52.550001,52.666075,0.002387,9.99999997475243e-07,0,-0.3,-10.8,-2.6,1.04,0.17,-0.04
10512,52.555,52.555,52.670023,0.001336,0,0,-0.4,-10.8,-2.7,1.04,0.17,-0.04
10513,52.56,52.56,52.675149,0.001461,0,0,-0.4,-10.6,-2.5,1.04,0.17,-0.03
10514,52.565,52.565,52.681059,0.002372,0,0,-0.3,-10.6,-2.5,1.03,0.17,-0.04
10515,52.57,52.57,52.686018,0.002331,0,0,-0.3,-10.7,-2.6,1.04,0.16,-0.04
10516,52.575,52.575,52.690032,0.001345,0,0,-0.4,-10.7,-3.1,1.03,0.18,-0.04
10517,52.58,52.58,52.696037,0.00235,0,0,-0.3,-10.7,-2.3,1.04,0.17,-0.04
10518,52.585,52.585,52.701023,0.002336,0,0,-0.3,-10.7,-2.2,1.05,0.17,-0.04
10519,52.59,52.59,52.706061,0.002374,0,0,-0.2,-10.8,-3.2,1.03,0.19,-0.04
10520,52.595,52.595,52.711032,0.002345,0,0,-0.2,-10.8,-3.6,1.03,0.19,-0.05
10521,52.6,52.6,52.716015,0.002328,0,0,-0.2,-10.9,-3.2,1.03,0.19,-0.04
10522,52.605,52.605001,52.720003,0.001315,9.99999997475243e-07,0,-0.2,-10.8,-3.1,1.03,0.19,-0.04
10523,52.61,52.61,52.725236,0.001548,0,0,-0.3,-10.9,-3.5,1.03,0.19,-0.04
10524,52.615,52.615,52.731078,0.00239,0,0,-0.3,-10.8,-3,1.03,0.19,-0.04
10525,52.62,52.620001,52.735031,0.001343,9.99999997475243e-07,0,-0.3,-10.8,-2.5,1.04,0.18,-0.04
10526,52.625,52.625001,52.740088,0.0014,9.99999997475243e-07,0,-0.2,-10.7,-2.6,1.04,0.18,-0.04
10527,52.63,52.63,52.746031,0.002344,0,0,-0.2,-10.7,-2.3,1.03,0.17,-0.04
10528,52.635,52.635,52.751085,0.002398,0,0,-0.1,-10.7,-2.3,1.04,0.17,-0.04
10529,52.64,52.64,52.755054,0.001367,0,0,-0.2,-10.8,-2.9,1.03,0.17,-0.04
10530,52.645,52.645,52.761129,0.002441,0,0,-0.2,-10.8,-2.8,1.03,0.17,-0.04
10531,52.65,52.65,52.766048,0.002362,0,0,-0.4,-10.8,-3.1,1.03,0.19,-0.03
10532,52.655,52.655,52.770058,0.001371,0,0,-0.1,-10.7,-3,1.03,0.18,-0.04
10533,52.66,52.660001,52.775255,0.001566,9.99999997475243e-07,0,-0.3,-10.9,-2.7,1.04,0.19,-0.04
10534,52.665,52.665,52.781047,0.00236,0,0,-0.2,-10.8,-2.8,1.04,0.18,-0.04
10535,52.67,52.67,52.785072,0.001385,0,0,-0.3,-10.8,-2.9,1.03,0.18,-0.04
10536,52.675,52.675001,52.790222,0.001533,9.99999997475243e-07,0,-0.4,-10.8,-3,1.04,0.19,-0.04
10537,52.68,52.68,52.796096,0.002409,0,0,-0.3,-10.8,-3,1.04,0.18,-0.05
10538,52.685,52.685,52.800018,0.001331,0,0,-0.3,-10.9,-2.9,1.04,0.19,-0.04
10539,52.69,52.69,52.805037,0.00135,0,0,-0.3,-10.8,-2.7,1.04,0.19,-0.04
10540,52.695,52.695,52.811034,0.002347,0,0,-0.3,-10.8,-2.4,1.04,0.18,-0.04
10541,52.7,52.7,52.816082,0.002395,0,0,-0.3,-10.8,-2.4,1.04,0.18,-0.04
10542,52.705,52.705,52.820017,0.001329,0,0,-0.3,-10.7,-3,1.04,0.19,-0.04
10543,52.71,52.71,52.826146,0.002459,0,0,-0.2,-10.8,-3,1.04,0.18,-0.04
10544,52.715,52.715,52.831031,0.002344,0,0,-0.2,-10.8,-3.5,1.04,0.18,-0.05
10545,52.72,52.72,52.83503,0.001343,0,0,-0.4,-10.7,-3.5,1.03,0.19,-0.05
10546,52.725,52.725,52.840263,0.001576,0,0,-0.4,-10.7,-2.3,1.04,0.18,-0.04
10547,52.73,52.730001,52.846166,0.002478,9.99999997475243e-07,0,-0.4,-10.7,-2,1.05,0.17,-0.04
10548,52.735,52.735,52.850043,0.001356,0,0,-0.3,-10.7,-1.6,1.05,0.17,-0.04
10549,52.74,52.74,52.855253,0.001567,0,0,-0.4,-10.7,-2,1.04,0.17,-0.04
10550,52.745,52.745001,52.86111,0.002422,9.99999997475243e-07,0,-0.5,-10.7,-2.1,1.04,0.17,-0.04
10551,52.75,52.75,52.86502,0.001333,0,0,-0.5,-10.8,-2.2,1.04,0.18,-0.04
10552,52.755,52.755,52.870215,0.001528,0,0,-0.4,-10.7,-2.4,1.04,0.17,-0.04
10553,52.76,52.76,52.876052,0.002364,0,0,-0.3,-10.7,-2.5,1.04,0.17,-0.04
10554,52.765,52.765,52.880013,0.001326,0,0,-0.4,-10.8,-2.4,1.04,0.18,-0.04
10555,52.77,52.77,52.885057,0.00137,0,0,-0.5,-10.8,-2.7,1.04,0.19,-0.04
10556,52.775,52.775,52.891198,0.00251,0,0,-0.5,-10.8,-2.5,1.04,0.18,-0.04
10557,52.78,52.78,52.895128,0.001441,0,0,-0.4,-10.7,-2.1,1.04,0.18,-0.04
10558,52.785,52.785001,52.900119,0.001432,9.99999997475243e-07,0,-0.4,-10.7,-2.4,1.04,0.18,-0.04
10559,52.79,52.79,52.906074,0.002386,0,0,-0.4,-10.8,-2.8,1.04,0.19,-0.04
10560,52.795,52.795,52.911029,0.002341,0,0,-0.3,-10.7,-2.9,1.04,0.19,-0.04
10561,52.8,52.800001,52.915009,0.001321,9.99999997475243e-07,0,-0.4,-10.8,-2.9,1.04,0.19,-0.04
10562,52.805,52.805,52.921153,0.002465,0,0,-0.4,-10.8,-2.6,1.04,0.18,-0.04
10563,52.81,52.81,52.926144,0.002457,0,0,-0.4,-10.8,-3.2,1.03,0.18,-0.04
10564,52.815,52.815,52.930038,0.001351,0,0,-0.6,-10.9,-3.6,1.03,0.2,-0.05
10565,52.82,52.82,52.9361,0.002413,0,0,-0.4,-10.8,-3.2,1.04,0.19,-0.05
10566,52.825,52.825,52.941606,0.00292,0,0,-0.4,-10.8,-3.3,1.04,0.19,-0.05
10567,52.83,52.830001,52.946728,0.003042,1.00000000458067e-06,0,-0.4,-10.8,-3.4,1.04,0.19,-0.05
10568,52.835,52.835002,52.95058,0.001893,2.00000000205591e-06,0,-0.4,-10.8,-3.2,1.03,0.19,-0.04
10569,52.84,52.840001,52.956111,0.002421,9.99999997475243e-07,0,-0.4,-10.9,-3.4,1.03,0.19,-0.04
10570,52.845,52.845,52.960209,0.001522,0,0,-0.5,-10.9,-3.8,1.03,0.2,-0.05
10571,52.85,52.85,52.965084,0.001398,0,0,-0.7,-10.9,-3.5,1.04,0.2,-0.05
10572,52.855,52.855001,52.971111,0.002423,9.99999997475243e-07,0,-0.7,-10.9,-3.2,1.04,0.2,-0.05
10573,52.86,52.86,52.975045,0.001358,0,0,-0.6,-10.8,-3.2,1.04,0.2,-0.05
10574,52.865,52.865,52.980053,0.001366,0,0,-0.3,-10.8,-2.8,1.04,0.19,-0.05
10575,52.87,52.870001,52.986203,0.002516,9.99999997475243e-07,0,-0.4,-10.9,-2.6,1.04,0.19,-0.04
10576,52.875,52.875,52.991185,0.002498,0,0,-0.4,-10.9,-3,1.04,0.2,-0.04
10577,52.88,52.88,52.995042,0.001355,0,0,-0.4,-10.8,-3.1,1.03,0.19,-0.04
10578,52.885,52.885,53.000126,0.001439,0,0,-0.3,-10.7,-3.2,1.03,0.19,-0.04
10579,52.89,52.89,53.006296,0.002608,0,0,-0.3,-10.7,-2.8,1.04,0.18,-0.04
10580,52.895,52.895,53.010042,0.001355,0,0,-0.4,-10.7,-2.8,1.03,0.18,-0.04
10581,52.9,52.9,53.015069,0.001382,0,0,-0.2,-10.7,-2.9,1.03,0.17,-0.04
10582,52.905,52.905,53.021127,0.00244,0,0,-0.3,-10.7,-2.9,1.04,0.18,-0.04
10583,52.91,52.910001,53.026135,0.002446,9.99999997475243e-07,0,-0.3,-10.7,-2.9,1.04,0.18,-0.04
10584,52.915,52.915,53.030034,0.001347,0,0,-0.4,-10.7,-3.4,1.03,0.19,-0.05
10585,52.92,52.92,53.03524,0.001552,0,0,-0.4,-10.8,-2.8,1.03,0.18,-0.04
10586,52.925,52.925001,53.041075,0.002388,9.99999997475243e-07,0,-0.3,-10.8,-2.7,1.04,0.18,-0.04
10587,52.93,52.93,53.045054,0.001367,0,0,-0.4,-10.7,-3,1.04,0.18,-0.05
10588,52.935,52.935,53.050111,0.001423,0,0,-0.3,-10.9,-2.2,1.04,0.18,-0.04
10589,52.94,52.94,53.056101,0.002413,0,0,-0.3,-10.8,-2.8,1.04,0.18,-0.04
10590,52.945,52.945,53.060007,0.00132,0,0,-0.3,-10.7,-3,1.04,0.19,-0.04
10591,52.95,52.95,53.065013,0.001326,0,0,-0.5,-10.8,-3.6,1.03,0.2,-0.04
10592,52.955,52.955,53.071081,0.002394,0,0,-0.5,-10.8,-3.8,1.03,0.21,-0.05
10593,52.96,52.96,53.075018,0.001331,0,0,-0.4,-10.8,-3.5,1.03,0.2,-0.04
10594,52.965,52.965,53.080087,0.001399,0,0,-0.4,-10.7,-3.7,1.03,0.19,-0.05
10595,52.97,52.97,53.086043,0.002355,0,0,-0.3,-10.6,-3.5,1.03,0.19,-0.04
10596,52.975,52.975,53.091052,0.002365,0,0,-0.1,-10.7,-2.3,1.05,0.17,-0.03
10597,52.98,52.980001,53.095209,0.001521,9.99999997475243e-07,0,-0.1,-10.7,-2.1,1.04,0.17,-0.03
10598,52.985,52.985,53.101098,0.002412,0,0,-0.1,-10.7,-2.1,1.04,0.16,-0.03
10599,52.99,52.99,53.106065,0.002378,0,0,-0.3,-10.8,-2.6,1.04,0.18,-0.04
10600,52.995,52.995001,53.110039,0.001351,9.99999997475243e-07,0,-0.2,-10.8,-2.8,1.04,0.17,-0.04
10601,53,53,53.116042,0.002355,0,0,-0.2,-10.7,-2.4,1.05,0.17,-0.04
10602,53.005,53.005,53.121124,0.002438,0,0,-0.2,-10.8,-2.2,1.04,0.17,-0.04
10603,53.01,53.01,53.125132,0.001445,0,0,-0.1,-10.8,-2.6,1.04,0.17,-0.04
10604,53.015,53.015,53.131065,0.002378,0,0,-0.2,-10.7,-2.8,1.04,0.18,-0.03
10605,53.02,53.02,53.136066,0.002379,0,0,-0.3,-10.7,-2.5,1.04,0.17,-0.04
10606,53.025,53.025,53.140051,0.001364,0,0,-0.5,-10.8,-2.7,1.04,0.19,-0.04
10607,53.03,53.03,53.14508,0.001392,0,0,-0.5,-10.8,-3.1,1.04,0.19,-0.04
10608,53.035,53.035001,53.15107,0.002382,9.99999997475243e-07,0,-0.4,-10.8,-3,1.04,0.19,-0.04
10609,53.04,53.04,53.15609,0.002402,0,0,-0.3,-10.8,-2.9,1.04,0.18,-0.04
10610,53.045,53.045,53.160042,0.001355,0,0,-0.2,-10.9,-2.5,1.04,0.17,-0.04
10611,53.05,53.050001,53.16603,0.002342,9.99999997475243e-07,0,-0.2,-10.8,-2.4,1.05,0.17,-0.04
10612,53.055,53.055,53.171158,0.002471,0,0,-0.3,-10.8,-3.1,1.04,0.19,-0.04
10613,53.06,53.06,53.175078,0.00139,0,0,-0.5,-10.9,-3.2,1.04,0.2,-0.04
10614,53.065,53.065,53.180231,0.001544,0,0,-0.3,-10.8,-3,1.03,0.19,-0.04
10615,53.07,53.07,53.186316,0.002629,0,0,-0.3,-10.7,-3.7,1.02,0.19,-0.04
10616,53.075,53.075001,53.191815,0.003127,9.99999997475243e-07,0,-0.3,-10.7,-3.6,1.03,0.19,-0.04
10617,53.08,53.080002,53.19553,0.00184,2.00000000205591e-06,0,-0.3,-10.7,-2.9,1.03,0.19,-0.04
10618,53.085,53.085001,53.201436,0.002749,9.99999997475243e-07,0,-0.2,-10.7,-2.9,1.03,0.18,-0.04
10619,53.09,53.090001,53.206435,0.002747,9.99999997475243e-07,0,-0.1,-10.7,-3,1.03,0.18,-0.04
10620,53.095,53.095,53.210449,0.001763,0,0,-0.3,-10.6,-3.3,1.03,0.18,-0.04
10621,53.1,53.1,53.216389,0.002703,0,0,-0.2,-10.7,-3.4,1.03,0.18,-0.04
10622,53.105,53.105001,53.220161,0.001473,9.99999997475243e-07,0,-0.3,-10.8,-3.3,1.03,0.18,-0.04
10623,53.11,53.11,53.225193,0.001505,0,0,-0.4,-10.8,-3.5,1.03,0.19,-0.05
10624,53.115,53.115,53.231294,0.002607,0,0,-0.3,-10.8,-3.1,1.03,0.18,-0.04
10625,53.12,53.120002,53.235287,0.001598,1.99999999495049e-06,0,-0.3,-10.8,-3.3,1.03,0.19,-0.04
10626,53.125,53.125001,53.240319,0.00163,9.99999997475243e-07,0,-0.2,-10.7,-3.2,1.03,0.19,-0.04
10627,53.13,53.130001,53.246288,0.0026,9.99999997475243e-07,0,-0.2,-10.8,-3.6,1.03,0.19,-0.04
10628,53.135,53.135,53.250027,0.00134,0,0,-0.2,-10.8,-3.3,1.03,0.19,-0.04
10629,53.14,53.14,53.255139,0.001452,0,0,-0.2,-10.8,-2.8,1.04,0.18,-0.04
10630,53.145,53.145,53.261058,0.002372,0,0,0,-10.7,-2.4,1.04,0.17,-0.03
10631,53.15,53.15,53.265027,0.001341,0,0,-0.1,-10.7,-2.5,1.04,0.17,-0.04
10632,53.155,53.155,53.270126,0.001439,0,0,0,-10.8,-2.8,1.04,0.17,-0.04
10633,53.16,53.160001,53.276076,0.002387,9.99999997475243e-07,0,-0.1,-10.7,-2.8,1.04,0.18,-0.04
10634,53.165,53.165,53.281068,0.002382,0,0,-0.2,-10.7,-3.2,1.03,0.18,-0.04
10635,53.17,53.17,53.28511,0.001424,0,0,-0.2,-10.8,-3.4,1.04,0.18,-0.05
10636,53.175,53.175001,53.290237,0.001549,9.99999997475243e-07,0,-0.3,-10.7,-3.7,1.04,0.19,-0.05
10637,53.18,53.18,53.296133,0.002446,0,0,-0.3,-10.7,-3.2,1.03,0.19,-0.05
10638,53.185,53.185,53.300038,0.001351,0,0,-0.3,-10.7,-3.3,1.03,0.19,-0.04
10639,53.19,53.19,53.305086,0.001399,0,0,-0.4,-10.7,-3.3,1.04,0.19,-0.04
10640,53.195,53.195,53.311033,0.002346,0,0,-0.3,-10.7,-3.4,1.04,0.19,-0.04
10641,53.2,53.2,53.316028,0.002341,0,0,-0.2,-10.7,-3.5,1.03,0.19,-0.04
10642,53.205,53.205,53.32004,0.001353,0,0,-0.3,-10.7,-3.6,1.03,0.19,-0.04
10643,53.21,53.21,53.32525,0.001563,0,0,-0.2,-10.6,-3.5,1.03,0.18,-0.04
10644,53.215,53.215,53.331094,0.002407,0,0,-0.2,-10.7,-3.5,1.03,0.19,-0.04
10645,53.22,53.22,53.335007,0.00132,0,0,-0.2,-10.7,-3.7,1.03,0.19,-0.04
10646,53.225,53.225,53.340423,0.001735,0,0,-0.1,-10.6,-3.4,1.03,0.18,-0.04
10647,53.23,53.230001,53.346214,0.002525,9.99999997475243e-07,0,0,-10.6,-3.2,1.03,0.17,-0.04
10648,53.235,53.235,53.351293,0.002606,0,0,-0.2,-10.7,-2.7,1.04,0.18,-0.04
10649,53.24,53.240001,53.355343,0.001654,9.99999997475243e-07,0,-0.3,-10.6,-3.1,1.03,0.19,-0.04
10650,53.245,53.245001,53.361229,0.002542,9.99999997475243e-07,0,-0.4,-10.8,-2.8,1.03,0.18,-0.04
10651,53.25,53.25,53.366054,0.002367,0,0,-0.5,-10.8,-3.1,1.03,0.19,-0.04
10652,53.255,53.255,53.370067,0.001381,0,0,-0.3,-10.7,-2.9,1.04,0.18,-0.04
10653,53.26,53.26,53.376056,0.002369,0,0,-0.2,-10.8,-3,1.03,0.18,-0.04
10654,53.265,53.265,53.381053,0.002365,0,0,-0.2,-10.8,-2.4,1.04,0.17,-0.03
10655,53.27,53.27,53.385154,0.001468,0,0,-0.2,-10.7,-2.3,1.04,0.18,-0.04
10656,53.275,53.275,53.390364,0.001677,0,0,-0.3,-10.7,-2.3,1.04,0.18,-0.03
10657,53.28,53.28,53.396062,0.002374,0,0,-0.4,-10.7,-2.9,1.04,0.19,-0.04
10658,53.285,53.285001,53.400054,0.001365,9.99999997475243e-07,0,-0.3,-10.7,-2.3,1.04,0.17,-0.04
10659,53.29,53.29,53.405338,0.001651,0,0,-0.2,-10.7,-2.9,1.04,0.18,-0.04
10660,53.295,53.295,53.411131,0.002443,0,0,-0.4,-10.7,-2.8,1.04,0.19,-0.04
10661,53.3,53.300001,53.415034,0.001345,9.99999997475243e-07,0,-0.4,-10.7,-3.1,1.03,0.19,-0.04
10662,53.305,53.305,53.420597,0.00191,0,0,-0.3,-10.7,-3,1.03,0.18,-0.04
10663,53.31,53.310001,53.426638,0.002951,9.99999997475243e-07,0,-0.2,-10.7,-3.2,1.03,0.18,-0.04
10664,53.315,53.315002,53.431278,0.002589,2.00000000205591e-06,0,0,-10.7,-2.1,1.04,0.15,-0.04
10665,53.32,53.32,53.435129,0.001442,0,0,-0.2,-10.8,-2.5,1.04,0.18,-0.04
10666,53.325,53.325001,53.441369,0.00268,9.99999997475243e-07,0,-0.3,-10.9,-3.2,1.04,0.2,-0.04
10667,53.33,53.330001,53.446167,0.002479,1.00000000458067e-06,0,-0.2,-10.9,-2.8,1.04,0.18,-0.04
10668,53.335,53.335,53.450126,0.001439,0,0,0,-10.6,-2.3,1.04,0.16,-0.04
10669,53.34,53.34,53.456122,0.002435,0,0,-0.1,-10.7,-2.5,1.04,0.17,-0.04
10670,53.345,53.345,53.460429,0.001744,0,0,-0.2,-10.8,-2.9,1.03,0.19,-0.04
10671,53.35,53.350001,53.465495,0.001808,9.99999997475243e-07,0,-0.3,-10.8,-2.5,1.04,0.18,-0.04
10672,53.355,53.355001,53.471199,0.002511,9.99999997475243e-07,0,-0.4,-10.7,-2.8,1.04,0.19,-0.04
10673,53.36,53.360001,53.476271,0.002584,9.99999997475243e-07,0,-0.4,-10.7,-3.1,1.04,0.19,-0.05
10674,53.365,53.365001,53.480285,0.001598,9.99999997475243e-07,0,-0.3,-10.7,-3.1,1.04,0.19,-0.04
10675,53.37,53.370001,53.486295,0.002607,9.99999997475243e-07,0,-0.2,-10.8,-3.3,1.03,0.19,-0.04
10676,53.375,53.375,53.491145,0.002457,0,0,-0.2,-10.6,-3.1,1.03,0.18,-0.04
10677,53.38,53.38,53.49516,0.001473,0,0,-0.3,-10.6,-3.2,1.04,0.19,-0.04
10678,53.385,53.385,53.50105,0.002363,0,0,-0.5,-10.7,-3,1.03,0.19,-0.04
10679,53.39,53.39,53.50606,0.002372,0,0,-0.5,-10.8,-2.4,1.04,0.18,-0.04
10680,53.395,53.395,53.510042,0.001355,0,0,-0.5,-10.8,-3.2,1.03,0.2,-0.04
10681,53.4,53.4,53.515424,0.001736,0,0,-0.4,-10.7,-3.2,1.03,0.19,-0.05
10682,53.405,53.405,53.521151,0.002463,0,0,-0.4,-10.8,-3.2,1.03,0.19,-0.05
10683,53.41,53.410001,53.525166,0.001479,9.99999997475243e-07,0,-0.4,-10.8,-3.6,1.03,0.2,-0.05
10684,53.415,53.415,53.530336,0.001649,0,0,-0.4,-10.8,-3.3,1.03,0.19,-0.05
10685,53.42,53.420001,53.536149,0.002461,9.99999997475243e-07,0,-0.3,-10.8,-2.3,1.04,0.18,-0.04
10686,53.425,53.425001,53.540034,0.001346,9.99999997475243e-07,0,-0.4,-10.7,-2.9,1.04,0.19,-0.04
10687,53.43,53.43,53.545081,0.001394,0,0,-0.4,-10.7,-3.2,1.03,0.19,-0.04
10688,53.435,53.435,53.551037,0.002349,0,0,-0.3,-10.7,-3.3,1.03,0.19,-0.04
10689,53.44,53.44,53.556112,0.002425,0,0,-0.3,-10.7,-2.7,1.04,0.19,-0.04
10690,53.445,53.445,53.560141,0.001454,0,0,-0.3,-10.7,-3.1,1.04,0.19,-0.04
10691,53.45,53.45,53.566078,0.002391,0,0,-0.3,-10.7,-3.1,1.04,0.18,-0.05
10692,53.455,53.455,53.57003,0.001343,0,0,-0.3,-10.7,-3,1.04,0.18,-0.04
10693,53.46,53.46,53.575089,0.001402,0,0,-0.4,-10.8,-3.3,1.04,0.19,-0.04
10694,53.465,53.465,53.581135,0.002448,0,0,-0.3,-10.7,-3.1,1.03,0.18,-0.04
10695,53.47,53.47,53.586043,0.002356,0,0,-0.3,-10.7,-3.1,1.03,0.18,-0.04
10696,53.475,53.475,53.590097,0.00141,0,0,-0.3,-10.6,-3,1.03,0.18,-0.04
10697,53.48,53.480001,53.596038,0.002349,9.99999997475243e-07,0,-0.3,-10.6,-3.4,1.03,0.19,-0.04
10698,53.485,53.485,53.601131,0.002444,0,0,-0.5,-10.7,-3.8,1.03,0.2,-0.05
10699,53.49,53.49,53.605047,0.00136,0,0,-0.4,-10.7,-3.8,1.03,0.19,-0.04
10700,53.495,53.495001,53.61022,0.001531,9.99999997475243e-07,0,-0.4,-10.7,-3.7,1.03,0.19,-0.04
10701,53.5,53.5,53.616071,0.002383,0,0,-0.2,-10.7,-3.2,1.03,0.18,-0.04
10702,53.505,53.505,53.620018,0.00133,0,0,-0.2,-10.7,-2.8,1.04,0.18,-0.04
10703,53.51,53.51,53.625116,0.001429,0,0,0,-10.6,-2.5,1.04,0.16,-0.04
10704,53.515,53.515,53.631026,0.002339,0,0,-0.2,-10.7,-2.5,1.04,0.17,-0.04
10705,53.52,53.520001,53.63528,0.001593,9.99999997475243e-07,0,-0.2,-10.7,-2.6,1.04,0.18,-0.04
10706,53.525,53.525,53.64009,0.001403,0,0,-0.4,-10.8,-3,1.04,0.19,-0.04
10707,53.53,53.53,53.646042,0.002355,0,0,-0.3,-10.8,-3.3,1.04,0.19,-0.04
10708,53.535,53.535001,53.651016,0.002328,9.99999997475243e-07,0,-0.3,-10.8,-2.6,1.04,0.17,-0.04
10709,53.54,53.54,53.65505,0.001364,0,0,-0.3,-10.7,-2.8,1.04,0.18,-0.04
10710,53.545,53.545,53.661089,0.002402,0,0,-0.2,-10.7,-3,1.03,0.18,-0.04
10711,53.55,53.550001,53.666022,0.002334,9.99999997475243e-07,0,-0.2,-10.7,-2.9,1.03,0.18,-0.03
10712,53.555,53.555,53.670018,0.001331,0,0,-0.4,-10.7,-3.4,1.03,0.19,-0.04
10713,53.56,53.56,53.675276,0.00159,0,0,-0.4,-10.7,-3.2,1.04,0.18,-0.04
10714,53.565,53.565,53.681096,0.002409,0,0,-0.4,-10.8,-2.8,1.04,0.18,-0.04
10715,53.57,53.57,53.685044,0.001358,0,0,-0.4,-10.8,-2.5,1.05,0.18,-0.04
10716,53.575,53.575,53.690182,0.001494,0,0,-0.2,-10.7,-2.1,1.05,0.16,-0.03
10717,53.58,53.58,53.696046,0.002359,0,0,-0.2,-10.7,-2.3,1.05,0.16,-0.04
10718,53.585,53.585,53.700028,0.001341,0,0,-0.3,-10.7,-3.1,1.04,0.18,-0.05
10719,53.59,53.59,53.705026,0.001339,0,0,-0.3,-10.8,-3.5,1.04,0.19,-0.04
10720,53.595,53.595,53.71111,0.002422,0,0,-0.3,-10.8,-2.2,1.04,0.18,-0.04
10721,53.6,53.6,53.716036,0.002349,0,0,-0.3,-10.7,-2.1,1.04,0.17,-0.04
10722,53.605,53.605001,53.720044,0.001357,9.99999997475243e-07,0,-0.4,-10.8,-2.2,1.05,0.18,-0.04
10723,53.61,53.61,53.725258,0.00157,0,0,-0.4,-10.8,-2,1.05,0.17,-0.04
10724,53.615,53.615,53.731121,0.002433,0,0,-0.3,-10.8,-2.3,1.04,0.17,-0.04
10725,53.62,53.620001,53.735032,0.001344,9.99999997475243e-07,0,-0.3,-10.7,-2.8,1.04,0.18,-0.04
10726,53.625,53.625,53.740098,0.00141,0,0,-0.1,-10.6,-3.2,1.03,0.17,-0.05
10727,53.63,53.63,53.746078,0.002391,0,0,-0.1,-10.7,-3.1,1.03,0.18,-0.04
10728,53.635,53.635,53.75006,0.001373,0,0,-0.2,-10.6,-3.1,1.03,0.18,-0.04
10729,53.64,53.64,53.755151,0.001463,0,0,-0.3,-10.7,-3,1.03,0.19,-0.04
10730,53.645,53.645,53.761052,0.002364,0,0,-0.4,-10.8,-3.7,1.03,0.2,-0.04
10731,53.65,53.65,53.765013,0.001326,0,0,-0.3,-10.8,-3.2,1.04,0.19,-0.04
10732,53.655,53.655,53.770125,0.001438,0,0,-0.3,-10.8,-2.9,1.04,0.19,-0.04
10733,53.66,53.660001,53.776242,0.002554,9.99999997475243e-07,0,-0.3,-10.8,-3.2,1.04,0.19,-0.04
10734,53.665,53.665,53.780051,0.001363,0,0,-0.2,-10.7,-3,1.04,0.18,-0.04
10735,53.67,53.67,53.785047,0.00136,0,0,-0.1,-10.6,-2.3,1.04,0.16,-0.03
10736,53.675,53.675001,53.791133,0.002445,9.99999997475243e-07,0,-0.1,-10.6,-2.4,1.04,0.16,-0.04
10737,53.68,53.68,53.795027,0.001339,0,0,-0.2,-10.6,-2.8,1.04,0.17,-0.04
10738,53.685,53.685,53.800012,0.001325,0,0,-0.3,-10.8,-2.8,1.04,0.19,-0.04
10739,53.69,53.69,53.806018,0.002331,0,0,-0.3,-10.8,-2.8,1.04,0.18,-0.04
10740,53.695,53.695,53.811003,0.002316,0,0,-0.3,-10.8,-2.4,1.04,0.17,-0.04
10741,53.7,53.7,53.814992,0.001305,0,0,-0.3,-10.8,-2.3,1.04,0.17,-0.04
10742,53.705,53.705,53.821096,0.002408,0,0,-0.1,-10.8,-2.9,1.04,0.17,-0.04
10743,53.71,53.71,53.82607,0.002383,0,0,-0.2,-10.8,-3.1,1.04,0.17,-0.04
10744,53.715,53.715,53.830106,0.00142,0,0,-0.3,-10.8,-2.8,1.04,0.17,-0.04
10745,53.72,53.72,53.835177,0.00149,0,0,-0.3,-10.8,-2.9,1.04,0.18,-0.04
10746,53.725,53.725,53.841073,0.002386,0,0,-0.2,-10.7,-2.7,1.04,0.17,-0.04
10747,53.73,53.730001,53.845018,0.00133,9.99999997475243e-07,0,-0.2,-10.7,-2.6,1.04,0.17,-0.04
10748,53.735,53.735,53.850035,0.001347,0,0,0,-10.7,-3,1.04,0.17,-0.04
10749,53.74,53.74,53.85607,0.002382,0,0,-0.1,-10.7,-2.6,1.04,0.16,-0.04
10750,53.745,53.745001,53.860022,0.001335,9.99999997475243e-07,0,-0.1,-10.7,-3.2,1.04,0.17,-0.04
10751,53.75,53.75,53.865029,0.001342,0,0,-0.1,-10.7,-2.8,1.04,0.17,-0.04
10752,53.755,53.755,53.871036,0.002349,0,0,-0.2,-10.8,-2.4,1.04,0.17,-0.03
10753,53.76,53.76,53.876033,0.002346,0,0,-0.2,-10.8,-2,1.04,0.16,-0.03
10754,53.765,53.765,53.880012,0.001325,0,0,-0.3,-10.8,-1.8,1.05,0.17,-0.03
10755,53.77,53.77,53.886026,0.002338,0,0,-0.5,-10.9,-2.7,1.04,0.2,-0.04
10756,53.775,53.775,53.89111,0.002423,0,0,-0.3,-10.8,-2.2,1.04,0.18,-0.04
10757,53.78,53.78,53.895032,0.001345,0,0,-0.2,-10.7,-2.2,1.04,0.17,-0.04
10758,53.785,53.785001,53.900121,0.001434,9.99999997475243e-07,0,-0.1,-10.7,-2.8,1.03,0.18,-0.04
10759,53.79,53.79,53.906149,0.002462,0,0,0,-10.7,-2.3,1.04,0.16,-0.04
10760,53.795,53.795,53.910095,0.001408,0,0,0,-10.8,-2.2,1.04,0.16,-0.04
10761,53.8,53.800001,53.915072,0.001384,9.99999997475243e-07,0,0,-10.8,-2.6,1.04,0.16,-0.04
10762,53.805,53.805,53.921063,0.002376,0,0,0,-10.8,-3,1.03,0.16,-0.04
10763,53.81,53.81,53.925081,0.001394,0,0,0,-10.7,-3.1,1.03,0.17,-0.04
10764,53.815,53.815,53.930073,0.001386,0,0,-0.3,-10.7,-3.4,1.04,0.18,-0.04
10765,53.82,53.82,53.935118,0.001431,0,0,-0.3,-10.7,-3.2,1.04,0.18,-0.04
10766,53.825,53.825002,53.940775,0.002086,1.99999999495049e-06,0,-0.3,-10.8,-3.6,1.03,0.19,-0.04
10767,53.83,53.83,53.945113,0.001426,0,0,-0.5,-10.8,-3.9,1.03,0.2,-0.04
10768,53.835,53.835,53.95017,0.001483,0,0,-0.3,-10.8,-3.5,1.03,0.19,-0.04
10769,53.84,53.84,53.956394,0.002707,0,0,-0.3,-10.7,-3.2,1.03,0.18,-0.04
10770,53.845,53.845,53.960082,0.001394,0,0,-0.3,-10.8,-3,1.03,0.18,-0.04
10771,53.85,53.85,53.965065,0.001377,0,0,-0.3,-10.8,-2.7,1.04,0.17,-0.04
10772,53.855,53.855001,53.971049,0.002361,9.99999997475243e-07,0,-0.1,-10.7,-2.4,1.04,0.16,-0.04
10773,53.86,53.86,53.976046,0.00236,0,0,-0.3,-10.8,-2.7,1.04,0.17,-0.04
10774,53.865,53.865,53.980008,0.00132,0,0,-0.2,-10.6,-2.3,1.04,0.16,-0.04
10775,53.87,53.870001,53.986127,0.002439,9.99999997475243e-07,0,-0.1,-10.6,-2.6,1.04,0.16,-0.04
10776,53.875,53.875,53.991182,0.002494,0,0,-0.2,-10.7,-3,1.03,0.18,-0.04
10777,53.88,53.88,53.995066,0.001374,0,0,-0.3,-10.8,-2.6,1.04,0.18,-0.04
10778,53.885,53.885,54.001134,0.002448,0,0,-0.4,-10.7,-2.7,1.04,0.19,-0.04
10779,53.89,53.89,54.006071,0.002383,0,0,-0.3,-10.8,-3.2,1.03,0.19,-0.04
10780,53.895,53.895,54.010055,0.001368,0,0,-0.4,-10.7,-2.7,1.03,0.18,-0.04
10781,53.9,53.9,54.015095,0.001408,0,0,-0.3,-10.7,-2.6,1.03,0.18,-0.04
10782,53.905,53.905,54.021233,0.002547,0,0,-0.5,-10.8,-2.8,1.04,0.19,-0.04
10783,53.91,53.910001,54.025091,0.001402,9.99999997475243e-07,0,-0.4,-10.8,-3.2,1.04,0.18,-0.04
10784,53.915,53.915,54.030048,0.00136,0,0,-0.2,-10.8,-2.7,1.04,0.18,-0.04
10785,53.92,53.92,54.036061,0.002374,0,0,-0.2,-10.8,-3,1.03,0.18,-0.04
10786,53.925,53.925001,54.041066,0.002377,9.99999997475243e-07,0,-0.2,-10.8,-3,1.02,0.18,-0.04
10787,53.93,53.93,54.045113,0.001426,0,0,-0.3,-10.8,-3,1.02,0.18,-0.04
10788,53.935,53.935,54.051079,0.002392,0,0,-0.3,-10.8,-3.4,1.02,0.19,-0.04
10789,53.94,53.94,54.056215,0.002528,0,0,-0.5,-10.8,-2.9,1.03,0.19,-0.04
10790,53.945,53.945,54.060084,0.001396,0,0,-0.4,-10.8,-2.7,1.04,0.18,-0.04
10791,53.95,53.95,54.066087,0.002399,0,0,-0.4,-10.8,-3.1,1.03,0.19,-0.04
10792,53.955,53.955,54.071078,0.002391,0,0,-0.4,-10.8,-2.3,1.04,0.18,-0.04
10793,53.96,53.96,54.075044,0.001357,0,0,-0.4,-10.7,-1.8,1.04,0.18,-0.04
10794,53.965,53.965,54.080161,0.001473,0,0,-0.2,-10.7,-2.3,1.05,0.17,-0.04
10795,53.97,53.97,54.086117,0.00243,0,0,-0.3,-10.8,-3,1.04,0.18,-0.04
10796,53.975,53.975,54.090174,0.001486,0,0,-0.2,-10.7,-2.8,1.04,0.17,-0.04
10797,53.98,53.980001,54.095147,0.001459,9.99999997475243e-07,0,-0.2,-10.7,-2.8,1.04,0.18,-0.04
10798,53.985,53.985,54.101029,0.002342,0,0,-0.2,-10.8,-3.1,1.04,0.18,-0.04
10799,53.99,53.99,54.105031,0.001344,0,0,-0.3,-10.8,-2.7,1.04,0.18,-0.04
10800,53.995,53.995001,54.11009,0.001401,9.99999997475243e-07,0,0,-10.8,-2.1,1.04,0.17,-0.04
10801,54,54,54.116029,0.002342,0,0,-0.1,-10.7,-2.6,1.04,0.17,-0.04
10802,54.005,54.005,54.120025,0.001338,0,0,-0.2,-10.7,-3.5,1.04,0.18,-0.05
10803,54.01,54.01,54.125156,0.001468,0,0,-0.3,-10.8,-3.6,1.03,0.19,-0.05
10804,54.015,54.015,54.131066,0.002379,0,0,-0.3,-10.7,-3.2,1.03,0.18,-0.04
10805,54.02,54.02,54.136192,0.002505,0,0,-0.3,-10.8,-2.5,1.04,0.18,-0.04
10806,54.025,54.025,54.140035,0.001349,0,0,-0.3,-10.8,-2.8,1.04,0.19,-0.04
10807,54.03,54.03,54.146025,0.002338,0,0,-0.4,-10.8,-2.7,1.04,0.18,-0.04
10808,54.035,54.035001,54.15109,0.002402,9.99999997475243e-07,0,-0.3,-10.8,-1.9,1.04,0.17,-0.04
10809,54.04,54.04,54.155106,0.001419,0,0,-0.3,-10.8,-3.1,1.03,0.19,-0.04
10810,54.045,54.045,54.161146,0.002459,0,0,-0.2,-10.8,-3,1.04,0.18,-0.04
10811,54.05,54.050001,54.166059,0.002371,9.99999997475243e-07,0,-0.1,-10.7,-3.2,1.04,0.17,-0.04
10812,54.055,54.055,54.170019,0.001332,0,0,-0.1,-10.7,-3.5,1.03,0.18,-0.04
10813,54.06,54.06,54.175281,0.001593,0,0,-0.2,-10.7,-3.4,1.03,0.18,-0.04
10814,54.065,54.065,54.181095,0.002409,0,0,-0.4,-10.8,-3.6,1.03,0.19,-0.04
10815,54.07,54.07,54.185015,0.001327,0,0,-0.4,-10.7,-3.7,1.03,0.19,-0.04
10816,54.075,54.075,54.190133,0.001445,0,0,-0.4,-10.8,-3.5,1.03,0.19,-0.04
10817,54.08,54.08,54.196043,0.002355,0,0,-0.3,-10.8,-2.9,1.04,0.18,-0.04
10818,54.085,54.085,54.201051,0.002364,0,0,-0.4,-10.9,-3.5,1.04,0.19,-0.04
10819,54.09,54.09,54.205045,0.001357,0,0,-0.1,-10.8,-3.5,1.03,0.18,-0.04
10820,54.095,54.095,54.211035,0.002347,0,0,-0.3,-10.7,-2.7,1.04,0.17,-0.04
10821,54.1,54.1,54.216053,0.002366,0,0,-0.3,-10.8,-2.6,1.04,0.17,-0.04
10822,54.105,54.105001,54.220076,0.001388,9.99999997475243e-07,0,-0.4,-10.8,-2.9,1.04,0.18,-0.04
10823,54.11,54.11,54.225334,0.001646,0,0,-0.3,-10.8,-2.8,1.04,0.17,-0.04
10824,54.115,54.115,54.231095,0.002409,0,0,-0.2,-10.7,-3,1.03,0.17,-0.04
10825,54.12,54.120001,54.235098,0.00141,9.99999997475243e-07,0,-0.2,-10.7,-3.4,1.03,0.18,-0.04
10826,54.125,54.125,54.240215,0.001527,0,0,-0.2,-10.7,-3.8,1.03,0.19,-0.04
10827,54.13,54.13,54.246085,0.002397,0,0,-0.2,-10.7,-3.5,1.03,0.18,-0.04
10828,54.135,54.135,54.25006,0.001372,0,0,-0.1,-10.7,-3.2,1.03,0.18,-0.04
10829,54.14,54.14,54.255217,0.00153,0,0,-0.2,-10.7,-3.1,1.03,0.18,-0.04
10830,54.145,54.145,54.26107,0.002383,0,0,0,-10.7,-2.2,1.04,0.16,-0.03
10831,54.15,54.15,54.265024,0.001337,0,0,-0.1,-10.8,-2.8,1.03,0.18,-0.04
10832,54.155,54.155,54.27014,0.001454,0,0,0,-10.8,-2.7,1.04,0.17,-0.04
10833,54.16,54.160001,54.276053,0.002364,9.99999997475243e-07,0,-0.1,-10.8,-3.1,1.04,0.18,-0.04
10834,54.165,54.165,54.281123,0.002436,0,0,-0.2,-10.7,-3.3,1.03,0.18,-0.04
10835,54.17,54.17,54.285009,0.001323,0,0,-0.3,-10.8,-3.4,1.04,0.18,-0.05
10836,54.175,54.175001,54.291171,0.002482,9.99999997475243e-07,0,-0.4,-10.7,-3.3,1.04,0.18,-0.04
10837,54.18,54.18,54.296066,0.002379,0,0,-0.3,-10.8,-3,1.04,0.18,-0.04
10838,54.185,54.185,54.300095,0.001408,0,0,-0.4,-10.8,-3.4,1.04,0.19,-0.04
10839,54.19,54.19,54.306201,0.002515,0,0,-0.5,-10.8,-3.5,1.04,0.2,-0.04
10840,54.195,54.195,54.311082,0.002396,0,0,-0.5,-10.7,-3.5,1.03,0.19,-0.04
10841,54.2,54.2,54.315055,0.001369,0,0,-0.3,-10.7,-4.2,1.03,0.19,-0.05
10842,54.205,54.205,54.321097,0.002409,0,0,-0.4,-10.8,-3.6,1.03,0.19,-0.04
10843,54.21,54.21,54.326091,0.002403,0,0,-0.2,-10.8,-3.8,1.03,0.19,-0.04
10844,54.215,54.215,54.330031,0.001344,0,0,-0.1,-10.7,-3.9,1.03,0.19,-0.04
10845,54.22,54.22,54.335134,0.001448,0,0,-0.1,-10.7,-3.2,1.04,0.18,-0.04
10846,54.225,54.225,54.341142,0.002454,0,0,-0.3,-10.8,-2.9,1.04,0.18,-0.04
10847,54.23,54.230001,54.345278,0.00159,9.99999997475243e-07,0,-0.2,-10.8,-2.7,1.04,0.17,-0.04
10848,54.235,54.235,54.350089,0.001401,0,0,-0.2,-10.8,-3.9,1.02,0.19,-0.04
10849,54.24,54.24,54.356094,0.002407,0,0,-0.2,-10.8,-3.7,1.03,0.19,-0.04
10850,54.245,54.245001,54.361105,0.002417,9.99999997475243e-07,0,-0.2,-10.7,-3.4,1.03,0.18,-0.04
10851,54.25,54.25,54.365028,0.001341,0,0,-0.3,-10.7,-3.4,1.03,0.18,-0.04
10852,54.255,54.255,54.370224,0.001536,0,0,-0.2,-10.7,-3.5,1.03,0.18,-0.05
10853,54.26,54.26,54.376133,0.002445,0,0,-0.1,-10.6,-3.4,1.03,0.18,-0.05
10854,54.265,54.265,54.380068,0.001381,0,0,-0.3,-10.6,-3.5,1.03,0.19,-0.05
10855,54.27,54.270001,54.385431,0.001745,9.99999997475243e-07,0,-0.4,-10.8,-3.9,1.03,0.2,-0.04
10856,54.275,54.275001,54.390808,0.002122,1.00000000458067e-06,0,-0.4,-10.7,-4.1,1.03,0.2,-0.05
10857,54.28,54.280001,54.396928,0.00324,9.99999997475243e-07,0,-0.2,-10.8,-3.5,1.04,0.18,-0.04
10858,54.285,54.285002,54.400773,0.002086,1.99999999495049e-06,0,-0.3,-10.7,-3.3,1.04,0.18,-0.04
10859,54.29,54.29,54.406005,0.002318,0,0,-0.2,-10.7,-3.4,1.04,0.18,-0.05
10860,54.295,54.295001,54.41193,0.003245,9.99999997475243e-07,0,-0.4,-10.8,-3.8,1.03,0.19,-0.05
10861,54.3,54.300001,54.41554,0.001852,9.99999997475243e-07,0,-0.2,-10.8,-3.1,1.04,0.18,-0.05
10862,54.305,54.305001,54.420412,0.001723,9.99999997475243e-07,0,-0.2,-10.8,-2.7,1.04,0.18,-0.04
10863,54.31,54.31,54.426412,0.002724,0,0,-0.3,-10.8,-3.1,1.04,0.18,-0.04
10864,54.315,54.315,54.430069,0.001382,0,0,-0.1,-10.8,-3.4,1.03,0.18,-0.04
10865,54.32,54.32,54.436126,0.002438,0,0,-0.3,-10.7,-3.7,1.03,0.19,-0.04
10866,54.325,54.325001,54.441971,0.003285,9.99999997475243e-07,0,-0.2,-10.8,-3.4,1.03,0.18,-0.04
10867,54.33,54.330001,54.446184,0.002499,1.00000000458067e-06,0,-0.4,-10.7,-3.5,1.03,0.19,-0.04
10868,54.335,54.335001,54.451077,0.002392,9.99999997475243e-07,0,-0.2,-10.7,-2.9,1.03,0.17,-0.04
10869,54.34,54.340002,54.456663,0.002974,1.99999999495049e-06,0,-0.3,-10.8,-2.7,1.03,0.17,-0.04
10870,54.345,54.345001,54.460468,0.001781,1.00000000458067e-06,0,-0.5,-10.8,-2.8,1.03,0.19,-0.04
10871,54.35,54.35,54.46519,0.001502,0,0,-0.6,-10.7,-3.5,1.03,0.19,-0.04
10872,54.355,54.355001,54.471177,0.002489,9.99999997475243e-07,0,-0.4,-10.7,-2.9,1.03,0.18,-0.04
10873,54.36,54.36,54.475261,0.001573,0,0,-0.3,-10.7,-3.5,1.02,0.18,-0.04
10874,54.365,54.365,54.480272,0.001585,0,0,-0.3,-10.7,-4,1.02,0.19,-0.04
10875,54.37,54.370001,54.486124,0.002436,9.99999997475243e-07,0,-0.2,-10.6,-4.1,1.02,0.19,-0.04
10876,54.375,54.375,54.490118,0.00143,0,0,-0.4,-10.7,-4.3,1.02,0.2,-0.04
10877,54.38,54.38,54.495135,0.001448,0,0,-0.3,-10.6,-3.5,1.03,0.19,-0.04
10878,54.385,54.385,54.501082,0.002395,0,0,-0.4,-10.7,-3.7,1.03,0.19,-0.04
10879,54.39,54.39,54.505034,0.001347,0,0,-0.5,-10.7,-3.8,1.04,0.2,-0.04
10880,54.395,54.395,54.510011,0.001324,0,0,-0.4,-10.8,-3.1,1.04,0.19,-0.04
10881,54.4,54.4,54.516099,0.002414,0,0,-0.4,-10.8,-3,1.04,0.18,-0.04
10882,54.405,54.405,54.520011,0.001324,0,0,-0.3,-10.7,-3.3,1.04,0.19,-0.04
10883,54.41,54.410001,54.52526,0.001572,9.99999997475243e-07,0,-0.5,-10.8,-3.3,1.04,0.2,-0.04
10884,54.415,54.415,54.531067,0.002381,0,0,-0.3,-10.9,-2.5,1.04,0.18,-0.04
10885,54.42,54.42,54.536063,0.002376,0,0,-0.4,-10.8,-2.8,1.04,0.19,-0.04
10886,54.425,54.425001,54.540258,0.001569,9.99999997475243e-07,0,-0.3,-10.8,-3.2,1.04,0.19,-0.04
10887,54.43,54.43,54.545161,0.001473,0,0,-0.3,-10.8,-3.2,1.04,0.19,-0.03
10888,54.435,54.435,54.551032,0.002345,0,0,-0.3,-10.7,-3.3,1.04,0.19,-0.04
10889,54.44,54.44,54.555036,0.001349,0,0,-0.3,-10.7,-3.1,1.04,0.19,-0.04
10890,54.445,54.445,54.560016,0.001329,0,0,-0.1,-10.6,-2.8,1.04,0.17,-0.04
10891,54.45,54.45,54.566019,0.002332,0,0,-0.3,-10.8,-3.1,1.04,0.19,-0.04
10892,54.455,54.455,54.571093,0.002406,0,0,-0.4,-10.8,-3.8,1.03,0.2,-0.04
10893,54.46,54.46,54.575074,0.001386,0,0,-0.2,-10.8,-3.9,1.03,0.2,-0.04
10894,54.465,54.465,54.581221,0.002535,0,0,-0.3,-10.9,-3.6,1.03,0.19,-0.04
10895,54.47,54.47,54.58687,0.003185,0,0,-0.3,-10.9,-2.6,1.05,0.18,-0.04
10896,54.475,54.475,54.590379,0.00169,0,0,-0.3,-10.9,-2.3,1.05,0.18,-0.04
10897,54.48,54.480001,54.59647,0.002781,9.99999997475243e-07,0,-0.4,-10.8,-3.1,1.05,0.19,-0.05
10898,54.485,54.485,54.601256,0.002569,0,0,-0.4,-10.9,-3.3,1.04,0.19,-0.05
10899,54.49,54.49,54.605361,0.001674,0,0,-0.3,-10.8,-3.1,1.04,0.19,-0.04
10900,54.495,54.495002,54.611477,0.002787,1.99999999495049e-06,0,-0.2,-10.8,-3.5,1.04,0.18,-0.05
10901,54.5,54.5,54.615216,0.001528,0,0,-0.4,-10.9,-3,1.04,0.19,-0.04
10902,54.505,54.505,54.62036,0.001672,0,0,-0.3,-10.9,-2.9,1.04,0.18,-0.04
10903,54.51,54.510001,54.626539,0.002851,1.00000000458067e-06,0,-0.3,-10.8,-2.9,1.04,0.18,-0.04
10904,54.515,54.515,54.630151,0.001463,0,0,-0.3,-10.8,-3.1,1.04,0.19,-0.03
10905,54.52,54.52,54.636115,0.002427,0,0,-0.2,-10.8,-3.5,1.04,0.19,-0.04
10906,54.525,54.525003,54.641382,0.002693,2.99999999953116e-06,0,-0.2,-10.8,-3.7,1.04,0.18,-0.04
10907,54.53,54.530001,54.645751,0.002065,9.99999997475243e-07,0,-0.2,-10.7,-3.5,1.04,0.18,-0.04
10908,54.535,54.535002,54.650837,0.002149,1.99999999495049e-06,0,-0.2,-10.7,-3.5,1.04,0.18,-0.04
10909,54.54,54.540001,54.656421,0.002732,9.99999997475243e-07,0,-0.4,-10.7,-2.7,1.04,0.18,-0.04
10910,54.545,54.545,54.660083,0.001396,0,0,-0.4,-10.8,-2.9,1.04,0.19,-0.04
10911,54.55,54.550001,54.666146,0.002458,9.99999997475243e-07,0,-0.4,-10.7,-3,1.04,0.19,-0.04
10912,54.555,54.555,54.671076,0.002389,0,0,-0.3,-10.8,-2.9,1.04,0.18,-0.04
10913,54.56,54.56,54.675058,0.00137,0,0,-0.2,-10.7,-2.7,1.04,0.18,-0.04
10914,54.565,54.565,54.681042,0.002355,0,0,-0.5,-10.7,-3.2,1.04,0.2,-0.04
10915,54.57,54.57,54.686017,0.002329,0,0,-0.5,-10.8,-3.3,1.04,0.2,-0.04
10916,54.575,54.575,54.690059,0.001372,0,0,-0.4,-10.9,-3.3,1.03,0.2,-0.04
10917,54.58,54.58,54.696082,0.002395,0,0,-0.4,-10.9,-2.7,1.04,0.19,-0.04
10918,54.585,54.585,54.701014,0.002327,0,0,-0.3,-10.8,-2.4,1.05,0.18,-0.04
10919,54.59,54.59,54.705025,0.001338,0,0,-0.3,-10.7,-3.1,1.04,0.19,-0.04
10920,54.595,54.595,54.710077,0.00139,0,0,-0.2,-10.6,-3.3,1.04,0.18,-0.04
10921,54.6,54.6,54.716026,0.002338,0,0,-0.2,-10.7,-3.7,1.04,0.18,-0.04
10922,54.605,54.605001,54.720033,0.001345,9.99999997475243e-07,0,-0.3,-10.7,-3.1,1.04,0.18,-0.04
10923,54.61,54.610001,54.725159,0.001471,9.99999997475243e-07,0,-0.3,-10.6,-3,1.04,0.19,-0.04
10924,54.615,54.615,54.731059,0.002373,0,0,-0.3,-10.7,-3.1,1.04,0.18,-0.04
10925,54.62,54.620001,54.735065,0.001377,9.99999997475243e-07,0,-0.3,-10.7,-3.3,1.03,0.19,-0.04
10926,54.625,54.625,54.741253,0.002565,0,0,-0.1,-10.7,-3.5,1.03,0.18,-0.04
10927,54.63,54.63,54.746064,0.002377,0,0,-0.2,-10.7,-3.5,1.03,0.18,-0.03
10928,54.635,54.635,54.751078,0.002391,0,0,-0.2,-10.7,-3.5,1.03,0.18,-0.04
10929,54.64,54.64,54.755183,0.001495,0,0,-0.5,-10.8,-3.9,1.03,0.2,-0.04
10930,54.645,54.645,54.7611,0.002413,0,0,-0.6,-10.8,-4.1,1.03,0.2,-0.05
10931,54.65,54.65,54.766046,0.002358,0,0,-0.4,-10.7,-4.5,1.02,0.21,-0.05
10932,54.655,54.655,54.770143,0.001456,0,0,-0.4,-10.7,-4.1,1.02,0.2,-0.04
10933,54.66,54.660001,54.775147,0.001458,9.99999997475243e-07,0,-0.2,-10.6,-2.6,1.03,0.17,-0.04
10934,54.665,54.665,54.781115,0.002428,0,0,-0.2,-10.6,-3,1.03,0.17,-0.04
10935,54.67,54.67,54.78529,0.001604,0,0,-0.2,-10.7,-3.4,1.04,0.17,-0.04
10936,54.675,54.675002,54.790329,0.00164,1.99999999495049e-06,0,-0.3,-10.7,-3.5,1.04,0.18,-0.04
10937,54.68,54.68,54.795723,0.002036,0,0,-0.3,-10.8,-3.8,1.03,0.19,-0.05
10938,54.685,54.685001,54.801389,0.002701,9.99999997475243e-07,0,-0.2,-10.7,-3.8,1.03,0.19,-0.05
10939,54.69,54.69,54.805102,0.001415,0,0,-0.4,-10.6,-3.7,1.03,0.19,-0.05
10940,54.695,54.695,54.811196,0.002508,0,0,-0.5,-10.6,-3.3,1.04,0.19,-0.04
10941,54.7,54.7,54.816112,0.002425,0,0,-0.3,-10.8,-2.9,1.03,0.18,-0.04
10942,54.705,54.705,54.820067,0.00138,0,0,-0.2,-10.8,-3,1.03,0.18,-0.04
10943,54.71,54.71,54.825446,0.001759,0,0,-0.3,-10.9,-3.4,1.03,0.2,-0.04
10944,54.715,54.715,54.831184,0.002497,0,0,-0.3,-10.9,-3.7,1.04,0.2,-0.04
10945,54.72,54.72,54.835083,0.001396,0,0,-0.4,-10.9,-3.4,1.03,0.2,-0.04
10946,54.725,54.725,54.840204,0.001518,0,0,-0.4,-10.8,-2.9,1.03,0.19,-0.04
10947,54.73,54.730001,54.846126,0.002438,9.99999997475243e-07,0,-0.3,-10.9,-3.4,1.03,0.2,-0.04
10948,54.735,54.735,54.851057,0.002369,0,0,-0.4,-10.9,-3.4,1.03,0.2,-0.04
10949,54.74,54.74,54.855098,0.001412,0,0,-0.3,-10.7,-3.3,1.03,0.19,-0.04
10950,54.745,54.745001,54.86109,0.002402,9.99999997475243e-07,0,-0.3,-10.7,-3.5,1.03,0.19,-0.04
10951,54.75,54.75,54.866046,0.002359,0,0,-0.4,-10.7,-4.1,1.03,0.2,-0.05
10952,54.755,54.755,54.87004,0.001353,0,0,-0.4,-10.8,-3.7,1.03,0.19,-0.05
10953,54.76,54.76,54.87531,0.001622,0,0,-0.3,-10.7,-3.3,1.04,0.18,-0.04
10954,54.765,54.765,54.881092,0.002405,0,0,-0.2,-10.7,-3.2,1.03,0.18,-0.04
10955,54.77,54.77,54.886098,0.002412,0,0,-0.3,-10.7,-3.1,1.04,0.18,-0.04
10956,54.775,54.775,54.890078,0.001391,0,0,-0.4,-10.7,-2.9,1.04,0.19,-0.04
10957,54.78,54.78,54.896135,0.002448,0,0,-0.4,-10.8,-2.8,1.04,0.18,-0.04
10958,54.785,54.785001,54.901085,0.002397,9.99999997475243e-07,0,-0.3,-10.8,-2.9,1.05,0.19,-0.04
10959,54.79,54.79,54.905048,0.001361,0,0,-0.1,-10.7,-2.8,1.04,0.18,-0.04
10960,54.795,54.795,54.910251,0.001563,0,0,-0.2,-10.7,-3.5,1.03,0.19,-0.04
10961,54.8,54.800001,54.916102,0.002413,9.99999997475243e-07,0,-0.1,-10.8,-3.4,1.03,0.18,-0.04
10962,54.805,54.805,54.920234,0.001548,0,0,-0.1,-10.9,-3.3,1.03,0.17,-0.04
10963,54.81,54.81,54.925121,0.001435,0,0,-0.2,-10.8,-3.5,1.03,0.18,-0.04
10964,54.815,54.815001,54.930354,0.001665,1.00000000458067e-06,0,-0.4,-10.7,-3.5,1.03,0.18,-0.04
10965,54.82,54.82,54.935087,0.0014,0,0,-0.5,-10.6,-3.8,1.03,0.18,-0.05
10966,54.825,54.825,54.940134,0.001447,0,0,-0.3,-10.6,-3.6,1.03,0.18,-0.05
10967,54.83,54.83,54.946271,0.002584,0,0,-0.3,-10.7,-4,1.03,0.19,-0.04
10968,54.835,54.835,54.951212,0.002525,0,0,-0.3,-10.7,-3.9,1.03,0.19,-0.04
10969,54.84,54.84,54.955096,0.001409,0,0,-0.4,-10.8,-3.6,1.03,0.2,-0.04
10970,54.845,54.845,54.961084,0.002396,0,0,-0.4,-10.7,-3.3,1.04,0.19,-0.04
10971,54.85,54.85,54.966045,0.002358,0,0,-0.3,-10.7,-2.9,1.04,0.18,-0.04
10972,54.855,54.855001,54.970209,0.001521,9.99999997475243e-07,0,-0.3,-10.8,-3.6,1.03,0.2,-0.04
10973,54.86,54.86,54.975132,0.001445,0,0,-0.3,-10.8,-4,1.03,0.2,-0.04
10974,54.865,54.865,54.981046,0.002359,0,0,-0.3,-10.8,-4.5,1.02,0.21,-0.05
10975,54.87,54.870001,54.985082,0.001394,9.99999997475243e-07,0,-0.4,-10.8,-4.2,1.02,0.21,-0.04
10976,54.875,54.875,54.990137,0.00145,0,0,-0.5,-10.9,-4.2,1.03,0.21,-0.05
10977,54.88,54.88,54.996046,0.002359,0,0,-0.4,-10.9,-3.9,1.03,0.2,-0.05
10978,54.885,54.885,55.001062,0.002374,0,0,-0.4,-10.8,-3.8,1.04,0.19,-0.05
10979,54.89,54.89,55.005143,0.001457,0,0,-0.4,-10.8,-3.2,1.04,0.18,-0.04
10980,54.895,54.895,55.01013,0.001443,0,0,-0.3,-10.8,-2.9,1.04,0.18,-0.04
10981,54.9,54.9,55.016099,0.002412,0,0,-0.3,-10.8,-3,1.04,0.18,-0.04
10982,54.905,54.905,55.021063,0.002376,0,0,-0.4,-10.9,-2.6,1.04,0.18,-0.03
10983,54.91,54.910001,55.025077,0.001389,9.99999997475243e-07,0,-0.4,-10.9,-3.3,1.03,0.19,-0.04
10984,54.915,54.915,55.031101,0.002414,0,0,-0.3,-10.8,-3,1.04,0.18,-0.03
10985,54.92,54.92,55.03613,0.002443,0,0,-0.4,-10.8,-3,1.04,0.18,-0.04
10986,54.925,54.925001,55.040102,0.001413,9.99999997475243e-07,0,-0.3,-10.8,-2.8,1.04,0.18,-0.03
10987,54.93,54.93,55.045031,0.001343,0,0,-0.1,-10.7,-3.8,1.03,0.18,-0.04
10988,54.935,54.935,55.051052,0.002365,0,0,-0.1,-10.7,-3.9,1.03,0.18,-0.04
10989,54.94,54.94,55.055061,0.001374,0,0,-0.1,-10.8,-3,1.03,0.17,-0.03
10990,54.945,54.945,55.060146,0.001459,0,0,-0.1,-10.7,-3.3,1.04,0.17,-0.04
10991,54.95,54.95,55.066066,0.00238,0,0,-0.3,-10.8,-3.7,1.03,0.18,-0.04
10992,54.955,54.955,55.070037,0.00135,0,0,-0.4,-10.7,-3.7,1.03,0.19,-0.04
10993,54.96,54.96,55.075105,0.001417,0,0,-0.3,-10.6,-3.7,1.03,0.18,-0.04
10994,54.965,54.965,55.081052,0.002364,0,0,-0.4,-10.7,-4.1,1.03,0.19,-0.04
10995,54.97,54.97,55.085045,0.001357,0,0,-0.4,-10.7,-3.3,1.04,0.19,-0.04
10996,54.975,54.975,55.090254,0.001566,0,0,-0.3,-10.7,-3.2,1.03,0.19,-0.04
10997,54.98,54.980001,55.096066,0.002378,9.99999997475243e-07,0,-0.2,-10.8,-2.7,1.04,0.18,-0.04
10998,54.985,54.985,55.100027,0.001339,0,0,-0.3,-10.8,-2.8,1.04,0.18,-0.04
10999,54.99,54.99,55.105076,0.001389,0,0,-0.3,-10.8,-2.7,1.04,0.18,-0.04
11000,54.995,54.995001,55.111059,0.002371,9.99999997475243e-07,0,-0.3,-10.8,-2.3,1.04,0.18,-0.04
11001,55,55,55.116042,0.002354,0,0,-0.5,-10.8,-3.5,1.04,0.2,-0.05
11002,55.005,55.005,55.120051,0.001365,0,0,-0.4,-10.8,-3.2,1.04,0.18,-0.04
11003,55.01,55.01,55.125231,0.001544,0,0,-0.5,-10.9,-3.2,1.04,0.19,-0.04
11004,55.015,55.015,55.131066,0.002378,0,0,-0.4,-10.7,-2.9,1.04,0.17,-0.04
11005,55.02,55.02,55.136042,0.002355,0,0,-0.4,-10.7,-2.4,1.04,0.17,-0.04
11006,55.025,55.025,55.140041,0.001354,0,0,-0.3,-10.7,-2.7,1.04,0.18,-0.04
11007,55.03,55.03,55.146183,0.002497,0,0,-0.4,-10.8,-2.8,1.05,0.17,-0.04
11008,55.035,55.035001,55.151144,0.002457,9.99999997475243e-07,0,-0.3,-10.7,-3.3,1.04,0.18,-0.05
11009,55.04,55.04,55.155115,0.001427,0,0,-0.2,-10.6,-2.9,1.04,0.17,-0.04
11010,55.045,55.045,55.160114,0.001427,0,0,-0.2,-10.6,-2.9,1.04,0.18,-0.03
11011,55.05,55.050001,55.166098,0.00241,9.99999997475243e-07,0,-0.2,-10.7,-3.4,1.04,0.18,-0.04
11012,55.055,55.055,55.171067,0.00238,0,0,-0.2,-10.8,-3.5,1.03,0.19,-0.04
11013,55.06,55.06,55.175043,0.001356,0,0,-0.3,-10.8,-3.8,1.03,0.19,-0.04
11014,55.065,55.065,55.180123,0.001436,0,0,-0.3,-10.9,-3.5,1.04,0.19,-0.04
11015,55.07,55.07,55.186034,0.002347,0,0,-0.3,-10.9,-3.2,1.04,0.19,-0.04
11016,55.075,55.075,55.191203,0.002515,0,0,-0.4,-10.8,-3.4,1.04,0.19,-0.04
11017,55.08,55.08,55.195036,0.001348,0,0,-0.4,-10.8,-3.4,1.04,0.19,-0.04
11018,55.085,55.085,55.201132,0.002445,0,0,-0.5,-10.9,-2.8,1.04,0.18,-0.04
11019,55.09,55.09,55.206053,0.002366,0,0,-0.3,-10.7,-2.9,1.04,0.18,-0.04
11020,55.095,55.095,55.210098,0.001412,0,0,-0.2,-10.8,-2.9,1.04,0.17,-0.04
11021,55.1,55.1,55.216114,0.002428,0,0,-0.1,-10.8,-2.3,1.05,0.16,-0.04
11022,55.105,55.105001,55.221109,0.002422,9.99999997475243e-07,0,-0.3,-10.8,-2.3,1.05,0.17,-0.04
11023,55.11,55.11,55.226138,0.002451,0,0,-0.2,-10.8,-3.1,1.03,0.18,-0.04
11024,55.115,55.115,55.231081,0.002394,0,0,-0.3,-10.8,-3.1,1.03,0.18,-0.04
11025,55.12,55.120001,55.236023,0.002335,9.99999997475243e-07,0,-0.4,-10.8,-2.3,1.04,0.18,-0.04
11026,55.125,55.125,55.240262,0.001574,0,0,-0.4,-10.8,-2.8,1.04,0.19,-0.04
11027,55.13,55.13,55.24518,0.001492,0,0,-0.4,-10.7,-3.3,1.04,0.19,-0.04
11028,55.135,55.135001,55.251328,0.00264,1.00000000458067e-06,0,-0.4,-10.8,-3.4,1.04,0.2,-0.04
11029,55.14,55.14,55.256274,0.002586,0,0,-0.6,-10.8,-3.7,1.03,0.21,-0.04
11030,55.145,55.145,55.260055,0.001368,0,0,-0.5,-10.8,-3.1,1.04,0.19,-0.04
11031,55.15,55.15,55.266085,0.002399,0,0,-0.3,-10.8,-3.3,1.03,0.19,-0.05
11032,55.155,55.155,55.271215,0.002529,0,0,-0.4,-10.7,-3.7,1.03,0.19,-0.05
11033,55.16,55.160001,55.275052,0.001364,9.99999997475243e-07,0,-0.3,-10.7,-4.2,1.03,0.2,-0.05
11034,55.165,55.165,55.281127,0.00244,0,0,-0.3,-10.7,-4.2,1.03,0.2,-0.05
11035,55.17,55.17,55.286126,0.002439,0,0,-0.3,-10.9,-3.1,1.04,0.19,-0.04
11036,55.175,55.175001,55.29008,0.001391,9.99999997475243e-07,0,-0.2,-10.8,-3.4,1.03,0.19,-0.04
11037,55.18,55.18,55.295603,0.001915,0,0,-0.3,-10.7,-3.7,1.03,0.19,-0.05
11038,55.185,55.185,55.30113,0.002443,0,0,-0.5,-10.8,-3.7,1.03,0.2,-0.05
11039,55.19,55.19,55.305029,0.001342,0,0,-0.3,-10.8,-3.4,1.03,0.2,-0.04
11040,55.195,55.195,55.31007,0.001384,0,0,-0.5,-10.7,-3.2,1.04,0.2,-0.04
11041,55.2,55.2,55.316106,0.002419,0,0,-0.2,-10.8,-3,1.04,0.18,-0.04
11042,55.205,55.205,55.321096,0.002409,0,0,-0.2,-10.8,-3.7,1.04,0.19,-0.04
11043,55.21,55.21,55.325027,0.00134,0,0,-0.2,-10.7,-3.3,1.04,0.18,-0.04
11044,55.215,55.215,55.330161,0.001474,0,0,-0.2,-10.7,-3.2,1.04,0.18,-0.04
11045,55.22,55.22,55.336186,0.002499,0,0,-0.2,-10.7,-2.7,1.05,0.17,-0.04
11046,55.225,55.225,55.340037,0.00135,0,0,-0.3,-10.8,-2.4,1.05,0.17,-0.04
11047,55.23,55.230001,55.345126,0.001439,9.99999997475243e-07,0,-0.3,-10.8,-3,1.04,0.18,-0.04
11048,55.235,55.235,55.351192,0.002504,0,0,-0.3,-10.8,-3,1.04,0.18,-0.04
11049,55.24,55.24,55.355182,0.001495,0,0,-0.3,-10.8,-2.7,1.05,0.18,-0.04
11050,55.245,55.245001,55.360112,0.001424,9.99999997475243e-07,0,-0.2,-10.7,-3.1,1.04,0.18,-0.04
11051,55.25,55.25,55.366113,0.002425,0,0,-0.2,-10.6,-3.6,1.04,0.18,-0.04
11052,55.255,55.255,55.370043,0.001356,0,0,-0.1,-10.7,-3.7,1.04,0.19,-0.04
11053,55.26,55.26,55.375102,0.001415,0,0,-0.2,-10.7,-2.5,1.04,0.18,-0.03
11054,55.265,55.265,55.381139,0.002452,0,0,-0.2,-10.8,-2.5,1.04,0.17,-0.03
11055,55.27,55.27,55.386047,0.00236,0,0,-0.3,-10.8,-3,1.04,0.18,-0.03
11056,55.275,55.275,55.39003,0.001342,0,0,-0.4,-10.7,-3.8,1.03,0.2,-0.04
11057,55.28,55.28,55.396124,0.002437,0,0,-0.4,-10.8,-3.9,1.03,0.2,-0.05
11058,55.285,55.285001,55.400243,0.001556,9.99999997475243e-07,0,-0.4,-10.7,-3.7,1.03,0.2,-0.05
11059,55.29,55.29,55.405127,0.00144,0,0,-0.5,-10.8,-3.1,1.04,0.19,-0.04
11060,55.295,55.295,55.411083,0.002396,0,0,-0.3,-10.7,-3,1.04,0.19,-0.04
11061,55.3,55.300001,55.416109,0.002422,9.99999997475243e-07,0,-0.2,-10.8,-2.8,1.04,0.18,-0.04
11062,55.305,55.305,55.42006,0.001373,0,0,-0.2,-10.8,-2.8,1.04,0.17,-0.04
11063,55.31,55.31,55.425219,0.001532,0,0,-0.2,-10.8,-3.1,1.04,0.18,-0.04
11064,55.315,55.315,55.431091,0.002404,0,0,-0.3,-10.7,-3.6,1.04,0.19,-0.04
11065,55.32,55.32,55.435033,0.001346,0,0,-0.3,-10.7,-3.4,1.03,0.19,-0.04
11066,55.325,55.325,55.440156,0.001469,0,0,-0.2,-10.8,-3.1,1.03,0.18,-0.04
11067,55.33,55.33,55.446093,0.002406,0,0,-0.3,-10.7,-3.8,1.03,0.19,-0.05
11068,55.335,55.335,55.450038,0.001351,0,0,-0.3,-10.7,-3.8,1.04,0.18,-0.05
11069,55.34,55.34,55.455139,0.001451,0,0,-0.4,-10.8,-3.7,1.03,0.18,-0.05
11070,55.345,55.345,55.461079,0.002391,0,0,-0.3,-10.8,-4,1.03,0.19,-0.05
11071,55.35,55.35,55.466047,0.00236,0,0,-0.5,-10.9,-4,1.03,0.21,-0.04
11072,55.355,55.355001,55.470068,0.00138,9.99999997475243e-07,0,-0.4,-10.8,-3.6,1.03,0.19,-0.05
11073,55.36,55.36,55.476084,0.002397,0,0,-0.1,-10.8,-3.2,1.04,0.18,-0.04
11074,55.365,55.365,55.481085,0.002398,0,0,-0.1,-10.8,-3.2,1.04,0.18,-0.04
11075,55.37,55.370001,55.485084,0.001397,9.99999997475243e-07,0,-0.1,-10.8,-3.6,1.03,0.18,-0.04
11076,55.375,55.375,55.490401,0.001714,0,0,-0.2,-10.7,-3.6,1.03,0.18,-0.05
11077,55.38,55.380002,55.496601,0.002913,1.99999999495049e-06,0,-0.2,-10.6,-3.7,1.03,0.18,-0.04
11078,55.385,55.385002,55.500498,0.00181,2.00000000205591e-06,0,-0.2,-10.8,-3.5,1.03,0.18,-0.04
11079,55.39,55.39,55.506239,0.002553,0,0,-0.3,-10.7,-4,1.03,0.2,-0.05
11080,55.395,55.395,55.511293,0.002606,0,0,-0.4,-10.7,-4.3,1.03,0.2,-0.05
11081,55.4,55.4,55.515187,0.0015,0,0,-0.3,-10.8,-4,1.03,0.2,-0.05
11082,55.405,55.405,55.521306,0.002619,0,0,-0.4,-10.9,-3.9,1.03,0.2,-0.04
11083,55.41,55.410002,55.526315,0.002627,1.99999999495049e-06,0,-0.3,-10.9,-3.6,1.04,0.2,-0.04
11084,55.415,55.415,55.530149,0.001462,0,0,-0.2,-10.7,-3.6,1.04,0.19,-0.04
11085,55.42,55.420001,55.536151,0.002463,9.99999997475243e-07,0,-0.2,-10.7,-3.5,1.04,0.19,-0.04
11086,55.425,55.425001,55.541086,0.002398,9.99999997475243e-07,0,-0.3,-10.7,-4.1,1.03,0.2,-0.04
11087,55.43,55.43,55.545156,0.001468,0,0,-0.1,-10.7,-3.1,1.04,0.18,-0.04
11088,55.435,55.435,55.550172,0.001484,0,0,-0.1,-10.7,-3.3,1.04,0.18,-0.04
11089,55.44,55.440001,55.556128,0.00244,1.00000000458067e-06,0,-0.3,-10.7,-3.4,1.03,0.18,-0.04
11090,55.445,55.445,55.560022,0.001334,0,0,-0.2,-10.7,-3.7,1.03,0.19,-0.04
11091,55.45,55.45,55.565079,0.001393,0,0,-0.2,-10.7,-3.9,1.03,0.19,-0.04
11092,55.455,55.455,55.571091,0.002403,0,0,-0.1,-10.7,-3.8,1.03,0.18,-0.04
11093,55.46,55.46,55.575048,0.001361,0,0,-0.2,-10.7,-3.9,1.04,0.19,-0.04
11094,55.465,55.465,55.580139,0.001453,0,0,-0.4,-10.7,-3.1,1.05,0.18,-0.04
11095,55.47,55.47,55.586041,0.002354,0,0,-0.5,-10.7,-3.6,1.04,0.19,-0.04
11096,55.475,55.475,55.590093,0.001407,0,0,-0.3,-10.8,-2.8,1.05,0.18,-0.04
11097,55.48,55.480001,55.595051,0.001363,9.99999997475243e-07,0,-0.2,-10.8,-2.6,1.05,0.18,-0.04
11098,55.485,55.485,55.601029,0.002342,0,0,-0.2,-10.7,-2.8,1.04,0.18,-0.04
11099,55.49,55.49,55.606025,0.002338,0,0,-0.2,-10.7,-2.7,1.04,0.17,-0.03
11100,55.495,55.495001,55.610015,0.001327,9.99999997475243e-07,0,-0.2,-10.6,-3.2,1.03,0.18,-0.04
11101,55.5,55.5,55.61619,0.002502,0,0,-0.1,-10.7,-2.7,1.04,0.17,-0.04
11102,55.505,55.505,55.621103,0.002416,0,0,-0.2,-10.7,-2.7,1.04,0.17,-0.04
11103,55.51,55.51,55.62508,0.001393,0,0,-0.1,-10.7,-2.7,1.04,0.17,-0.04
11104,55.515,55.515002,55.63052,0.00183,2.00000000205591e-06,0,-0.2,-10.7,-2.7,1.04,0.18,-0.04
11105,55.52,55.520001,55.63628,0.002592,9.99999997475243e-07,0,-0.3,-10.8,-2.8,1.04,0.19,-0.04
11106,55.525,55.525001,55.640419,0.001732,1.00000000458067e-06,0,-0.2,-10.7,-3.3,1.03,0.18,-0.04
11107,55.53,55.530001,55.645862,0.002174,9.99999997475243e-07,0,-0.3,-10.7,-3.2,1.04,0.18,-0.04
11108,55.535,55.535002,55.651796,0.003107,1.99999999495049e-06,0,-0.4,-10.7,-3.3,1.05,0.19,-0.05
11109,55.54,55.54,55.655436,0.001749,0,0,-0.4,-10.8,-3,1.04,0.18,-0.04
11110,55.545,55.545001,55.660525,0.001838,9.99999997475243e-07,0,-0.3,-10.7,-2.9,1.04,0.18,-0.04
11111,55.55,55.550001,55.666255,0.002566,9.99999997475243e-07,0,-0.3,-10.7,-3.1,1.04,0.18,-0.04
11112,55.555,55.555,55.670074,0.001387,0,0,-0.3,-10.8,-3.2,1.04,0.18,-0.04
11113,55.56,55.56,55.67616,0.002473,0,0,-0.3,-10.8,-3,1.04,0.18,-0.04
11114,55.565,55.565,55.681079,0.002392,0,0,-0.3,-10.7,-3.6,1.04,0.19,-0.04
11115,55.57,55.57,55.685164,0.001478,0,0,-0.5,-10.7,-2.9,1.05,0.19,-0.04
11116,55.575,55.575003,55.690415,0.001725,2.99999999953116e-06,0,-0.3,-10.7,-2.8,1.05,0.18,-0.04
11117,55.58,55.58,55.695102,0.001415,0,0,-0.4,-10.8,-3.2,1.04,0.19,-0.04
11118,55.585,55.585,55.700051,0.001364,0,0,-0.4,-10.8,-3.4,1.03,0.19,-0.04
11119,55.59,55.59,55.706283,0.002597,0,0,-0.4,-10.7,-3.3,1.04,0.18,-0.04
11120,55.595,55.595,55.71118,0.002493,0,0,-0.3,-10.7,-2.9,1.04,0.18,-0.04
11121,55.6,55.6,55.71503,0.001343,0,0,-0.4,-10.7,-3.2,1.04,0.18,-0.04
11122,55.605,55.605001,55.721159,0.002471,9.99999997475243e-07,0,-0.4,-10.8,-3.3,1.04,0.19,-0.04
11123,55.61,55.61,55.7261,0.002413,0,0,-0.4,-10.9,-3.4,1.04,0.19,-0.04
11124,55.615,55.615,55.730257,0.00157,0,0,-0.4,-10.9,-3,1.05,0.19,-0.04
11125,55.62,55.620001,55.735256,0.001568,9.99999997475243e-07,0,-0.3,-10.9,-3,1.04,0.18,-0.04
11126,55.625,55.625,55.741113,0.002426,0,0,-0.3,-10.8,-2.5,1.05,0.18,-0.04
11127,55.63,55.63,55.745096,0.001409,0,0,0,-10.8,-2.9,1.04,0.17,-0.04
11128,55.635,55.635,55.750178,0.001491,0,0,-0.1,-10.6,-3.2,1.04,0.17,-0.04
11129,55.64,55.64,55.756173,0.002485,0,0,-0.2,-10.6,-3.5,1.04,0.19,-0.04
11130,55.645,55.645,55.760031,0.001343,0,0,-0.2,-10.7,-3.2,1.04,0.19,-0.04
11131,55.65,55.65,55.765031,0.001344,0,0,-0.1,-10.7,-3.2,1.04,0.19,-0.03
11132,55.655,55.655,55.771138,0.002451,0,0,-0.2,-10.7,-3.3,1.04,0.2,-0.04
11133,55.66,55.660001,55.775027,0.001339,9.99999997475243e-07,0,-0.3,-10.8,-3.4,1.04,0.2,-0.04
11134,55.665,55.665,55.780048,0.001361,0,0,-0.2,-10.8,-3.2,1.04,0.19,-0.04
11135,55.67,55.67,55.786075,0.002388,0,0,-0.3,-10.7,-3.6,1.04,0.2,-0.04
11136,55.675,55.675001,55.791078,0.00239,9.99999997475243e-07,0,-0.2,-10.8,-3.1,1.04,0.18,-0.04
11137,55.68,55.68,55.795032,0.001344,0,0,-0.2,-10.8,-2.8,1.04,0.18,-0.03
11138,55.685,55.685,55.801031,0.002344,0,0,-0.2,-10.8,-3.2,1.04,0.18,-0.04
11139,55.69,55.69,55.806029,0.002342,0,0,-0.2,-10.7,-3.2,1.04,0.17,-0.04
11140,55.695,55.695,55.810039,0.001352,0,0,-0.3,-10.7,-3.6,1.03,0.19,-0.04
11141,55.7,55.7,55.815201,0.001513,0,0,-0.2,-10.8,-3.5,1.03,0.18,-0.05
11142,55.705,55.705,55.821055,0.002368,0,0,-0.2,-10.7,-3.9,1.03,0.19,-0.04
11143,55.71,55.71,55.825032,0.001344,0,0,-0.2,-10.8,-3.7,1.03,0.19,-0.04
11144,55.715,55.715,55.830022,0.001335,0,0,-0.2,-10.7,-3.7,1.03,0.19,-0.04
11145,55.72,55.72,55.836124,0.002436,0,0,-0.2,-10.7,-3.9,1.03,0.2,-0.04
11146,55.725,55.725,55.84114,0.002452,0,0,-0.4,-10.8,-3.8,1.04,0.2,-0.04
11147,55.73,55.730001,55.845044,0.001355,9.99999997475243e-07,0,-0.4,-10.8,-4,1.03,0.2,-0.04
11148,55.735,55.735,55.851076,0.002389,0,0,-0.4,-10.8,-3.9,1.03,0.2,-0.05
11149,55.74,55.74,55.856167,0.00248,0,0,-0.4,-10.8,-3.8,1.04,0.2,-0.05
11150,55.745,55.745001,55.860067,0.001378,9.99999997475243e-07,0,-0.2,-10.8,-3.6,1.04,0.19,-0.05
11151,55.75,55.75,55.866107,0.002421,0,0,-0.2,-10.8,-2.8,1.04,0.18,-0.04
11152,55.755,55.755,55.871028,0.002341,0,0,-0.3,-10.9,-3,1.04,0.19,-0.04
11153,55.76,55.76,55.875009,0.001322,0,0,-0.3,-10.8,-3.3,1.04,0.19,-0.04
11154,55.765,55.765,55.880136,0.001449,0,0,-0.3,-10.9,-3.2,1.04,0.19,-0.03
11155,55.77,55.77,55.885416,0.001729,0,0,-0.4,-10.9,-3.6,1.04,0.19,-0.04
11156,55.775,55.775,55.891201,0.002514,0,0,-0.2,-10.9,-3.7,1.03,0.19,-0.04
11157,55.78,55.78,55.895051,0.001364,0,0,-0.1,-10.8,-3.3,1.04,0.18,-0.04
11158,55.785,55.785001,55.901114,0.002426,9.99999997475243e-07,0,-0.1,-10.8,-3,1.05,0.18,-0.04
11159,55.79,55.79,55.905055,0.001368,0,0,-0.1,-10.8,-2.8,1.05,0.17,-0.03
11160,55.795,55.795,55.910054,0.001367,0,0,-0.1,-10.8,-3.4,1.04,0.18,-0.04
11161,55.8,55.800001,55.916076,0.002388,9.99999997475243e-07,0,-0.2,-10.9,-3.4,1.04,0.19,-0.04
11162,55.805,55.805,55.92003,0.001343,0,0,-0.3,-10.9,-3.7,1.04,0.19,-0.04
11163,55.81,55.81,55.925094,0.001406,0,0,-0.3,-10.8,-3.3,1.04,0.18,-0.04
11164,55.815,55.815,55.931023,0.002336,0,0,-0.4,-10.8,-4,1.03,0.2,-0.05
11165,55.82,55.82,55.936144,0.002458,0,0,-0.3,-10.8,-3.8,1.03,0.2,-0.04
11166,55.825,55.825001,55.940452,0.001764,9.99999997475243e-07,0,-0.4,-10.9,-3.9,1.03,0.2,-0.04
11167,55.83,55.83,55.946154,0.002466,0,0,-0.5,-11,-3.9,1.04,0.2,-0.05
11168,55.835,55.835,55.951039,0.002352,0,0,-0.5,-10.8,-3.7,1.03,0.2,-0.04
11169,55.84,55.84,55.955133,0.001447,0,0,-0.6,-10.9,-3.9,1.04,0.21,-0.04
11170,55.845,55.845,55.961055,0.002368,0,0,-0.5,-10.9,-4,1.04,0.2,-0.05
11171,55.85,55.85,55.96601,0.002323,0,0,-0.5,-11,-4.2,1.04,0.21,-0.05
11172,55.855,55.855001,55.969996,0.001308,9.99999997475243e-07,0,-0.4,-10.8,-4,1.04,0.21,-0.04
11173,55.86,55.860001,55.975788,0.002101,9.99999997475243e-07,0,-0.3,-10.8,-3.7,1.04,0.2,-0.04
11174,55.865,55.865,55.981533,0.002847,0,0,-0.2,-10.6,-3.7,1.04,0.19,-0.04
11175,55.87,55.870001,55.985276,0.001587,9.99999997475243e-07,0,-0.3,-10.7,-3.2,1.04,0.18,-0.04
11176,55.875,55.875,55.991139,0.002451,0,0,-0.2,-10.8,-2.8,1.04,0.18,-0.03
11177,55.88,55.880001,55.996318,0.002631,9.99999997475243e-07,0,-0.5,-10.8,-3.4,1.04,0.19,-0.04
11178,55.885,55.885,56.000307,0.00162,0,0,-0.5,-10.9,-3.8,1.04,0.2,-0.04
11179,55.89,55.890001,56.00593,0.002244,9.99999997475243e-07,0,-0.4,-10.9,-3.7,1.04,0.2,-0.04
11180,55.895,55.895,56.011303,0.002616,0,0,-0.4,-10.9,-3.6,1.04,0.19,-0.05
11181,55.9,55.9,56.015249,0.001562,0,0,-0.4,-10.9,-4.2,1.03,0.21,-0.05
11182,55.905,55.905,56.021167,0.002479,0,0,-0.4,-10.8,-3.7,1.04,0.2,-0.05
11183,55.91,55.910001,56.025037,0.001349,9.99999997475243e-07,0,-0.3,-10.8,-3.4,1.04,0.19,-0.04
11184,55.915,55.915,56.030056,0.001369,0,0,-0.2,-10.8,-3.6,1.04,0.18,-0.04
11185,55.92,55.92,56.036154,0.002467,0,0,-0.5,-10.8,-3.9,1.04,0.2,-0.04
11186,55.925,55.925001,56.040279,0.001591,9.99999997475243e-07,0,-0.4,-10.8,-3.8,1.03,0.2,-0.04
11187,55.93,55.93,56.045107,0.00142,0,0,-0.4,-10.8,-3.8,1.03,0.2,-0.04
11188,55.935,55.935,56.051048,0.002361,0,0,-0.4,-10.7,-3.4,1.03,0.19,-0.04
11189,55.94,55.94,56.055103,0.001417,0,0,-0.1,-10.7,-3.3,1.04,0.18,-0.04
11190,55.945,55.945,56.060047,0.001361,0,0,-0.3,-10.7,-4,1.04,0.19,-0.05
11191,55.95,55.95,56.066038,0.002351,0,0,-0.2,-10.7,-3.8,1.04,0.18,-0.05
11192,55.955,55.955,56.07109,0.002403,0,0,-0.2,-10.7,-3.2,1.04,0.18,-0.04
11193,55.96,55.96,56.075035,0.001348,0,0,-0.1,-10.6,-3.4,1.04,0.18,-0.04
11194,55.965,55.965,56.081028,0.002342,0,0,-0.1,-10.6,-2.8,1.04,0.17,-0.04
11195,55.97,55.97,56.086019,0.002332,0,0,-0.2,-10.8,-3.2,1.05,0.18,-0.04
11196,55.975,55.975,56.090094,0.001407,0,0,-0.3,-10.8,-3.3,1.05,0.19,-0.04
11197,55.98,55.980001,56.095164,0.001476,9.99999997475243e-07,0,-0.3,-10.8,-3,1.05,0.18,-0.04
11198,55.985,55.985,56.101024,0.002337,0,0,-0.3,-10.7,-2.8,1.05,0.17,-0.04
11199,55.99,55.99,56.104999,0.001312,0,0,-0.2,-10.8,-3,1.04,0.17,-0.04
11200,55.995,55.995001,56.110048,0.00136,9.99999997475243e-07,0,-0.2,-10.8,-3.1,1.04,0.17,-0.04
11201,56,56,56.116033,0.002346,0,0,-0.2,-10.8,-3.1,1.04,0.17,-0.04
11202,56.005,56.005,56.119993,0.001305,0,0,-0.4,-10.8,-3.2,1.04,0.19,-0.05
11203,56.01,56.01,56.125107,0.00142,0,0,-0.6,-10.8,-3.7,1.04,0.21,-0.05
11204,56.015,56.015,56.131028,0.002341,0,0,-0.5,-10.7,-3.8,1.04,0.21,-0.04
11205,56.02,56.02,56.136103,0.002416,0,0,-0.3,-10.7,-3.4,1.04,0.19,-0.04
11206,56.025,56.025,56.140122,0.001436,0,0,-0.4,-10.6,-3.7,1.03,0.2,-0.04
11207,56.03,56.03,56.146021,0.002333,0,0,-0.4,-10.6,-3.4,1.04,0.19,-0.04
11208,56.035,56.035001,56.151156,0.002469,9.99999997475243e-07,0,-0.3,-10.7,-3.1,1.04,0.18,-0.04
11209,56.04,56.04,56.155161,0.001475,0,0,-0.2,-10.8,-3.5,1.03,0.18,-0.04
11210,56.045,56.045,56.160127,0.001439,0,0,-0.2,-10.8,-3.6,1.04,0.18,-0.04
11211,56.05,56.050001,56.166164,0.002475,9.99999997475243e-07,0,-0.3,-10.8,-3.7,1.03,0.19,-0.04
11212,56.055,56.055,56.170028,0.00134,0,0,-0.3,-10.8,-3,1.04,0.18,-0.04
11213,56.06,56.06,56.175091,0.001404,0,0,-0.3,-10.9,-3,1.04,0.18,-0.04
11214,56.065,56.065,56.181107,0.002419,0,0,-0.3,-10.8,-3.3,1.04,0.19,-0.04
11215,56.07,56.07,56.186151,0.002464,0,0,-0.3,-10.9,-3,1.04,0.18,-0.04
11216,56.075,56.075002,56.191507,0.002817,1.99999999495049e-06,0,-0.2,-10.8,-3,1.04,0.18,-0.04
11217,56.08,56.08,56.196081,0.002394,0,0,-0.2,-10.7,-3.8,1.03,0.19,-0.04
11218,56.085,56.085,56.201037,0.00235,0,0,-0.1,-10.8,-3.9,1.03,0.18,-0.05
11219,56.09,56.09,56.205124,0.001437,0,0,-0.3,-10.8,-4.7,1.03,0.2,-0.05
11220,56.095,56.095,56.210238,0.00155,0,0,-0.3,-10.8,-4,1.03,0.19,-0.05
11221,56.1,56.1,56.216138,0.002451,0,0,-0.3,-10.8,-3.6,1.03,0.19,-0.05
11222,56.105,56.105001,56.22114,0.002452,9.99999997475243e-07,0,-0.3,-10.8,-4.1,1.03,0.19,-0.04
11223,56.11,56.11,56.225234,0.001547,0,0,-0.4,-10.9,-3.8,1.03,0.2,-0.04
11224,56.115,56.115,56.231096,0.002408,0,0,-0.2,-10.8,-3.4,1.03,0.19,-0.04
11225,56.12,56.120001,56.23611,0.002423,9.99999997475243e-07,0,-0.2,-10.8,-2.9,1.04,0.18,-0.04
11226,56.125,56.125,56.24006,0.001372,0,0,-0.2,-10.7,-3.2,1.04,0.18,-0.04
11227,56.13,56.13,56.245167,0.001479,0,0,-0.2,-10.7,-3.1,1.04,0.17,-0.04
11228,56.135,56.135,56.251099,0.002412,0,0,-0.2,-10.6,-2.5,1.05,0.16,-0.04
11229,56.14,56.14,56.255145,0.001458,0,0,-0.3,-10.6,-3.1,1.04,0.18,-0.04
11230,56.145,56.145,56.260083,0.001395,0,0,-0.2,-10.6,-3.3,1.04,0.18,-0.04
11231,56.15,56.15,56.266042,0.002355,0,0,-0.1,-10.7,-2.9,1.04,0.17,-0.04
11232,56.155,56.155,56.270039,0.001352,0,0,-0.1,-10.7,-3.2,1.03,0.18,-0.04
11233,56.16,56.160001,56.275049,0.00136,9.99999997475243e-07,0,0,-10.7,-3.2,1.03,0.17,-0.04
11234,56.165,56.165,56.281048,0.002361,0,0,-0.2,-10.7,-2.9,1.04,0.17,-0.04
11235,56.17,56.17,56.286094,0.002407,0,0,-0.1,-10.7,-3.3,1.04,0.17,-0.04
11236,56.175,56.175001,56.290048,0.00136,9.99999997475243e-07,0,-0.2,-10.7,-2.9,1.04,0.17,-0.04
11237,56.18,56.18,56.295204,0.001516,0,0,-0.2,-10.7,-2.7,1.04,0.17,-0.04
11238,56.185,56.185,56.301031,0.002344,0,0,-0.1,-10.8,-2.9,1.04,0.18,-0.04
11239,56.19,56.19,56.305057,0.001369,0,0,-0.1,-10.8,-3.6,1.03,0.19,-0.04
11240,56.195,56.195,56.31005,0.001363,0,0,-0.1,-10.9,-3.6,1.03,0.19,-0.04
11241,56.2,56.2,56.316049,0.002361,0,0,-0.2,-10.7,-4,1.03,0.19,-0.04
11242,56.205,56.205,56.321062,0.002375,0,0,-0.3,-10.6,-4.5,1.02,0.2,-0.04
11243,56.21,56.21,56.325098,0.00141,0,0,-0.4,-10.7,-3.8,1.03,0.2,-0.04
11244,56.215,56.215,56.331032,0.002345,0,0,-0.3,-10.7,-3.5,1.03,0.19,-0.04
11245,56.22,56.22,56.33603,0.002344,0,0,-0.3,-10.7,-3.4,1.03,0.19,-0.04
11246,56.225,56.225,56.340146,0.00146,0,0,-0.3,-10.7,-2.9,1.03,0.18,-0.03
11247,56.23,56.230001,56.346056,0.002368,9.99999997475243e-07,0,-0.1,-10.6,-2.7,1.04,0.17,-0.03
11248,56.235,56.235,56.351135,0.002449,0,0,-0.1,-10.7,-3.2,1.03,0.18,-0.03
11249,56.24,56.24,56.355055,0.001369,0,0,-0.1,-10.7,-3.6,1.03,0.19,-0.04
11250,56.245,56.245001,56.360055,0.001367,9.99999997475243e-07,0,-0.3,-10.8,-4.4,1.03,0.2,-0.04
11251,56.25,56.25,56.366042,0.002356,0,0,-0.3,-10.8,-3.7,1.04,0.19,-0.04
11252,56.255,56.255,56.370008,0.001321,0,0,-0.3,-10.8,-3.9,1.04,0.19,-0.04
11253,56.26,56.26,56.375006,0.001319,0,0,-0.4,-10.8,-3.8,1.03,0.2,-0.04
11254,56.265,56.265,56.381018,0.002331,0,0,-0.4,-10.7,-3.9,1.03,0.19,-0.04
11255,56.27,56.27,56.386008,0.002321,0,0,-0.4,-10.7,-4.1,1.03,0.2,-0.04
11256,56.275,56.275,56.390063,0.001375,0,0,-0.3,-10.7,-3.7,1.03,0.2,-0.05
11257,56.28,56.28,56.395098,0.001411,0,0,-0.3,-10.8,-3.8,1.03,0.19,-0.04
11258,56.285,56.285001,56.401013,0.002325,9.99999997475243e-07,0,-0.3,-10.8,-4.1,1.04,0.2,-0.05
11259,56.29,56.29,56.406018,0.002331,0,0,-0.5,-10.9,-4.2,1.04,0.21,-0.05
11260,56.295,56.295,56.410005,0.001318,0,0,-0.3,-10.9,-3.1,1.05,0.18,-0.04
11261,56.3,56.300001,56.415203,0.001515,9.99999997475243e-07,0,-0.2,-10.8,-3.1,1.04,0.18,-0.04
11262,56.305,56.305,56.42109,0.002403,0,0,-0.2,-10.7,-3.6,1.04,0.18,-0.04
11263,56.31,56.31,56.42506,0.001373,0,0,-0.3,-10.8,-3.5,1.04,0.19,-0.04
11264,56.315,56.315001,56.430568,0.001881,1.00000000458067e-06,0,-0.2,-10.8,-3.2,1.04,0.18,-0.04
11265,56.32,56.320002,56.436496,0.002809,2.00000000205591e-06,0,-0.1,-10.8,-3.3,1.04,0.17,-0.04
11266,56.325,56.325001,56.44135,0.002662,9.99999997475243e-07,0,-0.3,-10.8,-3.8,1.03,0.18,-0.04
11267,56.33,56.33,56.445089,0.001402,0,0,-0.2,-10.8,-3.7,1.03,0.18,-0.04
11268,56.335,56.335,56.45122,0.002532,0,0,-0.2,-10.8,-2.9,1.04,0.17,-0.04
11269,56.34,56.34,56.456146,0.002458,0,0,-0.2,-10.9,-3,1.04,0.18,-0.04
11270,56.345,56.345,56.460048,0.001362,0,0,-0.3,-10.7,-2.5,1.04,0.17,-0.04
11271,56.35,56.35,56.465277,0.00159,0,0,-0.3,-10.7,-3.2,1.04,0.18,-0.04
11272,56.355,56.355001,56.471122,0.002434,9.99999997475243e-07,0,-0.2,-10.7,-2.8,1.04,0.17,-0.04
11273,56.36,56.36,56.475163,0.001476,0,0,-0.1,-10.6,-3.2,1.04,0.18,-0.04
11274,56.365,56.365001,56.48026,0.001573,9.99999997475243e-07,0,-0.2,-10.6,-3.2,1.03,0.17,-0.04
11275,56.37,56.370002,56.486188,0.002499,1.99999999495049e-06,0,-0.2,-10.6,-3,1.04,0.17,-0.04
11276,56.375,56.375,56.490093,0.001406,0,0,-0.2,-10.7,-3.3,1.04,0.17,-0.04
11277,56.38,56.38,56.495056,0.001369,0,0,-0.1,-10.7,-3.4,1.03,0.17,-0.04
11278,56.385,56.385,56.501053,0.002366,0,0,-0.2,-10.7,-3.3,1.03,0.18,-0.04
11279,56.39,56.39,56.506055,0.002368,0,0,-0.2,-10.7,-3.1,1.04,0.17,-0.04
11280,56.395,56.395,56.510049,0.001362,0,0,-0.1,-10.6,-3.4,1.03,0.17,-0.04
11281,56.4,56.4,56.515176,0.001488,0,0,-0.1,-10.6,-3.7,1.03,0.18,-0.04
11282,56.405,56.405,56.521253,0.002565,0,0,-0.2,-10.7,-2.9,1.04,0.18,-0.04
11283,56.41,56.410001,56.525173,0.001485,9.99999997475243e-07,0,-0.2,-10.7,-2.9,1.04,0.18,-0.04
11284,56.415,56.415,56.530038,0.001351,0,0,-0.4,-10.7,-3.2,1.04,0.19,-0.04
11285,56.42,56.42,56.536055,0.002368,0,0,-0.5,-10.8,-3.4,1.04,0.2,-0.04
11286,56.425,56.425002,56.541252,0.002563,1.99999999495049e-06,0,-0.3,-10.8,-3,1.04,0.19,-0.04
11287,56.43,56.43,56.545069,0.001381,0,0,-0.4,-10.9,-3.1,1.04,0.19,-0.04
11288,56.435,56.435,56.551028,0.002341,0,0,-0.2,-10.8,-3.7,1.04,0.19,-0.04
11289,56.44,56.44,56.556213,0.002522,0,0,-0.2,-10.8,-3.7,1.03,0.19,-0.04
11290,56.445,56.445,56.56005,0.001363,0,0,-0.2,-10.8,-3.5,1.04,0.18,-0.04
11291,56.45,56.45,56.56507,0.001382,0,0,0,-10.7,-3.2,1.04,0.18,-0.04
11292,56.455,56.455,56.57106,0.002373,0,0,0,-10.8,-3.2,1.04,0.17,-0.04
11293,56.46,56.46,56.576033,0.002346,0,0,-0.2,-10.8,-3.2,1.04,0.18,-0.04
11294,56.465,56.465,56.580029,0.001342,0,0,-0.4,-10.9,-3.6,1.05,0.19,-0.05
11295,56.47,56.47,56.586088,0.002401,0,0,-0.3,-10.8,-3.3,1.04,0.19,-0.04
11296,56.475,56.475,56.591146,0.002459,0,0,-0.4,-10.8,-3.4,1.04,0.19,-0.04
11297,56.48,56.480001,56.595093,0.001405,9.99999997475243e-07,0,-0.3,-10.7,-3.7,1.04,0.18,-0.05
11298,56.485,56.485,56.600129,0.001441,0,0,-0.4,-10.7,-3.3,1.04,0.18,-0.04
11299,56.49,56.49,56.606097,0.002409,0,0,-0.3,-10.7,-3.5,1.04,0.19,-0.04
11300,56.495,56.495001,56.610067,0.001378,9.99999997475243e-07,0,-0.4,-10.8,-3.5,1.04,0.19,-0.04
11301,56.5,56.5,56.61504,0.001353,0,0,-0.3,-10.9,-3.5,1.04,0.19,-0.04
11302,56.505,56.505,56.621029,0.002343,0,0,-0.4,-10.8,-3.8,1.04,0.2,-0.04
11303,56.51,56.51,56.626031,0.002344,0,0,-0.4,-10.9,-4.2,1.03,0.21,-0.04
11304,56.515,56.515,56.630009,0.001322,0,0,-0.4,-10.8,-3.8,1.04,0.2,-0.04
11305,56.52,56.52,56.635223,0.001536,0,0,-0.5,-10.8,-4.1,1.04,0.2,-0.04
11306,56.525,56.525,56.641176,0.002489,0,0,-0.4,-10.7,-4.2,1.04,0.2,-0.05
11307,56.53,56.53,56.645011,0.001324,0,0,-0.4,-10.8,-4.3,1.04,0.21,-0.05
11308,56.535,56.535001,56.650077,0.001389,9.99999997475243e-07,0,-0.5,-10.9,-4.1,1.03,0.21,-0.05
11309,56.54,56.54,56.656137,0.002449,0,0,-0.6,-10.9,-4.1,1.03,0.21,-0.05
11310,56.545,56.545,56.661069,0.002381,0,0,-0.4,-10.7,-3.9,1.03,0.2,-0.04
11311,56.55,56.550001,56.664999,0.001311,9.99999997475243e-07,0,-0.4,-10.6,-3.7,1.03,0.19,-0.04
11312,56.555,56.555,56.671076,0.002389,0,0,-0.5,-10.8,-3.7,1.03,0.2,-0.04
11313,56.56,56.56,56.676027,0.00234,0,0,-0.4,-10.7,-3.7,1.03,0.2,-0.04
11314,56.565,56.565,56.68001,0.001323,0,0,-0.2,-10.7,-3.6,1.03,0.19,-0.04
11315,56.57,56.57,56.68601,0.002323,0,0,-0.2,-10.8,-3.8,1.03,0.19,-0.04
11316,56.575,56.575,56.691037,0.00235,0,0,-0.1,-10.7,-2.7,1.04,0.17,-0.04
11317,56.58,56.58,56.695071,0.001384,0,0,0,-10.7,-2.1,1.04,0.17,-0.03
11318,56.585,56.585,56.701096,0.00241,0,0,-0.1,-10.8,-2.1,1.05,0.16,-0.03
11319,56.59,56.59,56.706065,0.002378,0,0,-0.1,-10.8,-2.6,1.04,0.17,-0.04
11320,56.595,56.595,56.710009,0.001322,0,0,-0.1,-10.8,-2.6,1.04,0.17,-0.04
11321,56.6,56.6,56.715151,0.001463,0,0,-0.3,-10.8,-3.2,1.04,0.18,-0.04
11322,56.605,56.605001,56.721136,0.002448,9.99999997475243e-07,0,-0.4,-10.8,-4.2,1.03,0.19,-0.05
11323,56.61,56.61,56.725051,0.001364,0,0,-0.4,-10.7,-3.9,1.03,0.19,-0.05
11324,56.615,56.615,56.730175,0.001488,0,0,-0.4,-10.7,-3.3,1.04,0.2,-0.04
11325,56.62,56.620001,56.736111,0.002424,9.99999997475243e-07,0,-0.4,-10.8,-3.6,1.03,0.19,-0.04
11326,56.625,56.625,56.741056,0.002369,0,0,-0.3,-10.8,-3.4,1.04,0.19,-0.04
11327,56.63,56.63,56.745089,0.001402,0,0,-0.3,-10.8,-3.3,1.04,0.19,-0.04
11328,56.635,56.635,56.751046,0.002359,0,0,-0.2,-10.7,-3.5,1.04,0.18,-0.05
11329,56.64,56.64,56.756154,0.002467,0,0,-0.2,-10.7,-3.3,1.04,0.18,-0.04
11330,56.645,56.645,56.760006,0.001319,0,0,-0.3,-10.8,-3.4,1.04,0.18,-0.04
11331,56.65,56.65,56.76512,0.001433,0,0,-0.3,-10.7,-3.2,1.04,0.18,-0.04
11332,56.655,56.655,56.771158,0.002471,0,0,0,-10.7,-3.2,1.03,0.17,-0.04
11333,56.66,56.660001,56.775035,0.001346,9.99999997475243e-07,0,-0.1,-10.8,-3.6,1.03,0.18,-0.04
11334,56.665,56.665,56.780226,0.00154,0,0,-0.3,-10.9,-3.4,1.04,0.2,-0.04
11335,56.67,56.67,56.786032,0.002345,0,0,-0.3,-10.8,-3.9,1.03,0.2,-0.04
11336,56.675,56.675001,56.790059,0.00137,9.99999997475243e-07,0,-0.4,-10.9,-3.8,1.04,0.2,-0.04
11337,56.68,56.68,56.796019,0.002332,0,0,-0.5,-10.9,-3,1.04,0.2,-0.04
11338,56.685,56.685,56.801085,0.002399,0,0,-0.5,-10.8,-3,1.04,0.2,-0.04
11339,56.69,56.69,56.805026,0.001339,0,0,-0.4,-10.8,-3.6,1.03,0.2,-0.04
11340,56.695,56.695,56.810014,0.001326,0,0,-0.4,-10.7,-3.7,1.03,0.2,-0.04
11341,56.7,56.7,56.816074,0.002387,0,0,-0.3,-10.7,-3,1.03,0.19,-0.04
11342,56.705,56.705,56.821068,0.002381,0,0,-0.3,-10.7,-3.3,1.04,0.18,-0.04
11343,56.71,56.71,56.825041,0.001354,0,0,-0.2,-10.7,-2.9,1.04,0.17,-0.04
11344,56.715,56.715,56.831039,0.002352,0,0,-0.2,-10.8,-3,1.04,0.18,-0.04
11345,56.72,56.72,56.836075,0.002388,0,0,-0.3,-10.8,-2.7,1.04,0.18,-0.03
11346,56.725,56.725,56.840023,0.001337,0,0,-0.4,-10.8,-3.3,1.04,0.2,-0.04
11347,56.73,56.730001,56.845082,0.001395,9.99999997475243e-07,0,-0.2,-10.8,-3.1,1.04,0.19,-0.04
11348,56.735,56.735,56.851134,0.002448,0,0,-0.1,-10.8,-3.3,1.03,0.18,-0.04
11349,56.74,56.74,56.855176,0.001489,0,0,-0.1,-10.7,-3.6,1.03,0.19,-0.04
11350,56.745,56.745001,56.860113,0.001424,9.99999997475243e-07,0,-0.2,-10.7,-3.2,1.03,0.19,-0.04
11351,56.75,56.75,56.866094,0.002407,0,0,-0.3,-10.8,-3.2,1.03,0.19,-0.04
11352,56.755,56.755,56.87103,0.002343,0,0,-0.4,-10.8,-3.5,1.03,0.2,-0.04
11353,56.76,56.76,56.875016,0.001329,0,0,-0.3,-10.8,-3.1,1.03,0.19,-0.04
11354,56.765,56.765,56.881061,0.002374,0,0,-0.1,-10.7,-3,1.04,0.18,-0.04
11355,56.77,56.77,56.886089,0.002402,0,0,-0.2,-10.7,-3.2,1.03,0.18,-0.04
11356,56.775,56.775,56.890054,0.001367,0,0,-0.1,-10.8,-3.1,1.03,0.17,-0.04
11357,56.78,56.78,56.895128,0.001441,0,0,-0.2,-10.8,-2.8,1.03,0.17,-0.04
11358,56.785,56.785001,56.90101,0.002322,9.99999997475243e-07,0,-0.3,-10.8,-2.9,1.04,0.18,-0.04
11359,56.79,56.79,56.905,0.001314,0,0,-0.3,-10.7,-3.1,1.04,0.19,-0.04
11360,56.795,56.795,56.910033,0.001346,0,0,-0.3,-10.7,-3.3,1.04,0.18,-0.04
11361,56.8,56.800001,56.916014,0.002327,9.99999997475243e-07,0,-0.3,-10.6,-4,1.03,0.19,-0.05
11362,56.805,56.805,56.920114,0.001427,0,0,-0.4,-10.7,-3.9,1.03,0.2,-0.05
11363,56.81,56.81,56.92517,0.001482,0,0,-0.3,-10.8,-3.6,1.04,0.19,-0.04
11364,56.815,56.815,56.93104,0.002353,0,0,-0.3,-10.7,-3.2,1.04,0.18,-0.04
11365,56.82,56.82,56.935163,0.001476,0,0,-0.3,-10.8,-3.3,1.04,0.19,-0.04
11366,56.825,56.825002,56.940761,0.002073,1.99999999495049e-06,0,-0.3,-10.8,-3.6,1.03,0.19,-0.04
11367,56.83,56.830001,56.946544,0.002856,1.00000000458067e-06,0,-0.2,-10.7,-3.1,1.04,0.17,-0.04
11368,56.835,56.835002,56.951512,0.002824,2.00000000205591e-06,0,-0.4,-10.8,-2.6,1.04,0.18,-0.04
11369,56.84,56.840001,56.955653,0.001966,9.99999997475243e-07,0,-0.4,-10.8,-3.5,1.04,0.19,-0.05
11370,56.845,56.845,56.960666,0.00198,0,0,-0.3,-10.8,-3.2,1.04,0.17,-0.04
11371,56.85,56.85,56.966584,0.002898,0,0,-0.2,-10.8,-2.9,1.04,0.17,-0.04
11372,56.855,56.855002,56.970466,0.001778,1.99999999495049e-06,0,-0.2,-10.8,-2.8,1.04,0.17,-0.04
11373,56.86,56.860002,56.975317,0.001628,2.00000000205591e-06,0,-0.1,-10.7,-2.7,1.04,0.17,-0.04
11374,56.865,56.865,56.981042,0.002355,0,0,-0.2,-10.7,-2.9,1.04,0.18,-0.05
11375,56.87,56.870001,56.985052,0.001364,9.99999997475243e-07,0,-0.4,-10.7,-3.1,1.04,0.19,-0.05
11376,56.875,56.875,56.990182,0.001495,0,0,-0.3,-10.7,-2.7,1.04,0.18,-0.04
11377,56.88,56.88,56.996086,0.002398,0,0,-0.4,-10.8,-2.9,1.04,0.19,-0.04
11378,56.885,56.885,57.000073,0.001386,0,0,-0.4,-10.9,-3.2,1.05,0.19,-0.04
11379,56.89,56.89,57.005066,0.001379,0,0,-0.4,-10.7,-3,1.05,0.19,-0.04
11380,56.895,56.895,57.011028,0.002341,0,0,-0.4,-10.8,-2.9,1.04,0.19,-0.05
11381,56.9,56.9,57.016005,0.002318,0,0,-0.4,-10.7,-2.9,1.04,0.18,-0.04
11382,56.905,56.905,57.020069,0.001382,0,0,-0.3,-10.7,-2.7,1.04,0.18,-0.04
11383,56.91,56.910001,57.026151,0.002462,9.99999997475243e-07,0,-0.2,-10.7,-3.1,1.04,0.18,-0.04
11384,56.915,56.915,57.031021,0.002334,0,0,-0.2,-10.8,-3.2,1.04,0.18,-0.04
11385,56.92,56.92,57.035076,0.001389,0,0,-0.4,-10.8,-3.5,1.04,0.19,-0.04
11386,56.925,56.925001,57.041061,0.002373,9.99999997475243e-07,0,-0.4,-10.6,-3.6,1.04,0.19,-0.05
11387,56.93,56.93,57.04601,0.002323,0,0,-0.3,-10.7,-3.4,1.04,0.19,-0.05
11388,56.935,56.935,57.050017,0.00133,0,0,-0.3,-10.7,-3.4,1.04,0.19,-0.05
11389,56.94,56.94,57.055236,0.001549,0,0,-0.3,-10.7,-3.9,1.03,0.19,-0.05
11390,56.945,56.945,57.06105,0.002362,0,0,-0.2,-10.7,-4,1.03,0.2,-0.05
11391,56.95,56.95,57.064996,0.001309,0,0,-0.2,-10.8,-4,1.04,0.19,-0.05
11392,56.955,56.955,57.07014,0.001454,0,0,-0.3,-10.9,-4.2,1.04,0.19,-0.05
11393,56.96,56.96,57.07604,0.002354,0,0,-0.3,-10.9,-3.1,1.04,0.18,-0.05
11394,56.965,56.965,57.081121,0.002433,0,0,-0.2,-10.9,-3.3,1.04,0.18,-0.05
11395,56.97,56.97,57.084998,0.001311,0,0,-0.2,-10.8,-3.1,1.04,0.19,-0.04
11396,56.975,56.975,57.091089,0.002402,0,0,-0.2,-10.9,-3.1,1.04,0.19,-0.04
11397,56.98,56.980001,57.096107,0.002419,9.99999997475243e-07,0,-0.2,-10.8,-2.8,1.04,0.18,-0.04
11398,56.985,56.985,57.100047,0.00136,0,0,-0.3,-10.8,-3.1,1.03,0.18,-0.04
11399,56.99,56.99,57.106139,0.002451,0,0,-0.2,-10.8,-2.8,1.04,0.18,-0.04
11400,56.995,56.995001,57.111041,0.002353,9.99999997475243e-07,0,-0.2,-10.7,-2.6,1.04,0.17,-0.04
11401,57,57,57.115029,0.001342,0,0,-0.1,-10.6,-2.6,1.04,0.16,-0.04
11402,57.005,57.005,57.120109,0.001422,0,0,-0.2,-10.6,-3.2,1.04,0.17,-0.04
11403,57.01,57.01,57.126172,0.002484,0,0,-0.3,-10.6,-3.6,1.04,0.18,-0.05
11404,57.015,57.015,57.131124,0.002437,0,0,-0.3,-10.7,-2.9,1.04,0.18,-0.04
11405,57.02,57.02,57.135085,0.001399,0,0,-0.2,-10.7,-3.4,1.04,0.18,-0.04
11406,57.025,57.025,57.141145,0.002457,0,0,-0.1,-10.7,-3.3,1.04,0.18,-0.04
11407,57.03,57.03,57.146069,0.002382,0,0,-0.2,-10.7,-3.2,1.04,0.18,-0.04
11408,57.035,57.035001,57.150221,0.001533,9.99999997475243e-07,0,-0.1,-10.7,-3.8,1.04,0.18,-0.04
11409,57.04,57.04,57.156201,0.002514,0,0,-0.3,-10.7,-3.8,1.03,0.19,-0.04
11410,57.045,57.045,57.161224,0.002537,0,0,-0.3,-10.6,-3.9,1.03,0.2,-0.04
11411,57.05,57.050001,57.165078,0.001389,9.99999997475243e-07,0,-0.2,-10.6,-3.5,1.04,0.18,-0.04
11412,57.055,57.055,57.170203,0.001516,0,0,-0.3,-10.7,-3.6,1.04,0.19,-0.04
11413,57.06,57.06,57.176106,0.002419,0,0,-0.3,-10.7,-3.9,1.04,0.19,-0.04
11414,57.065,57.065,57.180023,0.001336,0,0,-0.3,-10.7,-3.4,1.04,0.19,-0.04
11415,57.07,57.07,57.18509,0.001403,0,0,-0.4,-10.7,-3.3,1.03,0.19,-0.04
11416,57.075,57.075,57.191311,0.002623,0,0,-0.4,-10.7,-3.3,1.03,0.19,-0.04
11417,57.08,57.08,57.195081,0.001394,0,0,-0.3,-10.7,-3.4,1.03,0.19,-0.04
11418,57.085,57.085,57.200097,0.00141,0,0,-0.3,-10.7,-3.3,1.04,0.19,-0.04
11419,57.09,57.09,57.206122,0.002435,0,0,-0.4,-10.8,-3.6,1.04,0.2,-0.05
11420,57.095,57.095,57.211036,0.002348,0,0,-0.3,-10.8,-3.6,1.04,0.2,-0.05
11421,57.1,57.1,57.215194,0.001507,0,0,-0.4,-10.8,-3.4,1.04,0.2,-0.04
11422,57.105,57.105001,57.220177,0.001489,9.99999997475243e-07,0,-0.4,-10.8,-3.5,1.04,0.2,-0.04
11423,57.11,57.11,57.226073,0.002385,0,0,-0.3,-10.7,-3.8,1.04,0.19,-0.04
11424,57.115,57.115,57.230007,0.00132,0,0,-0.4,-10.7,-3.8,1.04,0.19,-0.04
11425,57.12,57.120001,57.235216,0.001528,9.99999997475243e-07,0,-0.5,-10.8,-3.2,1.04,0.19,-0.05
11426,57.125,57.125,57.241134,0.002447,0,0,-0.4,-10.8,-3.5,1.04,0.2,-0.04
11427,57.13,57.13,57.24504,0.001353,0,0,-0.5,-10.8,-3.5,1.03,0.21,-0.04
11428,57.135,57.135,57.250189,0.001502,0,0,-0.4,-10.8,-3.2,1.03,0.19,-0.04
11429,57.14,57.140001,57.256274,0.002586,9.99999997475243e-07,0,-0.5,-10.8,-3.6,1.03,0.2,-0.04
11430,57.145,57.145,57.26006,0.001373,0,0,-0.3,-10.8,-4.1,1.03,0.2,-0.04
11431,57.15,57.15,57.265105,0.001418,0,0,-0.4,-10.8,-4.4,1.03,0.21,-0.05
11432,57.155,57.155,57.271208,0.002522,0,0,-0.3,-10.9,-3.9,1.03,0.19,-0.05
11433,57.16,57.160001,57.275045,0.001357,9.99999997475243e-07,0,-0.3,-10.8,-4.2,1.03,0.2,-0.05
11434,57.165,57.165,57.280259,0.001572,0,0,-0.1,-10.7,-4,1.03,0.19,-0.04
11435,57.17,57.17,57.286078,0.002391,0,0,-0.2,-10.7,-3.9,1.03,0.19,-0.04
11436,57.175,57.175001,57.291056,0.002368,9.99999997475243e-07,0,-0.3,-10.8,-3.8,1.04,0.2,-0.04
11437,57.18,57.18,57.295137,0.001451,0,0,-0.4,-10.8,-3.4,1.04,0.2,-0.04
11438,57.185,57.185,57.301051,0.002365,0,0,-0.2,-10.7,-3.7,1.03,0.19,-0.04
11439,57.19,57.19,57.306125,0.002439,0,0,-0.4,-10.8,-3.2,1.04,0.2,-0.03
11440,57.195,57.195,57.310046,0.001359,0,0,-0.5,-10.8,-3.1,1.04,0.2,-0.04
11441,57.2,57.2,57.315156,0.001469,0,0,-0.5,-10.8,-3.4,1.04,0.2,-0.04
11442,57.205,57.205,57.321222,0.002536,0,0,-0.5,-10.8,-3.3,1.05,0.2,-0.04
11443,57.21,57.21,57.325115,0.001427,0,0,-0.4,-10.8,-3,1.05,0.19,-0.04
11444,57.215,57.215,57.330082,0.001394,0,0,-0.5,-10.9,-3.8,1.04,0.21,-0.05
11445,57.22,57.22,57.336035,0.002348,0,0,-0.4,-10.8,-4.4,1.03,0.21,-0.05
11446,57.225,57.225,57.340005,0.001318,0,0,-0.4,-10.7,-4.3,1.03,0.2,-0.04
11447,57.23,57.230001,57.345032,0.001344,9.99999997475243e-07,0,-0.1,-10.7,-3.5,1.03,0.18,-0.04
11448,57.235,57.235,57.351019,0.002332,0,0,0,-10.7,-3.3,1.03,0.18,-0.04
11449,57.24,57.24,57.356102,0.002416,0,0,-0.2,-10.7,-2.8,1.04,0.18,-0.03
11450,57.245,57.245001,57.360084,0.001396,9.99999997475243e-07,0,-0.3,-10.7,-2.2,1.05,0.17,-0.03
11451,57.25,57.25,57.366065,0.002378,0,0,-0.2,-10.8,-2.2,1.05,0.18,-0.03
11452,57.255,57.255,57.371069,0.002382,0,0,-0.3,-10.8,-2.2,1.05,0.18,-0.03
11453,57.26,57.26,57.375046,0.001359,0,0,-0.4,-10.9,-3.1,1.04,0.19,-0.04
11454,57.265,57.265,57.381046,0.002359,0,0,-0.3,-10.9,-2.6,1.04,0.18,-0.04
11455,57.27,57.27,57.38618,0.002493,0,0,-0.2,-10.9,-3.5,1.04,0.19,-0.04
11456,57.275,57.275,57.390088,0.0014,0,0,-0.3,-10.8,-3.4,1.04,0.19,-0.03
11457,57.28,57.28,57.395134,0.001447,0,0,-0.3,-10.7,-3.2,1.04,0.18,-0.04
11458,57.285,57.285001,57.401083,0.002395,9.99999997475243e-07,0,-0.5,-10.8,-2.7,1.05,0.19,-0.04
11459,57.29,57.29,57.40505,0.001363,0,0,-0.5,-10.7,-2.8,1.05,0.18,-0.04
11460,57.295,57.295,57.410028,0.001339,0,0,-0.4,-10.7,-3,1.05,0.18,-0.04
11461,57.3,57.300001,57.416086,0.002397,9.99999997475243e-07,0,-0.5,-10.7,-3.7,1.04,0.19,-0.05
11462,57.305,57.305,57.421203,0.002517,0,0,-0.4,-10.7,-3.9,1.03,0.19,-0.05
11463,57.31,57.31,57.425055,0.001369,0,0,-0.6,-10.8,-4.2,1.04,0.2,-0.05
11464,57.315,57.315,57.431045,0.002357,0,0,-0.6,-10.8,-3.9,1.04,0.2,-0.05
11465,57.32,57.32,57.436066,0.002379,0,0,-0.7,-10.9,-4.1,1.04,0.21,-0.05
11466,57.325,57.325,57.440121,0.001435,0,0,-0.4,-10.8,-4,1.03,0.2,-0.04
11467,57.33,57.33,57.446103,0.002415,0,0,-0.5,-10.8,-4.7,1.02,0.21,-0.05
11468,57.335,57.335,57.451038,0.002351,0,0,-0.5,-10.8,-4.5,1.03,0.21,-0.05
11469,57.34,57.34,57.455231,0.001545,0,0,-0.4,-10.8,-3.8,1.04,0.2,-0.05
11470,57.345,57.345,57.460288,0.001601,0,0,-0.4,-10.8,-3.4,1.04,0.19,-0.04
11471,57.35,57.35,57.466107,0.00242,0,0,-0.4,-10.8,-2.8,1.05,0.18,-0.04
11472,57.355,57.355001,57.470193,0.001504,9.99999997475243e-07,0,-0.3,-10.7,-2.7,1.05,0.18,-0.04
11473,57.36,57.36,57.475125,0.001437,0,0,-0.4,-10.7,-3.1,1.04,0.19,-0.04
11474,57.365,57.365,57.481076,0.002389,0,0,-0.4,-10.8,-2.9,1.04,0.2,-0.04
11475,57.37,57.370001,57.486034,0.002346,9.99999997475243e-07,0,-0.3,-10.8,-3.1,1.04,0.19,-0.04
11476,57.375,57.375,57.490055,0.001367,0,0,-0.2,-10.7,-2.8,1.04,0.18,-0.03
11477,57.38,57.38,57.496039,0.002352,0,0,-0.5,-10.7,-3.3,1.04,0.2,-0.04
11478,57.385,57.385,57.501193,0.002507,0,0,-0.4,-10.7,-3.7,1.04,0.2,-0.04
11479,57.39,57.39,57.505032,0.001344,0,0,-0.4,-10.8,-3.5,1.04,0.2,-0.05
11480,57.395,57.395,57.511034,0.002348,0,0,-0.3,-10.7,-3.4,1.04,0.19,-0.05
11481,57.4,57.4,57.516157,0.00247,0,0,-0.2,-10.6,-2.8,1.05,0.17,-0.04
11482,57.405,57.405,57.519997,0.001311,0,0,-0.3,-10.7,-3.6,1.04,0.19,-0.04
11483,57.41,57.410001,57.525264,0.001575,9.99999997475243e-07,0,-0.4,-10.8,-3.5,1.04,0.19,-0.04
11484,57.415,57.415,57.531071,0.002384,0,0,-0.4,-10.8,-3.4,1.04,0.2,-0.04
11485,57.42,57.42,57.535025,0.001338,0,0,-0.5,-10.7,-3.5,1.04,0.2,-0.04
11486,57.425,57.425001,57.54002,0.001332,9.99999997475243e-07,0,-0.4,-10.8,-2.8,1.05,0.19,-0.04
11487,57.43,57.43,57.546035,0.002348,0,0,-0.5,-10.7,-3,1.05,0.19,-0.04
11488,57.435,57.435,57.55122,0.002533,0,0,-0.4,-10.8,-3.2,1.04,0.19,-0.04
11489,57.44,57.44,57.555061,0.001374,0,0,-0.5,-10.8,-3.3,1.04,0.2,-0.04
11490,57.445,57.445,57.561054,0.002368,0,0,-0.5,-10.7,-3.4,1.04,0.19,-0.04
11491,57.45,57.45,57.566198,0.002512,0,0,-0.3,-10.7,-3.2,1.04,0.18,-0.05
11492,57.455,57.455,57.570028,0.00134,0,0,-0.2,-10.7,-3.2,1.03,0.18,-0.04
11493,57.46,57.46,57.575067,0.001379,0,0,-0.2,-10.8,-3.3,1.03,0.18,-0.04
11494,57.465,57.465,57.58103,0.002343,0,0,-0.3,-10.8,-3,1.04,0.18,-0.04
11495,57.47,57.47,57.58602,0.002334,0,0,-0.4,-10.8,-3,1.04,0.19,-0.04
11496,57.475,57.475,57.590048,0.001361,0,0,-0.4,-10.7,-3,1.04,0.19,-0.04
11497,57.48,57.480001,57.596143,0.002455,9.99999997475243e-07,0,-0.6,-10.7,-2.9,1.04,0.19,-0.04
11498,57.485,57.485,57.601017,0.00233,0,0,-0.6,-10.7,-3.4,1.04,0.19,-0.04
11499,57.49,57.49,57.605033,0.001345,0,0,-0.5,-10.7,-3.4,1.03,0.2,-0.04
11500,57.495,57.495001,57.611034,0.002346,9.99999997475243e-07,0,-0.3,-10.7,-3,1.04,0.18,-0.04
11501,57.5,57.5,57.616025,0.002339,0,0,-0.4,-10.9,-2.8,1.04,0.19,-0.04
11502,57.505,57.505,57.62001,0.001323,0,0,-0.4,-10.8,-2.6,1.04,0.18,-0.04
11503,57.51,57.51,57.625083,0.001396,0,0,-0.5,-10.9,-2.5,1.04,0.18,-0.04
11504,57.515,57.515,57.631034,0.002346,0,0,-0.4,-10.8,-3.1,1.04,0.19,-0.04
11505,57.52,57.52,57.635012,0.001325,0,0,-0.3,-10.8,-3.7,1.03,0.19,-0.04
11506,57.525,57.525,57.640123,0.001435,0,0,-0.2,-10.7,-4,1.03,0.19,-0.05
11507,57.53,57.53,57.646047,0.00236,0,0,-0.2,-10.8,-3.6,1.03,0.19,-0.04
11508,57.535,57.535001,57.651036,0.002348,9.99999997475243e-07,0,-0.2,-10.8,-3.3,1.04,0.19,-0.04
11509,57.54,57.54,57.65503,0.001343,0,0,-0.4,-10.8,-3.5,1.04,0.2,-0.04
11510,57.545,57.545,57.661034,0.002348,0,0,-0.3,-10.8,-3.6,1.04,0.19,-0.05
11511,57.55,57.550001,57.666021,0.002333,9.99999997475243e-07,0,-0.3,-10.7,-3.3,1.03,0.19,-0.05
11512,57.555,57.555,57.670002,0.001315,0,0,-0.4,-10.8,-3.3,1.04,0.19,-0.05
11513,57.56,57.56,57.675122,0.001435,0,0,-0.4,-10.8,-3.2,1.04,0.19,-0.04
11514,57.565,57.565,57.681229,0.002542,0,0,-0.4,-10.8,-3.2,1.04,0.19,-0.04
11515,57.57,57.57,57.685131,0.001444,0,0,-0.3,-10.9,-3.7,1.03,0.2,-0.04
11516,57.575,57.575,57.69011,0.001422,0,0,-0.2,-10.7,-3.4,1.03,0.19,-0.04
11517,57.58,57.58,57.696105,0.002417,0,0,-0.4,-10.7,-3.4,1.03,0.18,-0.04
11518,57.585,57.585,57.701058,0.002371,0,0,-0.4,-10.7,-3.2,1.03,0.19,-0.04
11519,57.59,57.59,57.705036,0.001349,0,0,-0.3,-10.7,-3.5,1.03,0.18,-0.05
11520,57.595,57.595,57.711033,0.002347,0,0,-0.3,-10.8,-3.1,1.03,0.18,-0.05
11521,57.6,57.6,57.716028,0.002341,0,0,-0.2,-10.7,-3.2,1.04,0.18,-0.05
11522,57.605,57.605001,57.720132,0.001444,9.99999997475243e-07,0,-0.2,-10.6,-3.7,1.03,0.18,-0.05
11523,57.61,57.61,57.725185,0.001498,0,0,-0.1,-10.6,-4.4,1.02,0.19,-0.05
11524,57.615,57.615,57.731038,0.002351,0,0,-0.1,-10.7,-3.1,1.04,0.17,-0.04
11525,57.62,57.620001,57.73509,0.001402,9.99999997475243e-07,0,-0.3,-10.7,-3.2,1.04,0.18,-0.04
11526,57.625,57.625,57.740037,0.00135,0,0,-0.3,-10.7,-3.4,1.03,0.18,-0.04
11527,57.63,57.63,57.74603,0.002343,0,0,-0.5,-10.8,-3.9,1.03,0.2,-0.04
11528,57.635,57.635,57.751017,0.00233,0,0,-0.6,-10.8,-4,1.03,0.2,-0.04
11529,57.64,57.64,57.755235,0.001549,0,0,-0.5,-10.9,-3.8,1.03,0.2,-0.05
11530,57.645,57.645,57.760205,0.001518,0,0,-0.4,-10.8,-4.1,1.03,0.19,-0.04
11531,57.65,57.65,57.766188,0.002502,0,0,-0.3,-10.8,-4.7,1.03,0.2,-0.05
11532,57.655,57.655,57.770027,0.00134,0,0,-0.3,-10.8,-4.3,1.03,0.2,-0.04
11533,57.66,57.660001,57.775056,0.001367,9.99999997475243e-07,0,-0.2,-10.7,-4.4,1.03,0.2,-0.05
11534,57.665,57.665,57.78111,0.002423,0,0,-0.3,-10.8,-3.5,1.04,0.19,-0.04
11535,57.67,57.67,57.786161,0.002474,0,0,-0.3,-10.8,-4,1.03,0.19,-0.04
11536,57.675,57.675001,57.7901,0.001411,9.99999997475243e-07,0,-0.3,-10.8,-3.3,1.04,0.18,-0.04
11537,57.68,57.68,57.796158,0.002471,0,0,-0.4,-10.7,-3.4,1.04,0.19,-0.04
11538,57.685,57.685,57.801044,0.002358,0,0,-0.4,-10.7,-4,1.03,0.19,-0.04
11539,57.69,57.69,57.805029,0.001342,0,0,-0.4,-10.8,-4,1.04,0.19,-0.04
11540,57.695,57.695,57.811091,0.002404,0,0,-0.3,-10.7,-3.9,1.04,0.19,-0.04
11541,57.7,57.7,57.816073,0.002386,0,0,-0.2,-10.8,-3.4,1.04,0.18,-0.04
11542,57.705,57.705,57.820097,0.00141,0,0,-0.1,-10.7,-2.8,1.04,0.17,-0.03
11543,57.71,57.71,57.825136,0.001448,0,0,-0.4,-10.8,-2.9,1.04,0.18,-0.03
11544,57.715,57.715,57.831105,0.002418,0,0,-0.4,-10.7,-3,1.04,0.18,-0.04
11545,57.72,57.72,57.836062,0.002376,0,0,-0.4,-10.7,-3.6,1.04,0.19,-0.04
11546,57.725,57.725,57.840024,0.001337,0,0,-0.4,-10.6,-3.6,1.04,0.19,-0.04
11547,57.73,57.730001,57.845171,0.001482,9.99999997475243e-07,0,-0.3,-10.6,-4,1.04,0.19,-0.05
11548,57.735,57.735,57.851065,0.002378,0,0,-0.3,-10.6,-3.5,1.04,0.19,-0.04
11549,57.74,57.74,57.855183,0.001497,0,0,-0.2,-10.7,-3.2,1.04,0.18,-0.04
11550,57.745,57.745001,57.86013,0.001442,9.99999997475243e-07,0,-0.3,-10.7,-2.9,1.05,0.18,-0.04
11551,57.75,57.75,57.866055,0.002368,0,0,-0.2,-10.8,-2.7,1.05,0.18,-0.04
11552,57.755,57.755,57.870029,0.001342,0,0,-0.2,-10.8,-3,1.05,0.18,-0.04
11553,57.76,57.76,57.875131,0.001443,0,0,-0.3,-10.7,-3.4,1.04,0.18,-0.04
11554,57.765,57.765,57.881015,0.002328,0,0,-0.2,-10.7,-3.2,1.04,0.18,-0.04
11555,57.77,57.77,57.884994,0.001307,0,0,-0.2,-10.7,-3.4,1.05,0.18,-0.04
11556,57.775,57.775,57.890282,0.001594,0,0,-0.1,-10.5,-2.9,1.05,0.17,-0.04
11557,57.78,57.78,57.896086,0.002399,0,0,-0.1,-10.6,-3.1,1.04,0.17,-0.04
11558,57.785,57.785001,57.90015,0.001463,9.99999997475243e-07,0,-0.2,-10.7,-3.3,1.04,0.18,-0.04
11559,57.79,57.79,57.905237,0.00155,0,0,-0.3,-10.8,-3.1,1.04,0.18,-0.04
11560,57.795,57.795,57.911125,0.002438,0,0,0,-10.8,-2.7,1.04,0.17,-0.04
11561,57.8,57.800001,57.915025,0.001338,9.99999997475243e-07,0,-0.2,-10.8,-3.3,1.04,0.19,-0.04
11562,57.805,57.805,57.920201,0.001513,0,0,-0.2,-10.8,-3.7,1.04,0.19,-0.04
11563,57.81,57.81,57.926142,0.002454,0,0,-0.2,-10.8,-3.2,1.04,0.18,-0.04
11564,57.815,57.815,57.930198,0.001512,0,0,-0.3,-10.7,-3,1.04,0.18,-0.04
11565,57.82,57.82,57.93607,0.002383,0,0,-0.2,-10.8,-3.5,1.04,0.18,-0.04
11566,57.825,57.825,57.94111,0.002423,0,0,-0.2,-10.8,-3,1.04,0.17,-0.04
11567,57.83,57.83,57.945104,0.001417,0,0,-0.3,-10.7,-3.1,1.04,0.18,-0.04
11568,57.835,57.835,57.950108,0.001422,0,0,-0.4,-10.8,-3.2,1.05,0.19,-0.04
11569,57.84,57.84,57.95633,0.002643,0,0,-0.4,-10.7,-3.3,1.04,0.19,-0.04
11570,57.845,57.845,57.960048,0.001361,0,0,-0.3,-10.7,-3.4,1.03,0.18,-0.05
11571,57.85,57.85,57.965029,0.001342,0,0,-0.3,-10.6,-2.9,1.04,0.18,-0.04
11572,57.855,57.855001,57.97124,0.002552,9.99999997475243e-07,0,-0.4,-10.7,-3,1.04,0.18,-0.05
11573,57.86,57.86,57.976189,0.002502,0,0,-0.3,-10.8,-2.6,1.04,0.18,-0.04
11574,57.865,57.865,57.98004,0.001354,0,0,-0.3,-10.7,-3,1.04,0.18,-0.04
11575,57.87,57.870001,57.986152,0.002463,9.99999997475243e-07,0,-0.1,-10.7,-2.8,1.04,0.17,-0.04
11576,57.875,57.875,57.991129,0.002441,0,0,-0.2,-10.8,-3.2,1.04,0.18,-0.04
11577,57.88,57.88,57.995104,0.001417,0,0,-0.3,-10.8,-3.1,1.04,0.2,-0.04
11578,57.885,57.885,58.001137,0.002449,0,0,-0.3,-10.8,-2.5,1.05,0.18,-0.04
11579,57.89,57.89,58.006079,0.002392,0,0,-0.4,-10.8,-2.9,1.04,0.18,-0.04
11580,57.895,57.895,58.010075,0.001388,0,0,-0.3,-10.8,-2.2,1.05,0.17,-0.04
11581,57.9,57.9,58.016055,0.002368,0,0,-0.3,-10.8,-2.5,1.04,0.17,-0.04
11582,57.905,57.905,58.021071,0.002385,0,0,-0.3,-10.8,-3.4,1.04,0.18,-0.04
11583,57.91,57.910001,58.025045,0.001358,9.99999997475243e-07,0,-0.2,-10.7,-3.2,1.04,0.17,-0.04
11584,57.915,57.915,58.031102,0.002414,0,0,-0.2,-10.7,-3.1,1.04,0.18,-0.04
11585,57.92,57.92,58.036076,0.002388,0,0,-0.2,-10.8,-2.9,1.05,0.17,-0.04
11586,57.925,57.925001,58.040072,0.001383,9.99999997475243e-07,0,-0.4,-10.7,-3.1,1.04,0.18,-0.04
11587,57.93,57.93,58.046092,0.002405,0,0,-0.4,-10.8,-2.9,1.04,0.18,-0.04
11588,57.935,57.935,58.051215,0.002529,0,0,-0.2,-10.8,-3.2,1.04,0.17,-0.04
11589,57.94,57.94,58.055097,0.001409,0,0,-0.3,-10.8,-3.2,1.04,0.18,-0.04
11590,57.945,57.945,58.060214,0.001527,0,0,-0.4,-10.8,-3.5,1.04,0.19,-0.04
11591,57.95,57.95,58.066284,0.002596,0,0,-0.5,-10.7,-3.1,1.04,0.19,-0.04
11592,57.955,57.955,58.07012,0.001433,0,0,-0.4,-10.7,-3.2,1.04,0.18,-0.04
11593,57.96,57.96,58.075175,0.001487,0,0,-0.3,-10.8,-3.2,1.04,0.19,-0.04
11594,57.965,57.965,58.081131,0.002443,0,0,-0.4,-10.8,-3.6,1.04,0.19,-0.04
11595,57.97,57.97,58.086172,0.002485,0,0,-0.2,-10.6,-3.4,1.03,0.18,-0.04
11596,57.975,57.975,58.09015,0.001462,0,0,-0.2,-10.7,-3,1.04,0.18,-0.03
11597,57.98,57.980001,58.096148,0.002459,9.99999997475243e-07,0,-0.3,-10.8,-3.1,1.03,0.19,-0.04
11598,57.985,57.985,58.100027,0.001339,0,0,-0.4,-10.8,-3.6,1.03,0.2,-0.04
11599,57.99,57.99,58.105055,0.001367,0,0,-0.4,-10.7,-3.7,1.03,0.19,-0.05
11600,57.995,57.995001,58.111086,0.002398,9.99999997475243e-07,0,-0.3,-10.7,-3.3,1.03,0.18,-0.04
11601,58,58,58.116047,0.002361,0,0,-0.3,-10.7,-3.3,1.03,0.19,-0.04
11602,58.005,58.005,58.120156,0.00147,0,0,-0.3,-10.7,-3,1.04,0.19,-0.04
11603,58.01,58.01,58.126111,0.002423,0,0,-0.2,-10.7,-3.1,1.04,0.19,-0.04
11604,58.015,58.015,58.13117,0.002483,0,0,-0.3,-10.7,-2.9,1.04,0.19,-0.04
11605,58.02,58.02,58.13515,0.001462,0,0,-0.4,-10.9,-2.6,1.05,0.19,-0.04
11606,58.025,58.025,58.141167,0.002479,0,0,-0.2,-10.8,-2.7,1.05,0.18,-0.04
11607,58.03,58.030001,58.145136,0.001449,9.99999997475243e-07,0,-0.2,-10.8,-2.4,1.05,0.17,-0.04
11608,58.035,58.035001,58.150338,0.00165,9.99999997475243e-07,0,-0.3,-10.8,-2.3,1.05,0.18,-0.04
11609,58.04,58.04,58.156137,0.002449,0,0,-0.3,-10.8,-2.9,1.04,0.18,-0.04
11610,58.045,58.045,58.160052,0.001365,0,0,-0.3,-10.7,-3,1.04,0.18,-0.04
11611,58.05,58.050001,58.165294,0.001605,9.99999997475243e-07,0,-0.2,-10.7,-2.3,1.05,0.17,-0.04
11612,58.055,58.055,58.171227,0.002539,0,0,-0.2,-10.6,-2.9,1.04,0.18,-0.04
11613,58.06,58.06,58.176072,0.002385,0,0,-0.1,-10.6,-2.9,1.04,0.18,-0.04
11614,58.065,58.065,58.180337,0.001649,0,0,-0.3,-10.8,-3.4,1.04,0.19,-0.04
11615,58.07,58.07,58.186192,0.002506,0,0,-0.4,-10.7,-3.9,1.04,0.2,-0.04
11616,58.075,58.075,58.190129,0.001441,0,0,-0.5,-10.8,-3.5,1.04,0.19,-0.04
11617,58.08,58.08,58.195262,0.001575,0,0,-0.4,-10.8,-2.6,1.05,0.19,-0.04
11618,58.085,58.085,58.201126,0.002439,0,0,-0.5,-10.8,-2.6,1.05,0.19,-0.04
11619,58.09,58.09,58.206231,0.002543,0,0,-0.4,-10.7,-2.1,1.04,0.18,-0.03
11620,58.095,58.095,58.210171,0.001485,0,0,-0.3,-10.8,-2.1,1.04,0.18,-0.03
11621,58.1,58.1,58.215179,0.001491,0,0,-0.5,-10.8,-2.6,1.04,0.19,-0.04
11622,58.105,58.105001,58.221094,0.002406,9.99999997475243e-07,0,-0.4,-10.8,-3.4,1.03,0.19,-0.04
11623,58.11,58.11,58.225035,0.001348,0,0,-0.3,-10.8,-3,1.04,0.18,-0.04
11624,58.115,58.115,58.23027,0.001583,0,0,-0.4,-10.7,-3.1,1.04,0.18,-0.04
11625,58.12,58.120001,58.236213,0.002526,9.99999997475243e-07,0,-0.2,-10.7,-2.9,1.04,0.18,-0.04
11626,58.125,58.125,58.241265,0.002577,0,0,-0.2,-10.6,-3.1,1.03,0.18,-0.04
11627,58.13,58.13,58.24519,0.001504,0,0,-0.2,-10.6,-3.3,1.03,0.19,-0.04
11628,58.135,58.135,58.251129,0.002442,0,0,-0.4,-10.8,-3.2,1.04,0.19,-0.04
11629,58.14,58.14,58.256186,0.002499,0,0,-0.5,-10.8,-3.7,1.04,0.2,-0.05
11630,58.145,58.145,58.260085,0.001399,0,0,-0.3,-10.7,-3.5,1.04,0.19,-0.04
11631,58.15,58.15,58.266119,0.002432,0,0,-0.3,-10.8,-3,1.04,0.18,-0.04
11632,58.155,58.155,58.271239,0.002551,0,0,-0.4,-10.8,-2.9,1.04,0.18,-0.04
11633,58.16,58.160001,58.275028,0.001339,9.99999997475243e-07,0,-0.5,-10.9,-2.9,1.04,0.19,-0.04
11634,58.165,58.165,58.280174,0.001487,0,0,-0.4,-10.8,-3.2,1.04,0.19,-0.05
11635,58.17,58.17,58.286246,0.00256,0,0,-0.3,-10.7,-3.3,1.03,0.18,-0.05
11636,58.175,58.175001,58.290114,0.001425,9.99999997475243e-07,0,-0.5,-10.7,-3.3,1.04,0.19,-0.05
11637,58.18,58.180001,58.296104,0.002416,9.99999997475243e-07,0,-0.3,-10.6,-2.8,1.05,0.18,-0.04
11638,58.185,58.185,58.301105,0.002418,0,0,-0.3,-10.7,-2.4,1.05,0.18,-0.03
11639,58.19,58.19,58.305112,0.001425,0,0,-0.3,-10.8,-2.7,1.05,0.19,-0.04
11640,58.195,58.195,58.311076,0.002388,0,0,-0.5,-10.8,-2.9,1.05,0.19,-0.04
11641,58.2,58.2,58.316054,0.002367,0,0,-0.5,-10.8,-3.2,1.04,0.2,-0.04
11642,58.205,58.205,58.320032,0.001345,0,0,-0.3,-10.7,-2.7,1.05,0.19,-0.03
11643,58.21,58.210001,58.325318,0.00163,9.99999997475243e-07,0,-0.4,-10.7,-2.7,1.04,0.19,-0.03
11644,58.215,58.215,58.331086,0.002399,0,0,-0.5,-10.8,-3.3,1.04,0.2,-0.04
11645,58.22,58.22,58.335028,0.001341,0,0,-0.4,-10.7,-2.8,1.04,0.18,-0.04
11646,58.225,58.225,58.340014,0.001327,0,0,-0.2,-10.7,-2.9,1.04,0.17,-0.04
11647,58.23,58.230001,58.346032,0.002344,9.99999997475243e-07,0,-0.2,-10.7,-3,1.04,0.17,-0.05
11648,58.235,58.235,58.351099,0.002412,0,0,-0.3,-10.8,-2.7,1.05,0.18,-0.04
11649,58.24,58.24,58.355066,0.001378,0,0,-0.4,-10.8,-3.2,1.04,0.19,-0.04
11650,58.245,58.245001,58.361071,0.002383,9.99999997475243e-07,0,-0.4,-10.7,-3.5,1.04,0.19,-0.05
11651,58.25,58.25,58.366089,0.002401,0,0,-0.3,-10.7,-2.9,1.05,0.18,-0.04
11652,58.255,58.255,58.370229,0.001543,0,0,-0.4,-10.7,-2.7,1.05,0.18,-0.04
11653,58.26,58.26,58.37513,0.001443,0,0,-0.4,-10.8,-2.8,1.05,0.18,-0.04
11654,58.265,58.265,58.381218,0.002531,0,0,-0.4,-10.7,-2.7,1.05,0.17,-0.04
11655,58.27,58.27,58.385131,0.001445,0,0,-0.2,-10.7,-2.8,1.05,0.17,-0.04
11656,58.275,58.275,58.390115,0.001429,0,0,-0.1,-10.6,-3.1,1.05,0.17,-0.04
11657,58.28,58.28,58.396064,0.002376,0,0,-0.1,-10.6,-3,1.04,0.17,-0.04
11658,58.285,58.285001,58.400113,0.001426,9.99999997475243e-07,0,-0.1,-10.5,-2.8,1.04,0.17,-0.04
11659,58.29,58.29,58.405192,0.001504,0,0,-0.1,-10.6,-3.3,1.04,0.17,-0.04
11660,58.295,58.295,58.411137,0.00245,0,0,-0.2,-10.7,-3.5,1.03,0.19,-0.04
11661,58.3,58.300001,58.416092,0.002404,9.99999997475243e-07,0,-0.2,-10.7,-3.2,1.04,0.19,-0.04
11662,58.305,58.305,58.420025,0.001337,0,0,-0.1,-10.8,-2.9,1.04,0.18,-0.04
11663,58.31,58.31,58.426105,0.002419,0,0,-0.2,-10.7,-2.6,1.04,0.18,-0.04
11664,58.315,58.315,58.431051,0.002364,0,0,-0.3,-10.8,-2.8,1.04,0.18,-0.04
11665,58.32,58.32,58.435158,0.001472,0,0,-0.3,-10.8,-3,1.04,0.18,-0.04
11666,58.325,58.325,58.441069,0.002382,0,0,-0.2,-10.8,-3.1,1.04,0.18,-0.04
11667,58.33,58.33,58.446055,0.002368,0,0,-0.2,-10.7,-2.7,1.04,0.18,-0.04
11668,58.335,58.335,58.450191,0.001503,0,0,-0.2,-10.7,-2.5,1.05,0.18,-0.04
11669,58.34,58.34,58.455265,0.001578,0,0,-0.3,-10.7,-3.3,1.04,0.19,-0.05
11670,58.345,58.345,58.461077,0.002389,0,0,-0.4,-10.8,-3.7,1.04,0.2,-0.05
11671,58.35,58.35,58.465013,0.001327,0,0,-0.4,-10.8,-3.7,1.04,0.2,-0.05
11672,58.355,58.355001,58.470245,0.001557,9.99999997475243e-07,0,-0.4,-10.8,-3.4,1.04,0.19,-0.04
11673,58.36,58.36,58.476059,0.002372,0,0,-0.4,-10.7,-3.5,1.04,0.19,-0.05
11674,58.365,58.365,58.481039,0.002352,0,0,-0.3,-10.8,-3.1,1.04,0.19,-0.04
11675,58.37,58.370001,58.485179,0.001492,9.99999997475243e-07,0,-0.2,-10.8,-2.6,1.05,0.17,-0.04
11676,58.375,58.375,58.490304,0.001616,0,0,-0.2,-10.8,-2.8,1.04,0.17,-0.04
11677,58.38,58.38,58.496101,0.002413,0,0,-0.2,-10.8,-3.3,1.04,0.18,-0.04
11678,58.385,58.385,58.500027,0.00134,0,0,-0.2,-10.7,-3.1,1.03,0.18,-0.04
11679,58.39,58.39,58.505065,0.001378,0,0,-0.3,-10.7,-3.6,1.03,0.2,-0.04
11680,58.395,58.395,58.511044,0.002357,0,0,-0.5,-10.8,-3,1.04,0.2,-0.04
11681,58.4,58.4,58.515014,0.001327,0,0,-0.5,-10.7,-2.9,1.04,0.19,-0.04
11682,58.405,58.405001,58.52024,0.001552,9.99999997475243e-07,0,-0.4,-10.7,-3.3,1.04,0.19,-0.04
11683,58.41,58.410001,58.526125,0.002436,9.99999997475243e-07,0,-0.1,-10.7,-2.4,1.05,0.17,-0.04
11684,58.415,58.415,58.530077,0.001389,0,0,-0.2,-10.7,-2.5,1.05,0.18,-0.04
11685,58.42,58.42,58.535058,0.001371,0,0,-0.1,-10.7,-2.8,1.05,0.17,-0.04
11686,58.425,58.425001,58.541049,0.002361,9.99999997475243e-07,0,-0.3,-10.7,-3.1,1.04,0.19,-0.05
11687,58.43,58.43,58.545027,0.00134,0,0,-0.5,-10.7,-3.6,1.04,0.2,-0.05
11688,58.435,58.435,58.550029,0.001342,0,0,-0.4,-10.7,-2.7,1.04,0.18,-0.04
11689,58.44,58.44,58.556093,0.002407,0,0,-0.3,-10.7,-2.9,1.03,0.18,-0.04
11690,58.445,58.445,58.561068,0.002382,0,0,-0.3,-10.7,-3.1,1.03,0.19,-0.04
11691,58.45,58.45,58.565025,0.001338,0,0,-0.3,-10.8,-2.7,1.04,0.18,-0.04
11692,58.455,58.455,58.57106,0.002373,0,0,-0.4,-10.7,-3.1,1.04,0.19,-0.04
11693,58.46,58.46,58.576053,0.002367,0,0,-0.2,-10.7,-2.6,1.05,0.17,-0.04
11694,58.465,58.465,58.580023,0.001336,0,0,-0.2,-10.7,-2.9,1.04,0.17,-0.04
11695,58.47,58.47,58.585387,0.0017,0,0,-0.1,-10.7,-2.6,1.04,0.17,-0.04
11696,58.475,58.475,58.59129,0.002602,0,0,-0.2,-10.8,-4,1.03,0.19,-0.04
11697,58.48,58.480001,58.595069,0.001381,9.99999997475243e-07,0,0,-10.8,-2.9,1.04,0.17,-0.04
11698,58.485,58.485,58.600124,0.001437,0,0,-0.1,-10.7,-3,1.04,0.18,-0.04
11699,58.49,58.49,58.606027,0.002341,0,0,-0.1,-10.8,-2.9,1.04,0.18,-0.04
11700,58.495,58.495001,58.610008,0.00132,9.99999997475243e-07,0,-0.1,-10.8,-3.4,1.03,0.18,-0.04
11701,58.5,58.5,58.61506,0.001373,0,0,-0.3,-10.8,-3.3,1.04,0.19,-0.04
11702,58.505,58.505,58.621057,0.00237,0,0,-0.4,-10.8,-2.8,1.04,0.19,-0.04
11703,58.51,58.51,58.626035,0.002347,0,0,-0.4,-10.8,-3.2,1.04,0.19,-0.04
11704,58.515,58.515,58.630017,0.00133,0,0,-0.4,-10.9,-2.9,1.05,0.18,-0.04
11705,58.52,58.52,58.635251,0.001564,0,0,-0.3,-10.8,-2.9,1.04,0.18,-0.04
11706,58.525,58.525,58.64104,0.002353,0,0,-0.1,-10.8,-2.7,1.04,0.18,-0.04
11707,58.53,58.53,58.645172,0.001485,0,0,-0.1,-10.8,-2.8,1.04,0.18,-0.04
11708,58.535,58.535001,58.650073,0.001385,9.99999997475243e-07,0,-0.1,-10.9,-2.8,1.05,0.17,-0.04
11709,58.54,58.54,58.656063,0.002376,0,0,-0.1,-10.9,-2.8,1.04,0.17,-0.04
11710,58.545,58.545,58.660017,0.00133,0,0,-0.2,-10.8,-3.2,1.04,0.18,-0.04
11711,58.55,58.550001,58.665006,0.001318,9.99999997475243e-07,0,-0.2,-10.7,-2.9,1.04,0.18,-0.04
11712,58.555,58.555,58.671134,0.002447,0,0,-0.2,-10.7,-2.8,1.04,0.18,-0.04
11713,58.56,58.56,58.676077,0.00239,0,0,-0.2,-10.7,-2.4,1.04,0.17,-0.03
11714,58.565,58.565,58.680038,0.001352,0,0,-0.2,-10.7,-3,1.04,0.18,-0.04
11715,58.57,58.57,58.686015,0.002328,0,0,-0.3,-10.7,-3,1.04,0.18,-0.04
11716,58.575,58.575001,58.691134,0.002447,9.99999997475243e-07,0,-0.3,-10.8,-2.6,1.04,0.18,-0.04
11717,58.58,58.58,58.695049,0.001362,0,0,-0.3,-10.7,-2.1,1.05,0.18,-0.04
11718,58.585,58.585,58.701109,0.002423,0,0,-0.1,-10.7,-2.6,1.04,0.18,-0.04
11719,58.59,58.59,58.70626,0.002573,0,0,-0.2,-10.7,-2.8,1.04,0.18,-0.04
11720,58.595,58.595,58.710075,0.001387,0,0,-0.3,-10.8,-3.4,1.04,0.19,-0.04
11721,58.6,58.6,58.715257,0.001569,0,0,-0.1,-10.8,-3.6,1.04,0.18,-0.04
11722,58.605,58.605001,58.721107,0.00242,9.99999997475243e-07,0,-0.2,-10.7,-3.4,1.04,0.19,-0.04
11723,58.61,58.61,58.725045,0.001357,0,0,-0.3,-10.6,-3.3,1.04,0.19,-0.04
11724,58.615,58.615,58.730427,0.00174,0,0,-0.5,-10.7,-3.2,1.04,0.2,-0.04
11725,58.62,58.620001,58.736128,0.00244,9.99999997475243e-07,0,-0.5,-10.7,-3.5,1.04,0.2,-0.04
11726,58.625,58.625,58.740027,0.00134,0,0,-0.4,-10.8,-3.7,1.04,0.2,-0.04
11727,58.63,58.63,58.745178,0.001491,0,0,-0.4,-10.7,-3.3,1.04,0.19,-0.04
11728,58.635,58.635,58.750263,0.001575,0,0,-0.4,-10.7,-3.3,1.03,0.19,-0.04
11729,58.64,58.64,58.756226,0.002539,0,0,-0.5,-10.7,-3.6,1.03,0.2,-0.04
11730,58.645,58.645,58.760181,0.001493,0,0,-0.5,-10.7,-4,1.04,0.2,-0.05
11731,58.65,58.650001,58.766199,0.002512,1.00000000458067e-06,0,-0.4,-10.7,-3.5,1.04,0.19,-0.04
11732,58.655,58.655,58.771168,0.002481,0,0,-0.3,-10.8,-2.9,1.04,0.18,-0.03
11733,58.66,58.660001,58.77508,0.001392,9.99999997475243e-07,0,-0.3,-10.7,-2.6,1.04,0.18,-0.03
11734,58.665,58.665,58.781144,0.002457,0,0,-0.4,-10.7,-2.7,1.04,0.18,-0.04
11735,58.67,58.67,58.786265,0.002577,0,0,-0.3,-10.7,-2.6,1.04,0.18,-0.03
11736,58.675,58.675001,58.790093,0.001404,9.99999997475243e-07,0,-0.2,-10.8,-2.2,1.04,0.17,-0.03
11737,58.68,58.68,58.796097,0.002409,0,0,-0.3,-10.9,-2.6,1.04,0.19,-0.04
11738,58.685,58.685,58.801054,0.002367,0,0,-0.4,-10.9,-3.7,1.04,0.2,-0.04
11739,58.69,58.69,58.80504,0.001352,0,0,-0.3,-10.8,-3.5,1.04,0.19,-0.04
11740,58.695,58.695,58.810162,0.001474,0,0,-0.4,-10.8,-3.6,1.04,0.19,-0.04
11741,58.7,58.7,58.816275,0.002587,0,0,-0.4,-10.8,-3.1,1.04,0.19,-0.04
11742,58.705,58.705,58.820211,0.001525,0,0,-0.1,-10.8,-2.8,1.04,0.18,-0.04
11743,58.71,58.71,58.82517,0.001483,0,0,-0.2,-10.8,-2.7,1.05,0.18,-0.04
11744,58.715,58.715,58.83111,0.002422,0,0,-0.2,-10.9,-2.5,1.05,0.17,-0.04
11745,58.72,58.72,58.83613,0.002442,0,0,-0.1,-10.7,-2.8,1.05,0.17,-0.04
11746,58.725,58.725,58.841168,0.002481,0,0,-0.1,-10.7,-3.3,1.04,0.18,-0.04
11747,58.73,58.730001,58.846108,0.00242,9.99999997475243e-07,0,-0.1,-10.8,-3.7,1.03,0.19,-0.04
11748,58.735,58.735,58.850053,0.001366,0,0,-0.1,-10.8,-2.6,1.04,0.18,-0.03
11749,58.74,58.740001,58.85613,0.002443,9.99999997475243e-07,0,-0.2,-10.8,-3,1.04,0.19,-0.04
11750,58.745,58.745001,58.861145,0.002457,9.99999997475243e-07,0,-0.4,-10.8,-3.5,1.03,0.2,-0.04
11751,58.75,58.75,58.865279,0.001592,0,0,-0.4,-10.9,-3.1,1.03,0.19,-0.04
11752,58.755,58.755,58.870289,0.001602,0,0,-0.3,-10.8,-2.5,1.04,0.18,-0.04
11753,58.76,58.76,58.876106,0.002418,0,0,-0.4,-10.8,-2.9,1.04,0.18,-0.04
11754,58.765,58.765,58.881111,0.002424,0,0,-0.3,-10.7,-2.9,1.04,0.18,-0.04
11755,58.77,58.77,58.885127,0.00144,0,0,-0.3,-10.7,-2.4,1.04,0.18,-0.03
11756,58.775,58.775,58.89125,0.002563,0,0,-0.2,-10.8,-3.1,1.04,0.18,-0.04
11757,58.78,58.78,58.895061,0.001375,0,0,-0.2,-10.7,-3.1,1.04,0.18,-0.04
11758,58.785,58.785001,58.900034,0.001346,9.99999997475243e-07,0,-0.3,-10.7,-3.6,1.04,0.19,-0.04
11759,58.79,58.79,58.906146,0.002459,0,0,-0.3,-10.9,-2.7,1.05,0.18,-0.04
11760,58.795,58.795,58.910039,0.001353,0,0,-0.2,-10.8,-2.6,1.05,0.17,-0.04
11761,58.8,58.800001,58.91509,0.001402,9.99999997475243e-07,0,-0.3,-10.8,-3.1,1.05,0.18,-0.05
11762,58.805,58.805,58.921073,0.002385,0,0,-0.2,-10.8,-2.7,1.05,0.17,-0.04
11763,58.81,58.81,58.925097,0.001409,0,0,-0.3,-10.8,-3.5,1.05,0.19,-0.05
11764,58.815,58.815,58.930193,0.001506,0,0,-0.4,-10.8,-2.7,1.05,0.19,-0.04
11765,58.82,58.820001,58.93605,0.002362,9.99999997475243e-07,0,-0.2,-10.8,-2.6,1.04,0.18,-0.04
11766,58.825,58.825,58.940039,0.001352,0,0,-0.4,-10.8,-2.6,1.04,0.18,-0.04
11767,58.83,58.83,58.945187,0.0015,0,0,-0.4,-10.8,-2.9,1.04,0.18,-0.04
11768,58.835,58.835,58.951096,0.00241,0,0,-0.3,-10.8,-3.3,1.04,0.19,-0.04
11769,58.84,58.840001,58.956192,0.002503,9.99999997475243e-07,0,-0.4,-10.8,-3.1,1.04,0.19,-0.04
11770,58.845,58.845,58.960082,0.001395,0,0,-0.5,-10.9,-3,1.04,0.19,-0.04
11771,58.85,58.85,58.966155,0.002468,0,0,-0.4,-10.8,-3.3,1.04,0.2,-0.04
11772,58.855,58.855001,58.971115,0.002426,9.99999997475243e-07,0,-0.4,-10.9,-3.1,1.04,0.2,-0.04
11773,58.86,58.86,58.975046,0.00136,0,0,-0.4,-10.9,-2.9,1.04,0.19,-0.03
11774,58.865,58.865,58.980448,0.00176,0,0,-0.4,-10.8,-2.6,1.05,0.18,-0.03
11775,58.87,58.870001,58.986118,0.00243,9.99999997475243e-07,0,-0.3,-10.8,-3.1,1.05,0.19,-0.04
11776,58.875,58.875,58.990086,0.001398,0,0,-0.3,-10.8,-2.7,1.05,0.18,-0.04
11777,58.88,58.88,58.99513,0.001443,0,0,-0.3,-10.8,-3.1,1.04,0.19,-0.04
11778,58.885,58.885,59.001194,0.002507,0,0,-0.2,-10.8,-3.2,1.04,0.19,-0.04
11779,58.89,58.890001,59.006172,0.002484,9.99999997475243e-07,0,-0.1,-10.8,-2.9,1.04,0.18,-0.04
11780,58.895,58.895,59.010036,0.001349,0,0,-0.3,-10.8,-3.1,1.04,0.19,-0.04
11781,58.9,58.9,59.016071,0.002383,0,0,-0.3,-10.9,-3.2,1.04,0.19,-0.04
11782,58.905,58.905,59.021065,0.002377,0,0,-0.3,-10.8,-3.3,1.04,0.19,-0.04
11783,58.91,58.910001,59.025041,0.001353,9.99999997475243e-07,0,-0.5,-10.7,-3.5,1.03,0.19,-0.04
11784,58.915,58.915,59.030395,0.001708,0,0,-0.4,-10.7,-3.8,1.04,0.2,-0.04
11785,58.92,58.92,59.036126,0.002439,0,0,-0.4,-10.7,-3,1.04,0.18,-0.04
11786,58.925,58.925001,59.040179,0.00149,9.99999997475243e-07,0,-0.4,-10.7,-2.7,1.05,0.18,-0.04
11787,58.93,58.93,59.046123,0.002435,0,0,-0.4,-10.7,-2.9,1.04,0.18,-0.04
11788,58.935,58.935,59.051093,0.002405,0,0,-0.3,-10.6,-3.1,1.04,0.18,-0.04
11789,58.94,58.94,59.05517,0.001483,0,0,-0.3,-10.6,-2.8,1.04,0.18,-0.04
11790,58.945,58.945,59.061135,0.002448,0,0,-0.1,-10.6,-3,1.04,0.17,-0.04
11791,58.95,58.95,59.066078,0.002391,0,0,-0.1,-10.7,-3.1,1.04,0.17,-0.04
11792,58.955,58.955,59.070046,0.001359,0,0,-0.3,-10.8,-3.5,1.04,0.19,-0.04
11793,58.96,58.96,59.07614,0.002453,0,0,-0.3,-10.8,-3.1,1.04,0.19,-0.04
11794,58.965,58.965,59.081082,0.002395,0,0,-0.3,-10.7,-3.2,1.04,0.19,-0.04
11795,58.97,58.97,59.085047,0.00136,0,0,-0.2,-10.7,-2.9,1.05,0.18,-0.04
11796,58.975,58.975,59.090394,0.001707,0,0,-0.3,-10.7,-3.5,1.04,0.19,-0.04
11797,58.98,58.980001,59.096168,0.002481,9.99999997475243e-07,0,-0.3,-10.8,-3.3,1.04,0.19,-0.04
11798,58.985,58.985001,59.100105,0.001417,9.99999997475243e-07,0,-0.4,-10.8,-3.6,1.04,0.19,-0.04
11799,58.99,58.99,59.106242,0.002554,0,0,-0.5,-10.8,-3.4,1.04,0.19,-0.04
11800,58.995,58.995001,59.110065,0.001377,9.99999997475243e-07,0,-0.4,-10.8,-3,1.04,0.18,-0.04
11801,59,59,59.11518,0.001493,0,0,-0.4,-10.7,-3.3,1.04,0.18,-0.04
11802,59.005,59.005,59.121225,0.002538,0,0,-0.5,-10.8,-3.3,1.04,0.2,-0.04
11803,59.01,59.01,59.125091,0.001404,0,0,-0.5,-10.8,-2.9,1.05,0.19,-0.04
11804,59.015,59.015,59.130141,0.001454,0,0,-0.3,-10.8,-3.2,1.04,0.18,-0.04
11805,59.02,59.02,59.136065,0.002377,0,0,-0.3,-10.9,-2.7,1.04,0.18,-0.04
11806,59.025,59.025,59.141093,0.002406,0,0,-0.2,-10.9,-3.2,1.04,0.18,-0.04
11807,59.03,59.03,59.145049,0.001362,0,0,-0.2,-10.9,-3.2,1.04,0.17,-0.04
11808,59.035,59.035001,59.151044,0.002356,9.99999997475243e-07,0,-0.3,-10.8,-3.1,1.04,0.19,-0.04
11809,59.04,59.040001,59.156221,0.002532,9.99999997475243e-07,0,-0.2,-10.8,-3.3,1.04,0.19,-0.04
11810,59.045,59.045,59.160117,0.001429,0,0,-0.1,-10.7,-3.3,1.04,0.18,-0.04
11811,59.05,59.050001,59.166164,0.002475,9.99999997475243e-07,0,-0.2,-10.7,-3.6,1.04,0.18,-0.04
11812,59.055,59.055,59.170077,0.001391,0,0,-0.2,-10.8,-3.6,1.03,0.18,-0.04
11813,59.06,59.06,59.175462,0.001775,0,0,-0.3,-10.8,-3.8,1.04,0.19,-0.04
11814,59.065,59.065,59.181159,0.002472,0,0,-0.2,-10.8,-3.5,1.04,0.18,-0.04
11815,59.07,59.07,59.185119,0.001432,0,0,-0.3,-10.8,-3.4,1.04,0.18,-0.04
11816,59.075,59.075,59.190316,0.001629,0,0,-0.4,-10.8,-3.7,1.04,0.2,-0.05
11817,59.08,59.08,59.196363,0.002675,0,0,-0.4,-10.7,-4,1.03,0.19,-0.05
11818,59.085,59.085,59.200075,0.001387,0,0,-0.3,-10.6,-3.9,1.03,0.19,-0.05
11819,59.09,59.09,59.205198,0.00151,0,0,-0.3,-10.6,-4,1.03,0.19,-0.05
11820,59.095,59.095,59.211098,0.00241,0,0,-0.3,-10.7,-3.1,1.04,0.18,-0.04
11821,59.1,59.100001,59.215348,0.001661,9.99999997475243e-07,0,-0.1,-10.6,-3.3,1.03,0.18,-0.04
11822,59.105,59.105001,59.220342,0.001653,9.99999997475243e-07,0,-0.1,-10.7,-2.8,1.04,0.17,-0.04
11823,59.11,59.110001,59.22645,0.002763,9.99999997475243e-07,0,-0.2,-10.8,-3.4,1.03,0.18,-0.04
11824,59.115,59.115,59.230329,0.001642,0,0,-0.2,-10.7,-3.3,1.03,0.18,-0.04
11825,59.12,59.120001,59.235176,0.001489,9.99999997475243e-07,0,-0.3,-10.8,-3,1.04,0.18,-0.04
11826,59.125,59.125,59.241215,0.002528,0,0,-0.4,-10.7,-3,1.04,0.19,-0.04
11827,59.13,59.13,59.245069,0.001381,0,0,-0.3,-10.8,-2.5,1.04,0.17,-0.04
11828,59.135,59.135,59.250161,0.001473,0,0,-0.2,-10.7,-2.8,1.04,0.18,-0.04
11829,59.14,59.14,59.256273,0.002586,0,0,-0.4,-10.7,-3.1,1.04,0.19,-0.03
11830,59.145,59.145,59.26008,0.001392,0,0,-0.3,-10.8,-3.2,1.04,0.19,-0.04
11831,59.15,59.15,59.26518,0.001493,0,0,-0.3,-10.8,-2.9,1.04,0.18,-0.04
11832,59.155,59.155,59.271199,0.002511,0,0,-0.3,-10.8,-2.8,1.04,0.18,-0.04
11833,59.16,59.160001,59.275105,0.001416,9.99999997475243e-07,0,-0.4,-10.8,-2.5,1.05,0.17,-0.04
11834,59.165,59.165,59.280146,0.001458,0,0,-0.3,-10.8,-3,1.04,0.18,-0.04
11835,59.17,59.17,59.286168,0.00248,0,0,-0.4,-10.8,-3.5,1.04,0.19,-0.04
11836,59.175,59.175001,59.291146,0.002457,9.99999997475243e-07,0,-0.4,-10.9,-3.3,1.04,0.2,-0.04
11837,59.18,59.18,59.295072,0.001385,0,0,-0.2,-10.8,-3.4,1.04,0.19,-0.04
11838,59.185,59.185,59.301125,0.002438,0,0,-0.2,-10.9,-3.5,1.04,0.19,-0.05
11839,59.19,59.19,59.306066,0.002379,0,0,-0.1,-10.7,-3.3,1.04,0.19,-0.04
11840,59.195,59.195,59.310023,0.001336,0,0,-0.4,-10.7,-3.3,1.04,0.19,-0.04
11841,59.2,59.2,59.315231,0.001544,0,0,-0.4,-10.8,-2.9,1.04,0.19,-0.04
11842,59.205,59.205,59.321217,0.00253,0,0,-0.4,-10.7,-3.1,1.04,0.19,-0.04
11843,59.21,59.21,59.326119,0.002433,0,0,-0.4,-10.6,-3.8,1.04,0.19,-0.05
11844,59.215,59.215,59.33007,0.001382,0,0,-0.4,-10.7,-4.1,1.04,0.2,-0.05
11845,59.22,59.22,59.33612,0.002433,0,0,-0.5,-10.7,-3.9,1.04,0.2,-0.05
11846,59.225,59.225,59.341143,0.002455,0,0,-0.3,-10.7,-3.7,1.04,0.19,-0.04
11847,59.23,59.230001,59.345082,0.001393,9.99999997475243e-07,0,-0.2,-10.8,-3.8,1.04,0.19,-0.05
11848,59.235,59.235,59.350173,0.001487,0,0,-0.2,-10.8,-3.3,1.05,0.17,-0.04
11849,59.24,59.24,59.356243,0.002556,0,0,-0.2,-10.7,-3.7,1.04,0.18,-0.04
11850,59.245,59.245001,59.36011,0.001422,9.99999997475243e-07,0,-0.2,-10.8,-3.5,1.04,0.17,-0.05
11851,59.25,59.25,59.366282,0.002594,0,0,-0.2,-10.8,-3.2,1.04,0.17,-0.04
11852,59.255,59.255,59.371101,0.002415,0,0,-0.4,-10.8,-3,1.04,0.18,-0.04
11853,59.26,59.26,59.375074,0.001387,0,0,-0.4,-10.7,-2.8,1.05,0.18,-0.04
11854,59.265,59.265,59.380244,0.001556,0,0,-0.4,-10.8,-3.4,1.04,0.19,-0.04
11855,59.27,59.27,59.386135,0.002448,0,0,-0.3,-10.8,-3.3,1.05,0.18,-0.04
11856,59.275,59.275,59.390108,0.001422,0,0,-0.4,-10.8,-2.7,1.05,0.18,-0.04
11857,59.28,59.28,59.396165,0.002478,0,0,-0.3,-10.7,-2.4,1.05,0.17,-0.04
11858,59.285,59.285001,59.401117,0.002429,9.99999997475243e-07,0,-0.2,-10.7,-2.6,1.05,0.17,-0.04
11859,59.29,59.29,59.405409,0.001721,0,0,-0.4,-10.7,-2.4,1.05,0.18,-0.04
11860,59.295,59.295,59.411185,0.002497,0,0,-0.4,-10.8,-2.3,1.06,0.17,-0.04
11861,59.3,59.300001,59.415075,0.001388,9.99999997475243e-07,0,-0.4,-10.9,-2.5,1.05,0.17,-0.04
11862,59.305,59.305,59.420155,0.001469,0,0,-0.3,-10.9,-2.5,1.05,0.18,-0.04
11863,59.31,59.31,59.42625,0.002563,0,0,-0.4,-10.8,-2.5,1.04,0.18,-0.04
11864,59.315,59.315,59.430083,0.001396,0,0,-0.6,-10.8,-2.5,1.04,0.18,-0.04
11865,59.32,59.32,59.43524,0.001553,0,0,-0.4,-10.9,-2.9,1.04,0.19,-0.04
11866,59.325,59.325,59.441218,0.002531,0,0,-0.1,-10.8,-2.7,1.04,0.18,-0.03
11867,59.33,59.33,59.44609,0.002404,0,0,-0.3,-10.8,-3.3,1.04,0.2,-0.04
11868,59.335,59.335,59.450041,0.001353,0,0,-0.4,-10.8,-2.9,1.04,0.2,-0.04
11869,59.34,59.34,59.456131,0.002443,0,0,-0.5,-10.9,-3,1.03,0.2,-0.04
11870,59.345,59.345,59.461114,0.002427,0,0,-0.5,-10.9,-3.4,1.03,0.2,-0.05
11871,59.35,59.350001,59.465099,0.001411,9.99999997475243e-07,0,-0.4,-10.8,-3.7,1.03,0.19,-0.05
11872,59.355,59.355001,59.47136,0.002672,9.99999997475243e-07,0,-0.3,-10.8,-2.6,1.04,0.18,-0.04
11873,59.36,59.36,59.475179,0.001492,0,0,-0.2,-10.7,-2.7,1.04,0.18,-0.04
11874,59.365,59.365,59.480298,0.001611,0,0,-0.3,-10.7,-3,1.04,0.19,-0.04
11875,59.37,59.370001,59.486192,0.002504,9.99999997475243e-07,0,-0.2,-10.7,-3.2,1.04,0.19,-0.04
11876,59.375,59.375,59.490197,0.00151,0,0,-0.2,-10.7,-3.5,1.03,0.18,-0.04
11877,59.38,59.38,59.495263,0.001576,0,0,-0.4,-10.8,-3.3,1.04,0.2,-0.04
11878,59.385,59.385,59.501122,0.002435,0,0,-0.5,-10.8,-4,1.03,0.2,-0.04
11879,59.39,59.39,59.505094,0.001406,0,0,-0.3,-10.8,-3.4,1.04,0.19,-0.04
11880,59.395,59.395,59.510125,0.001437,0,0,-0.3,-10.7,-3.3,1.04,0.18,-0.04
11881,59.4,59.4,59.516183,0.002495,0,0,-0.3,-10.7,-2.9,1.04,0.18,-0.04
11882,59.405,59.405,59.520178,0.001491,0,0,-0.2,-10.7,-3.1,1.04,0.18,-0.04
11883,59.41,59.410001,59.525144,0.001456,9.99999997475243e-07,0,-0.1,-10.8,-3.4,1.04,0.17,-0.04
11884,59.415,59.415,59.531102,0.002416,0,0,-0.1,-10.8,-2.9,1.05,0.17,-0.04
11885,59.42,59.42,59.536056,0.002368,0,0,0,-10.7,-2.9,1.05,0.16,-0.04
11886,59.425,59.425002,59.540139,0.00145,1.99999999495049e-06,0,-0.1,-10.7,-2.9,1.05,0.17,-0.04
11887,59.43,59.43,59.546193,0.002505,0,0,-0.1,-10.7,-3.2,1.04,0.17,-0.04
11888,59.435,59.435,59.550031,0.001345,0,0,-0.2,-10.7,-3.1,1.04,0.18,-0.04
11889,59.44,59.44,59.555098,0.00141,0,0,-0.5,-10.8,-2.8,1.05,0.19,-0.04
11890,59.445,59.445,59.561071,0.002384,0,0,-0.4,-10.7,-3.1,1.04,0.18,-0.04
11891,59.45,59.45,59.566034,0.002346,0,0,-0.2,-10.7,-2.7,1.04,0.17,-0.04
11892,59.455,59.455,59.570017,0.00133,0,0,-0.2,-10.7,-2.3,1.05,0.17,-0.03
11893,59.46,59.46,59.576083,0.002395,0,0,-0.2,-10.7,-2.8,1.04,0.18,-0.04
11894,59.465,59.465,59.581046,0.002359,0,0,-0.3,-10.7,-2.7,1.04,0.18,-0.04
11895,59.47,59.47,59.585046,0.001358,0,0,-0.4,-10.6,-2.8,1.04,0.18,-0.04
11896,59.475,59.475001,59.590386,0.001697,9.99999997475243e-07,0,-0.4,-10.6,-3.5,1.04,0.18,-0.04
11897,59.48,59.480001,59.59615,0.002461,9.99999997475243e-07,0,-0.4,-10.7,-3.1,1.05,0.18,-0.05
11898,59.485,59.485,59.600066,0.001379,0,0,-0.4,-10.7,-3.2,1.05,0.18,-0.05
11899,59.49,59.49,59.605239,0.001552,0,0,-0.5,-10.9,-3.2,1.05,0.19,-0.04
11900,59.495,59.495001,59.611138,0.00245,9.99999997475243e-07,0,-0.4,-10.9,-3.2,1.05,0.19,-0.05
11901,59.5,59.5,59.615046,0.001359,0,0,-0.3,-10.8,-3.2,1.05,0.19,-0.05
11902,59.505,59.505,59.620439,0.001752,0,0,-0.4,-10.7,-2.5,1.05,0.17,-0.04
11903,59.51,59.51,59.626169,0.002482,0,0,-0.2,-10.7,-2.5,1.05,0.17,-0.04
11904,59.515,59.515,59.630162,0.001475,0,0,-0.3,-10.8,-2.5,1.05,0.18,-0.04
11905,59.52,59.52,59.63622,0.002532,0,0,-0.3,-10.8,-2.6,1.04,0.18,-0.04
11906,59.525,59.525,59.641166,0.002479,0,0,-0.3,-10.8,-2.7,1.05,0.18,-0.04
11907,59.53,59.530001,59.6452,0.001512,9.99999997475243e-07,0,-0.3,-10.9,-3.3,1.05,0.19,-0.04
11908,59.535,59.535001,59.651098,0.00241,9.99999997475243e-07,0,-0.3,-10.8,-3.1,1.05,0.19,-0.04
11909,59.54,59.54,59.65609,0.002403,0,0,-0.4,-10.8,-3.1,1.05,0.19,-0.05
11910,59.545,59.545,59.660266,0.001579,0,0,-0.3,-10.8,-3.5,1.05,0.19,-0.05
11911,59.55,59.550001,59.66565,0.001961,9.99999997475243e-07,0,-0.1,-10.9,-2.9,1.05,0.18,-0.04
11912,59.555,59.555,59.67139,0.002703,0,0,-0.2,-10.8,-2.9,1.04,0.18,-0.04
11913,59.56,59.56,59.675368,0.001681,0,0,-0.2,-10.7,-2.9,1.05,0.18,-0.04
11914,59.565,59.565,59.68074,0.002053,0,0,-0.4,-10.8,-3.5,1.04,0.19,-0.05
11915,59.57,59.570001,59.686356,0.002669,9.99999997475243e-07,0,-0.6,-10.9,-3.7,1.04,0.2,-0.05
11916,59.575,59.575,59.690424,0.001737,0,0,-0.4,-10.8,-3.7,1.04,0.19,-0.05
11917,59.58,59.580001,59.696368,0.00268,1.00000000458067e-06,0,-0.4,-10.8,-3.9,1.04,0.19,-0.05
11918,59.585,59.585,59.700147,0.00146,0,0,-0.5,-10.9,-4.4,1.03,0.21,-0.05
11919,59.59,59.59,59.705269,0.001581,0,0,-0.4,-10.9,-3.9,1.03,0.21,-0.05
11920,59.595,59.595,59.711108,0.00242,0,0,-0.6,-10.7,-4.2,1.04,0.21,-0.05
11921,59.6,59.6,59.715041,0.001353,0,0,-0.6,-10.8,-4.1,1.04,0.21,-0.05
11922,59.605,59.605001,59.720263,0.001574,9.99999997475243e-07,0,-0.6,-10.7,-4.3,1.04,0.21,-0.05
11923,59.61,59.61,59.726135,0.002447,0,0,-0.5,-10.8,-3.2,1.05,0.19,-0.04
11924,59.615,59.615,59.730045,0.001358,0,0,-0.3,-10.8,-2.9,1.05,0.19,-0.04
11925,59.62,59.620001,59.735023,0.001334,9.99999997475243e-07,0,-0.3,-10.9,-2.5,1.05,0.18,-0.04
11926,59.625,59.625,59.741127,0.00244,0,0,-0.3,-10.8,-2.9,1.05,0.19,-0.04
11927,59.63,59.63,59.746048,0.002361,0,0,-0.4,-10.8,-3.5,1.04,0.2,-0.04
11928,59.635,59.635,59.750043,0.001356,0,0,-0.4,-10.7,-3.5,1.04,0.19,-0.04
11929,59.64,59.64,59.756115,0.002427,0,0,-0.2,-10.7,-2.6,1.04,0.17,-0.04
11930,59.645,59.645,59.761086,0.0024,0,0,-0.2,-10.7,-2.9,1.04,0.18,-0.03
11931,59.65,59.65,59.765105,0.001418,0,0,-0.5,-10.7,-3,1.05,0.19,-0.03
11932,59.655,59.655,59.770282,0.001594,0,0,-0.5,-10.6,-2.6,1.05,0.18,-0.04
11933,59.66,59.660001,59.77607,0.002382,9.99999997475243e-07,0,-0.6,-10.7,-3,1.04,0.2,-0.04
11934,59.665,59.665,59.780009,0.001323,0,0,-0.5,-10.8,-3,1.04,0.19,-0.04
11935,59.67,59.67,59.785205,0.001518,0,0,-0.6,-10.8,-3.3,1.04,0.19,-0.04
11936,59.675,59.675001,59.791238,0.002549,9.99999997475243e-07,0,-0.6,-10.8,-2.8,1.04,0.19,-0.04
11937,59.68,59.68,59.796081,0.002394,0,0,-0.4,-10.8,-3.2,1.03,0.19,-0.04
11938,59.685,59.685,59.800195,0.001509,0,0,-0.3,-10.8,-3.6,1.03,0.19,-0.04
11939,59.69,59.69,59.806062,0.002374,0,0,-0.4,-10.9,-3.8,1.03,0.19,-0.04
11940,59.695,59.695,59.81105,0.002363,0,0,-0.3,-10.8,-3.5,1.03,0.19,-0.04
11941,59.7,59.7,59.815002,0.001315,0,0,-0.3,-10.8,-3,1.04,0.18,-0.04
11942,59.705,59.705,59.820284,0.001597,0,0,-0.3,-10.8,-3,1.04,0.18,-0.04
11943,59.71,59.71,59.826097,0.00241,0,0,-0.3,-10.8,-2.4,1.05,0.17,-0.04
11944,59.715,59.715,59.830025,0.001338,0,0,-0.3,-10.8,-2.7,1.05,0.17,-0.04
11945,59.72,59.72,59.835117,0.001429,0,0,-0.3,-10.9,-2.4,1.05,0.17,-0.04
11946,59.725,59.725,59.84105,0.002363,0,0,-0.3,-10.9,-2.6,1.05,0.18,-0.04
11947,59.73,59.730001,59.845165,0.001477,9.99999997475243e-07,0,-0.4,-10.9,-3.3,1.04,0.19,-0.04
11948,59.735,59.735,59.8501,0.001413,0,0,-0.3,-10.8,-2.8,1.05,0.18,-0.04
11949,59.74,59.74,59.856133,0.002445,0,0,-0.3,-10.9,-1.9,1.06,0.17,-0.04
11950,59.745,59.745001,59.86106,0.002372,9.99999997475243e-07,0,-0.3,-10.8,-2.9,1.05,0.18,-0.04
11951,59.75,59.75,59.86505,0.001363,0,0,-0.4,-10.8,-2.9,1.05,0.18,-0.04
11952,59.755,59.755,59.8703,0.001613,0,0,-0.4,-10.7,-2.6,1.05,0.18,-0.04
11953,59.76,59.76,59.876076,0.00239,0,0,-0.2,-10.7,-3,1.05,0.17,-0.04
11954,59.765,59.765,59.880197,0.001509,0,0,-0.1,-10.7,-2.4,1.05,0.16,-0.03
11955,59.77,59.77,59.885082,0.001394,0,0,-0.3,-10.7,-2.5,1.05,0.17,-0.03
11956,59.775,59.775001,59.891132,0.002444,1.00000000458067e-06,0,-0.3,-10.8,-2.2,1.05,0.18,-0.03
11957,59.78,59.78,59.895059,0.001373,0,0,-0.3,-10.8,-2.5,1.05,0.17,-0.04
11958,59.785,59.785001,59.900095,0.001408,9.99999997475243e-07,0,-0.4,-10.8,-3.5,1.05,0.19,-0.04
11959,59.79,59.79,59.906082,0.002395,0,0,-0.5,-10.9,-3.2,1.04,0.19,-0.04
11960,59.795,59.795,59.91123,0.002544,0,0,-0.5,-10.9,-3.1,1.04,0.19,-0.04
11961,59.8,59.800001,59.915036,0.001347,9.99999997475243e-07,0,-0.2,-10.9,-2.6,1.04,0.17,-0.04
11962,59.805,59.805,59.920371,0.001684,0,0,-0.2,-10.7,-2.8,1.04,0.18,-0.04
11963,59.81,59.81,59.926135,0.002448,0,0,-0.3,-10.8,-2.8,1.04,0.18,-0.04
11964,59.815,59.815,59.930051,0.001364,0,0,-0.3,-10.8,-3,1.04,0.19,-0.04
11965,59.82,59.82,59.936068,0.00238,0,0,-0.3,-10.7,-3.1,1.04,0.18,-0.04
11966,59.825,59.825,59.941074,0.002388,0,0,-0.4,-10.7,-2.8,1.04,0.18,-0.04
11967,59.83,59.83,59.94525,0.001564,0,0,-0.3,-10.7,-2.8,1.05,0.17,-0.04
11968,59.835,59.835,59.950082,0.001396,0,0,-0.2,-10.7,-3.1,1.04,0.18,-0.04
11969,59.84,59.84,59.956343,0.002656,0,0,-0.2,-10.8,-3.2,1.04,0.18,-0.03
11970,59.845,59.845,59.960055,0.001368,0,0,-0.2,-10.8,-3.1,1.04,0.18,-0.03
11971,59.85,59.85,59.965109,0.001421,0,0,-0.1,-10.7,-3.4,1.04,0.17,-0.04
11972,59.855,59.855001,59.970395,0.001706,9.99999997475243e-07,0,0,-10.7,-2.9,1.04,0.16,-0.04
11973,59.86,59.86,59.976085,0.002398,0,0,0,-10.7,-2.9,1.04,0.16,-0.04
11974,59.865,59.865,59.980031,0.001345,0,0,-0.1,-10.7,-3.4,1.04,0.17,-0.04
11975,59.87,59.870001,59.98514,0.001452,9.99999997475243e-07,0,-0.1,-10.7,-3.2,1.03,0.17,-0.05
11976,59.875,59.875,59.991092,0.002404,0,0,-0.1,-10.8,-3.1,1.04,0.17,-0.04
11977,59.88,59.88,59.995043,0.001356,0,0,-0.2,-10.7,-3.5,1.04,0.18,-0.04
11978,59.885,59.885,60.000092,0.001405,0,0,-0.3,-10.7,-2.9,1.04,0.18,-0.04
11979,59.89,59.89,60.006104,0.002417,0,0,-0.2,-10.6,-3.6,1.03,0.18,-0.04
11980,59.895,59.895,60.010034,0.001347,0,0,-0.3,-10.6,-3.4,1.03,0.19,-0.04
11981,59.9,59.9,60.015052,0.001365,0,0,-0.3,-10.7,-3,1.04,0.18,-0.04
11982,59.905,59.905,60.021387,0.0027,0,0,-0.3,-10.8,-3.3,1.04,0.18,-0.04
11983,59.91,59.910001,60.026082,0.002394,9.99999997475243e-07,0,-0.4,-10.7,-2.9,1.05,0.18,-0.04
11984,59.915,59.915,60.030047,0.00136,0,0,-0.4,-10.8,-3,1.04,0.19,-0.04
11985,59.92,59.92,60.036044,0.002357,0,0,-0.4,-10.7,-3.3,1.04,0.18,-0.04
11986,59.925,59.925001,60.040065,0.001377,9.99999997475243e-07,0,-0.4,-10.7,-3.7,1.04,0.19,-0.04
11987,59.93,59.93,60.045149,0.001462,0,0,-0.5,-10.7,-3.7,1.04,0.19,-0.04
11988,59.935,59.935,60.051051,0.002364,0,0,-0.4,-10.7,-2.9,1.05,0.18,-0.04
11989,59.94,59.94,60.056095,0.002408,0,0,-0.3,-10.7,-3.4,1.04,0.18,-0.04
11990,59.945,59.945,60.060115,0.001428,0,0,-0.2,-10.7,-3.6,1.04,0.19,-0.04
11991,59.95,59.95,60.065227,0.00154,0,0,-0.3,-10.8,-3.8,1.04,0.18,-0.05
11992,59.955,59.955,60.071086,0.002399,0,0,-0.2,-10.8,-3.3,1.05,0.17,-0.04
11993,59.96,59.96,60.075045,0.001358,0,0,-0.3,-10.8,-3.5,1.04,0.18,-0.05
11994,59.965,59.965,60.080244,0.001556,0,0,-0.2,-10.8,-3.3,1.04,0.18,-0.04
11995,59.97,59.97,60.086098,0.002412,0,0,-0.3,-10.6,-3.2,1.03,0.18,-0.04
11996,59.975,59.975,60.090081,0.001393,0,0,-0.2,-10.7,-3.1,1.03,0.18,-0.04
11997,59.98,59.980001,60.095093,0.001404,9.99999997475243e-07,0,-0.3,-10.7,-3.2,1.03,0.19,-0.04
11998,59.985,59.985,60.101037,0.00235,0,0,-0.2,-10.7,-3.2,1.03,0.19,-0.04
11999,59.99,59.99,60.105025,0.001338,0,0,-0.3,-10.8,-2.8,1.03,0.19,-0.03
12000,59.995,59.995001,60.110007,0.001319,9.99999997475243e-07,0,-0.3,-10.7,-3.3,1.03,0.2,-0.04
